comparison_key,reason,banner,market,year,period,product_id,product,promo_id,promo_status,forecast_incremental_cases,execution_start,execution_end,source_workbook,source_sheet,source_row,description
yoy,Fcst Inc Cases is not positive,Sobeys Quebec,BT-SOBEYS QC MONTREAL,2025,2025,TDL,TDL CAN,000J2ZD28,Closed,0.0,2025-10-02,2025-11-05,DR 2025 - 2026-10-02 (EXCEXP_TLS_000JJKSK3).xlsx,Rebates,11,TD*Unrecoverable < $100.00
yoy,Fcst Inc Cases is not positive,Costco,CG-COSTCO EAST,2025,2025,6320908885,TDL ORIGINAL BLEND 252/3 LB,000I19RL6,Closed,0.0,2025-01-01,2025-12-31,DR 2025 - 2026-10-02 (EXCEXP_TLS_000JJKSK3).xlsx,Rebates,13,TD Costco 3LB Can Endcap East Coast
yoy,Fcst Inc Cases is not positive,Costco,CG-COSTCO WEST,2025,2025,6320908885,TDL ORIGINAL BLEND 252/3 LB,000HRCB8Q,Closed,0.0,2025-01-01,2025-12-31,DR 2025 - 2026-10-02 (EXCEXP_TLS_000JJKSK3).xlsx,Rebates,19,TD Costco 3LB Can Endcap West Coast
yoy,Fcst Inc Cases is not positive,Costco,CG-COSTCO WEST,2025,2025,6320915282,TDL HOT CHOC / FV PACKET 256/30 EA,000IYJFOF,Closed,0.0,2025-11-10,2025-11-23,DR 2025 - 2026-10-02 (EXCEXP_TLS_000JJKSK3).xlsx,Rebates,21,TD Costco West FVHC End Cap (Accrued Spend 2022/23)
yoy,Fcst Inc Cases is not positive,SDM,CG-SDM,2025,2025,TDL,TDL CAN,000IL6284,Closed,0.0,2025-03-22,2025-06-13,DR 2025 - 2026-10-02 (EXCEXP_TLS_000JJKSK3).xlsx,Rebates,35,TD SDM P4-P6 2025 Coffee Partnership JBP Lumpsum
yoy,Fcst Inc Cases is not positive,SDM,CG-SDM,2025,2025,TDSSKC-4/30,SS KCOMP 4/30CT,000IHPAC5,Closed,0.0,2025-04-05,2025-05-16,DR 2025 - 2026-10-02 (EXCEXP_TLS_000JJKSK3).xlsx,Rebates,37,TD SDM wk 14-20 30ct K cups
yoy,Fcst Inc Cases is not positive,SDM,CG-SDM,2025,2025,TDNC-10/10,NCOMP 10/10CT,000IHPACG,Closed,0.0,2025-04-05,2025-05-16,DR 2025 - 2026-10-02 (EXCEXP_TLS_000JJKSK3).xlsx,Rebates,39,TD SDM WK 14-20 NCC 10CT
yoy,Fcst Inc Cases is not positive,SDM,CG-SDM,2025,2025,TDTB-6/20,TEA BAG 6/20CT,000HRCG0D,Closed,0.0,2025-04-19,2025-05-16,DR 2025 - 2026-10-02 (EXCEXP_TLS_000JJKSK3).xlsx,Rebates,41,TD SDM WK 17-20 Tea 6/20
yoy,Fcst Inc Cases is not positive,SDM,CG-SDM,2025,2025,TDHBHC-12/500,HB HOT CHOCOLATE 12/500GR,000HRCHS5,Closed,0.0,2025-05-17,2025-06-13,DR 2025 - 2026-10-02 (EXCEXP_TLS_000JJKSK3).xlsx,Rebates,44,TD SDM WK 21-24 Lrg Tin and FVC 454g
yoy,Fcst Inc Cases is not positive,SDM,CG-SDM,2025,2025,TDHBCAP-12/343,HB CAPPUCCINO 12/454GR,000HRCHS5,Closed,0.0,2025-05-17,2025-06-13,DR 2025 - 2026-10-02 (EXCEXP_TLS_000JJKSK3).xlsx,Rebates,45,TD SDM WK 21-24 Lrg Tin and FVC 454g
yoy,Fcst Inc Cases is not positive,SDM,CG-SDM,2025,2025,TDSSKC-4/30,SS KCOMP 4/30CT,000IIM31S,Closed,0.0,2025-06-28,2025-07-04,DR 2025 - 2026-10-02 (EXCEXP_TLS_000JJKSK3).xlsx,Rebates,70,TD SDM wk 26-27 30ct K cups
yoy,Fcst Inc Cases is not positive,SDM,CG-SDM,2025,2025,TDSSKC-4/30,SS KCOMP 4/30CT,000IIM31Y,Closed,0.0,2025-07-12,2025-07-18,DR 2025 - 2026-10-02 (EXCEXP_TLS_000JJKSK3).xlsx,Rebates,83,TD SDM wk 28-29 30ct K cups
yoy,Fcst Inc Cases is not positive,SDM,CG-SDM,2025,2025,TDSHSP-12/540,SOUPS 12/540ML,000HRCIXA,Closed,0.0,2025-07-12,2025-07-18,DR 2025 - 2026-10-02 (EXCEXP_TLS_000JJKSK3).xlsx,Rebates,87,TD SDM WK 29 Soup/Chili
yoy,Fcst Inc Cases is not positive,SDM,CG-SDM,2025,2025,TDSHHB-12/425,HOT BOWLS 12/425GR,000HRCIXA,Closed,0.0,2025-07-12,2025-07-18,DR 2025 - 2026-10-02 (EXCEXP_TLS_000JJKSK3).xlsx,Rebates,88,TD SDM WK 29 Soup/Chili
yoy,Fcst Inc Cases is not positive,SDM,CG-SDM,2025,2025,TDTB-6/20,TEA BAG 6/20CT,000HRCHQG,Closed,0.0,2025-07-12,2025-08-08,DR 2025 - 2026-10-02 (EXCEXP_TLS_000JJKSK3).xlsx,Rebates,92,TD SDM 20CT TEA WK 29-32 Savings
yoy,Fcst Inc Cases is not positive,SDM,CG-SDM,2025,2025,TDSSKC-6/10,SS KCOMP 6/10CT,000HRCIG6,Closed,0.0,2025-07-19,2025-07-25,DR 2025 - 2026-10-02 (EXCEXP_TLS_000JJKSK3).xlsx,Rebates,94,TD SDM 12CT/10ct wk 30
yoy,Fcst Inc Cases is not positive,SDM,CG-SDM,2025,2025,TDL,TDL CAN,000ILE1ON,Closed,0.0,2025-07-18,2025-07-18,DR 2025 - 2026-10-02 (EXCEXP_TLS_000JJKSK3).xlsx,Rebates,100,TD SDM NON-PRODUCT COMMITMENT
yoy,Fcst Inc Cases is not positive,SDM,CG-SDM,2025,2025,TDL,TDL CAN,000ILE1OC,Closed,0.0,2025-07-18,2025-07-18,DR 2025 - 2026-10-02 (EXCEXP_TLS_000JJKSK3).xlsx,Rebates,102,TD SDM Q2 2025 TLS BILLING - TDL CLIENT 2.75% OUTBOUND
yoy,Fcst Inc Cases is not positive,SDM,CG-SDM,2025,2025,TDSSKC-4/30,SS KCOMP 4/30CT,000IIM324,Closed,0.0,2025-07-26,2025-08-01,DR 2025 - 2026-10-02 (EXCEXP_TLS_000JJKSK3).xlsx,Rebates,104,TD SDM wk 30-31 30ct K cups
yoy,Fcst Inc Cases is not positive,SDM,CG-SDM,2025,2025,TDSHSP-12/540,SOUPS 12/540ML,000HRCE3A,Closed,0.0,2025-07-26,2025-08-01,DR 2025 - 2026-10-02 (EXCEXP_TLS_000JJKSK3).xlsx,Rebates,108,TD SDM WK 31 Soup/Chili
yoy,Fcst Inc Cases is not positive,SDM,CG-SDM,2025,2025,TDSHHB-12/425,HOT BOWLS 12/425GR,000HRCE3A,Closed,0.0,2025-07-26,2025-08-01,DR 2025 - 2026-10-02 (EXCEXP_TLS_000JJKSK3).xlsx,Rebates,109,TD SDM WK 31 Soup/Chili
yoy,Fcst Inc Cases is not positive,SDM,CG-SDM,2025,2025,TDSSKC-6/10,SS KCOMP 6/10CT,000HRCG2Y,Closed,0.0,2025-08-02,2025-08-08,DR 2025 - 2026-10-02 (EXCEXP_TLS_000JJKSK3).xlsx,Rebates,111,TD SDM 12CT/10ct wk 32
yoy,Fcst Inc Cases is not positive,SDM,CG-SDM,2025,2025,TDSSKC-6/12,SS KCOMP 6/12CT,000HRCIFZ,Closed,0.0,2025-08-16,2025-08-22,DR 2025 - 2026-10-02 (EXCEXP_TLS_000JJKSK3).xlsx,Rebates,129,TD SDM 12CT/10ct wk 34
yoy,Fcst Inc Cases is not positive,SDM,CG-SDM,2025,2025,TDRGSB-6/300,R&G SMALL BAG 6/300GR,000HRCDDO,Closed,0.0,2025-09-06,2025-09-12,DR 2025 - 2026-10-02 (EXCEXP_TLS_000JJKSK3).xlsx,Rebates,147,TD SDM WK 37 300g Bags Tribute AD
yoy,Fcst Inc Cases is not positive,SDM,CG-SDM,2025,2025,TDSSKC-6/12,SS KCOMP 6/12CT,000HRCKR1,Closed,0.0,2025-09-06,2025-09-12,DR 2025 - 2026-10-02 (EXCEXP_TLS_000JJKSK3).xlsx,Rebates,149,TD SDM Wk 37 12ct/10ct
yoy,Fcst Inc Cases is not positive,SDM,CG-SDM,2025,2025,TDSSKC-6/10,SS KCOMP 6/10CT,000HRCKR1,Closed,0.0,2025-09-06,2025-09-12,DR 2025 - 2026-10-02 (EXCEXP_TLS_000JJKSK3).xlsx,Rebates,150,TD SDM Wk 37 12ct/10ct
yoy,Fcst Inc Cases is not positive,SDM,CG-SDM,2025,2025,TDSHHB-12/425,HOT BOWLS 12/425GR,000HRCMPB,Closed,0.0,2025-09-06,2025-09-12,DR 2025 - 2026-10-02 (EXCEXP_TLS_000JJKSK3).xlsx,Rebates,154,TD SDM Wk 37 Soup / Chili
yoy,Fcst Inc Cases is not positive,Sobeys Quebec,CG-SOBEY'S QUEBEC,2025,2025,TDL,TDL CAN,000I4HAYQ,Closed,0.0,2025-03-01,2025-10-31,DR 2025 - 2026-10-02 (EXCEXP_TLS_000JJKSK3).xlsx,Rebates,409,TD SBYQ  Flap Up Beverage AD MAP WE March 5
yoy,Fcst Inc Cases is not positive,Sobeys Quebec,CG-SOBEY'S QUEBEC,2025,2025,TDL,TDL CAN,000HLTFU8,Closed,0.0,2025-03-01,2025-10-31,DR 2025 - 2026-10-02 (EXCEXP_TLS_000JJKSK3).xlsx,Rebates,411,TD IGA Side Panel
yoy,Fcst Inc Cases is not positive,Sobeys Quebec,CG-SOBEY'S QUEBEC,2025,2025,TDL,TDL CAN,000HLTCNI,Closed,0.0,2025-03-01,2025-12-31,DR 2025 - 2026-10-02 (EXCEXP_TLS_000JJKSK3).xlsx,Rebates,413,TD SBYQ  Scene points $25k
yoy,Fcst Inc Cases is not positive,Sobeys Quebec,CG-SOBEY'S QUEBEC,2025,2025,TDL,TDL CAN,000HLTARL,Closed,0.0,2025-03-01,2025-12-31,DR 2025 - 2026-10-02 (EXCEXP_TLS_000JJKSK3).xlsx,Rebates,415,TD SBYQ  Flap UpBeverage
yoy,Fcst Inc Cases is not positive,Sobeys Quebec,CG-SOBEY'S QUEBEC,2025,2025,TDL,TDL CAN,000HLTCHU,Closed,0.0,2025-03-01,2025-12-31,DR 2025 - 2026-10-02 (EXCEXP_TLS_000JJKSK3).xlsx,Rebates,417,TD IGA Marche communautaire
yoy,Fcst Inc Cases is not positive,Sobeys Quebec,CG-SOBEY'S QUEBEC,2025,2025,TDL,TDL CAN,000HLTE1J,Closed,0.0,2025-03-13,2025-03-19,DR 2025 - 2026-10-02 (EXCEXP_TLS_000JJKSK3).xlsx,Rebates,419,TD IGA AD March 13-19   Tassimo
yoy,Fcst Inc Cases is not positive,Sobeys Quebec,CG-SOBEY'S QUEBEC,2025,2025,TDL,TDL CAN,000HLTAQW,Closed,0.0,2025-04-17,2025-04-23,DR 2025 - 2026-10-02 (EXCEXP_TLS_000JJKSK3).xlsx,Rebates,474,TD IGA AD Apr 17-23  HC & encart
yoy,Fcst Inc Cases is not positive,Sobeys Quebec,CG-SOBEY'S QUEBEC,2025,2025,TDRGSB-48/300,R&G SMALL BAG 48/300GR,000HLTFXB,Closed,0.0,2025-05-15,2025-05-21,DR 2025 - 2026-10-02 (EXCEXP_TLS_000JJKSK3).xlsx,Rebates,530,TD IGA AD May 15-21   300gr
yoy,Fcst Inc Cases is not positive,Sobeys Quebec,CG-SOBEY'S QUEBEC,2025,2025,TDL,TDL CAN,000HLTARG,Closed,0.0,2025-05-31,2025-07-01,DR 2025 - 2026-10-02 (EXCEXP_TLS_000JJKSK3).xlsx,Rebates,555,TD IGA Social activity 2025
yoy,Fcst Inc Cases is not positive,Sobeys Quebec,CG-SOBEY'S QUEBEC,2025,2025,TDL,TDL CAN,000HLTFTY,Closed,0.0,2025-06-02,2025-10-01,DR 2025 - 2026-10-02 (EXCEXP_TLS_000JJKSK3).xlsx,Rebates,557,TD IGA Buying Show 2025
yoy,Fcst Inc Cases is not positive,Sobeys Quebec,CG-SOBEY'S QUEBEC,2025,2025,TDL,TDL CAN,000HLTFTY,Closed,0.0,2025-06-02,2025-10-01,DR 2025 - 2026-10-02 (EXCEXP_TLS_000JJKSK3).xlsx,Rebates,558,TD IGA Buying Show 2025
yoy,Fcst Inc Cases is not positive,Sobeys Quebec,CG-SOBEY'S QUEBEC,2025,2025,TDRGSB-48/300,R&G SMALL BAG 48/300GR,000HLTDA1,Closed,0.0,2025-06-19,2025-06-25,DR 2025 - 2026-10-02 (EXCEXP_TLS_000JJKSK3).xlsx,Rebates,576,TD IGA AD BP June 19-25 300gr
yoy,Fcst Inc Cases is not positive,Sobeys Quebec,CG-SOBEY'S QUEBEC,2025,2025,TDRGLC-6/930,R&G LARGE CAN 6/930GR,000HPI3KA,Closed,0.0,2025-06-26,2025-07-02,DR 2025 - 2026-10-02 (EXCEXP_TLS_000JJKSK3).xlsx,Rebates,608,TD IGA AD & Booking  June 26- July 2    TIN
yoy,Fcst Inc Cases is not positive,Sobeys Quebec,CG-SOBEY'S QUEBEC,2025,2025,TDIC-6/300,INSTANT COFFEE 6/300GR,000HLTCI6,Closed,0.0,2025-07-10,2025-07-16,DR 2025 - 2026-10-02 (EXCEXP_TLS_000JJKSK3).xlsx,Rebates,616,TD IGA July 10-16  Instant 300g
yoy,Fcst Inc Cases is not positive,Sobeys Quebec,CG-SOBEY'S QUEBEC,2025,2025,TDSHHB-12/425,HOT BOWLS 12/425GR,000ID2P3O,Closed,0.0,2025-08-01,2025-09-30,DR 2025 - 2026-10-02 (EXCEXP_TLS_000JJKSK3).xlsx,Rebates,672,TD IGA Hot Bowl Spicy Chili Delisting 40%
yoy,Fcst Inc Cases is not positive,Sobeys Quebec,CG-SOBEY'S QUEBEC,2025,2025,TDSHHB-12/425,HOT BOWLS 12/425GR,000ID2P3H,Closed,0.0,2025-08-01,2025-09-30,DR 2025 - 2026-10-02 (EXCEXP_TLS_000JJKSK3).xlsx,Rebates,674,TD IGA Hot Bowl Veggie Chili Delisting 40%
yoy,Fcst Inc Cases is not positive,Sobeys Quebec,CG-SOBEY'S QUEBEC,2025,2025,TDSSKC-48/12,SS KCOMP 48/12CT,000I18GEB,Closed,0.0,2025-08-21,2025-08-27,DR 2025 - 2026-10-02 (EXCEXP_TLS_000JJKSK3).xlsx,Rebates,692,TD IGA AD & Booking Aug 21-27  HC-10ct 12ct
yoy,Fcst Inc Cases is not positive,Sobeys Quebec,CG-SOBEY'S QUEBEC,2025,2025,TDL,TDL CAN,000HOYKKH,Closed,0.0,2025-09-01,2025-10-01,DR 2025 - 2026-10-02 (EXCEXP_TLS_000JJKSK3).xlsx,Rebates,715,TD IGA POG Fees
yoy,Fcst Inc Cases is not positive,Sobeys Quebec,CG-SOBEY'S QUEBEC,2025,2025,TDRGSC-6/640,R&G SMALL CAN 6/640GR,000HLTBN0,Closed,0.0,2025-09-11,2025-09-17,DR 2025 - 2026-10-02 (EXCEXP_TLS_000JJKSK3).xlsx,Rebates,719,TD IGA AD Sept 11-17   TIN
yoy,Fcst Inc Cases is not positive,Sobeys Quebec,CG-SOBEY'S QUEBEC,2025,2025,TDHBHC-36/500,HB HOT CHOCOLATE 36/500GR,000IHP8L7,Closed,0.0,2025-09-25,2025-10-01,DR 2025 - 2026-10-02 (EXCEXP_TLS_000JJKSK3).xlsx,Rebates,745,TD IGA AD Sept 25- Oct 1  HC PPK mix 36un
yoy,Fcst Inc Cases is not positive,Sobeys Quebec,CG-SOBEY'S QUEBEC,2025,2025,TDHBHC-12/500,HB HOT CHOCOLATE 12/500GR,000IIGRNN,Closed,0.0,2025-11-06,2025-12-31,DR 2025 - 2026-10-02 (EXCEXP_TLS_000JJKSK3).xlsx,Rebates,815,TD TRADITION  EDLP Nov6-Jan 7    HC
yoy,Fcst Inc Cases is not positive,Sobeys Quebec,CG-SOBEY'S QUEBEC,2025,2025,TDSHSP-12/540,SOUPS 12/540ML,000HLTBJ0,Closed,0.0,2025-11-06,2025-12-31,DR 2025 - 2026-10-02 (EXCEXP_TLS_000JJKSK3).xlsx,Rebates,820,TD IGA EDLP Nov6-Jan7  Soups
yoy,Fcst Inc Cases is not positive,Sobeys Quebec,CG-SOBEY'S QUEBEC,2025,2025,TDRGLB-6/2,R&G LARGE BAG 6/2LB,000III0PQ,Closed,0.0,2025-12-11,2025-12-17,DR 2025 - 2026-10-02 (EXCEXP_TLS_000JJKSK3).xlsx,Rebates,853,TD Bonichoix AD Dec 11-17     TIN
yoy,Fcst Inc Cases is not positive,Sobeys ROC,CG-SOBEY'S ROC,2025,2025,TDSSKC-48/10,SS KCOMP 48/10CT,000HMX7WR,Closed,0.0,2025-01-01,2025-01-08,DR 2025 - 2026-10-02 (EXCEXP_TLS_000JJKSK3).xlsx,Rebates,890,TD 2024 Sobeys Winter Holidays Displayers -All regions
yoy,Fcst Inc Cases is not positive,Sobeys ROC,CG-SOBEY'S ROC,2025,2025,TDRGSB-48/300,R&G SMALL BAG 48/300GR,000HMX7WR,Closed,0.0,2025-01-01,2025-01-08,DR 2025 - 2026-10-02 (EXCEXP_TLS_000JJKSK3).xlsx,Rebates,891,TD 2024 Sobeys Winter Holidays Displayers -All regions
yoy,Fcst Inc Cases is not positive,Sobeys ROC,CG-SOBEY'S ROC,2025,2025,TDHBHC-36/500,HB HOT CHOCOLATE 36/500GR,000HMX7WR,Closed,0.0,2025-01-01,2025-01-08,DR 2025 - 2026-10-02 (EXCEXP_TLS_000JJKSK3).xlsx,Rebates,892,TD 2024 Sobeys Winter Holidays Displayers -All regions
yoy,Fcst Inc Cases is not positive,Sobeys ROC,CG-SOBEY'S ROC,2025,2025,TDTB-6/20,TEA BAG 6/20CT,000HU8L1J,Closed,0.0,2025-01-01,2025-01-08,DR 2025 - 2026-10-02 (EXCEXP_TLS_000JJKSK3).xlsx,Rebates,908,TD Sobeys C5F25 Instant Nespresso Tea Tribute Part 1
yoy,Fcst Inc Cases is not positive,Sobeys ROC,CG-SOBEY'S ROC,2025,2025,TDIC-6/300,INSTANT COFFEE 6/300GR,000HU8L1J,Closed,0.0,2025-01-01,2025-01-08,DR 2025 - 2026-10-02 (EXCEXP_TLS_000JJKSK3).xlsx,Rebates,909,TD Sobeys C5F25 Instant Nespresso Tea Tribute Part 1
yoy,Fcst Inc Cases is not positive,Sobeys ROC,CG-SOBEY'S ROC,2025,2025,TDRGSC-6/640,R&G SMALL CAN 6/640GR,000HK5J2U,Closed,0.0,2025-01-01,2025-01-08,DR 2025 - 2026-10-02 (EXCEXP_TLS_000JJKSK3).xlsx,Rebates,911,TD Sobeys C5F25 Roast & Ground Tribute Part 2
yoy,Fcst Inc Cases is not positive,Sobeys ROC,CG-SOBEY'S ROC,2025,2025,TDRGLC-6/930,R&G LARGE CAN 6/930GR,000HK5J2U,Closed,0.0,2025-01-01,2025-01-08,DR 2025 - 2026-10-02 (EXCEXP_TLS_000JJKSK3).xlsx,Rebates,913,TD Sobeys C5F25 Roast & Ground Tribute Part 2
yoy,Fcst Inc Cases is not positive,Sobeys ROC,CG-SOBEY'S ROC,2025,2025,TDRGLC-126/930,R&G LARGE CAN 126/930GR,000HK5J2U,Closed,0.0,2025-01-01,2025-01-08,DR 2025 - 2026-10-02 (EXCEXP_TLS_000JJKSK3).xlsx,Rebates,914,TD Sobeys C5F25 Roast & Ground Tribute Part 2
yoy,Fcst Inc Cases is not positive,Sobeys ROC,CG-SOBEY'S ROC,2025,2025,TDSSKC-16/30,SS KCOMP 16/30CT,000HK5HEH,Committed,0.0,2025-01-01,2025-01-08,DR 2025 - 2026-10-02 (EXCEXP_TLS_000JJKSK3).xlsx,Rebates,928,TD Sobeys C5F25 Single Serve Tribute Part 2
yoy,Fcst Inc Cases is not positive,Sobeys ROC,CG-SOBEY'S ROC,2025,2025,TDNC-32/10,NCOMP 32/10CT,000HJWOEZ,Committed,0.0,2025-01-09,2025-02-26,DR 2025 - 2026-10-02 (EXCEXP_TLS_000JJKSK3).xlsx,Rebates,937,TD Sobeys C6F25 Instant Tea & NComp Part 2
yoy,Fcst Inc Cases is not positive,Sobeys ROC,CG-SOBEY'S ROC,2025,2025,TDIC-36/100,INSTANT COFFEE 36/100GR,000HJWOEZ,Committed,0.0,2025-01-09,2025-02-26,DR 2025 - 2026-10-02 (EXCEXP_TLS_000JJKSK3).xlsx,Rebates,939,TD Sobeys C6F25 Instant Tea & NComp Part 2
yoy,Fcst Inc Cases is not positive,Sobeys ROC,CG-SOBEY'S ROC,2025,2025,TDIC-12/100,INSTANT COFFEE 12/100GR,000HJWOEZ,Committed,0.0,2025-01-09,2025-02-26,DR 2025 - 2026-10-02 (EXCEXP_TLS_000JJKSK3).xlsx,Rebates,941,TD Sobeys C6F25 Instant Tea & NComp Part 2
yoy,Fcst Inc Cases is not positive,Sobeys ROC,CG-SOBEY'S ROC,2025,2025,TDSSKC-4/48,SS KCOMP 4/48CT,000IH4V9W,Closed,0.0,2025-01-01,2025-07-15,DR 2025 - 2026-10-02 (EXCEXP_TLS_000JJKSK3).xlsx,Rebates,953,TD Loyalty Points (Scene)  May-April 2025 $14900
yoy,Fcst Inc Cases is not positive,Sobeys ROC,CG-SOBEY'S ROC,2025,2025,6320909463,TDL COFFEE FINE GRIND HALF DRP 126/930GR,000HOE1OJ,Committed,0.0,2025-01-01,2025-12-31,DR 2025 - 2026-10-02 (EXCEXP_TLS_000JJKSK3).xlsx,Rebates,955,TD Sobeys ROC On-going DISPLAY ALLOWANCE
yoy,Fcst Inc Cases is not positive,Sobeys ROC,CG-SOBEY'S ROC,2025,2025,TDSSKC-48/12,SS KCOMP 48/12CT,000HOE1OJ,Committed,0.0,2025-01-01,2025-12-31,DR 2025 - 2026-10-02 (EXCEXP_TLS_000JJKSK3).xlsx,Rebates,956,TD Sobeys ROC On-going DISPLAY ALLOWANCE
yoy,Fcst Inc Cases is not positive,Sobeys ROC,CG-SOBEY'S ROC,2025,2025,TDSSKC-16/30,SS KCOMP 16/30CT,000HOE1OJ,Committed,0.0,2025-01-01,2025-12-31,DR 2025 - 2026-10-02 (EXCEXP_TLS_000JJKSK3).xlsx,Rebates,957,TD Sobeys ROC On-going DISPLAY ALLOWANCE
yoy,Fcst Inc Cases is not positive,Sobeys ROC,CG-SOBEY'S ROC,2025,2025,TDSSKC-145/30,SS KCOMP 145/30CT,000HOE1OJ,Committed,0.0,2025-01-01,2025-12-31,DR 2025 - 2026-10-02 (EXCEXP_TLS_000JJKSK3).xlsx,Rebates,958,TD Sobeys ROC On-going DISPLAY ALLOWANCE
yoy,Fcst Inc Cases is not positive,Sobeys ROC,CG-SOBEY'S ROC,2025,2025,TDSHSP-192/540,SOUPS 192/540ML,000HOE1OJ,Committed,0.0,2025-01-01,2025-12-31,DR 2025 - 2026-10-02 (EXCEXP_TLS_000JJKSK3).xlsx,Rebates,959,TD Sobeys ROC On-going DISPLAY ALLOWANCE
yoy,Fcst Inc Cases is not positive,Sobeys ROC,CG-SOBEY'S ROC,2025,2025,TDRGSB-48/300,R&G SMALL BAG 48/300GR,000HOE1OJ,Committed,0.0,2025-01-01,2025-12-31,DR 2025 - 2026-10-02 (EXCEXP_TLS_000JJKSK3).xlsx,Rebates,960,TD Sobeys ROC On-going DISPLAY ALLOWANCE
yoy,Fcst Inc Cases is not positive,Sobeys ROC,CG-SOBEY'S ROC,2025,2025,TDRGLC-126/930,R&G LARGE CAN 126/930GR,000HOE1OJ,Committed,0.0,2025-01-01,2025-12-31,DR 2025 - 2026-10-02 (EXCEXP_TLS_000JJKSK3).xlsx,Rebates,961,TD Sobeys ROC On-going DISPLAY ALLOWANCE
yoy,Fcst Inc Cases is not positive,Sobeys ROC,CG-SOBEY'S ROC,2025,2025,TDRGLC-126/930,R&G LARGE CAN 126/930GR,000HOE1OJ,Committed,0.0,2025-01-01,2025-12-31,DR 2025 - 2026-10-02 (EXCEXP_TLS_000JJKSK3).xlsx,Rebates,962,TD Sobeys ROC On-going DISPLAY ALLOWANCE
yoy,Fcst Inc Cases is not positive,Sobeys ROC,CG-SOBEY'S ROC,2025,2025,TDNC-32/10,NCOMP 32/10CT,000HOE1OJ,Committed,0.0,2025-01-01,2025-12-31,DR 2025 - 2026-10-02 (EXCEXP_TLS_000JJKSK3).xlsx,Rebates,963,TD Sobeys ROC On-going DISPLAY ALLOWANCE
yoy,Fcst Inc Cases is not positive,Sobeys ROC,CG-SOBEY'S ROC,2025,2025,TDIC-60/100,INSTANT COFFEE 60/100GR,000HOE1OJ,Committed,0.0,2025-01-01,2025-12-31,DR 2025 - 2026-10-02 (EXCEXP_TLS_000JJKSK3).xlsx,Rebates,964,TD Sobeys ROC On-going DISPLAY ALLOWANCE
yoy,Fcst Inc Cases is not positive,Sobeys ROC,CG-SOBEY'S ROC,2025,2025,TDIC-36/100,INSTANT COFFEE 36/100GR,000HOE1OJ,Committed,0.0,2025-01-01,2025-12-31,DR 2025 - 2026-10-02 (EXCEXP_TLS_000JJKSK3).xlsx,Rebates,965,TD Sobeys ROC On-going DISPLAY ALLOWANCE
yoy,Fcst Inc Cases is not positive,Sobeys ROC,CG-SOBEY'S ROC,2025,2025,TDIC-288/100,INSTANT COFFEE 288/100GR,000HOE1OJ,Committed,0.0,2025-01-01,2025-12-31,DR 2025 - 2026-10-02 (EXCEXP_TLS_000JJKSK3).xlsx,Rebates,966,TD Sobeys ROC On-going DISPLAY ALLOWANCE
yoy,Fcst Inc Cases is not positive,Sobeys ROC,CG-SOBEY'S ROC,2025,2025,TDHBMX-48/10,HB MIX DISPLAYER 48/10EA,000HOE1OJ,Committed,0.0,2025-01-01,2025-12-31,DR 2025 - 2026-10-02 (EXCEXP_TLS_000JJKSK3).xlsx,Rebates,967,TD Sobeys ROC On-going DISPLAY ALLOWANCE
yoy,Fcst Inc Cases is not positive,Sobeys ROC,CG-SOBEY'S ROC,2025,2025,TDHBMX-36/1,HB MIX DISPLAYER 36/1EA,000HOE1OJ,Committed,0.0,2025-01-01,2025-12-31,DR 2025 - 2026-10-02 (EXCEXP_TLS_000JJKSK3).xlsx,Rebates,968,TD Sobeys ROC On-going DISPLAY ALLOWANCE
yoy,Fcst Inc Cases is not positive,Sobeys ROC,CG-SOBEY'S ROC,2025,2025,TDHBHC-36/500,HB HOT CHOCOLATE 36/500GR,000HOE1OJ,Committed,0.0,2025-01-01,2025-12-31,DR 2025 - 2026-10-02 (EXCEXP_TLS_000JJKSK3).xlsx,Rebates,969,TD Sobeys ROC On-going DISPLAY ALLOWANCE
yoy,Fcst Inc Cases is not positive,Sobeys ROC,CG-SOBEY'S ROC,2025,2025,TDSSKC-4/30,SS KCOMP 4/30CT,000JHV6MJ,Closed,0.0,2025-01-01,2025-12-31,DR 2025 - 2026-10-02 (EXCEXP_TLS_000JJKSK3).xlsx,Rebates,971,TD SOBEYS TRIBUTE
yoy,Fcst Inc Cases is not positive,Sobeys ROC,CG-SOBEY'S ROC,2025,2025,TDSSKC-4/48,SS KCOMP 4/48CT,000HJWOHH,Closed,0.0,2025-01-09,2025-02-19,DR 2025 - 2026-10-02 (EXCEXP_TLS_000JJKSK3).xlsx,Rebates,987,TD Sobeys C6F25 Single Serve Part 2
yoy,Fcst Inc Cases is not positive,Sobeys ROC,CG-SOBEY'S ROC,2025,2025,TDSSKC-4/48,SS KCOMP 4/48CT,000HJWOHH,Closed,0.0,2025-01-09,2025-02-19,DR 2025 - 2026-10-02 (EXCEXP_TLS_000JJKSK3).xlsx,Rebates,989,TD Sobeys C6F25 Single Serve Part 2
yoy,Fcst Inc Cases is not positive,Sobeys ROC,CG-SOBEY'S ROC,2025,2025,TDHBHC-5/8,HB HOT CHOCOLATE 5/8CT,000HJWOHH,Closed,0.0,2025-01-09,2025-02-19,DR 2025 - 2026-10-02 (EXCEXP_TLS_000JJKSK3).xlsx,Rebates,991,TD Sobeys C6F25 Single Serve Part 2
yoy,Fcst Inc Cases is not positive,Sobeys ROC,CG-SOBEY'S ROC,2025,2025,TDSSKC-4/30,SS KCOMP 4/30CT,000HMD5A2,Closed,0.0,2025-01-09,2025-02-19,DR 2025 - 2026-10-02 (EXCEXP_TLS_000JJKSK3).xlsx,Rebates,995,TD Freshco TH BTS Winter Event Lumpsum
yoy,Fcst Inc Cases is not positive,Sobeys ROC,CG-SOBEY'S ROC,2025,2025,TDSSKC-6/12,SS KCOMP 6/12CT,000HMH072,Closed,0.0,2025-01-23,2025-01-29,DR 2025 - 2026-10-02 (EXCEXP_TLS_000JJKSK3).xlsx,Rebates,997,TD Wholesale P2 12ct & 300g Bags
yoy,Fcst Inc Cases is not positive,Sobeys ROC,CG-SOBEY'S ROC,2025,2025,TDRGSB-6/300,R&G SMALL BAG 6/300GR,000HMH072,Closed,0.0,2025-01-23,2025-01-29,DR 2025 - 2026-10-02 (EXCEXP_TLS_000JJKSK3).xlsx,Rebates,998,TD Wholesale P2 12ct & 300g Bags
yoy,Fcst Inc Cases is not positive,Sobeys ROC,CG-SOBEY'S ROC,2025,2025,TDSHSP-192/540,SOUPS 192/540ML,000HM8IE0,Committed,0.0,2025-02-20,2025-03-26,DR 2025 - 2026-10-02 (EXCEXP_TLS_000JJKSK3).xlsx,Rebates,1001,TD Sobeys C7F25 Soup
yoy,Fcst Inc Cases is not positive,Sobeys ROC,CG-SOBEY'S ROC,2025,2025,TDSHSP-12/540,SOUPS 12/540ML,000HM8IE0,Committed,0.0,2025-02-20,2025-03-26,DR 2025 - 2026-10-02 (EXCEXP_TLS_000JJKSK3).xlsx,Rebates,1004,TD Sobeys C7F25 Soup
yoy,Fcst Inc Cases is not positive,Sobeys ROC,CG-SOBEY'S ROC,2025,2025,TDDCR-6/750,CREAMER 6/750ML,000GVO1KB,Closed,0.0,2025-02-06,2025-02-23,DR 2025 - 2026-10-02 (EXCEXP_TLS_000JJKSK3).xlsx,Rebates,1009,TD Wholesale  Creamers 750ml
yoy,Fcst Inc Cases is not positive,Sobeys ROC,CG-SOBEY'S ROC,2025,2025,TDRGSB-6/300,R&G SMALL BAG 6/300GR,000HMH055,Closed,0.0,2025-02-13,2025-02-19,DR 2025 - 2026-10-02 (EXCEXP_TLS_000JJKSK3).xlsx,Rebates,1017,TD Wholesale 300g Bags & SS 6/12CT
yoy,Fcst Inc Cases is not positive,Sobeys ROC,CG-SOBEY'S ROC,2025,2025,TDNC-32/10,NCOMP 32/10CT,000I3UUG9,Closed,0.0,2025-02-11,2025-02-12,DR 2025 - 2026-10-02 (EXCEXP_TLS_000JJKSK3).xlsx,Rebates,1029,TD Sobeys C7F25 Single Serve/Nespresso
yoy,Fcst Inc Cases is not positive,Sobeys ROC,CG-SOBEY'S ROC,2025,2025,TDDCR-6/750,CREAMER 6/750ML,000I22UEN,Committed,0.0,2025-02-20,2025-03-26,DR 2025 - 2026-10-02 (EXCEXP_TLS_000JJKSK3).xlsx,Rebates,1032,TD Sobeys C7F25 Creamers
yoy,Fcst Inc Cases is not positive,Sobeys ROC,CG-SOBEY'S ROC,2025,2025,TDL,TDL CAN,000HM8IG7,Committed,0.0,2025-02-20,2025-03-26,DR 2025 - 2026-10-02 (EXCEXP_TLS_000JJKSK3).xlsx,Rebates,1035,TD Sobeys C7F25 Hot Beverage
yoy,Fcst Inc Cases is not positive,Sobeys ROC,CG-SOBEY'S ROC,2025,2025,TDHBHC-12/500,HB HOT CHOCOLATE 12/500GR,000HM8IG7,Committed,0.0,2025-02-20,2025-03-26,DR 2025 - 2026-10-02 (EXCEXP_TLS_000JJKSK3).xlsx,Rebates,1042,TD Sobeys C7F25 Hot Beverage
yoy,Fcst Inc Cases is not positive,Sobeys ROC,CG-SOBEY'S ROC,2025,2025,TDRGSC-6/640,R&G SMALL CAN 6/640GR,000HLSYSG,Committed,0.0,2025-02-20,2025-03-26,DR 2025 - 2026-10-02 (EXCEXP_TLS_000JJKSK3).xlsx,Rebates,1046,TD Sobeys C7 F25 Roast & Ground
yoy,Fcst Inc Cases is not positive,Sobeys ROC,CG-SOBEY'S ROC,2025,2025,TDRGSB-6/300,R&G SMALL BAG 6/300GR,000HLSYSG,Committed,0.0,2025-02-20,2025-03-26,DR 2025 - 2026-10-02 (EXCEXP_TLS_000JJKSK3).xlsx,Rebates,1048,TD Sobeys C7 F25 Roast & Ground
yoy,Fcst Inc Cases is not positive,Sobeys ROC,CG-SOBEY'S ROC,2025,2025,TDRGLC-6/930,R&G LARGE CAN 6/930GR,000HLSYSG,Committed,0.0,2025-02-20,2025-03-26,DR 2025 - 2026-10-02 (EXCEXP_TLS_000JJKSK3).xlsx,Rebates,1051,TD Sobeys C7 F25 Roast & Ground
yoy,Fcst Inc Cases is not positive,Sobeys ROC,CG-SOBEY'S ROC,2025,2025,TDRGLC-6/930,R&G LARGE CAN 6/930GR,000HLSYSG,Committed,0.0,2025-02-20,2025-03-26,DR 2025 - 2026-10-02 (EXCEXP_TLS_000JJKSK3).xlsx,Rebates,1052,TD Sobeys C7 F25 Roast & Ground
yoy,Fcst Inc Cases is not positive,Sobeys ROC,CG-SOBEY'S ROC,2025,2025,TDRGLB-6/2,R&G LARGE BAG 6/2LB,000HLSYSG,Committed,0.0,2025-02-20,2025-03-26,DR 2025 - 2026-10-02 (EXCEXP_TLS_000JJKSK3).xlsx,Rebates,1055,TD Sobeys C7 F25 Roast & Ground
yoy,Fcst Inc Cases is not positive,Sobeys ROC,CG-SOBEY'S ROC,2025,2025,TDTB-6/20,TEA BAG 6/20CT,000HLSYTN,Committed,0.0,2025-02-20,2025-03-26,DR 2025 - 2026-10-02 (EXCEXP_TLS_000JJKSK3).xlsx,Rebates,1064,TD Sobeys C7F25 Single Serve
yoy,Fcst Inc Cases is not positive,Sobeys ROC,CG-SOBEY'S ROC,2025,2025,TDSSKC-6/12,SS KCOMP 6/12CT,000HLSYTN,Committed,0.0,2025-02-20,2025-03-26,DR 2025 - 2026-10-02 (EXCEXP_TLS_000JJKSK3).xlsx,Rebates,1067,TD Sobeys C7F25 Single Serve
yoy,Promo status outside dashboard methodology,Sobeys ROC,CG-SOBEY'S ROC,2025,2025,TDNC-10/10,NCOMP 10/10CT,000JJC51W,Planned,0.0,2025-02-20,2025-03-05,DR 2025 - 2026-10-02 (EXCEXP_TLS_000JJKSK3).xlsx,Rebates,1075,TD Sobeys C7F25 Nespresso 10Ct Ad
yoy,Fcst Inc Cases is not positive,Sobeys ROC,CG-SOBEY'S ROC,2025,2025,TDSSKCC-4/24,SS KCOMP CAP 4/24CT,000HMHFJ7,Committed,0.0,2025-03-06,2025-03-12,DR 2025 - 2026-10-02 (EXCEXP_TLS_000JJKSK3).xlsx,Rebates,1094,TD Wholesale P4 LG Tin & 30ct
yoy,Fcst Inc Cases is not positive,Sobeys ROC,CG-SOBEY'S ROC,2025,2025,TDRGLB-6/2,R&G LARGE BAG 6/2LB,000HMHFJ7,Committed,0.0,2025-03-06,2025-03-12,DR 2025 - 2026-10-02 (EXCEXP_TLS_000JJKSK3).xlsx,Rebates,1097,TD Wholesale P4 LG Tin & 30ct
yoy,Fcst Inc Cases is not positive,Sobeys ROC,CG-SOBEY'S ROC,2025,2025,TDHBCAP-12/343,HB CAPPUCCINO 12/454GR,000HM8IJE,Committed,0.0,2025-03-27,2025-04-30,DR 2025 - 2026-10-02 (EXCEXP_TLS_000JJKSK3).xlsx,Rebates,1111,TD Sobeys C8F25 Hot Beverage
yoy,Fcst Inc Cases is not positive,Sobeys ROC,CG-SOBEY'S ROC,2025,2025,TDRGLC-6/930,R&G LARGE CAN 6/930GR,000HM8ZKJ,Committed,0.0,2025-03-27,2025-04-30,DR 2025 - 2026-10-02 (EXCEXP_TLS_000JJKSK3).xlsx,Rebates,1115,TD Sobeys C8F25 Roast & Ground Tribute
yoy,Fcst Inc Cases is not positive,Sobeys ROC,CG-SOBEY'S ROC,2025,2025,TDNC-32/10,NCOMP 32/10CT,000HM8IHS,Committed,0.0,2025-03-27,2025-04-30,DR 2025 - 2026-10-02 (EXCEXP_TLS_000JJKSK3).xlsx,Rebates,1119,TD Sobeys C8F25 Instant Nespresso Tribute
yoy,Fcst Inc Cases is not positive,Sobeys ROC,CG-SOBEY'S ROC,2025,2025,TDNC-10/10,NCOMP 10/10CT,000HM8IHS,Committed,0.0,2025-03-27,2025-04-30,DR 2025 - 2026-10-02 (EXCEXP_TLS_000JJKSK3).xlsx,Rebates,1121,TD Sobeys C8F25 Instant Nespresso Tribute
yoy,Fcst Inc Cases is not positive,Sobeys ROC,CG-SOBEY'S ROC,2025,2025,TDIC-36/100,INSTANT COFFEE 36/100GR,000HM8IHS,Committed,0.0,2025-03-27,2025-04-30,DR 2025 - 2026-10-02 (EXCEXP_TLS_000JJKSK3).xlsx,Rebates,1122,TD Sobeys C8F25 Instant Nespresso Tribute
yoy,Fcst Inc Cases is not positive,Sobeys ROC,CG-SOBEY'S ROC,2025,2025,TDIC-12/100,INSTANT COFFEE 12/100GR,000HM8IHS,Committed,0.0,2025-03-27,2025-04-30,DR 2025 - 2026-10-02 (EXCEXP_TLS_000JJKSK3).xlsx,Rebates,1124,TD Sobeys C8F25 Instant Nespresso Tribute
yoy,Fcst Inc Cases is not positive,Sobeys ROC,CG-SOBEY'S ROC,2025,2025,TDHBCAP-12/343,HB CAPPUCCINO 12/454GR,000HM8IHS,Committed,0.0,2025-03-27,2025-04-30,DR 2025 - 2026-10-02 (EXCEXP_TLS_000JJKSK3).xlsx,Rebates,1125,TD Sobeys C8F25 Instant Nespresso Tribute
yoy,Fcst Inc Cases is not positive,Sobeys ROC,CG-SOBEY'S ROC,2025,2025,TDSSKCC-4/24,SS KCOMP CAP 4/24CT,000HMHFK0,Committed,0.0,2025-03-27,2025-04-30,DR 2025 - 2026-10-02 (EXCEXP_TLS_000JJKSK3).xlsx,Rebates,1131,TD Wholesale 930g LG Tin/30ct
yoy,Fcst Inc Cases is not positive,Sobeys ROC,CG-SOBEY'S ROC,2025,2025,TDSSKC-4/30,SS KCOMP 4/30CT,000HM8IKK,Committed,0.0,2025-03-27,2025-04-30,DR 2025 - 2026-10-02 (EXCEXP_TLS_000JJKSK3).xlsx,Rebates,1137,TD Sobeys C8F25 Single Serve Tribute
yoy,Fcst Inc Cases is not positive,Sobeys ROC,CG-SOBEY'S ROC,2025,2025,TDSSKCC-4/24,SS KCOMP CAP 4/24CT,000HMD5CN,Committed,0.0,2025-04-10,2025-04-23,DR 2025 - 2026-10-02 (EXCEXP_TLS_000JJKSK3).xlsx,Rebates,1142,TD Freshco TH 30ct/Lg Tins 2 week flyer
yoy,Fcst Inc Cases is not positive,Sobeys ROC,CG-SOBEY'S ROC,2025,2025,TDRGSB-6/300,R&G SMALL BAG 6/300GR,000HLSYUY,Committed,0.0,2025-05-01,2025-06-04,DR 2025 - 2026-10-02 (EXCEXP_TLS_000JJKSK3).xlsx,Rebates,1168,TD Sobeys C1F26 Roast & Ground
yoy,Fcst Inc Cases is not positive,Sobeys ROC,CG-SOBEY'S ROC,2025,2025,TDRGLC-6/930,R&G LARGE CAN 6/930GR,000HLSYUY,Committed,0.0,2025-05-01,2025-06-04,DR 2025 - 2026-10-02 (EXCEXP_TLS_000JJKSK3).xlsx,Rebates,1173,TD Sobeys C1F26 Roast & Ground
yoy,Fcst Inc Cases is not positive,Sobeys ROC,CG-SOBEY'S ROC,2025,2025,6320916687,TDL KCUP CAPPUCCNO FRNCH VAN SS 4/24 CT,000HMD8Q4,Committed,0.0,2025-05-08,2025-05-14,DR 2025 - 2026-10-02 (EXCEXP_TLS_000JJKSK3).xlsx,Rebates,1185,TD Freshco TH 30ct
yoy,Fcst Inc Cases is not positive,Sobeys ROC,CG-SOBEY'S ROC,2025,2025,TDRGSC-6/640,R&G SMALL CAN 6/640GR,000HMD8Q4,Committed,0.0,2025-05-08,2025-05-14,DR 2025 - 2026-10-02 (EXCEXP_TLS_000JJKSK3).xlsx,Rebates,1188,TD Freshco TH 30ct
yoy,Fcst Inc Cases is not positive,Sobeys ROC,CG-SOBEY'S ROC,2025,2025,TDRGLB-6/2,R&G LARGE BAG 6/2LB,000HMD8Q4,Committed,0.0,2025-05-08,2025-05-14,DR 2025 - 2026-10-02 (EXCEXP_TLS_000JJKSK3).xlsx,Rebates,1190,TD Freshco TH 30ct
yoy,Fcst Inc Cases is not positive,Sobeys ROC,CG-SOBEY'S ROC,2025,2025,TDNC-10/10,NCOMP 10/10CT,000HM92OH,Committed,0.0,2025-06-05,2025-07-09,DR 2025 - 2026-10-02 (EXCEXP_TLS_000JJKSK3).xlsx,Rebates,1217,TD Sobeys C2F26 Instant Nespresso Tribute
yoy,Fcst Inc Cases is not positive,Sobeys ROC,CG-SOBEY'S ROC,2025,2025,TDIC-12/100,INSTANT COFFEE 12/100GR,000HM92OH,Committed,0.0,2025-06-05,2025-07-09,DR 2025 - 2026-10-02 (EXCEXP_TLS_000JJKSK3).xlsx,Rebates,1220,TD Sobeys C2F26 Instant Nespresso Tribute
yoy,Fcst Inc Cases is not positive,Sobeys ROC,CG-SOBEY'S ROC,2025,2025,TDRGSB-6/300,R&G SMALL BAG 6/300GR,000HLSYW6,Committed,0.0,2025-06-05,2025-07-09,DR 2025 - 2026-10-02 (EXCEXP_TLS_000JJKSK3).xlsx,Rebates,1224,TD Sobeys C2F26 Roast & Ground Tribute
yoy,Fcst Inc Cases is not positive,Sobeys ROC,CG-SOBEY'S ROC,2025,2025,TDRGLC-6/930,R&G LARGE CAN 6/930GR,000HLSYW6,Committed,0.0,2025-06-05,2025-07-09,DR 2025 - 2026-10-02 (EXCEXP_TLS_000JJKSK3).xlsx,Rebates,1227,TD Sobeys C2F26 Roast & Ground Tribute
yoy,Fcst Inc Cases is not positive,Sobeys ROC,CG-SOBEY'S ROC,2025,2025,TDSSKC-6/12,SS KCOMP 6/12CT,000HM92SE,Committed,0.0,2025-06-05,2025-07-09,DR 2025 - 2026-10-02 (EXCEXP_TLS_000JJKSK3).xlsx,Rebates,1232,TD Sobeys C2F26 Single Serve
yoy,Fcst Inc Cases is not positive,Sobeys ROC,CG-SOBEY'S ROC,2025,2025,TDSSKC-4/48,SS KCOMP 4/48CT,000HM92SE,Committed,0.0,2025-06-05,2025-07-09,DR 2025 - 2026-10-02 (EXCEXP_TLS_000JJKSK3).xlsx,Rebates,1236,TD Sobeys C2F26 Single Serve
yoy,Fcst Inc Cases is not positive,Sobeys ROC,CG-SOBEY'S ROC,2025,2025,TDSSKC-4/30,SS KCOMP 4/30CT,000HM92SE,Committed,0.0,2025-06-05,2025-07-09,DR 2025 - 2026-10-02 (EXCEXP_TLS_000JJKSK3).xlsx,Rebates,1237,TD Sobeys C2F26 Single Serve
yoy,Fcst Inc Cases is not positive,Sobeys ROC,CG-SOBEY'S ROC,2025,2025,TDL,TDL CAN,000HN143O,Closed,0.0,2025-06-01,2025-08-31,DR 2025 - 2026-10-02 (EXCEXP_TLS_000JJKSK3).xlsx,Rebates,1241,TD Sob National Golf
yoy,Fcst Inc Cases is not positive,Sobeys ROC,CG-SOBEY'S ROC,2025,2025,TDL,TDL CAN,000HN143T,Closed,0.0,2025-06-01,2025-08-31,DR 2025 - 2026-10-02 (EXCEXP_TLS_000JJKSK3).xlsx,Rebates,1243,TD Sobeys MFA Golf Tournament
yoy,Fcst Inc Cases is not positive,Sobeys ROC,CG-SOBEY'S ROC,2025,2025,TDSSKC-4/30,SS KCOMP 4/30CT,000HMD8UO,Closed,0.0,2025-06-19,2025-08-13,DR 2025 - 2026-10-02 (EXCEXP_TLS_000JJKSK3).xlsx,Rebates,1245,TD Freshco TH  Summer Event Lumpsum
yoy,Fcst Inc Cases is not positive,Sobeys ROC,CG-SOBEY'S ROC,2025,2025,TDDCR-6/750,CREAMER 6/750ML,000HML02Z,Closed,0.0,2025-06-26,2025-07-02,DR 2025 - 2026-10-02 (EXCEXP_TLS_000JJKSK3).xlsx,Rebates,1255,TD Wholesale TH Creamers 750ml
yoy,Fcst Inc Cases is not positive,Sobeys ROC,CG-SOBEY'S ROC,2025,2025,TDIC-12/100,INSTANT COFFEE 12/100GR,000IDO9FG,Closed,0.0,2025-07-10,2025-08-13,DR 2025 - 2026-10-02 (EXCEXP_TLS_000JJKSK3).xlsx,Rebates,1257,TD Wholesale  instant Jars 100g
yoy,Fcst Inc Cases is not positive,Sobeys ROC,CG-SOBEY'S ROC,2025,2025,TDIC-12/100,INSTANT COFFEE 12/100GR,000HMCQX4,Committed,0.0,2025-07-10,2025-08-13,DR 2025 - 2026-10-02 (EXCEXP_TLS_000JJKSK3).xlsx,Rebates,1269,TD Sobeys C3F26 Instant Nespresso Tribute
yoy,Fcst Inc Cases is not positive,Sobeys ROC,CG-SOBEY'S ROC,2025,2025,TDRGSB-6/300,R&G SMALL BAG 6/300GR,000HMCIIE,Committed,0.0,2025-07-10,2025-08-13,DR 2025 - 2026-10-02 (EXCEXP_TLS_000JJKSK3).xlsx,Rebates,1273,TD Sobeys C3F26 Roast & Ground + AD
yoy,Fcst Inc Cases is not positive,Sobeys ROC,CG-SOBEY'S ROC,2025,2025,TDSSKC-6/12,SS KCOMP 6/12CT,000HMCIGV,Committed,0.0,2025-07-10,2025-08-13,DR 2025 - 2026-10-02 (EXCEXP_TLS_000JJKSK3).xlsx,Rebates,1282,TD Sobeys C3F26 Single Serve + AD
yoy,Fcst Inc Cases is not positive,Sobeys ROC,CG-SOBEY'S ROC,2025,2025,TDSSKC-4/48,SS KCOMP 4/48CT,000HMCIGV,Committed,0.0,2025-07-10,2025-08-13,DR 2025 - 2026-10-02 (EXCEXP_TLS_000JJKSK3).xlsx,Rebates,1290,TD Sobeys C3F26 Single Serve + AD
yoy,Fcst Inc Cases is not positive,Sobeys ROC,CG-SOBEY'S ROC,2025,2025,TDSSKC-6/12,SS KCOMP 6/12CT,000IFWBL5,Closed,0.0,2025-07-24,2025-07-30,DR 2025 - 2026-10-02 (EXCEXP_TLS_000JJKSK3).xlsx,Rebates,1294,TD Sobeys C3 Community Only Tribute Ad
yoy,Fcst Inc Cases is not positive,Sobeys ROC,CG-SOBEY'S ROC,2025,2025,TDRGSB-6/300,R&G SMALL BAG 6/300GR,000IFWBL5,Closed,0.0,2025-07-24,2025-07-30,DR 2025 - 2026-10-02 (EXCEXP_TLS_000JJKSK3).xlsx,Rebates,1295,TD Sobeys C3 Community Only Tribute Ad
yoy,Fcst Inc Cases is not positive,Sobeys ROC,CG-SOBEY'S ROC,2025,2025,TDNC-10/10,NCOMP 10/10CT,000IFWBL5,Closed,0.0,2025-07-24,2025-07-30,DR 2025 - 2026-10-02 (EXCEXP_TLS_000JJKSK3).xlsx,Rebates,1297,TD Sobeys C3 Community Only Tribute Ad
yoy,Fcst Inc Cases is not positive,Sobeys ROC,CG-SOBEY'S ROC,2025,2025,TDIC-12/100,INSTANT COFFEE 12/100GR,000IFWBL5,Closed,0.0,2025-07-24,2025-07-30,DR 2025 - 2026-10-02 (EXCEXP_TLS_000JJKSK3).xlsx,Rebates,1298,TD Sobeys C3 Community Only Tribute Ad
yoy,Fcst Inc Cases is not positive,Sobeys ROC,CG-SOBEY'S ROC,2025,2025,TDRGLC-6/930,R&G LARGE CAN 6/930GR,000HML04M,Closed,0.0,2025-08-07,2025-08-13,DR 2025 - 2026-10-02 (EXCEXP_TLS_000JJKSK3).xlsx,Rebates,1302,TD Wholesale P9 930g LG Tin
yoy,Fcst Inc Cases is not positive,Sobeys ROC,CG-SOBEY'S ROC,2025,2025,TDHBHC-36/500,HB HOT CHOCOLATE 36/500GR,000HMCR0V,Committed,0.0,2025-08-14,2025-08-20,DR 2025 - 2026-10-02 (EXCEXP_TLS_000JJKSK3).xlsx,Rebates,1308,TD Sobeys C4F26 Hot Beverage Tribute
yoy,Fcst Inc Cases is not positive,Sobeys ROC,CG-SOBEY'S ROC,2025,2025,TDHBHC-12/500,HB HOT CHOCOLATE 12/500GR,000HMCR0V,Committed,0.0,2025-08-14,2025-08-20,DR 2025 - 2026-10-02 (EXCEXP_TLS_000JJKSK3).xlsx,Rebates,1310,TD Sobeys C4F26 Hot Beverage Tribute
yoy,Fcst Inc Cases is not positive,Sobeys ROC,CG-SOBEY'S ROC,2025,2025,TDNC-32/10,NCOMP 32/10CT,000HMCQXI,Committed,0.0,2025-08-14,2025-09-17,DR 2025 - 2026-10-02 (EXCEXP_TLS_000JJKSK3).xlsx,Rebates,1320,TD Sobeys C4F26 Instant Nespresso Tribute
yoy,Fcst Inc Cases is not positive,Sobeys ROC,CG-SOBEY'S ROC,2025,2025,TDNC-10/10,NCOMP 10/10CT,000HMCQXI,Committed,0.0,2025-08-14,2025-09-17,DR 2025 - 2026-10-02 (EXCEXP_TLS_000JJKSK3).xlsx,Rebates,1322,TD Sobeys C4F26 Instant Nespresso Tribute
yoy,Fcst Inc Cases is not positive,Sobeys ROC,CG-SOBEY'S ROC,2025,2025,TDRGLC-6/930,R&G LARGE CAN 6/930GR,000HLSYX6,Committed,0.0,2025-08-14,2025-09-17,DR 2025 - 2026-10-02 (EXCEXP_TLS_000JJKSK3).xlsx,Rebates,1333,TD Sobeys C4F26 Roast & Ground Tribute
yoy,Fcst Inc Cases is not positive,Sobeys ROC,CG-SOBEY'S ROC,2025,2025,TDRGLB-6/2,R&G LARGE BAG 6/2LB,000HLSYX6,Committed,0.0,2025-08-14,2025-09-17,DR 2025 - 2026-10-02 (EXCEXP_TLS_000JJKSK3).xlsx,Rebates,1336,TD Sobeys C4F26 Roast & Ground Tribute
yoy,Fcst Inc Cases is not positive,Sobeys ROC,CG-SOBEY'S ROC,2025,2025,TDSSKC-4/30,SS KCOMP 4/30CT,000HMCQZL,Committed,0.0,2025-08-14,2025-09-17,DR 2025 - 2026-10-02 (EXCEXP_TLS_000JJKSK3).xlsx,Rebates,1339,TD Sobeys C4F26 Single Serve Tribute
yoy,Fcst Inc Cases is not positive,Sobeys ROC,CG-SOBEY'S ROC,2025,2025,TDSSKC-6/12,SS KCOMP 6/12CT,000HMDC0K,Closed,0.0,2025-08-14,2025-09-24,DR 2025 - 2026-10-02 (EXCEXP_TLS_000JJKSK3).xlsx,Rebates,1345,TD Freshco  12ct and 300g BTS event
yoy,Fcst Inc Cases is not positive,Sobeys ROC,CG-SOBEY'S ROC,2025,2025,TDL,TDL CAN,000HMDC0E,Closed,0.0,2025-08-08,2025-08-08,DR 2025 - 2026-10-02 (EXCEXP_TLS_000JJKSK3).xlsx,Rebates,1349,TD FRESHCO Golf Tournament
yoy,Fcst Inc Cases is not positive,Sobeys ROC,CG-SOBEY'S ROC,2025,2025,TDSSKC-1/30,SS KCOMP 1/30CT,000HML05R,Committed,0.0,2025-08-28,2025-09-03,DR 2025 - 2026-10-02 (EXCEXP_TLS_000JJKSK3).xlsx,Rebates,1355,TD Wholesale P9 30ct
yoy,Fcst Inc Cases is not positive,Sobeys ROC,CG-SOBEY'S ROC,2025,2025,TDSHHB-12/425,HOT BOWLS 12/425GR,000HMCT5T,Committed,0.0,2025-09-18,2025-10-22,DR 2025 - 2026-10-02 (EXCEXP_TLS_000JJKSK3).xlsx,Rebates,1362,TD Sobeys C5F26 Soups & Hot Bowls
yoy,Fcst Inc Cases is not positive,Sobeys ROC,CG-SOBEY'S ROC,2025,2025,TDRGSB-6/300,R&G SMALL BAG 6/300GR,000HMCIJB,Committed,0.0,2025-09-18,2025-10-22,DR 2025 - 2026-10-02 (EXCEXP_TLS_000JJKSK3).xlsx,Rebates,1380,TD Sobeys C5F26 Roast & Ground - Coffee Day
yoy,Fcst Inc Cases is not positive,Sobeys ROC,CG-SOBEY'S ROC,2025,2025,TDRGSB-6/300,R&G SMALL BAG 6/300GR,000HMCIJB,Committed,0.0,2025-09-18,2025-10-22,DR 2025 - 2026-10-02 (EXCEXP_TLS_000JJKSK3).xlsx,Rebates,1382,TD Sobeys C5F26 Roast & Ground - Coffee Day
yoy,Fcst Inc Cases is not positive,Sobeys ROC,CG-SOBEY'S ROC,2025,2025,TDRGSB-48/300,R&G SMALL BAG 48/300GR,000HMCIJB,Committed,0.0,2025-09-18,2025-10-22,DR 2025 - 2026-10-02 (EXCEXP_TLS_000JJKSK3).xlsx,Rebates,1384,TD Sobeys C5F26 Roast & Ground - Coffee Day
yoy,Fcst Inc Cases is not positive,Sobeys ROC,CG-SOBEY'S ROC,2025,2025,TDSSKC-6/12,SS KCOMP 6/12CT,000HMCR3E,Committed,0.0,2025-09-18,2025-10-22,DR 2025 - 2026-10-02 (EXCEXP_TLS_000JJKSK3).xlsx,Rebates,1387,TD Sobeys C5F26 Single Serve - Coffee Day
yoy,Fcst Inc Cases is not positive,Sobeys ROC,CG-SOBEY'S ROC,2025,2025,TDSSKC-6/12,SS KCOMP 6/12CT,000HMCR3E,Committed,0.0,2025-09-18,2025-10-22,DR 2025 - 2026-10-02 (EXCEXP_TLS_000JJKSK3).xlsx,Rebates,1388,TD Sobeys C5F26 Single Serve - Coffee Day
yoy,Fcst Inc Cases is not positive,Sobeys ROC,CG-SOBEY'S ROC,2025,2025,TDSSKC-6/12,SS KCOMP 6/12CT,000HMCR3E,Committed,0.0,2025-09-18,2025-10-22,DR 2025 - 2026-10-02 (EXCEXP_TLS_000JJKSK3).xlsx,Rebates,1390,TD Sobeys C5F26 Single Serve - Coffee Day
yoy,Fcst Inc Cases is not positive,Sobeys ROC,CG-SOBEY'S ROC,2025,2025,TDSSKC-6/10,SS KCOMP 6/10CT,000HMCR3E,Committed,0.0,2025-09-18,2025-10-22,DR 2025 - 2026-10-02 (EXCEXP_TLS_000JJKSK3).xlsx,Rebates,1392,TD Sobeys C5F26 Single Serve - Coffee Day
yoy,Fcst Inc Cases is not positive,Sobeys ROC,CG-SOBEY'S ROC,2025,2025,TDSSKC-48/12,SS KCOMP 48/12CT,000HMCR3E,Committed,0.0,2025-09-18,2025-10-22,DR 2025 - 2026-10-02 (EXCEXP_TLS_000JJKSK3).xlsx,Rebates,1394,TD Sobeys C5F26 Single Serve - Coffee Day
yoy,Fcst Inc Cases is not positive,Sobeys ROC,CG-SOBEY'S ROC,2025,2025,TDSSKC-48/12,SS KCOMP 48/12CT,000HMCR3E,Committed,0.0,2025-09-18,2025-10-22,DR 2025 - 2026-10-02 (EXCEXP_TLS_000JJKSK3).xlsx,Rebates,1395,TD Sobeys C5F26 Single Serve - Coffee Day
yoy,Fcst Inc Cases is not positive,Sobeys ROC,CG-SOBEY'S ROC,2025,2025,6320923397,*TDL PKS/CMT/ORG KCUP DISPLAY 48/12CT,000IP8M6E,Closed,0.0,2025-09-26,2025-09-26,DR 2025 - 2026-10-02 (EXCEXP_TLS_000JJKSK3).xlsx,Rebates,1405,TD Sobeys C6 Clearout Funding BOI Displays
yoy,Fcst Inc Cases is not positive,Sobeys ROC,CG-SOBEY'S ROC,2025,2025,TDHBHC-12/500,HB HOT CHOCOLATE 12/500GR,000HMCT8C,Committed,0.0,2025-10-23,2025-11-26,DR 2025 - 2026-10-02 (EXCEXP_TLS_000JJKSK3).xlsx,Rebates,1425,TD Sobeys C6F26 Hot Beverage Tribute
yoy,Fcst Inc Cases is not positive,Sobeys ROC,CG-SOBEY'S ROC,2025,2025,TDNC-32/10,NCOMP 32/10CT,000HMCT6Q,Committed,0.0,2025-10-23,2025-11-26,DR 2025 - 2026-10-02 (EXCEXP_TLS_000JJKSK3).xlsx,Rebates,1432,TD Sobeys C6F26 Instant Nespresso Tea Tribute
yoy,Fcst Inc Cases is not positive,Sobeys ROC,CG-SOBEY'S ROC,2025,2025,TDIC-12/100,INSTANT COFFEE 12/100GR,000HMCT6Q,Committed,0.0,2025-10-23,2025-11-26,DR 2025 - 2026-10-02 (EXCEXP_TLS_000JJKSK3).xlsx,Rebates,1435,TD Sobeys C6F26 Instant Nespresso Tea Tribute
yoy,Fcst Inc Cases is not positive,Sobeys ROC,CG-SOBEY'S ROC,2025,2025,TDSHSP-288/540,SOUPS 288/540ML,000HMCVA1,Committed,0.0,2025-10-23,2025-11-26,DR 2025 - 2026-10-02 (EXCEXP_TLS_000JJKSK3).xlsx,Rebates,1438,TD Sobeys C6F26 Soups & Hot Bowls Tribute Ad
yoy,Fcst Inc Cases is not positive,Sobeys ROC,CG-SOBEY'S ROC,2025,2025,TDSHSP-12/540,SOUPS 12/540ML,000HMCVA1,Committed,0.0,2025-10-23,2025-11-26,DR 2025 - 2026-10-02 (EXCEXP_TLS_000JJKSK3).xlsx,Rebates,1440,TD Sobeys C6F26 Soups & Hot Bowls Tribute Ad
yoy,Fcst Inc Cases is not positive,Sobeys ROC,CG-SOBEY'S ROC,2025,2025,TDSHSP-12/540,SOUPS 12/540ML,000HMCVA1,Committed,0.0,2025-10-23,2025-11-26,DR 2025 - 2026-10-02 (EXCEXP_TLS_000JJKSK3).xlsx,Rebates,1441,TD Sobeys C6F26 Soups & Hot Bowls Tribute Ad
yoy,Fcst Inc Cases is not positive,Sobeys ROC,CG-SOBEY'S ROC,2025,2025,TDRGSB-6/300,R&G SMALL BAG 6/300GR,000HLSYXX,Committed,0.0,2025-10-23,2025-11-26,DR 2025 - 2026-10-02 (EXCEXP_TLS_000JJKSK3).xlsx,Rebates,1445,TD Sobeys C6F26 Roast & Ground Tribute
yoy,Fcst Inc Cases is not positive,Sobeys ROC,CG-SOBEY'S ROC,2025,2025,TDRGLC-6/930,R&G LARGE CAN 6/930GR,000HLSYXX,Committed,0.0,2025-10-23,2025-11-26,DR 2025 - 2026-10-02 (EXCEXP_TLS_000JJKSK3).xlsx,Rebates,1447,TD Sobeys C6F26 Roast & Ground Tribute
yoy,Fcst Inc Cases is not positive,Sobeys ROC,CG-SOBEY'S ROC,2025,2025,TDSSKC-4/30,SS KCOMP 4/30CT,000HMCV79,Committed,0.0,2025-10-23,2025-11-26,DR 2025 - 2026-10-02 (EXCEXP_TLS_000JJKSK3).xlsx,Rebates,1454,TD Sobeys C6F26 Single Serve
yoy,Fcst Inc Cases is not positive,Sobeys ROC,CG-SOBEY'S ROC,2025,2025,TDL,TDL CAN,000HMCVAS,Committed,0.0,2025-11-01,2025-12-31,DR 2025 - 2026-10-02 (EXCEXP_TLS_000JJKSK3).xlsx,Rebates,1460,TD Sob ATL Gift Gala Sponsor
yoy,Fcst Inc Cases is not positive,Sobeys ROC,CG-SOBEY'S ROC,2025,2025,TDRGSB-6/300,R&G SMALL BAG 6/300GR,000HMD8VW,Committed,0.0,2025-11-13,2025-12-31,DR 2025 - 2026-10-02 (EXCEXP_TLS_000JJKSK3).xlsx,Rebates,1470,TD Freshco NOV EVENT
yoy,Fcst Inc Cases is not positive,Sobeys ROC,CG-SOBEY'S ROC,2025,2025,TDSHSP-12/540,SOUPS 12/540ML,000HMCXDU,Committed,0.0,2025-11-27,2025-12-31,DR 2025 - 2026-10-02 (EXCEXP_TLS_000JJKSK3).xlsx,Rebates,1489,TD Sobeys C7F26 Soups & Hot Bowls Tribute Ad
yoy,Fcst Inc Cases is not positive,Sobeys ROC,CG-SOBEY'S ROC,2025,2025,TDSHSP-12/540,SOUPS 12/540ML,000HMCXDU,Committed,0.0,2025-11-27,2025-12-31,DR 2025 - 2026-10-02 (EXCEXP_TLS_000JJKSK3).xlsx,Rebates,1490,TD Sobeys C7F26 Soups & Hot Bowls Tribute Ad
yoy,Fcst Inc Cases is not positive,Sobeys ROC,CG-SOBEY'S ROC,2025,2025,TDSSKC-6/12,SS KCOMP 6/12CT,000HMCT2A,Committed,0.0,2025-11-27,2025-12-31,DR 2025 - 2026-10-02 (EXCEXP_TLS_000JJKSK3).xlsx,Rebates,1494,TD Sobeys C7F26 Single Serve - Tribute 2
yoy,Fcst Inc Cases is not positive,Sobeys ROC,CG-SOBEY'S ROC,2025,2025,TDNC-32/10,NCOMP 32/10CT,000HMCVAZ,Committed,0.0,2025-12-11,2025-12-17,DR 2025 - 2026-10-02 (EXCEXP_TLS_000JJKSK3).xlsx,Rebates,1506,TD Sobeys C7F26 Instant Nespresso Tea - Tribute
yoy,Fcst Inc Cases is not positive,Sobeys ROC,CG-SOBEY'S ROC,2025,2025,TDNC-10/10,NCOMP 10/10CT,000HMCVAZ,Committed,0.0,2025-12-11,2025-12-17,DR 2025 - 2026-10-02 (EXCEXP_TLS_000JJKSK3).xlsx,Rebates,1508,TD Sobeys C7F26 Instant Nespresso Tea - Tribute
yoy,Fcst Inc Cases is not positive,Sobeys ROC,CG-SOBEY'S ROC,2025,2025,TDIC-12/100,INSTANT COFFEE 12/100GR,000HMCVAZ,Committed,0.0,2025-12-11,2025-12-17,DR 2025 - 2026-10-02 (EXCEXP_TLS_000JJKSK3).xlsx,Rebates,1510,TD Sobeys C7F26 Instant Nespresso Tea - Tribute
yoy,Fcst Inc Cases is not positive,Sobeys ROC,CG-SOBEY'S ROC,2025,2025,TDSSKC-4/30,SS KCOMP 4/30CT,000HMD8RC,Committed,0.0,2025-12-11,2025-12-31,DR 2025 - 2026-10-02 (EXCEXP_TLS_000JJKSK3).xlsx,Rebates,1514,TD Freshco TH 30ct/Large Tins Holiday event
yoy,Fcst Inc Cases is not positive,Sobeys ROC,CG-SOBEY'S ROC,2025,2025,TDHBMX-4/24,HB MIX 4/24EA,000J155Q7,Closed,0.0,2025-12-25,2025-12-31,DR 2025 - 2026-10-02 (EXCEXP_TLS_000JJKSK3).xlsx,Rebates,1522,TD Sobeys C7 F26 Hot Beverage part 1
yoy,Fcst Inc Cases is not positive,Sobeys ROC,CG-SOBEY'S ROC,2025,2025,TDHBCAP-12/343,HB CAPPUCCINO 12/454GR,000J155Q7,Closed,0.0,2025-12-25,2025-12-31,DR 2025 - 2026-10-02 (EXCEXP_TLS_000JJKSK3).xlsx,Rebates,1525,TD Sobeys C7 F26 Hot Beverage part 1
yoy,Fcst Inc Cases is not positive,Sobeys ROC,CG-SOBEY'S ROC,2025,2025,TDIC-12/100,INSTANT COFFEE 12/100GR,000J7T214,Closed,0.0,2025-12-25,2025-12-31,DR 2025 - 2026-10-02 (EXCEXP_TLS_000JJKSK3).xlsx,Rebates,1527,TD Sobeys C8F25 Instant 100gr
yoy,Fcst Inc Cases is not positive,Amazon,NA-AMAZON CANADA,2025,2025,TDL,TDL CAN,000J3Y6IP,Committed,0.0,2025-01-01,2025-12-31,DR 2025 - 2026-10-02 (EXCEXP_TLS_000JJKSK3).xlsx,Rebates,1529,TD Amazon Returns to Vendor
yoy,Fcst Inc Cases is not positive,Amazon,NA-AMAZON CANADA,2025,2025,TDL,TDL CAN,000IK0N14,Committed,0.0,2025-06-01,2025-12-31,DR 2025 - 2026-10-02 (EXCEXP_TLS_000JJKSK3).xlsx,Rebates,1531,TD 2025 Amzn Marketing Co-Op $100k annual
yoy,Fcst Inc Cases is not positive,Amazon,NA-AMAZON CANADA,2025,2025,TDNC-10/10,NCOMP 10/10CT,000JI3DXT,Closed,0.0,2025-02-02,2025-02-04,DR 2025 - 2026-10-02 (EXCEXP_TLS_000JJKSK3).xlsx,Rebates,1533,TD Amazon Nespresso Feb Promo
yoy,Fcst Inc Cases is not positive,Amazon,NA-AMAZON CANADA,2025,2025,TDSSKC-6/12,SS KCOMP 6/12CT,000HS9EG0,Closed,0.0,2025-02-02,2025-02-27,DR 2025 - 2026-10-02 (EXCEXP_TLS_000JJKSK3).xlsx,Rebates,1535,TD 2025 Amzn 6/12 case pack Promo
yoy,Fcst Inc Cases is not positive,Amazon,NA-AMAZON CANADA,2025,2025,TDSSKC-6/12,SS KCOMP 6/12CT,000HRA1U3,Closed,0.0,2025-02-04,2025-03-01,DR 2025 - 2026-10-02 (EXCEXP_TLS_000JJKSK3).xlsx,Rebates,1537,TD SS KCOMP 6/12 $3.11
yoy,Fcst Inc Cases is not positive,Amazon,NA-AMAZON CANADA,2025,2025,TDL,TDL CAN,000IK0N19,Closed,0.0,2025-06-01,2025-06-30,DR 2025 - 2026-10-02 (EXCEXP_TLS_000JJKSK3).xlsx,Rebates,1539,TD 2025 Amzn B2B $50k Accrual - monthly payment June
yoy,Fcst Inc Cases is not positive,Amazon,NA-AMAZON CANADA,2025,2025,TDL,TDL CAN,000IK0N1E,Closed,0.0,2025-07-01,2025-07-31,DR 2025 - 2026-10-02 (EXCEXP_TLS_000JJKSK3).xlsx,Rebates,1545,TD 2025 Amzn B2B $50k Accrual - monthly payment July
yoy,Fcst Inc Cases is not positive,Amazon,NA-AMAZON CANADA,2025,2025,TDL,TDL CAN,000IK0N1J,Closed,0.0,2025-08-01,2025-08-31,DR 2025 - 2026-10-02 (EXCEXP_TLS_000JJKSK3).xlsx,Rebates,1547,TD 2025 Amzn B2B $50k Accrual - monthly payment August
yoy,Fcst Inc Cases is not positive,Amazon,NA-AMAZON CANADA,2025,2025,TDL,TDL CAN,000IK0N1O,Closed,0.0,2025-09-01,2025-09-30,DR 2025 - 2026-10-02 (EXCEXP_TLS_000JJKSK3).xlsx,Rebates,1549,TD 2025 Amzn B2B $50k Accrual - monthly payment September
yoy,Fcst Inc Cases is not positive,Amazon,NA-AMAZON CANADA,2025,2025,TDL,TDL CAN,000IK0N1T,Closed,0.0,2025-10-01,2025-10-31,DR 2025 - 2026-10-02 (EXCEXP_TLS_000JJKSK3).xlsx,Rebates,1553,TD 2025 Amzn B2B $50k Accrual - monthly payment October
yoy,Fcst Inc Cases is not positive,Amazon,NA-AMAZON CANADA,2025,2025,6320922293,TDL TOMATO BASIL + ORZO 12/540 ML,000IOVRW3,Closed,0.0,2025-10-21,2025-10-21,DR 2025 - 2026-10-02 (EXCEXP_TLS_000JJKSK3).xlsx,Rebates,1556,TD 2025 Amzn Business - October Stock Up Offers
yoy,Fcst Inc Cases is not positive,Amazon,NA-AMAZON CANADA,2025,2025,6320916881,TDL DOUBLE DOUBLE PACKET 5/8 EA,000IOVRW3,Closed,0.0,2025-10-21,2025-10-21,DR 2025 - 2026-10-02 (EXCEXP_TLS_000JJKSK3).xlsx,Rebates,1559,TD 2025 Amzn Business - October Stock Up Offers
yoy,Fcst Inc Cases is not positive,Amazon,NA-AMAZON CANADA,2025,2025,6320916882,TDL CAFE MOCHA PACKET 5/8 EA,000IOVRW3,Closed,0.0,2025-10-21,2025-10-21,DR 2025 - 2026-10-02 (EXCEXP_TLS_000JJKSK3).xlsx,Rebates,1561,TD 2025 Amzn Business - October Stock Up Offers
yoy,Fcst Inc Cases is not positive,Amazon,NA-AMAZON CANADA,2025,2025,6320919834,6320919834,000IOVRW3,Closed,0.0,2025-10-21,2025-10-21,DR 2025 - 2026-10-02 (EXCEXP_TLS_000JJKSK3).xlsx,Rebates,1567,TD 2025 Amzn Business - October Stock Up Offers
yoy,Fcst Inc Cases is not positive,Amazon,NA-AMAZON CANADA,2025,2025,6320918582,6320918582,000IOVRW3,Closed,0.0,2025-10-21,2025-10-21,DR 2025 - 2026-10-02 (EXCEXP_TLS_000JJKSK3).xlsx,Rebates,1568,TD 2025 Amzn Business - October Stock Up Offers
yoy,Fcst Inc Cases is not positive,Amazon,NA-AMAZON CANADA,2025,2025,6320918580,6320918580,000IOVRW3,Closed,0.0,2025-10-21,2025-10-21,DR 2025 - 2026-10-02 (EXCEXP_TLS_000JJKSK3).xlsx,Rebates,1569,TD 2025 Amzn Business - October Stock Up Offers
yoy,Fcst Inc Cases is not positive,Amazon,NA-AMAZON CANADA,2025,2025,TDL,TDL CAN,000HS9EFF,Closed,0.0,2025-11-01,2025-11-30,DR 2025 - 2026-10-02 (EXCEXP_TLS_000JJKSK3).xlsx,Rebates,1571,TD 2025 Amzn Business Discount 2
yoy,Fcst Inc Cases is not positive,Amazon,NA-AMAZON CANADA,2025,2025,TDL,TDL CAN,000IK0N1Y,Closed,0.0,2025-11-01,2025-11-30,DR 2025 - 2026-10-02 (EXCEXP_TLS_000JJKSK3).xlsx,Rebates,1573,TD 2025 Amzn B2B $50k Accrual - monthly payment November
yoy,Fcst Inc Cases is not positive,Amazon,NA-AMAZON CANADA,2025,2025,TDTB-6/20,TEA BAG 6/20CT,000IP0UZ3,Closed,0.0,2025-11-20,2025-11-20,DR 2025 - 2026-10-02 (EXCEXP_TLS_000JJKSK3).xlsx,Rebates,1584,TD 2025 Amzn Business - Nov Stock Up Offer #1
yoy,Fcst Inc Cases is not positive,Amazon,NA-AMAZON CANADA,2025,2025,6320922293,TDL TOMATO BASIL + ORZO 12/540 ML,000IP0UZ3,Closed,0.0,2025-11-20,2025-11-20,DR 2025 - 2026-10-02 (EXCEXP_TLS_000JJKSK3).xlsx,Rebates,1585,TD 2025 Amzn Business - Nov Stock Up Offer #1
yoy,Fcst Inc Cases is not positive,Amazon,NA-AMAZON CANADA,2025,2025,6320911393,TDL KCUP TEA SS 6/12 CT,000IP0UZ3,Closed,0.0,2025-11-20,2025-11-20,DR 2025 - 2026-10-02 (EXCEXP_TLS_000JJKSK3).xlsx,Rebates,1586,TD 2025 Amzn Business - Nov Stock Up Offer #1
yoy,Fcst Inc Cases is not positive,Amazon,NA-AMAZON CANADA,2025,2025,6320912574,TDL KCUP ORANGE PEKOE TEA 4/30 CT,000IP0UZ3,Closed,0.0,2025-11-20,2025-11-20,DR 2025 - 2026-10-02 (EXCEXP_TLS_000JJKSK3).xlsx,Rebates,1587,TD 2025 Amzn Business - Nov Stock Up Offer #1
yoy,Fcst Inc Cases is not positive,Amazon,NA-AMAZON CANADA,2025,2025,6320916881,TDL DOUBLE DOUBLE PACKET 5/8 EA,000IP0UZ3,Closed,0.0,2025-11-20,2025-11-20,DR 2025 - 2026-10-02 (EXCEXP_TLS_000JJKSK3).xlsx,Rebates,1588,TD 2025 Amzn Business - Nov Stock Up Offer #1
yoy,Fcst Inc Cases is not positive,Amazon,NA-AMAZON CANADA,2025,2025,6320915305,TDL CAPPUCCINO FRENCH VAN PACKET 5/8 EA,000IP0UZ3,Closed,0.0,2025-11-20,2025-11-20,DR 2025 - 2026-10-02 (EXCEXP_TLS_000JJKSK3).xlsx,Rebates,1589,TD 2025 Amzn Business - Nov Stock Up Offer #1
yoy,Fcst Inc Cases is not positive,Amazon,NA-AMAZON CANADA,2025,2025,6320916882,TDL CAFE MOCHA PACKET 5/8 EA,000IP0UZ3,Closed,0.0,2025-11-20,2025-11-20,DR 2025 - 2026-10-02 (EXCEXP_TLS_000JJKSK3).xlsx,Rebates,1590,TD 2025 Amzn Business - Nov Stock Up Offer #1
yoy,Fcst Inc Cases is not positive,Amazon,NA-AMAZON CANADA,2025,2025,TDSSTA-5/14,SS TASSIMO 5/14CT,000IP0UZ3,Closed,0.0,2025-11-20,2025-11-20,DR 2025 - 2026-10-02 (EXCEXP_TLS_000JJKSK3).xlsx,Rebates,1591,TD 2025 Amzn Business - Nov Stock Up Offer #1
yoy,Fcst Inc Cases is not positive,Amazon,NA-AMAZON CANADA,2025,2025,TDSHSP-12/540,SOUPS 12/540ML,000IP0UZ3,Closed,0.0,2025-11-20,2025-11-20,DR 2025 - 2026-10-02 (EXCEXP_TLS_000JJKSK3).xlsx,Rebates,1592,TD 2025 Amzn Business - Nov Stock Up Offer #1
yoy,Fcst Inc Cases is not positive,Amazon,NA-AMAZON CANADA,2025,2025,TDIC-12/100,INSTANT COFFEE 12/100GR,000IP0UZ3,Closed,0.0,2025-11-20,2025-11-20,DR 2025 - 2026-10-02 (EXCEXP_TLS_000JJKSK3).xlsx,Rebates,1593,TD 2025 Amzn Business - Nov Stock Up Offer #1
yoy,Fcst Inc Cases is not positive,Amazon,NA-AMAZON CANADA,2025,2025,TDHBCAP-12/343,HB CAPPUCCINO 12/454GR,000IP0UZ3,Closed,0.0,2025-11-20,2025-11-20,DR 2025 - 2026-10-02 (EXCEXP_TLS_000JJKSK3).xlsx,Rebates,1594,TD 2025 Amzn Business - Nov Stock Up Offer #1
yoy,Fcst Inc Cases is not positive,Amazon,NA-AMAZON CANADA,2025,2025,TDGB-12/5/30,GRANOLA BAR 12/5/30GR,000IP0UZ3,Closed,0.0,2025-11-20,2025-11-20,DR 2025 - 2026-10-02 (EXCEXP_TLS_000JJKSK3).xlsx,Rebates,1595,TD 2025 Amzn Business - Nov Stock Up Offer #1
yoy,Fcst Inc Cases is not positive,Amazon,NA-AMAZON CANADA,2025,2025,6320919834,6320919834,000IP0UZ3,Closed,0.0,2025-11-20,2025-11-20,DR 2025 - 2026-10-02 (EXCEXP_TLS_000JJKSK3).xlsx,Rebates,1596,TD 2025 Amzn Business - Nov Stock Up Offer #1
yoy,Fcst Inc Cases is not positive,Amazon,NA-AMAZON CANADA,2025,2025,6320919832,6320919832,000IP0UZ3,Closed,0.0,2025-11-20,2025-11-20,DR 2025 - 2026-10-02 (EXCEXP_TLS_000JJKSK3).xlsx,Rebates,1597,TD 2025 Amzn Business - Nov Stock Up Offer #1
yoy,Fcst Inc Cases is not positive,Amazon,NA-AMAZON CANADA,2025,2025,6320918583,6320918583,000IP0UZ3,Closed,0.0,2025-11-20,2025-11-20,DR 2025 - 2026-10-02 (EXCEXP_TLS_000JJKSK3).xlsx,Rebates,1598,TD 2025 Amzn Business - Nov Stock Up Offer #1
yoy,Fcst Inc Cases is not positive,Amazon,NA-AMAZON CANADA,2025,2025,6320918582,6320918582,000IP0UZ3,Closed,0.0,2025-11-20,2025-11-20,DR 2025 - 2026-10-02 (EXCEXP_TLS_000JJKSK3).xlsx,Rebates,1599,TD 2025 Amzn Business - Nov Stock Up Offer #1
yoy,Fcst Inc Cases is not positive,Amazon,NA-AMAZON CANADA,2025,2025,6320918581,6320918581,000IP0UZ3,Closed,0.0,2025-11-20,2025-11-20,DR 2025 - 2026-10-02 (EXCEXP_TLS_000JJKSK3).xlsx,Rebates,1600,TD 2025 Amzn Business - Nov Stock Up Offer #1
yoy,Fcst Inc Cases is not positive,Amazon,NA-AMAZON CANADA,2025,2025,6320918580,6320918580,000IP0UZ3,Closed,0.0,2025-11-20,2025-11-20,DR 2025 - 2026-10-02 (EXCEXP_TLS_000JJKSK3).xlsx,Rebates,1601,TD 2025 Amzn Business - Nov Stock Up Offer #1
yoy,Fcst Inc Cases is not positive,Amazon,NA-AMAZON CANADA,2025,2025,TDTB-6/20,TEA BAG 6/20CT,000IP0V0T,Closed,0.0,2025-11-21,2025-11-21,DR 2025 - 2026-10-02 (EXCEXP_TLS_000JJKSK3).xlsx,Rebates,1603,TD 2025 Amzn Business - Nov Stock Up Offers #2
yoy,Fcst Inc Cases is not positive,Amazon,NA-AMAZON CANADA,2025,2025,6320922293,TDL TOMATO BASIL + ORZO 12/540 ML,000IP0V0T,Closed,0.0,2025-11-21,2025-11-21,DR 2025 - 2026-10-02 (EXCEXP_TLS_000JJKSK3).xlsx,Rebates,1604,TD 2025 Amzn Business - Nov Stock Up Offers #2
yoy,Fcst Inc Cases is not positive,Amazon,NA-AMAZON CANADA,2025,2025,6320911393,TDL KCUP TEA SS 6/12 CT,000IP0V0T,Closed,0.0,2025-11-21,2025-11-21,DR 2025 - 2026-10-02 (EXCEXP_TLS_000JJKSK3).xlsx,Rebates,1605,TD 2025 Amzn Business - Nov Stock Up Offers #2
yoy,Fcst Inc Cases is not positive,Amazon,NA-AMAZON CANADA,2025,2025,6320912574,TDL KCUP ORANGE PEKOE TEA 4/30 CT,000IP0V0T,Closed,0.0,2025-11-21,2025-11-21,DR 2025 - 2026-10-02 (EXCEXP_TLS_000JJKSK3).xlsx,Rebates,1606,TD 2025 Amzn Business - Nov Stock Up Offers #2
yoy,Fcst Inc Cases is not positive,Amazon,NA-AMAZON CANADA,2025,2025,6320916881,TDL DOUBLE DOUBLE PACKET 5/8 EA,000IP0V0T,Closed,0.0,2025-11-21,2025-11-21,DR 2025 - 2026-10-02 (EXCEXP_TLS_000JJKSK3).xlsx,Rebates,1607,TD 2025 Amzn Business - Nov Stock Up Offers #2
yoy,Fcst Inc Cases is not positive,Amazon,NA-AMAZON CANADA,2025,2025,6320915305,TDL CAPPUCCINO FRENCH VAN PACKET 5/8 EA,000IP0V0T,Closed,0.0,2025-11-21,2025-11-21,DR 2025 - 2026-10-02 (EXCEXP_TLS_000JJKSK3).xlsx,Rebates,1608,TD 2025 Amzn Business - Nov Stock Up Offers #2
yoy,Fcst Inc Cases is not positive,Amazon,NA-AMAZON CANADA,2025,2025,6320916882,TDL CAFE MOCHA PACKET 5/8 EA,000IP0V0T,Closed,0.0,2025-11-21,2025-11-21,DR 2025 - 2026-10-02 (EXCEXP_TLS_000JJKSK3).xlsx,Rebates,1609,TD 2025 Amzn Business - Nov Stock Up Offers #2
yoy,Fcst Inc Cases is not positive,Amazon,NA-AMAZON CANADA,2025,2025,TDSSTA-5/14,SS TASSIMO 5/14CT,000IP0V0T,Closed,0.0,2025-11-21,2025-11-21,DR 2025 - 2026-10-02 (EXCEXP_TLS_000JJKSK3).xlsx,Rebates,1610,TD 2025 Amzn Business - Nov Stock Up Offers #2
yoy,Fcst Inc Cases is not positive,Amazon,NA-AMAZON CANADA,2025,2025,TDSHSP-12/540,SOUPS 12/540ML,000IP0V0T,Closed,0.0,2025-11-21,2025-11-21,DR 2025 - 2026-10-02 (EXCEXP_TLS_000JJKSK3).xlsx,Rebates,1611,TD 2025 Amzn Business - Nov Stock Up Offers #2
yoy,Fcst Inc Cases is not positive,Amazon,NA-AMAZON CANADA,2025,2025,TDIC-12/100,INSTANT COFFEE 12/100GR,000IP0V0T,Closed,0.0,2025-11-21,2025-11-21,DR 2025 - 2026-10-02 (EXCEXP_TLS_000JJKSK3).xlsx,Rebates,1612,TD 2025 Amzn Business - Nov Stock Up Offers #2
yoy,Fcst Inc Cases is not positive,Amazon,NA-AMAZON CANADA,2025,2025,TDHBCAP-12/343,HB CAPPUCCINO 12/454GR,000IP0V0T,Closed,0.0,2025-11-21,2025-11-21,DR 2025 - 2026-10-02 (EXCEXP_TLS_000JJKSK3).xlsx,Rebates,1613,TD 2025 Amzn Business - Nov Stock Up Offers #2
yoy,Fcst Inc Cases is not positive,Amazon,NA-AMAZON CANADA,2025,2025,TDGB-12/5/30,GRANOLA BAR 12/5/30GR,000IP0V0T,Closed,0.0,2025-11-21,2025-11-21,DR 2025 - 2026-10-02 (EXCEXP_TLS_000JJKSK3).xlsx,Rebates,1614,TD 2025 Amzn Business - Nov Stock Up Offers #2
yoy,Fcst Inc Cases is not positive,Amazon,NA-AMAZON CANADA,2025,2025,6320919834,6320919834,000IP0V0T,Closed,0.0,2025-11-21,2025-11-21,DR 2025 - 2026-10-02 (EXCEXP_TLS_000JJKSK3).xlsx,Rebates,1615,TD 2025 Amzn Business - Nov Stock Up Offers #2
yoy,Fcst Inc Cases is not positive,Amazon,NA-AMAZON CANADA,2025,2025,6320918582,6320918582,000IP0V0T,Closed,0.0,2025-11-21,2025-11-21,DR 2025 - 2026-10-02 (EXCEXP_TLS_000JJKSK3).xlsx,Rebates,1616,TD 2025 Amzn Business - Nov Stock Up Offers #2
yoy,Fcst Inc Cases is not positive,Amazon,NA-AMAZON CANADA,2025,2025,6320918580,6320918580,000IP0V0T,Closed,0.0,2025-11-21,2025-11-21,DR 2025 - 2026-10-02 (EXCEXP_TLS_000JJKSK3).xlsx,Rebates,1617,TD 2025 Amzn Business - Nov Stock Up Offers #2
yoy,Fcst Inc Cases is not positive,Amazon,NA-AMAZON CANADA,2025,2025,TDL,TDL CAN,000IK0N23,Closed,0.0,2025-12-01,2025-12-31,DR 2025 - 2026-10-02 (EXCEXP_TLS_000JJKSK3).xlsx,Rebates,1619,TD 2025 Amzn B2B $50k Accrual - monthly payment December
yoy,Fcst Inc Cases is not positive,Amazon,NA-AMAZON CANADA,2025,2025,TDTB-6/20,TEA BAG 6/20CT,000IP0V26,Closed,0.0,2025-12-18,2025-12-18,DR 2025 - 2026-10-02 (EXCEXP_TLS_000JJKSK3).xlsx,Rebates,1632,TD 2025 Amzn Business - Nov Stock Up Offers #2
yoy,Fcst Inc Cases is not positive,Amazon,NA-AMAZON CANADA,2025,2025,6320922293,TDL TOMATO BASIL + ORZO 12/540 ML,000IP0V26,Closed,0.0,2025-12-18,2025-12-18,DR 2025 - 2026-10-02 (EXCEXP_TLS_000JJKSK3).xlsx,Rebates,1633,TD 2025 Amzn Business - Nov Stock Up Offers #2
yoy,Fcst Inc Cases is not positive,Amazon,NA-AMAZON CANADA,2025,2025,6320911393,TDL KCUP TEA SS 6/12 CT,000IP0V26,Closed,0.0,2025-12-18,2025-12-18,DR 2025 - 2026-10-02 (EXCEXP_TLS_000JJKSK3).xlsx,Rebates,1634,TD 2025 Amzn Business - Nov Stock Up Offers #2
yoy,Fcst Inc Cases is not positive,Amazon,NA-AMAZON CANADA,2025,2025,6320912574,TDL KCUP ORANGE PEKOE TEA 4/30 CT,000IP0V26,Closed,0.0,2025-12-18,2025-12-18,DR 2025 - 2026-10-02 (EXCEXP_TLS_000JJKSK3).xlsx,Rebates,1635,TD 2025 Amzn Business - Nov Stock Up Offers #2
yoy,Fcst Inc Cases is not positive,Amazon,NA-AMAZON CANADA,2025,2025,6320916881,TDL DOUBLE DOUBLE PACKET 5/8 EA,000IP0V26,Closed,0.0,2025-12-18,2025-12-18,DR 2025 - 2026-10-02 (EXCEXP_TLS_000JJKSK3).xlsx,Rebates,1636,TD 2025 Amzn Business - Nov Stock Up Offers #2
yoy,Fcst Inc Cases is not positive,Amazon,NA-AMAZON CANADA,2025,2025,6320915305,TDL CAPPUCCINO FRENCH VAN PACKET 5/8 EA,000IP0V26,Closed,0.0,2025-12-18,2025-12-18,DR 2025 - 2026-10-02 (EXCEXP_TLS_000JJKSK3).xlsx,Rebates,1637,TD 2025 Amzn Business - Nov Stock Up Offers #2
yoy,Fcst Inc Cases is not positive,Amazon,NA-AMAZON CANADA,2025,2025,6320916882,TDL CAFE MOCHA PACKET 5/8 EA,000IP0V26,Closed,0.0,2025-12-18,2025-12-18,DR 2025 - 2026-10-02 (EXCEXP_TLS_000JJKSK3).xlsx,Rebates,1638,TD 2025 Amzn Business - Nov Stock Up Offers #2
yoy,Fcst Inc Cases is not positive,Amazon,NA-AMAZON CANADA,2025,2025,TDSSTA-5/14,SS TASSIMO 5/14CT,000IP0V26,Closed,0.0,2025-12-18,2025-12-18,DR 2025 - 2026-10-02 (EXCEXP_TLS_000JJKSK3).xlsx,Rebates,1639,TD 2025 Amzn Business - Nov Stock Up Offers #2
yoy,Fcst Inc Cases is not positive,Amazon,NA-AMAZON CANADA,2025,2025,TDSHSP-12/540,SOUPS 12/540ML,000IP0V26,Closed,0.0,2025-12-18,2025-12-18,DR 2025 - 2026-10-02 (EXCEXP_TLS_000JJKSK3).xlsx,Rebates,1640,TD 2025 Amzn Business - Nov Stock Up Offers #2
yoy,Fcst Inc Cases is not positive,Amazon,NA-AMAZON CANADA,2025,2025,TDIC-12/100,INSTANT COFFEE 12/100GR,000IP0V26,Closed,0.0,2025-12-18,2025-12-18,DR 2025 - 2026-10-02 (EXCEXP_TLS_000JJKSK3).xlsx,Rebates,1641,TD 2025 Amzn Business - Nov Stock Up Offers #2
yoy,Fcst Inc Cases is not positive,Amazon,NA-AMAZON CANADA,2025,2025,TDHBCAP-12/343,HB CAPPUCCINO 12/454GR,000IP0V26,Closed,0.0,2025-12-18,2025-12-18,DR 2025 - 2026-10-02 (EXCEXP_TLS_000JJKSK3).xlsx,Rebates,1642,TD 2025 Amzn Business - Nov Stock Up Offers #2
yoy,Fcst Inc Cases is not positive,Amazon,NA-AMAZON CANADA,2025,2025,TDGB-12/5/30,GRANOLA BAR 12/5/30GR,000IP0V26,Closed,0.0,2025-12-18,2025-12-18,DR 2025 - 2026-10-02 (EXCEXP_TLS_000JJKSK3).xlsx,Rebates,1643,TD 2025 Amzn Business - Nov Stock Up Offers #2
yoy,Fcst Inc Cases is not positive,Amazon,NA-AMAZON CANADA,2025,2025,6320919834,6320919834,000IP0V26,Closed,0.0,2025-12-18,2025-12-18,DR 2025 - 2026-10-02 (EXCEXP_TLS_000JJKSK3).xlsx,Rebates,1644,TD 2025 Amzn Business - Nov Stock Up Offers #2
yoy,Fcst Inc Cases is not positive,Amazon,NA-AMAZON CANADA,2025,2025,6320918582,6320918582,000IP0V26,Closed,0.0,2025-12-18,2025-12-18,DR 2025 - 2026-10-02 (EXCEXP_TLS_000JJKSK3).xlsx,Rebates,1645,TD 2025 Amzn Business - Nov Stock Up Offers #2
yoy,Fcst Inc Cases is not positive,Amazon,NA-AMAZON CANADA,2025,2025,6320918581,6320918581,000IP0V26,Closed,0.0,2025-12-18,2025-12-18,DR 2025 - 2026-10-02 (EXCEXP_TLS_000JJKSK3).xlsx,Rebates,1646,TD 2025 Amzn Business - Nov Stock Up Offers #2
yoy,Fcst Inc Cases is not positive,Amazon,NA-AMAZON CANADA,2025,2025,6320918580,6320918580,000IP0V26,Closed,0.0,2025-12-18,2025-12-18,DR 2025 - 2026-10-02 (EXCEXP_TLS_000JJKSK3).xlsx,Rebates,1647,TD 2025 Amzn Business - Nov Stock Up Offers #2
yoy,Fcst Inc Cases is not positive,Amazon,NA-AMAZON CANADA,2025,2025,TDNC-10/10,NCOMP 10/10CT,000IYJFNS,Committed,0.0,2025-12-20,2025-12-27,DR 2025 - 2026-10-02 (EXCEXP_TLS_000JJKSK3).xlsx,Rebates,1652,TD 2025 Amzn Q4 Boxing Day Event Placeholder
yoy,Fcst Inc Cases is not positive,Amazon,NA-AMAZON CANADA,2025,2025,TDTB-6/20,TEA BAG 6/20CT,000IWFCEB,Closed,0.0,2025-12-23,2025-12-23,DR 2025 - 2026-10-02 (EXCEXP_TLS_000JJKSK3).xlsx,Rebates,1654,TD 2025 Amzn Business - Dec Bulk Buy Offer
yoy,Fcst Inc Cases is not positive,Amazon,NA-AMAZON CANADA,2025,2025,6320917204,TDL VANILLA BLACK TEA 6/20 CT,000IWFCEB,Closed,0.0,2025-12-23,2025-12-23,DR 2025 - 2026-10-02 (EXCEXP_TLS_000JJKSK3).xlsx,Rebates,1655,TD 2025 Amzn Business - Dec Bulk Buy Offer
yoy,Fcst Inc Cases is not positive,Amazon,NA-AMAZON CANADA,2025,2025,6320915575,TDL POTATO BACON 12/540 ML,000IWFCEB,Closed,0.0,2025-12-23,2025-12-23,DR 2025 - 2026-10-02 (EXCEXP_TLS_000JJKSK3).xlsx,Rebates,1656,TD 2025 Amzn Business - Dec Bulk Buy Offer
yoy,Fcst Inc Cases is not positive,Amazon,NA-AMAZON CANADA,2025,2025,6320918583,TDL NCOMP DECAF ESPRESSO JDE 10/10 CT,000IWFCEB,Closed,0.0,2025-12-23,2025-12-23,DR 2025 - 2026-10-02 (EXCEXP_TLS_000JJKSK3).xlsx,Rebates,1657,TD 2025 Amzn Business - Dec Bulk Buy Offer
yoy,Fcst Inc Cases is not positive,Amazon,NA-AMAZON CANADA,2025,2025,6320919832,TDL NCOMP DARK LUNGO 10/10 CT,000IWFCEB,Closed,0.0,2025-12-23,2025-12-23,DR 2025 - 2026-10-02 (EXCEXP_TLS_000JJKSK3).xlsx,Rebates,1658,TD 2025 Amzn Business - Dec Bulk Buy Offer
yoy,Fcst Inc Cases is not positive,Amazon,NA-AMAZON CANADA,2025,2025,6320918580,TDL NCOMP CLASSIC LUNGO JDE 10/10 CT,000IWFCEB,Closed,0.0,2025-12-23,2025-12-23,DR 2025 - 2026-10-02 (EXCEXP_TLS_000JJKSK3).xlsx,Rebates,1659,TD 2025 Amzn Business - Dec Bulk Buy Offer
yoy,Fcst Inc Cases is not positive,Amazon,NA-AMAZON CANADA,2025,2025,6320919834,TDL NCOMP CARAMEL ESPRESSO JDE 10/10 CT,000IWFCEB,Closed,0.0,2025-12-23,2025-12-23,DR 2025 - 2026-10-02 (EXCEXP_TLS_000JJKSK3).xlsx,Rebates,1660,TD 2025 Amzn Business - Dec Bulk Buy Offer
yoy,Fcst Inc Cases is not positive,Amazon,NA-AMAZON CANADA,2025,2025,6320918581,TDL NCOMP BRIGHT ESPRESSO JDE 10/10 CT,000IWFCEB,Closed,0.0,2025-12-23,2025-12-23,DR 2025 - 2026-10-02 (EXCEXP_TLS_000JJKSK3).xlsx,Rebates,1661,TD 2025 Amzn Business - Dec Bulk Buy Offer
yoy,Fcst Inc Cases is not positive,Amazon,NA-AMAZON CANADA,2025,2025,6320918582,TDL NCOMP BOLD ESPRESSO JDE 10/10 CT,000IWFCEB,Closed,0.0,2025-12-23,2025-12-23,DR 2025 - 2026-10-02 (EXCEXP_TLS_000JJKSK3).xlsx,Rebates,1662,TD 2025 Amzn Business - Dec Bulk Buy Offer
yoy,Fcst Inc Cases is not positive,Amazon,NA-AMAZON CANADA,2025,2025,6320919183,TDL MINESTRONE 12/540 ML,000IWFCEB,Closed,0.0,2025-12-23,2025-12-23,DR 2025 - 2026-10-02 (EXCEXP_TLS_000JJKSK3).xlsx,Rebates,1663,TD 2025 Amzn Business - Dec Bulk Buy Offer
yoy,Fcst Inc Cases is not positive,Amazon,NA-AMAZON CANADA,2025,2025,6320911794,TDL INSTANT COFFEE LIGHT 12/100 GR,000IWFCEB,Closed,0.0,2025-12-23,2025-12-23,DR 2025 - 2026-10-02 (EXCEXP_TLS_000JJKSK3).xlsx,Rebates,1665,TD 2025 Amzn Business - Dec Bulk Buy Offer
yoy,Fcst Inc Cases is not positive,Amazon,NA-AMAZON CANADA,2025,2025,6320911793,TDL INSTANT COFFEE DECAF 12/100 GR,000IWFCEB,Closed,0.0,2025-12-23,2025-12-23,DR 2025 - 2026-10-02 (EXCEXP_TLS_000JJKSK3).xlsx,Rebates,1666,TD 2025 Amzn Business - Dec Bulk Buy Offer
yoy,Fcst Inc Cases is not positive,Amazon,NA-AMAZON CANADA,2025,2025,6320914642,TDL INSTANT COFFEE DARK 12/100 GR,000IWFCEB,Closed,0.0,2025-12-23,2025-12-23,DR 2025 - 2026-10-02 (EXCEXP_TLS_000JJKSK3).xlsx,Rebates,1667,TD 2025 Amzn Business - Dec Bulk Buy Offer
yoy,Fcst Inc Cases is not positive,Amazon,NA-AMAZON CANADA,2025,2025,6320915074,TDL HOT CHOC / FV PACKET 4/24 EA,000IWFCEB,Closed,0.0,2025-12-23,2025-12-23,DR 2025 - 2026-10-02 (EXCEXP_TLS_000JJKSK3).xlsx,Rebates,1668,TD 2025 Amzn Business - Dec Bulk Buy Offer
yoy,Fcst Inc Cases is not positive,Amazon,NA-AMAZON CANADA,2025,2025,6320914197,TDL GRANOLA BAR SALTED CARAMEL 12/5 EA,000IWFCEB,Closed,0.0,2025-12-23,2025-12-23,DR 2025 - 2026-10-02 (EXCEXP_TLS_000JJKSK3).xlsx,Rebates,1669,TD 2025 Amzn Business - Dec Bulk Buy Offer
yoy,Fcst Inc Cases is not positive,Amazon,NA-AMAZON CANADA,2025,2025,6320916556,TDL GRANOLA BAR BLUEBERRY 12/5 EA,000IWFCEB,Closed,0.0,2025-12-23,2025-12-23,DR 2025 - 2026-10-02 (EXCEXP_TLS_000JJKSK3).xlsx,Rebates,1670,TD 2025 Amzn Business - Dec Bulk Buy Offer
yoy,Fcst Inc Cases is not positive,Amazon,NA-AMAZON CANADA,2025,2025,6320914195,TDL GRANOLA BAR APPLE FRITTER 12/5 EA,000IWFCEB,Closed,0.0,2025-12-23,2025-12-23,DR 2025 - 2026-10-02 (EXCEXP_TLS_000JJKSK3).xlsx,Rebates,1671,TD 2025 Amzn Business - Dec Bulk Buy Offer
yoy,Fcst Inc Cases is not positive,Amazon,NA-AMAZON CANADA,2025,2025,6320916881,TDL DOUBLE DOUBLE PACKET 5/8 EA,000IWFCEB,Closed,0.0,2025-12-23,2025-12-23,DR 2025 - 2026-10-02 (EXCEXP_TLS_000JJKSK3).xlsx,Rebates,1672,TD 2025 Amzn Business - Dec Bulk Buy Offer
yoy,Fcst Inc Cases is not positive,Amazon,NA-AMAZON CANADA,2025,2025,6320919180,TDL CREAMY CHICKEN 12/540 ML,000IWFCEB,Closed,0.0,2025-12-23,2025-12-23,DR 2025 - 2026-10-02 (EXCEXP_TLS_000JJKSK3).xlsx,Rebates,1673,TD 2025 Amzn Business - Dec Bulk Buy Offer
yoy,Fcst Inc Cases is not positive,Amazon,NA-AMAZON CANADA,2025,2025,6320917201,TDL BUTTERNUT SQUASH 12/540 ML,000IWFCEB,Closed,0.0,2025-12-23,2025-12-23,DR 2025 - 2026-10-02 (EXCEXP_TLS_000JJKSK3).xlsx,Rebates,1674,TD 2025 Amzn Business - Dec Bulk Buy Offer
yoy,Fcst Inc Cases is not positive,Amazon,NA-AMAZON CANADA,2025,2025,6320922294,TDL BEEF BARLEY + VEGETABLES 12/540 ML,000IWFCEB,Closed,0.0,2025-12-23,2025-12-23,DR 2025 - 2026-10-02 (EXCEXP_TLS_000JJKSK3).xlsx,Rebates,1675,TD 2025 Amzn Business - Dec Bulk Buy Offer
yoy,Fcst Inc Cases is not positive,Amazon,NA-AMAZON CANADA,2025,2025,6320918580,TDL NCOMP CLASSIC LUNGO JDE 10/10 CT,000IW11YK,Closed,0.0,2025-12-24,2025-12-24,DR 2025 - 2026-10-02 (EXCEXP_TLS_000JJKSK3).xlsx,Rebates,1682,TD 2025 Amzn Business - Dec Bulk Buy Offer
yoy,Fcst Inc Cases is not positive,Amazon,NA-AMAZON CANADA,2025,2025,6320918582,TDL NCOMP BOLD ESPRESSO JDE 10/10 CT,000IW11YK,Closed,0.0,2025-12-24,2025-12-24,DR 2025 - 2026-10-02 (EXCEXP_TLS_000JJKSK3).xlsx,Rebates,1685,TD 2025 Amzn Business - Dec Bulk Buy Offer
yoy,Fcst Inc Cases is not positive,Amazon,NA-AMAZON CANADA,2025,2025,6320911393,TDL KCUP TEA SS 6/12 CT,000IW11YK,Closed,0.0,2025-12-24,2025-12-24,DR 2025 - 2026-10-02 (EXCEXP_TLS_000JJKSK3).xlsx,Rebates,1687,TD 2025 Amzn Business - Dec Bulk Buy Offer
yoy,Fcst Inc Cases is not positive,Amazon,NA-AMAZON CANADA,2025,2025,6320914197,TDL GRANOLA BAR SALTED CARAMEL 12/5 EA,000IW11YK,Closed,0.0,2025-12-24,2025-12-24,DR 2025 - 2026-10-02 (EXCEXP_TLS_000JJKSK3).xlsx,Rebates,1692,TD 2025 Amzn Business - Dec Bulk Buy Offer
yoy,Fcst Inc Cases is not positive,Amazon,NA-AMAZON CANADA,2025,2025,6320916881,TDL DOUBLE DOUBLE PACKET 5/8 EA,000IW11YK,Closed,0.0,2025-12-24,2025-12-24,DR 2025 - 2026-10-02 (EXCEXP_TLS_000JJKSK3).xlsx,Rebates,1695,TD 2025 Amzn Business - Dec Bulk Buy Offer
yoy,Fcst Inc Cases is not positive,Associated Grocers,NA-ASSOCIATED GROCERS,2025,2025,TDGB-12/5/30,GRANOLA BAR 12/5/30GR,000I7KP4H,Closed,0.0,2025-01-01,2025-01-06,DR 2025 - 2026-10-02 (EXCEXP_TLS_000JJKSK3).xlsx,Rebates,1700,TD - Granola Bars Week 48-52 ISF Pt. 2
yoy,Fcst Inc Cases is not positive,Associated Grocers,NA-ASSOCIATED GROCERS,2025,2025,TDSSTA-5/14,SS TASSIMO 5/14CT,000HJDRQK,Closed,0.0,2025-01-12,2025-01-18,DR 2025 - 2026-10-02 (EXCEXP_TLS_000JJKSK3).xlsx,Rebates,1705,TD 12ct/ 5/14ct HC&FVC10ct Inst100g 300g Bag SoupChili wk3p2
yoy,Fcst Inc Cases is not positive,Associated Grocers,NA-ASSOCIATED GROCERS,2025,2025,TDSHSP-12/540,SOUPS 12/540ML,000HJDHOS,Closed,0.0,2025-01-26,2025-02-22,DR 2025 - 2026-10-02 (EXCEXP_TLS_000JJKSK3).xlsx,Rebates,1719,TD - Soup & Chili Week 5-8 ISF
yoy,Fcst Inc Cases is not positive,Associated Grocers,NA-ASSOCIATED GROCERS,2025,2025,TDSHHB-12/425,HOT BOWLS 12/425GR,000HJDHOS,Closed,0.0,2025-01-26,2025-02-22,DR 2025 - 2026-10-02 (EXCEXP_TLS_000JJKSK3).xlsx,Rebates,1721,TD - Soup & Chili Week 5-8 ISF
yoy,Fcst Inc Cases is not positive,Associated Grocers,NA-ASSOCIATED GROCERS,2025,2025,TDSSKC-6/12,SS KCOMP 6/12CT,000HJDBCQ,Closed,0.0,2025-02-16,2025-02-22,DR 2025 - 2026-10-02 (EXCEXP_TLS_000JJKSK3).xlsx,Rebates,1733,TD - KCup 12 ct/Tass 14ct/HC 10ct/FV Capp 10ct/HC 500g WK 8
yoy,Fcst Inc Cases is not positive,Associated Grocers,NA-ASSOCIATED GROCERS,2025,2025,TDRGSB-6/300,R&G SMALL BAG 6/300GR,000HJDBCQ,Closed,0.0,2025-02-16,2025-02-22,DR 2025 - 2026-10-02 (EXCEXP_TLS_000JJKSK3).xlsx,Rebates,1735,TD - KCup 12 ct/Tass 14ct/HC 10ct/FV Capp 10ct/HC 500g WK 8
yoy,Fcst Inc Cases is not positive,Associated Grocers,NA-ASSOCIATED GROCERS,2025,2025,TDRGSB-6/300,R&G SMALL BAG 6/300GR,000HJDGWL,Closed,0.0,2025-03-23,2025-03-29,DR 2025 - 2026-10-02 (EXCEXP_TLS_000JJKSK3).xlsx,Rebates,1751,TD - Kcup 12ct/Tass 14ct/HC 10ct/FV Capp 10ct  WK13
yoy,Fcst Inc Cases is not positive,Associated Grocers,NA-ASSOCIATED GROCERS,2025,2025,TDSHSP-12/540,SOUPS 12/540ML,000HJDGZ3,Closed,0.0,2025-03-30,2025-04-26,DR 2025 - 2026-10-02 (EXCEXP_TLS_000JJKSK3).xlsx,Rebates,1755,TD - Soup & Chili & Granola Week 14-17 ISF
yoy,Fcst Inc Cases is not positive,Associated Grocers,NA-ASSOCIATED GROCERS,2025,2025,TDSHHB-12/425,HOT BOWLS 12/425GR,000HJDGZ3,Closed,0.0,2025-03-30,2025-04-26,DR 2025 - 2026-10-02 (EXCEXP_TLS_000JJKSK3).xlsx,Rebates,1757,TD - Soup & Chili & Granola Week 14-17 ISF
yoy,Fcst Inc Cases is not positive,Associated Grocers,NA-ASSOCIATED GROCERS,2025,2025,TDGB-12/5/30,GRANOLA BAR 12/5/30GR,000HJDGZ3,Closed,0.0,2025-03-30,2025-04-26,DR 2025 - 2026-10-02 (EXCEXP_TLS_000JJKSK3).xlsx,Rebates,1758,TD - Soup & Chili & Granola Week 14-17 ISF
yoy,Fcst Inc Cases is not positive,Associated Grocers,NA-ASSOCIATED GROCERS,2025,2025,TDRGLC-6/930,R&G LARGE CAN 6/930GR,000HJEEYN,Closed,0.0,2025-05-04,2025-05-10,DR 2025 - 2026-10-02 (EXCEXP_TLS_000JJKSK3).xlsx,Rebates,1773,TD - 930G CAN / HOT CHOC 1.5KG WK19
yoy,Fcst Inc Cases is not positive,Associated Grocers,NA-ASSOCIATED GROCERS,2025,2025,TDL,TDL CAN,000HJEAO7,Closed,0.0,2025-04-28,2025-05-01,DR 2025 - 2026-10-02 (EXCEXP_TLS_000JJKSK3).xlsx,Rebates,1776,TD - AG FOODS FAIRMONT CONFERENCE
yoy,Fcst Inc Cases is not positive,Associated Grocers,NA-ASSOCIATED GROCERS,2025,2025,TDSSKC-6/12,SS KCOMP 6/12CT,000HJDBE9,Closed,0.0,2025-05-25,2025-05-31,DR 2025 - 2026-10-02 (EXCEXP_TLS_000JJKSK3).xlsx,Rebates,1785,TD - Kcup 12ct/Tass 14ct/HC 10ct/FV Capp 10ct  WK22
yoy,Fcst Inc Cases is not positive,Associated Grocers,NA-ASSOCIATED GROCERS,2025,2025,TDSHSP-12/540,SOUPS 12/540ML,000HJDMQ7,Closed,0.0,2025-06-29,2025-07-26,DR 2025 - 2026-10-02 (EXCEXP_TLS_000JJKSK3).xlsx,Rebates,1801,TD - Soup & Chili Week 27-30 ISF
yoy,Fcst Inc Cases is not positive,Associated Grocers,NA-ASSOCIATED GROCERS,2025,2025,TDSHHB-12/425,HOT BOWLS 12/425GR,000HJDMQ7,Closed,0.0,2025-06-29,2025-07-26,DR 2025 - 2026-10-02 (EXCEXP_TLS_000JJKSK3).xlsx,Rebates,1803,TD - Soup & Chili Week 27-30 ISF
yoy,Fcst Inc Cases is not positive,Associated Grocers,NA-ASSOCIATED GROCERS,2025,2025,TDL,TDL CAN,000HJEAMN,Closed,0.0,2025-08-16,2025-08-17,DR 2025 - 2026-10-02 (EXCEXP_TLS_000JJKSK3).xlsx,Rebates,1828,TD - AG FOODS Golf Tournament
yoy,Fcst Inc Cases is not positive,Associated Grocers,NA-ASSOCIATED GROCERS,2025,2025,TDSSKC-6/12,SS KCOMP 6/12CT,000HJDHN5,Closed,0.0,2025-09-21,2025-09-27,DR 2025 - 2026-10-02 (EXCEXP_TLS_000JJKSK3).xlsx,Rebates,1840,TD-KCup 12/Tass 14/HC 10/FV CAPP 10/bag 300g/inst 100g wk39
yoy,Fcst Inc Cases is not positive,Associated Grocers,NA-ASSOCIATED GROCERS,2025,2025,TDHBHC-5/8,HB HOT CHOCOLATE 5/8CT,000HJDHN5,Closed,0.0,2025-09-21,2025-09-27,DR 2025 - 2026-10-02 (EXCEXP_TLS_000JJKSK3).xlsx,Rebates,1847,TD-KCup 12/Tass 14/HC 10/FV CAPP 10/bag 300g/inst 100g wk39
yoy,Fcst Inc Cases is not positive,Associated Grocers,NA-ASSOCIATED GROCERS,2025,2025,TDSHSP-12/540,SOUPS 12/540ML,000HJE50N,Closed,0.0,2025-09-28,2025-10-25,DR 2025 - 2026-10-02 (EXCEXP_TLS_000JJKSK3).xlsx,Rebates,1849,TD - Soup & Chili Week 40-43 ISF
yoy,Fcst Inc Cases is not positive,Associated Grocers,NA-ASSOCIATED GROCERS,2025,2025,TDSHHB-12/425,HOT BOWLS 12/425GR,000HJE50N,Closed,0.0,2025-09-28,2025-10-25,DR 2025 - 2026-10-02 (EXCEXP_TLS_000JJKSK3).xlsx,Rebates,1851,TD - Soup & Chili Week 40-43 ISF
yoy,Fcst Inc Cases is not positive,Associated Grocers,NA-ASSOCIATED GROCERS,2025,2025,TDSSKC-6/12,SS KCOMP 6/12CT,000HJDYV3,Closed,0.0,2025-11-02,2025-11-08,DR 2025 - 2026-10-02 (EXCEXP_TLS_000JJKSK3).xlsx,Rebates,1854,TD -  300G / INSTANT / CANISTER WK 45
yoy,Fcst Inc Cases is not positive,Associated Grocers,NA-ASSOCIATED GROCERS,2025,2025,TDSSKC-4/30,SS KCOMP 4/30CT,000HJDYV3,Closed,0.0,2025-11-02,2025-11-08,DR 2025 - 2026-10-02 (EXCEXP_TLS_000JJKSK3).xlsx,Rebates,1855,TD -  300G / INSTANT / CANISTER WK 45
yoy,Fcst Inc Cases is not positive,Associated Grocers,NA-ASSOCIATED GROCERS,2025,2025,TDGB-12/5/30,GRANOLA BAR 12/5/30GR,000HJE52E,Closed,0.0,2025-11-23,2025-12-27,DR 2025 - 2026-10-02 (EXCEXP_TLS_000JJKSK3).xlsx,Rebates,1879,TD - Granola Bars Week 48-52 ISF Pt. 1
yoy,Fcst Inc Cases is not positive,Atlantic Grocers,NA-ATLANTIC GROC,2025,2025,TDSSKC-48/12,SS KCOMP 48/12CT,000HJDRUE,Closed,0.0,2025-02-06,2025-02-19,DR 2025 - 2026-10-02 (EXCEXP_TLS_000JJKSK3).xlsx,Rebates,1892,"TD AGD - 300G BAGS , KCUP 12CT & WEEK FLYER"
yoy,Fcst Inc Cases is not positive,Atlantic Grocers,NA-ATLANTIC GROC,2025,2025,TDGB-12/5/30,GRANOLA BAR 12/5/30GR,000JBG1NM,Closed,0.0,2025-02-01,2025-02-28,DR 2025 - 2026-10-02 (EXCEXP_TLS_000JJKSK3).xlsx,Rebates,1897,TD Granola - Clearout
yoy,Fcst Inc Cases is not positive,Atlantic Grocers,NA-ATLANTIC GROC,2025,2025,TDGB-12/5/30,GRANOLA BAR 12/5/30GR,000IJNECQ,Closed,0.0,2025-02-14,2025-02-14,DR 2025 - 2026-10-02 (EXCEXP_TLS_000JJKSK3).xlsx,Rebates,1902,TD AGD GRANOLA-Slow Movers 25% Reduced
yoy,Fcst Inc Cases is not positive,Atlantic Grocers,NA-ATLANTIC GROC,2025,2025,TDSSKC-6/12,SS KCOMP 6/12CT,000HJE5OS,Closed,0.0,2025-03-01,2025-03-31,DR 2025 - 2026-10-02 (EXCEXP_TLS_000JJKSK3).xlsx,Rebates,1908,TD AGD - Smart Shopper Program 6/12ct Q1
yoy,Fcst Inc Cases is not positive,Atlantic Grocers,NA-ATLANTIC GROC,2025,2025,TDSSKC-6/10,SS KCOMP 6/10CT,000HJEBLQ,Closed,0.0,2025-04-17,2025-04-23,DR 2025 - 2026-10-02 (EXCEXP_TLS_000JJKSK3).xlsx,Rebates,1914,"TD AGD - 300G BAGS , KCUP 12CT & WEEK FLYER"
yoy,Fcst Inc Cases is not positive,Atlantic Grocers,NA-ATLANTIC GROC,2025,2025,TDIC-12/100,INSTANT COFFEE 12/100GR,000HJDMT8,Closed,0.0,2025-05-01,2025-05-30,DR 2025 - 2026-10-02 (EXCEXP_TLS_000JJKSK3).xlsx,Rebates,1924,TD AGD - Smart Shopper Program Instant Coffee  Q2
yoy,Fcst Inc Cases is not positive,Atlantic Grocers,NA-ATLANTIC GROC,2025,2025,TDGB-12/5/30,GRANOLA BAR 12/5/30GR,000HJDYY6,Closed,0.0,2025-09-01,2025-09-30,DR 2025 - 2026-10-02 (EXCEXP_TLS_000JJKSK3).xlsx,Rebates,1943,TD AGD - Smart Shopper Program Granola Bars Q3
yoy,Fcst Inc Cases is not positive,Atlantic Grocers,NA-ATLANTIC GROC,2025,2025,TDSSKC-6/12,SS KCOMP 6/12CT,000HJDBGW,Closed,0.0,2025-10-01,2025-10-31,DR 2025 - 2026-10-02 (EXCEXP_TLS_000JJKSK3).xlsx,Rebates,1951,TD AGD - Smart Shopper Program 6/12ct Q4
yoy,Fcst Inc Cases is not positive,Atlantic Grocers,NA-ATLANTIC GROC,2025,2025,TDSSKC-4/30,SS KCOMP 4/30CT,000HJECOI,Closed,0.0,2025-11-01,2025-11-30,DR 2025 - 2026-10-02 (EXCEXP_TLS_000JJKSK3).xlsx,Rebates,1961,TD AGD 30Ct Kcup Powell's Anniversary Flyer Bronze Level
yoy,Fcst Inc Cases is not positive,Atlantic Grocers,NA-ATLANTIC GROC,2025,2025,TDSSKC-6/12,SS KCOMP 6/12CT,000HJDMT3,Closed,0.0,2025-12-01,2025-12-31,DR 2025 - 2026-10-02 (EXCEXP_TLS_000JJKSK3).xlsx,Rebates,1968,TD AGD - 2025  Kcups 12ct BOI Markdown
yoy,Fcst Inc Cases is not positive,Beaudry & Cadrin,NA-BEAUDRY & CADRIN,2025,2025,TDSSKC-6/12,SS KCOMP 6/12CT,000I2BJQR,Closed,0.0,2025-02-03,2025-05-25,DR 2025 - 2026-10-02 (EXCEXP_TLS_000JJKSK3).xlsx,Rebates,1970,TD-B&C (merged with Regitan) Promo Spend
yoy,Fcst Inc Cases is not positive,Beaudry & Cadrin,NA-BEAUDRY & CADRIN,2025,2025,TDSSKC-4/30,SS KCOMP 4/30CT,000I2BJQR,Closed,0.0,2025-02-03,2025-05-25,DR 2025 - 2026-10-02 (EXCEXP_TLS_000JJKSK3).xlsx,Rebates,1971,TD-B&C (merged with Regitan) Promo Spend
yoy,Fcst Inc Cases is not positive,Beaudry & Cadrin,NA-BEAUDRY & CADRIN,2025,2025,TDSHSP-12/540,SOUPS 12/540ML,000I2BJQR,Closed,0.0,2025-02-03,2025-05-25,DR 2025 - 2026-10-02 (EXCEXP_TLS_000JJKSK3).xlsx,Rebates,1972,TD-B&C (merged with Regitan) Promo Spend
yoy,Fcst Inc Cases is not positive,Beaudry & Cadrin,NA-BEAUDRY & CADRIN,2025,2025,TDRGSB-6/300,R&G SMALL BAG 6/300GR,000I2BJQR,Closed,0.0,2025-02-03,2025-05-25,DR 2025 - 2026-10-02 (EXCEXP_TLS_000JJKSK3).xlsx,Rebates,1973,TD-B&C (merged with Regitan) Promo Spend
yoy,Fcst Inc Cases is not positive,Beaudry & Cadrin,NA-BEAUDRY & CADRIN,2025,2025,TDRGLC-6/930,R&G LARGE CAN 6/930GR,000I2BJQR,Closed,0.0,2025-02-03,2025-05-25,DR 2025 - 2026-10-02 (EXCEXP_TLS_000JJKSK3).xlsx,Rebates,1974,TD-B&C (merged with Regitan) Promo Spend
yoy,Fcst Inc Cases is not positive,Beaudry & Cadrin,NA-BEAUDRY & CADRIN,2025,2025,TDIC-12/100,INSTANT COFFEE 12/100GR,000I2BJQR,Closed,0.0,2025-02-03,2025-05-25,DR 2025 - 2026-10-02 (EXCEXP_TLS_000JJKSK3).xlsx,Rebates,1975,TD-B&C (merged with Regitan) Promo Spend
yoy,Fcst Inc Cases is not positive,Beaudry & Cadrin,NA-BEAUDRY & CADRIN,2025,2025,TDGB-12/5/30,GRANOLA BAR 12/5/30GR,000I2BJQR,Closed,0.0,2025-02-03,2025-05-25,DR 2025 - 2026-10-02 (EXCEXP_TLS_000JJKSK3).xlsx,Rebates,1976,TD-B&C (merged with Regitan) Promo Spend
yoy,Fcst Inc Cases is not positive,Beaudry & Cadrin,NA-BEAUDRY & CADRIN,2025,2025,TDSSTA-5/14,SS TASSIMO 5/14CT,000I9CMTE,Closed,0.0,2025-05-26,2025-12-31,DR 2025 - 2026-10-02 (EXCEXP_TLS_000JJKSK3).xlsx,Rebates,1978,TD-B&C  Promo Spend
yoy,Fcst Inc Cases is not positive,Beaudry & Cadrin,NA-BEAUDRY & CADRIN,2025,2025,TDSSKC-6/12,SS KCOMP 6/12CT,000I9CMTE,Closed,0.0,2025-05-26,2025-12-31,DR 2025 - 2026-10-02 (EXCEXP_TLS_000JJKSK3).xlsx,Rebates,1979,TD-B&C  Promo Spend
yoy,Fcst Inc Cases is not positive,Beaudry & Cadrin,NA-BEAUDRY & CADRIN,2025,2025,TDSSKC-4/30,SS KCOMP 4/30CT,000I9CMTE,Closed,0.0,2025-05-26,2025-12-31,DR 2025 - 2026-10-02 (EXCEXP_TLS_000JJKSK3).xlsx,Rebates,1980,TD-B&C  Promo Spend
yoy,Fcst Inc Cases is not positive,Beaudry & Cadrin,NA-BEAUDRY & CADRIN,2025,2025,TDSHSP-12/540,SOUPS 12/540ML,000I9CMTE,Closed,0.0,2025-05-26,2025-12-31,DR 2025 - 2026-10-02 (EXCEXP_TLS_000JJKSK3).xlsx,Rebates,1981,TD-B&C  Promo Spend
yoy,Fcst Inc Cases is not positive,Beaudry & Cadrin,NA-BEAUDRY & CADRIN,2025,2025,TDRGSB-6/300,R&G SMALL BAG 6/300GR,000I9CMTE,Closed,0.0,2025-05-26,2025-12-31,DR 2025 - 2026-10-02 (EXCEXP_TLS_000JJKSK3).xlsx,Rebates,1982,TD-B&C  Promo Spend
yoy,Fcst Inc Cases is not positive,Beaudry & Cadrin,NA-BEAUDRY & CADRIN,2025,2025,TDRGLC-6/930,R&G LARGE CAN 6/930GR,000I9CMTE,Closed,0.0,2025-05-26,2025-12-31,DR 2025 - 2026-10-02 (EXCEXP_TLS_000JJKSK3).xlsx,Rebates,1983,TD-B&C  Promo Spend
yoy,Fcst Inc Cases is not positive,Beaudry & Cadrin,NA-BEAUDRY & CADRIN,2025,2025,TDIC-12/100,INSTANT COFFEE 12/100GR,000I9CMTE,Closed,0.0,2025-05-26,2025-12-31,DR 2025 - 2026-10-02 (EXCEXP_TLS_000JJKSK3).xlsx,Rebates,1984,TD-B&C  Promo Spend
yoy,Fcst Inc Cases is not positive,Beaudry & Cadrin,NA-BEAUDRY & CADRIN,2025,2025,TDGB-12/5/30,GRANOLA BAR 12/5/30GR,000I9CMTE,Closed,0.0,2025-05-26,2025-12-31,DR 2025 - 2026-10-02 (EXCEXP_TLS_000JJKSK3).xlsx,Rebates,1985,TD-B&C  Promo Spend
yoy,Fcst Inc Cases is not positive,Canadian Tire,NA-CANADIAN TIRE,2025,2025,TDIC-12/100,INSTANT COFFEE 12/100GR,000HXLNK2,Closed,0.0,2025-01-01,2025-01-02,DR 2025 - 2026-10-02 (EXCEXP_TLS_000JJKSK3).xlsx,Rebates,1987,TD - Instant 100g Deal 301 PT2
yoy,Fcst Inc Cases is not positive,Canadian Tire,NA-CANADIAN TIRE,2025,2025,TDIC-12/100,INSTANT COFFEE 12/100GR,000HUWKYL,Closed,0.0,2025-01-31,2025-02-06,DR 2025 - 2026-10-02 (EXCEXP_TLS_000JJKSK3).xlsx,Rebates,1993,TD - Instant 100g Deal 306
yoy,Fcst Inc Cases is not positive,Canadian Tire,NA-CANADIAN TIRE,2025,2025,TDRGLB-6/652,R&G LARGE BAG 6/652GR,000HUWKY0,Closed,0.0,2025-01-17,2025-02-01,DR 2025 - 2026-10-02 (EXCEXP_TLS_000JJKSK3).xlsx,Rebates,1995,TD -NCC 10C +HC Kcup + 652g Deal 304
yoy,Fcst Inc Cases is not positive,Canadian Tire,NA-CANADIAN TIRE,2025,2025,TDNC-10/10,NCOMP 10/10CT,000HUWKY0,Closed,0.0,2025-01-17,2025-02-01,DR 2025 - 2026-10-02 (EXCEXP_TLS_000JJKSK3).xlsx,Rebates,1996,TD -NCC 10C +HC Kcup + 652g Deal 304
yoy,Fcst Inc Cases is not positive,Canadian Tire,NA-CANADIAN TIRE,2025,2025,TDHBHC-4/20,HB HOT CHOCOLATE 4/20CT,000HUWKY0,Closed,0.0,2025-01-17,2025-02-01,DR 2025 - 2026-10-02 (EXCEXP_TLS_000JJKSK3).xlsx,Rebates,1997,TD -NCC 10C +HC Kcup + 652g Deal 304
yoy,Fcst Inc Cases is not positive,Canadian Tire,NA-CANADIAN TIRE,2025,2025,TDHBMX-4/24,HB MIX 4/24EA,000IBJPLZ,Closed,0.0,2025-01-21,2025-01-31,DR 2025 - 2026-10-02 (EXCEXP_TLS_000JJKSK3).xlsx,Rebates,1999,TD Missed OI HC 0.30
yoy,Fcst Inc Cases is not positive,Canadian Tire,NA-CANADIAN TIRE,2025,2025,TDL,TDL CAN,000HUX2EK,Closed,0.0,2025-09-09,2025-09-14,DR 2025 - 2026-10-02 (EXCEXP_TLS_000JJKSK3).xlsx,Rebates,2060,TD CTC PRODUCT PARADE
yoy,Fcst Inc Cases is not positive,Chens,NA-CHENS ENT,2025,2025,TDHBHC-12/500,HB HOT CHOCOLATE 12/500GR,000HXM595,Closed,0.0,2025-01-10,2025-01-25,DR 2025 - 2026-10-02 (EXCEXP_TLS_000JJKSK3).xlsx,Rebates,2085,TD- Chens Oct OI - Truckload Sale HC 500g 5/8ct
yoy,Fcst Inc Cases is not positive,Chens,NA-CHENS ENT,2025,2025,6320916881,TDL DOUBLE DOUBLE PACKET 5/8 EA,000HYFWG2,Closed,0.0,2025-01-17,2025-02-05,DR 2025 - 2026-10-02 (EXCEXP_TLS_000JJKSK3).xlsx,Rebates,2087,TD- Chens Oct OI - Truckload Sale HC 500g 5/8ct
yoy,Fcst Inc Cases is not positive,Chens,NA-CHENS ENT,2025,2025,6320915305,TDL CAPPUCCINO FRENCH VAN PACKET 5/8 EA,000HYFWG2,Closed,0.0,2025-01-17,2025-02-05,DR 2025 - 2026-10-02 (EXCEXP_TLS_000JJKSK3).xlsx,Rebates,2088,TD- Chens Oct OI - Truckload Sale HC 500g 5/8ct
yoy,Fcst Inc Cases is not positive,Chens,NA-CHENS ENT,2025,2025,6320916882,TDL CAFE MOCHA PACKET 5/8 EA,000HYFWG2,Closed,0.0,2025-01-17,2025-02-05,DR 2025 - 2026-10-02 (EXCEXP_TLS_000JJKSK3).xlsx,Rebates,2089,TD- Chens Oct OI - Truckload Sale HC 500g 5/8ct
yoy,Fcst Inc Cases is not positive,Chens,NA-CHENS ENT,2025,2025,TDRGSB-6/300,R&G SMALL BAG 6/300GR,000HYFWG2,Closed,0.0,2025-01-17,2025-02-05,DR 2025 - 2026-10-02 (EXCEXP_TLS_000JJKSK3).xlsx,Rebates,2090,TD- Chens Oct OI - Truckload Sale HC 500g 5/8ct
yoy,Fcst Inc Cases is not positive,Chens,NA-CHENS ENT,2025,2025,TDIC-12/100,INSTANT COFFEE 12/100GR,000HYFWG2,Closed,0.0,2025-01-17,2025-02-05,DR 2025 - 2026-10-02 (EXCEXP_TLS_000JJKSK3).xlsx,Rebates,2091,TD- Chens Oct OI - Truckload Sale HC 500g 5/8ct
yoy,Fcst Inc Cases is not positive,Chens,NA-CHENS ENT,2025,2025,TDHBHC-5/8,HB HOT CHOCOLATE 5/8CT,000HYFWG2,Closed,0.0,2025-01-17,2025-02-05,DR 2025 - 2026-10-02 (EXCEXP_TLS_000JJKSK3).xlsx,Rebates,2092,TD- Chens Oct OI - Truckload Sale HC 500g 5/8ct
yoy,Fcst Inc Cases is not positive,Chens,NA-CHENS ENT,2025,2025,TDHBHC-12/500,HB HOT CHOCOLATE 12/500GR,000HYFWG2,Closed,0.0,2025-01-17,2025-02-05,DR 2025 - 2026-10-02 (EXCEXP_TLS_000JJKSK3).xlsx,Rebates,2093,TD- Chens Oct OI - Truckload Sale HC 500g 5/8ct
yoy,Fcst Inc Cases is not positive,Chens,NA-CHENS ENT,2025,2025,TDTB-6/20,TEA BAG 6/20CT,000I4SOAU,Closed,0.0,2025-03-13,2025-03-25,DR 2025 - 2026-10-02 (EXCEXP_TLS_000JJKSK3).xlsx,Rebates,2095,TD- Chens Oct OI - Truckload Sale HC 500g 5/8ct
yoy,Fcst Inc Cases is not positive,Chens,NA-CHENS ENT,2025,2025,TDIC-12/100,INSTANT COFFEE 12/100GR,000I4SOAU,Closed,0.0,2025-03-13,2025-03-25,DR 2025 - 2026-10-02 (EXCEXP_TLS_000JJKSK3).xlsx,Rebates,2096,TD- Chens Oct OI - Truckload Sale HC 500g 5/8ct
yoy,Fcst Inc Cases is not positive,Chens,NA-CHENS ENT,2025,2025,TDIC-12/100,INSTANT COFFEE 12/100GR,000I87MXF,Closed,0.0,2025-03-20,2025-03-20,DR 2025 - 2026-10-02 (EXCEXP_TLS_000JJKSK3).xlsx,Rebates,2098,TD- Chens March Instant 12/100GR Offer $5.62 BB
yoy,Fcst Inc Cases is not positive,Chens,NA-CHENS ENT,2025,2025,TDTB-6/20,TEA BAG 6/20CT,000IAAV9A,Closed,0.0,2025-05-05,2025-05-20,DR 2025 - 2026-10-02 (EXCEXP_TLS_000JJKSK3).xlsx,Rebates,2102,TD- Chens Oct OI - Truckload Sale HC 500g 5/8ct
yoy,Fcst Inc Cases is not positive,Chens,NA-CHENS ENT,2025,2025,TDRGSB-6/300,R&G SMALL BAG 6/300GR,000IAAV9A,Closed,0.0,2025-05-05,2025-05-20,DR 2025 - 2026-10-02 (EXCEXP_TLS_000JJKSK3).xlsx,Rebates,2103,TD- Chens Oct OI - Truckload Sale HC 500g 5/8ct
yoy,Fcst Inc Cases is not positive,Chens,NA-CHENS ENT,2025,2025,TDRGLC-6/930,R&G LARGE CAN 6/930GR,000IAAV9A,Closed,0.0,2025-05-05,2025-05-20,DR 2025 - 2026-10-02 (EXCEXP_TLS_000JJKSK3).xlsx,Rebates,2104,TD- Chens Oct OI - Truckload Sale HC 500g 5/8ct
yoy,Fcst Inc Cases is not positive,Chens,NA-CHENS ENT,2025,2025,TDIC-12/100,INSTANT COFFEE 12/100GR,000IAAV9A,Closed,0.0,2025-05-05,2025-05-20,DR 2025 - 2026-10-02 (EXCEXP_TLS_000JJKSK3).xlsx,Rebates,2105,TD- Chens Oct OI - Truckload Sale HC 500g 5/8ct
yoy,Fcst Inc Cases is not positive,Chens,NA-CHENS ENT,2025,2025,TDTB-6/20,TEA BAG 6/20CT,000HJDVMJ,Closed,0.0,2025-06-11,2025-06-29,DR 2025 - 2026-10-02 (EXCEXP_TLS_000JJKSK3).xlsx,Rebates,2107,TD- Chens June Bulk Buy on Wholesaler OI
yoy,Fcst Inc Cases is not positive,Chens,NA-CHENS ENT,2025,2025,TDHBHC-5/8,HB HOT CHOCOLATE 5/8CT,000HJDVMJ,Closed,0.0,2025-06-11,2025-06-29,DR 2025 - 2026-10-02 (EXCEXP_TLS_000JJKSK3).xlsx,Rebates,2108,TD- Chens June Bulk Buy on Wholesaler OI
yoy,Fcst Inc Cases is not positive,Chens,NA-CHENS ENT,2025,2025,TDHBCAP-5/8,HB CAPPUCCINO 5/8CT,000HJDVMJ,Closed,0.0,2025-06-11,2025-06-29,DR 2025 - 2026-10-02 (EXCEXP_TLS_000JJKSK3).xlsx,Rebates,2109,TD- Chens June Bulk Buy on Wholesaler OI
yoy,Fcst Inc Cases is not positive,Chens,NA-CHENS ENT,2025,2025,TDSSTA-5/14,SS TASSIMO 5/14CT,000IGL60H,Closed,0.0,2025-07-09,2025-07-15,DR 2025 - 2026-10-02 (EXCEXP_TLS_000JJKSK3).xlsx,Rebates,2111,TD- Chens July Bulk Buy on Wholesaler OI
yoy,Fcst Inc Cases is not positive,Chens,NA-CHENS ENT,2025,2025,TDTB-6/20,TEA BAG 6/20CT,000IHUKN3,Closed,0.0,2025-07-22,2025-07-31,DR 2025 - 2026-10-02 (EXCEXP_TLS_000JJKSK3).xlsx,Rebates,2113,TD- Chens July Bulk Buy on Wholesaler OI
yoy,Fcst Inc Cases is not positive,Chens,NA-CHENS ENT,2025,2025,TDHBCAP-12/343,HB CAPPUCCINO 12/454GR,000IHUKN3,Closed,0.0,2025-07-22,2025-07-31,DR 2025 - 2026-10-02 (EXCEXP_TLS_000JJKSK3).xlsx,Rebates,2114,TD- Chens July Bulk Buy on Wholesaler OI
yoy,Fcst Inc Cases is not positive,Chens,NA-CHENS ENT,2025,2025,TDRGSB-6/300,R&G SMALL BAG 6/300GR,000IIYMSG,Closed,0.0,2025-07-30,2025-08-10,DR 2025 - 2026-10-02 (EXCEXP_TLS_000JJKSK3).xlsx,Rebates,2116,TD- Chens Aug Bulk Buy on Wholesaler OI
yoy,Fcst Inc Cases is not positive,Chens,NA-CHENS ENT,2025,2025,TDIC-12/100,INSTANT COFFEE 12/100GR,000IIYMSG,Closed,0.0,2025-07-30,2025-08-10,DR 2025 - 2026-10-02 (EXCEXP_TLS_000JJKSK3).xlsx,Rebates,2117,TD- Chens Aug Bulk Buy on Wholesaler OI
yoy,Fcst Inc Cases is not positive,Chens,NA-CHENS ENT,2025,2025,TDTB-6/20,TEA BAG 6/20CT,000IPD6GH,Closed,0.0,2025-09-30,2025-10-20,DR 2025 - 2026-10-02 (EXCEXP_TLS_000JJKSK3).xlsx,Rebates,2119,TD- Chens Aug Bulk Buy on Wholesaler OI
yoy,Fcst Inc Cases is not positive,Chens,NA-CHENS ENT,2025,2025,TDRGSB-6/300,R&G SMALL BAG 6/300GR,000IPD6GH,Closed,0.0,2025-09-30,2025-10-20,DR 2025 - 2026-10-02 (EXCEXP_TLS_000JJKSK3).xlsx,Rebates,2120,TD- Chens Aug Bulk Buy on Wholesaler OI
yoy,Fcst Inc Cases is not positive,Chens,NA-CHENS ENT,2025,2025,TDIC-12/100,INSTANT COFFEE 12/100GR,000IPD6GH,Closed,0.0,2025-09-30,2025-10-20,DR 2025 - 2026-10-02 (EXCEXP_TLS_000JJKSK3).xlsx,Rebates,2121,TD- Chens Aug Bulk Buy on Wholesaler OI
yoy,Fcst Inc Cases is not positive,Chens,NA-CHENS ENT,2025,2025,TDHBCAP-12/343,HB CAPPUCCINO 12/454GR,000IPD6GH,Closed,0.0,2025-09-30,2025-10-20,DR 2025 - 2026-10-02 (EXCEXP_TLS_000JJKSK3).xlsx,Rebates,2122,TD- Chens Aug Bulk Buy on Wholesaler OI
yoy,Fcst Inc Cases is not positive,Chens,NA-CHENS ENT,2025,2025,TDGB-12/5/30,GRANOLA BAR 12/5/30GR,000IPD6GH,Closed,0.0,2025-09-30,2025-10-20,DR 2025 - 2026-10-02 (EXCEXP_TLS_000JJKSK3).xlsx,Rebates,2123,TD- Chens Aug Bulk Buy on Wholesaler OI
yoy,Fcst Inc Cases is not positive,Chens,NA-CHENS ENT,2025,2025,TDTB-6/20,TEA BAG 6/20CT,000ISQUML,Closed,0.0,2025-11-05,2025-12-05,DR 2025 - 2026-10-02 (EXCEXP_TLS_000JJKSK3).xlsx,Rebates,2125,TD- Chens Wholesale OI Two TL 12/500g HC split order Nov/Jan
yoy,Fcst Inc Cases is not positive,Chens,NA-CHENS ENT,2025,2025,TDIC-12/100,INSTANT COFFEE 12/100GR,000ISQUML,Closed,0.0,2025-11-05,2025-12-05,DR 2025 - 2026-10-02 (EXCEXP_TLS_000JJKSK3).xlsx,Rebates,2126,TD- Chens Wholesale OI Two TL 12/500g HC split order Nov/Jan
yoy,Fcst Inc Cases is not positive,Chens,NA-CHENS ENT,2025,2025,TDHBHC-5/8,HB HOT CHOCOLATE 5/8CT,000ISQUML,Closed,0.0,2025-11-05,2025-12-05,DR 2025 - 2026-10-02 (EXCEXP_TLS_000JJKSK3).xlsx,Rebates,2127,TD- Chens Wholesale OI Two TL 12/500g HC split order Nov/Jan
yoy,Fcst Inc Cases is not positive,Chens,NA-CHENS ENT,2025,2025,TDHBCAP-5/8,HB CAPPUCCINO 5/8CT,000ISQUML,Closed,0.0,2025-11-05,2025-12-05,DR 2025 - 2026-10-02 (EXCEXP_TLS_000JJKSK3).xlsx,Rebates,2129,TD- Chens Wholesale OI Two TL 12/500g HC split order Nov/Jan
yoy,Fcst Inc Cases is not positive,Chens,NA-CHENS ENT,2025,2025,TDHBCAP-12/343,HB CAPPUCCINO 12/454GR,000ISQUML,Closed,0.0,2025-11-05,2025-12-05,DR 2025 - 2026-10-02 (EXCEXP_TLS_000JJKSK3).xlsx,Rebates,2130,TD- Chens Wholesale OI Two TL 12/500g HC split order Nov/Jan
yoy,Fcst Inc Cases is not positive,CJR Wholesale,NA-CJR WHOLESALE,2025,2025,TDSSTA-5/14,SS TASSIMO 5/14CT,000HJECLS,Closed,0.0,2025-03-05,2025-04-28,DR 2025 - 2026-10-02 (EXCEXP_TLS_000JJKSK3).xlsx,Rebates,2134,TD CJR 6/300g Bag Coffee Promo
yoy,Fcst Inc Cases is not positive,Colabor,NA-COLABOR,2025,2025,TDL,TDL CAN,000HRSFFB,Closed,0.0,2025-01-01,2025-01-17,DR 2025 - 2026-10-02 (EXCEXP_TLS_000JJKSK3).xlsx,Rebates,2163,TD Colabor Focus Dec 30 to Jan 17 2025 Pt. #2
yoy,Fcst Inc Cases is not positive,Colabor,NA-COLABOR,2025,2025,TDL,TDL CAN,000HQ5WRL,Closed,0.0,2025-03-03,2025-03-21,DR 2025 - 2026-10-02 (EXCEXP_TLS_000JJKSK3).xlsx,Rebates,2171,TD Colabor Focus March 3 -21 2025 RUTW
yoy,Fcst Inc Cases is not positive,Colabor,NA-COLABOR,2025,2025,TDL,TDL CAN,000HQ5X5Q,Closed,0.0,2025-02-17,2025-05-19,DR 2025 - 2026-10-02 (EXCEXP_TLS_000JJKSK3).xlsx,Rebates,2178,TD Colabor Sommet des partenaires 11 mars 2024
yoy,Fcst Inc Cases is not positive,Colabor,NA-COLABOR,2025,2025,TDL,TDL CAN,000HQ5WOT,Closed,0.0,2025-03-24,2025-04-11,DR 2025 - 2026-10-02 (EXCEXP_TLS_000JJKSK3).xlsx,Rebates,2184,TD Colabor Focus March 24- April 11 2025
yoy,Fcst Inc Cases is not positive,Colabor,NA-COLABOR,2025,2025,TDL,TDL CAN,000HQ5543,Closed,0.0,2025-03-10,2025-05-09,DR 2025 - 2026-10-02 (EXCEXP_TLS_000JJKSK3).xlsx,Rebates,2192,TD Colabor Sealift Bateau 1  Mar 10-May 9
yoy,Fcst Inc Cases is not positive,Colabor,NA-COLABOR,2025,2025,TDL,TDL CAN,000HQ5X1V,Closed,0.0,2025-04-14,2025-05-02,DR 2025 - 2026-10-02 (EXCEXP_TLS_000JJKSK3).xlsx,Rebates,2203,TD Colabor Focus April 14- May 2 2025
yoy,Fcst Inc Cases is not positive,Colabor,NA-COLABOR,2025,2025,TDIC-12/100,INSTANT COFFEE 12/100GR,000HQ5X1V,Closed,0.0,2025-04-14,2025-05-02,DR 2025 - 2026-10-02 (EXCEXP_TLS_000JJKSK3).xlsx,Rebates,2207,TD Colabor Focus April 14- May 2 2025
yoy,Fcst Inc Cases is not positive,Colabor,NA-COLABOR,2025,2025,TDL,TDL CAN,000HQ5XLV,Closed,0.0,2025-05-05,2025-05-23,DR 2025 - 2026-10-02 (EXCEXP_TLS_000JJKSK3).xlsx,Rebates,2211,TD Colabor Focus May 5 - 23 2025
yoy,Fcst Inc Cases is not positive,Colabor,NA-COLABOR,2025,2025,TDSSKC-6/10,SS KCOMP 6/10CT,000HQ5XLV,Closed,0.0,2025-05-05,2025-05-23,DR 2025 - 2026-10-02 (EXCEXP_TLS_000JJKSK3).xlsx,Rebates,2213,TD Colabor Focus May 5 - 23 2025
yoy,Fcst Inc Cases is not positive,Colabor,NA-COLABOR,2025,2025,TDL,TDL CAN,000HQ5X0P,Closed,0.0,2025-06-16,2025-07-11,DR 2025 - 2026-10-02 (EXCEXP_TLS_000JJKSK3).xlsx,Rebates,2219,TD Colabor Focus June 16
yoy,Fcst Inc Cases is not positive,Colabor,NA-COLABOR,2025,2025,TDL,TDL CAN,000HQ550X,Closed,0.0,2025-06-09,2025-08-08,DR 2025 - 2026-10-02 (EXCEXP_TLS_000JJKSK3).xlsx,Rebates,2226,TD Colabor Sealift Bateau 2  June 9 -Aug 8 2025
yoy,Fcst Inc Cases is not positive,Colabor,NA-COLABOR,2025,2025,TDL,TDL CAN,000HQ5X4G,Closed,0.0,2025-07-07,2025-08-29,DR 2025 - 2026-10-02 (EXCEXP_TLS_000JJKSK3).xlsx,Rebates,2236,TD Colabor Focus July 28
yoy,Fcst Inc Cases is not positive,Colabor,NA-COLABOR,2025,2025,TDL,TDL CAN,000HQ5WSS,Closed,0.0,2025-08-25,2025-09-12,DR 2025 - 2026-10-02 (EXCEXP_TLS_000JJKSK3).xlsx,Rebates,2250,TD Colabor Focus August 25
yoy,Fcst Inc Cases is not positive,Colabor,NA-COLABOR,2025,2025,TDL,TDL CAN,000HQ5XPR,Closed,0.0,2025-09-15,2025-10-03,DR 2025 - 2026-10-02 (EXCEXP_TLS_000JJKSK3).xlsx,Rebates,2257,TD Colabor Focus Sept 15 - Oct 3 2025
yoy,Fcst Inc Cases is not positive,Colabor,NA-COLABOR,2025,2025,TDL,TDL CAN,000HQ5WQ9,Closed,0.0,2025-10-06,2025-10-24,DR 2025 - 2026-10-02 (EXCEXP_TLS_000JJKSK3).xlsx,Rebates,2264,TD Colabor Focus October 6 2025 Impact 1 Page
yoy,Fcst Inc Cases is not positive,Colabor,NA-COLABOR,2025,2025,TDL,TDL CAN,000HQ5X31,Closed,0.0,2025-09-30,2025-11-30,DR 2025 - 2026-10-02 (EXCEXP_TLS_000JJKSK3).xlsx,Rebates,2272,TD Colabor Salon de Restauration -Pannier mixte 30 Sept 2025
yoy,Fcst Inc Cases is not positive,Colabor,NA-COLABOR,2025,2025,TDL,TDL CAN,000HQ5XNB,Closed,0.0,2025-10-27,2025-11-23,DR 2025 - 2026-10-02 (EXCEXP_TLS_000JJKSK3).xlsx,Rebates,2280,TD Colabor Focus October 27 -Nov 21
yoy,Fcst Inc Cases is not positive,Cold Star Solutions,NA-COLD STAR SOLUTIONS,2025,2025,TDSSKC-4/30,SS KCOMP 4/30CT,000HJDD35,Closed,0.0,2025-01-01,2025-01-30,DR 2025 - 2026-10-02 (EXCEXP_TLS_000JJKSK3).xlsx,Rebates,2289,TD-ColdStar Catalogue Special
yoy,Fcst Inc Cases is not positive,Cold Star Solutions,NA-COLD STAR SOLUTIONS,2025,2025,TDHBHC-12/500,HB HOT CHOCOLATE 12/500GR,000HJDD35,Closed,0.0,2025-01-01,2025-01-30,DR 2025 - 2026-10-02 (EXCEXP_TLS_000JJKSK3).xlsx,Rebates,2297,TD-ColdStar Catalogue Special
yoy,Fcst Inc Cases is not positive,Cold Star Solutions,NA-COLD STAR SOLUTIONS,2025,2025,TDSHSP-12/540,SOUPS 12/540ML,000HJDN83,Closed,0.0,2025-01-31,2025-02-27,DR 2025 - 2026-10-02 (EXCEXP_TLS_000JJKSK3).xlsx,Rebates,2305,TD-ColdStar Catalogue Special
yoy,Fcst Inc Cases is not positive,Cold Star Solutions,NA-COLD STAR SOLUTIONS,2025,2025,TDRGSB-6/300,R&G SMALL BAG 6/300GR,000HJDN83,Closed,0.0,2025-01-31,2025-02-27,DR 2025 - 2026-10-02 (EXCEXP_TLS_000JJKSK3).xlsx,Rebates,2306,TD-ColdStar Catalogue Special
yoy,Fcst Inc Cases is not positive,Cold Star Solutions,NA-COLD STAR SOLUTIONS,2025,2025,TDIC-12/100,INSTANT COFFEE 12/100GR,000HJDN83,Closed,0.0,2025-01-31,2025-02-27,DR 2025 - 2026-10-02 (EXCEXP_TLS_000JJKSK3).xlsx,Rebates,2310,TD-ColdStar Catalogue Special
yoy,Fcst Inc Cases is not positive,Cold Star Solutions,NA-COLD STAR SOLUTIONS,2025,2025,TDSHHB-12/425,HOT BOWLS 12/425GR,000HJDN83,Closed,0.0,2025-01-31,2025-02-27,DR 2025 - 2026-10-02 (EXCEXP_TLS_000JJKSK3).xlsx,Rebates,2311,TD-ColdStar Catalogue Special
yoy,Fcst Inc Cases is not positive,Cold Star Solutions,NA-COLD STAR SOLUTIONS,2025,2025,TDHBHC-12/500,HB HOT CHOCOLATE 12/500GR,000HJDN83,Closed,0.0,2025-01-31,2025-02-27,DR 2025 - 2026-10-02 (EXCEXP_TLS_000JJKSK3).xlsx,Rebates,2312,TD-ColdStar Catalogue Special
yoy,Fcst Inc Cases is not positive,Cold Star Solutions,NA-COLD STAR SOLUTIONS,2025,2025,TDSSKC-6/12,SS KCOMP 6/12CT,000HJE157,Closed,0.0,2025-02-27,2025-04-11,DR 2025 - 2026-10-02 (EXCEXP_TLS_000JJKSK3).xlsx,Rebates,2314,TD-ColdStar Catalogue Special
yoy,Fcst Inc Cases is not positive,Cold Star Solutions,NA-COLD STAR SOLUTIONS,2025,2025,TDSSKC-4/30,SS KCOMP 4/30CT,000HJE157,Closed,0.0,2025-02-27,2025-04-11,DR 2025 - 2026-10-02 (EXCEXP_TLS_000JJKSK3).xlsx,Rebates,2315,TD-ColdStar Catalogue Special
yoy,Fcst Inc Cases is not positive,Cold Star Solutions,NA-COLD STAR SOLUTIONS,2025,2025,TDRGLC-6/930,R&G LARGE CAN 6/930GR,000HJE157,Closed,0.0,2025-02-27,2025-04-11,DR 2025 - 2026-10-02 (EXCEXP_TLS_000JJKSK3).xlsx,Rebates,2318,TD-ColdStar Catalogue Special
yoy,Fcst Inc Cases is not positive,Cold Star Solutions,NA-COLD STAR SOLUTIONS,2025,2025,TDSHHB-12/425,HOT BOWLS 12/425GR,000HJE157,Closed,0.0,2025-02-27,2025-04-11,DR 2025 - 2026-10-02 (EXCEXP_TLS_000JJKSK3).xlsx,Rebates,2320,TD-ColdStar Catalogue Special
yoy,Fcst Inc Cases is not positive,Cold Star Solutions,NA-COLD STAR SOLUTIONS,2025,2025,TDSSKC-6/12,SS KCOMP 6/12CT,000HJE0O1,Closed,0.0,2025-05-02,2025-06-28,DR 2025 - 2026-10-02 (EXCEXP_TLS_000JJKSK3).xlsx,Rebates,2326,TD-ColdStar Catalogue Special
yoy,Fcst Inc Cases is not positive,Cold Star Solutions,NA-COLD STAR SOLUTIONS,2025,2025,TDSSKC-4/30,SS KCOMP 4/30CT,000HJE0O1,Closed,0.0,2025-05-02,2025-06-28,DR 2025 - 2026-10-02 (EXCEXP_TLS_000JJKSK3).xlsx,Rebates,2328,TD-ColdStar Catalogue Special
yoy,Fcst Inc Cases is not positive,Cold Star Solutions,NA-COLD STAR SOLUTIONS,2025,2025,TDSSKC-4/30,SS KCOMP 4/30CT,000HJE0O1,Closed,0.0,2025-05-02,2025-06-28,DR 2025 - 2026-10-02 (EXCEXP_TLS_000JJKSK3).xlsx,Rebates,2330,TD-ColdStar Catalogue Special
yoy,Fcst Inc Cases is not positive,Cold Star Solutions,NA-COLD STAR SOLUTIONS,2025,2025,TDSHSP-12/540,SOUPS 12/540ML,000HJE0O1,Closed,0.0,2025-05-02,2025-06-28,DR 2025 - 2026-10-02 (EXCEXP_TLS_000JJKSK3).xlsx,Rebates,2331,TD-ColdStar Catalogue Special
yoy,Fcst Inc Cases is not positive,Cold Star Solutions,NA-COLD STAR SOLUTIONS,2025,2025,TDRGSB-6/300,R&G SMALL BAG 6/300GR,000HJE0O1,Closed,0.0,2025-05-02,2025-06-28,DR 2025 - 2026-10-02 (EXCEXP_TLS_000JJKSK3).xlsx,Rebates,2332,TD-ColdStar Catalogue Special
yoy,Fcst Inc Cases is not positive,Cold Star Solutions,NA-COLD STAR SOLUTIONS,2025,2025,TDRGLC-6/930,R&G LARGE CAN 6/930GR,000HJE0O1,Closed,0.0,2025-05-02,2025-06-28,DR 2025 - 2026-10-02 (EXCEXP_TLS_000JJKSK3).xlsx,Rebates,2334,TD-ColdStar Catalogue Special
yoy,Fcst Inc Cases is not positive,Cold Star Solutions,NA-COLD STAR SOLUTIONS,2025,2025,TDIC-12/100,INSTANT COFFEE 12/100GR,000HJE0O1,Closed,0.0,2025-05-02,2025-06-28,DR 2025 - 2026-10-02 (EXCEXP_TLS_000JJKSK3).xlsx,Rebates,2337,TD-ColdStar Catalogue Special
yoy,Fcst Inc Cases is not positive,Cold Star Solutions,NA-COLD STAR SOLUTIONS,2025,2025,TDIC-12/100,INSTANT COFFEE 12/100GR,000HJE0O1,Closed,0.0,2025-05-02,2025-06-28,DR 2025 - 2026-10-02 (EXCEXP_TLS_000JJKSK3).xlsx,Rebates,2338,TD-ColdStar Catalogue Special
yoy,Fcst Inc Cases is not positive,Cold Star Solutions,NA-COLD STAR SOLUTIONS,2025,2025,TDSHHB-12/425,HOT BOWLS 12/425GR,000HJE0O1,Closed,0.0,2025-05-02,2025-06-28,DR 2025 - 2026-10-02 (EXCEXP_TLS_000JJKSK3).xlsx,Rebates,2339,TD-ColdStar Catalogue Special
yoy,Fcst Inc Cases is not positive,Cold Star Solutions,NA-COLD STAR SOLUTIONS,2025,2025,TDHBHC-12/500,HB HOT CHOCOLATE 12/500GR,000HJE0O1,Closed,0.0,2025-05-02,2025-06-28,DR 2025 - 2026-10-02 (EXCEXP_TLS_000JJKSK3).xlsx,Rebates,2340,TD-ColdStar Catalogue Special
yoy,Fcst Inc Cases is not positive,Cold Star Solutions,NA-COLD STAR SOLUTIONS,2025,2025,TDSSKC-6/12,SS KCOMP 6/12CT,000HJDOUY,Closed,0.0,2025-06-30,2025-07-30,DR 2025 - 2026-10-02 (EXCEXP_TLS_000JJKSK3).xlsx,Rebates,2342,TD-ColdStar Catalogue Special
yoy,Fcst Inc Cases is not positive,Cold Star Solutions,NA-COLD STAR SOLUTIONS,2025,2025,TDSSKC-4/30,SS KCOMP 4/30CT,000HJDOUY,Closed,0.0,2025-06-30,2025-07-30,DR 2025 - 2026-10-02 (EXCEXP_TLS_000JJKSK3).xlsx,Rebates,2343,TD-ColdStar Catalogue Special
yoy,Fcst Inc Cases is not positive,Cold Star Solutions,NA-COLD STAR SOLUTIONS,2025,2025,TDRGSB-6/300,R&G SMALL BAG 6/300GR,000HJDOUY,Closed,0.0,2025-06-30,2025-07-30,DR 2025 - 2026-10-02 (EXCEXP_TLS_000JJKSK3).xlsx,Rebates,2345,TD-ColdStar Catalogue Special
yoy,Fcst Inc Cases is not positive,Cold Star Solutions,NA-COLD STAR SOLUTIONS,2025,2025,TDRGLC-6/930,R&G LARGE CAN 6/930GR,000HJDOUY,Closed,0.0,2025-06-30,2025-07-30,DR 2025 - 2026-10-02 (EXCEXP_TLS_000JJKSK3).xlsx,Rebates,2346,TD-ColdStar Catalogue Special
yoy,Fcst Inc Cases is not positive,Cold Star Solutions,NA-COLD STAR SOLUTIONS,2025,2025,TDIC-12/100,INSTANT COFFEE 12/100GR,000HJDIH2,Closed,0.0,2025-07-31,2025-09-16,DR 2025 - 2026-10-02 (EXCEXP_TLS_000JJKSK3).xlsx,Rebates,2367,TD-ColdStar Catalogue Special
yoy,Fcst Inc Cases is not positive,Cold Star Solutions,NA-COLD STAR SOLUTIONS,2025,2025,TDSSKC-4/30,SS KCOMP 4/30CT,000HJDII4,Closed,0.0,2025-09-29,2025-10-29,DR 2025 - 2026-10-02 (EXCEXP_TLS_000JJKSK3).xlsx,Rebates,2379,TD-ColdStar Catalogue Special
yoy,Fcst Inc Cases is not positive,Cold Star Solutions,NA-COLD STAR SOLUTIONS,2025,2025,TDSSKC-6/12,SS KCOMP 6/12CT,000HJDO7V,Closed,0.0,2025-10-30,2025-11-28,DR 2025 - 2026-10-02 (EXCEXP_TLS_000JJKSK3).xlsx,Rebates,2387,TD-ColdStar Catalogue Special
yoy,Fcst Inc Cases is not positive,Cold Star Solutions,NA-COLD STAR SOLUTIONS,2025,2025,TDSSKC-4/30,SS KCOMP 4/30CT,000HJDO7V,Closed,0.0,2025-10-30,2025-11-28,DR 2025 - 2026-10-02 (EXCEXP_TLS_000JJKSK3).xlsx,Rebates,2388,TD-ColdStar Catalogue Special
yoy,Fcst Inc Cases is not positive,Cold Star Solutions,NA-COLD STAR SOLUTIONS,2025,2025,TDSHSP-12/540,SOUPS 12/540ML,000HJDO7V,Closed,0.0,2025-10-30,2025-11-28,DR 2025 - 2026-10-02 (EXCEXP_TLS_000JJKSK3).xlsx,Rebates,2389,TD-ColdStar Catalogue Special
yoy,Fcst Inc Cases is not positive,Cold Star Solutions,NA-COLD STAR SOLUTIONS,2025,2025,TDRGSB-6/300,R&G SMALL BAG 6/300GR,000HJDO7V,Closed,0.0,2025-10-30,2025-11-28,DR 2025 - 2026-10-02 (EXCEXP_TLS_000JJKSK3).xlsx,Rebates,2390,TD-ColdStar Catalogue Special
yoy,Fcst Inc Cases is not positive,Cold Star Solutions,NA-COLD STAR SOLUTIONS,2025,2025,TDSHHB-12/425,HOT BOWLS 12/425GR,000HJDO7V,Closed,0.0,2025-10-30,2025-11-28,DR 2025 - 2026-10-02 (EXCEXP_TLS_000JJKSK3).xlsx,Rebates,2395,TD-ColdStar Catalogue Special
yoy,Fcst Inc Cases is not positive,Cold Star Solutions,NA-COLD STAR SOLUTIONS,2025,2025,TDSSKC-4/30,SS KCOMP 4/30CT,000HJDIJ6,Closed,0.0,2025-11-29,2025-12-29,DR 2025 - 2026-10-02 (EXCEXP_TLS_000JJKSK3).xlsx,Rebates,2399,TD-ColdStar Catalogue Special
yoy,Fcst Inc Cases is not positive,Cold Star Solutions,NA-COLD STAR SOLUTIONS,2025,2025,TDRGLC-6/930,R&G LARGE CAN 6/930GR,000HJDIJ6,Closed,0.0,2025-11-29,2025-12-29,DR 2025 - 2026-10-02 (EXCEXP_TLS_000JJKSK3).xlsx,Rebates,2402,TD-ColdStar Catalogue Special
yoy,Fcst Inc Cases is not positive,Costco,NA-COSTCO,2025,2025,6320908885,TDL ORIGINAL BLEND 252/3 LB,000HRCBAS,Closed,0.0,2025-03-09,2025-03-09,DR 2025 - 2026-10-02 (EXCEXP_TLS_000JJKSK3).xlsx,Rebates,2414,TD Costco.ca 3lb Can Email blast
yoy,Fcst Inc Cases is not positive,Costco,NA-COSTCO,2025,2025,6320911511,TDL ORIGINAL KCUP SS 1/80 CT,000I3Y34V,Closed,0.0,2025-03-15,2025-03-16,DR 2025 - 2026-10-02 (EXCEXP_TLS_000JJKSK3).xlsx,Rebates,2416,TD Costco 2 Day Extension Region 1034 Only
yoy,Fcst Inc Cases is not positive,Costco,NA-COSTCO,2025,2025,6320916636,TDL KCUP STEEPED TEA ORANGE PEKOE 1/72CT,000I3Y34V,Closed,0.0,2025-03-15,2025-03-16,DR 2025 - 2026-10-02 (EXCEXP_TLS_000JJKSK3).xlsx,Rebates,2417,TD Costco 2 Day Extension Region 1034 Only
yoy,Fcst Inc Cases is not positive,Costco,NA-COSTCO,2025,2025,6320912801,TDL DARK ROAST KCUP SS 1/80 CT,000I3Y34V,Closed,0.0,2025-03-15,2025-03-16,DR 2025 - 2026-10-02 (EXCEXP_TLS_000JJKSK3).xlsx,Rebates,2418,TD Costco 2 Day Extension Region 1034 Only
yoy,Fcst Inc Cases is not positive,Costco,NA-COSTCO,2025,2025,6320911511,TDL ORIGINAL KCUP SS 1/80 CT,000HRBT3X,Committed,0.0,2025-07-07,2025-07-20,DR 2025 - 2026-10-02 (EXCEXP_TLS_000JJKSK3).xlsx,Rebates,2422,TD Costco KCUP 80 Summer TPD ($10 OFF) Wks 21&22
yoy,Fcst Inc Cases is not positive,Costco,NA-COSTCO,2025,2025,6320911511,TDL ORIGINAL KCUP SS 1/80 CT,000HRBT2S,Closed,0.0,2025-06-25,2025-07-08,DR 2025 - 2026-10-02 (EXCEXP_TLS_000JJKSK3).xlsx,Rebates,2427,TD Costco 2025 Endcap Spend 80ct SS  See 000GMR7WB
yoy,Fcst Inc Cases is not positive,Costco,NA-COSTCO,2025,2025,6320908885,TDL ORIGINAL BLEND 252/3 LB,000HRBT2X,Committed,0.0,2025-08-13,2025-10-13,DR 2025 - 2026-10-02 (EXCEXP_TLS_000JJKSK3).xlsx,Rebates,2433,TD Costco Gala
yoy,Fcst Inc Cases is not positive,Costco,NA-COSTCO,2025,2025,6320911511,TDL ORIGINAL KCUP SS 1/80 CT,000HRCB3E,Committed,0.0,2025-09-01,2025-09-14,DR 2025 - 2026-10-02 (EXCEXP_TLS_000JJKSK3).xlsx,Rebates,2435,TD Costco KCUP 80 Fall TPD ($10 OFF)
yoy,Fcst Inc Cases is not positive,Costco,NA-COSTCO,2025,2025,6320911274,TDL VARIETY KCUP SS 4/30 CT,000HXUB6T,Closed,0.0,2025-09-29,2025-10-12,DR 2025 - 2026-10-02 (EXCEXP_TLS_000JJKSK3).xlsx,Rebates,2440,TD Costco.ca tpd september
yoy,Fcst Inc Cases is not positive,Costco,NA-COSTCO,2025,2025,6320916636,TDL KCUP STEEPED TEA ORANGE PEKOE 1/72CT,000HXUB6T,Closed,0.0,2025-09-29,2025-10-12,DR 2025 - 2026-10-02 (EXCEXP_TLS_000JJKSK3).xlsx,Rebates,2441,TD Costco.ca tpd september
yoy,Fcst Inc Cases is not positive,Costco,NA-COSTCO,2025,2025,6320911272,TDL KCUP CAPPUCCNO FRNCH VAN SS 6/10CT,000HXUB6T,Closed,0.0,2025-09-29,2025-10-12,DR 2025 - 2026-10-02 (EXCEXP_TLS_000JJKSK3).xlsx,Rebates,2442,TD Costco.ca tpd september
yoy,Fcst Inc Cases is not positive,Costco,NA-COSTCO,2025,2025,TDNC-1/60,NCOMP 1/60CT,000HXUB6T,Closed,0.0,2025-09-29,2025-10-12,DR 2025 - 2026-10-02 (EXCEXP_TLS_000JJKSK3).xlsx,Rebates,2443,TD Costco.ca tpd september
yoy,Fcst Inc Cases is not positive,Costco,NA-COSTCO,2025,2025,6320915282,TDL HOT CHOC / FV PACKET 256/30 EA,000INP0TV,Committed,0.0,2025-09-22,2025-10-10,DR 2025 - 2026-10-02 (EXCEXP_TLS_000JJKSK3).xlsx,Rebates,2447,TD Costco National FVHC - 2024 Product buy-back
yoy,Fcst Inc Cases is not positive,Costco,NA-COSTCO,2025,2025,6320915282,TDL HOT CHOC / FV PACKET 256/30 EA,000IV3HNX,Closed,0.0,2025-11-10,2025-11-27,DR 2025 - 2026-10-02 (EXCEXP_TLS_000JJKSK3).xlsx,Rebates,2449,TD Costco.ca FVHC Email blast
yoy,Fcst Inc Cases is not positive,Costco,NA-COSTCO,2025,2025,6320915282,TDL HOT CHOC / FV PACKET 256/30 EA,000I0Z7N6,Closed,0.0,2025-11-10,2025-11-23,DR 2025 - 2026-10-02 (EXCEXP_TLS_000JJKSK3).xlsx,Rebates,2451,TD Costco National FVHC TPD
yoy,Fcst Inc Cases is not positive,Costco,NA-COSTCO,2025,2025,6320911511,TDL ORIGINAL KCUP SS 1/80 CT,000HRCBAX,Committed,0.0,2025-12-09,2025-12-23,DR 2025 - 2026-10-02 (EXCEXP_TLS_000JJKSK3).xlsx,Rebates,2456,TD Costco KCUP 80 Winter TPDWks 50&51
yoy,Fcst Inc Cases is not positive,Costco,NA-COSTCO,2025,2025,6320924954,TDL COLOMBIAN KCUP SS 1/80 CT,000HRCBAX,Committed,0.0,2025-12-09,2025-12-23,DR 2025 - 2026-10-02 (EXCEXP_TLS_000JJKSK3).xlsx,Rebates,2460,TD Costco KCUP 80 Winter TPDWks 50&51
yoy,Fcst Inc Cases is not positive,Costco,NA-COSTCO,2025,2025,6320911511,TDL ORIGINAL KCUP SS 1/80 CT,000J0OQJO,Committed,0.0,2025-12-24,2025-12-28,DR 2025 - 2026-10-02 (EXCEXP_TLS_000JJKSK3).xlsx,Rebates,2463,TD Costco KCUP 80 Winter TPD 5-Day Extension NFLD Warehouse
yoy,Fcst Inc Cases is not positive,Dist Benmar,NA-DIST BENMAR,2025,2025,TDSSKC-6/12,SS KCOMP 6/12CT,000HJDV6F,Closed,0.0,2025-01-01,2025-02-02,DR 2025 - 2026-10-02 (EXCEXP_TLS_000JJKSK3).xlsx,Rebates,2465,TD Ben-Mar annual rebates for flyer Ends Feb 2
yoy,Fcst Inc Cases is not positive,Dist Benmar,NA-DIST BENMAR,2025,2025,TDSSKC-4/30,SS KCOMP 4/30CT,000HJDV6F,Closed,0.0,2025-01-01,2025-02-02,DR 2025 - 2026-10-02 (EXCEXP_TLS_000JJKSK3).xlsx,Rebates,2466,TD Ben-Mar annual rebates for flyer Ends Feb 2
yoy,Fcst Inc Cases is not positive,Dist Benmar,NA-DIST BENMAR,2025,2025,TDSHSP-12/540,SOUPS 12/540ML,000HJDV6F,Closed,0.0,2025-01-01,2025-02-02,DR 2025 - 2026-10-02 (EXCEXP_TLS_000JJKSK3).xlsx,Rebates,2467,TD Ben-Mar annual rebates for flyer Ends Feb 2
yoy,Fcst Inc Cases is not positive,Dist Benmar,NA-DIST BENMAR,2025,2025,TDRGSB-6/300,R&G SMALL BAG 6/300GR,000HJDV6F,Closed,0.0,2025-01-01,2025-02-02,DR 2025 - 2026-10-02 (EXCEXP_TLS_000JJKSK3).xlsx,Rebates,2468,TD Ben-Mar annual rebates for flyer Ends Feb 2
yoy,Fcst Inc Cases is not positive,Dist Benmar,NA-DIST BENMAR,2025,2025,TDRGLC-6/930,R&G LARGE CAN 6/930GR,000HJDV6F,Closed,0.0,2025-01-01,2025-02-02,DR 2025 - 2026-10-02 (EXCEXP_TLS_000JJKSK3).xlsx,Rebates,2469,TD Ben-Mar annual rebates for flyer Ends Feb 2
yoy,Fcst Inc Cases is not positive,Dist Benmar,NA-DIST BENMAR,2025,2025,TDIC-12/100,INSTANT COFFEE 12/100GR,000HJDV6F,Closed,0.0,2025-01-01,2025-02-02,DR 2025 - 2026-10-02 (EXCEXP_TLS_000JJKSK3).xlsx,Rebates,2470,TD Ben-Mar annual rebates for flyer Ends Feb 2
yoy,Fcst Inc Cases is not positive,Dist Benmar,NA-DIST BENMAR,2025,2025,TDSHHB-12/425,HOT BOWLS 12/425GR,000HJDV6F,Closed,0.0,2025-01-01,2025-02-02,DR 2025 - 2026-10-02 (EXCEXP_TLS_000JJKSK3).xlsx,Rebates,2471,TD Ben-Mar annual rebates for flyer Ends Feb 2
yoy,Fcst Inc Cases is not positive,Dist Benmar,NA-DIST BENMAR,2025,2025,TDHBHC-12/500,HB HOT CHOCOLATE 12/500GR,000HJDV6F,Closed,0.0,2025-01-01,2025-02-02,DR 2025 - 2026-10-02 (EXCEXP_TLS_000JJKSK3).xlsx,Rebates,2472,TD Ben-Mar annual rebates for flyer Ends Feb 2
yoy,Fcst Inc Cases is not positive,Dist Benmar,NA-DIST BENMAR,2025,2025,TDGB-12/5/30,GRANOLA BAR 12/5/30GR,000HJDV6F,Closed,0.0,2025-01-01,2025-02-02,DR 2025 - 2026-10-02 (EXCEXP_TLS_000JJKSK3).xlsx,Rebates,2473,TD Ben-Mar annual rebates for flyer Ends Feb 2
yoy,Fcst Inc Cases is not positive,Dist Benmar,NA-DIST BENMAR,2025,2025,TDSSKC-6/12,SS KCOMP 6/12CT,000I0YZBE,Closed,0.0,2025-02-03,2025-05-25,DR 2025 - 2026-10-02 (EXCEXP_TLS_000JJKSK3).xlsx,Rebates,2476,TD Ben-Mar annual rebates Eff Feb 3
yoy,Fcst Inc Cases is not positive,Dist Benmar,NA-DIST BENMAR,2025,2025,TDSSKC-4/30,SS KCOMP 4/30CT,000I0YZBE,Closed,0.0,2025-02-03,2025-05-25,DR 2025 - 2026-10-02 (EXCEXP_TLS_000JJKSK3).xlsx,Rebates,2477,TD Ben-Mar annual rebates Eff Feb 3
yoy,Fcst Inc Cases is not positive,Dist Benmar,NA-DIST BENMAR,2025,2025,TDSSKC-4/30,SS KCOMP 4/30CT,000I0YZBE,Closed,0.0,2025-02-03,2025-05-25,DR 2025 - 2026-10-02 (EXCEXP_TLS_000JJKSK3).xlsx,Rebates,2478,TD Ben-Mar annual rebates Eff Feb 3
yoy,Fcst Inc Cases is not positive,Dist Benmar,NA-DIST BENMAR,2025,2025,TDSHSP-12/540,SOUPS 12/540ML,000I0YZBE,Closed,0.0,2025-02-03,2025-05-25,DR 2025 - 2026-10-02 (EXCEXP_TLS_000JJKSK3).xlsx,Rebates,2479,TD Ben-Mar annual rebates Eff Feb 3
yoy,Fcst Inc Cases is not positive,Dist Benmar,NA-DIST BENMAR,2025,2025,TDRGSB-6/300,R&G SMALL BAG 6/300GR,000I0YZBE,Closed,0.0,2025-02-03,2025-05-25,DR 2025 - 2026-10-02 (EXCEXP_TLS_000JJKSK3).xlsx,Rebates,2480,TD Ben-Mar annual rebates Eff Feb 3
yoy,Fcst Inc Cases is not positive,Dist Benmar,NA-DIST BENMAR,2025,2025,TDRGLC-6/930,R&G LARGE CAN 6/930GR,000I0YZBE,Closed,0.0,2025-02-03,2025-05-25,DR 2025 - 2026-10-02 (EXCEXP_TLS_000JJKSK3).xlsx,Rebates,2481,TD Ben-Mar annual rebates Eff Feb 3
yoy,Fcst Inc Cases is not positive,Dist Benmar,NA-DIST BENMAR,2025,2025,TDIC-12/100,INSTANT COFFEE 12/100GR,000I0YZBE,Closed,0.0,2025-02-03,2025-05-25,DR 2025 - 2026-10-02 (EXCEXP_TLS_000JJKSK3).xlsx,Rebates,2482,TD Ben-Mar annual rebates Eff Feb 3
yoy,Fcst Inc Cases is not positive,Dist Benmar,NA-DIST BENMAR,2025,2025,TDSHHB-12/425,HOT BOWLS 12/425GR,000I0YZBE,Closed,0.0,2025-02-03,2025-05-25,DR 2025 - 2026-10-02 (EXCEXP_TLS_000JJKSK3).xlsx,Rebates,2483,TD Ben-Mar annual rebates Eff Feb 3
yoy,Fcst Inc Cases is not positive,Dist Benmar,NA-DIST BENMAR,2025,2025,TDHBHC-12/500,HB HOT CHOCOLATE 12/500GR,000I0YZBE,Closed,0.0,2025-02-03,2025-05-25,DR 2025 - 2026-10-02 (EXCEXP_TLS_000JJKSK3).xlsx,Rebates,2484,TD Ben-Mar annual rebates Eff Feb 3
yoy,Fcst Inc Cases is not positive,Dist Benmar,NA-DIST BENMAR,2025,2025,TDGB-12/5/30,GRANOLA BAR 12/5/30GR,000I0YZBE,Closed,0.0,2025-02-03,2025-05-25,DR 2025 - 2026-10-02 (EXCEXP_TLS_000JJKSK3).xlsx,Rebates,2485,TD Ben-Mar annual rebates Eff Feb 3
yoy,Fcst Inc Cases is not positive,Dist Benmar,NA-DIST BENMAR,2025,2025,TDSSKC-6/12,SS KCOMP 6/12CT,000IAS501,Closed,0.0,2025-05-26,2025-12-31,DR 2025 - 2026-10-02 (EXCEXP_TLS_000JJKSK3).xlsx,Rebates,2488,TD Ben-Mar annual rebates Eff May 26
yoy,Fcst Inc Cases is not positive,Dist Benmar,NA-DIST BENMAR,2025,2025,TDSSKC-4/30,SS KCOMP 4/30CT,000IAS501,Closed,0.0,2025-05-26,2025-12-31,DR 2025 - 2026-10-02 (EXCEXP_TLS_000JJKSK3).xlsx,Rebates,2489,TD Ben-Mar annual rebates Eff May 26
yoy,Fcst Inc Cases is not positive,Dist Benmar,NA-DIST BENMAR,2025,2025,TDSSKC-4/30,SS KCOMP 4/30CT,000IAS501,Closed,0.0,2025-05-26,2025-12-31,DR 2025 - 2026-10-02 (EXCEXP_TLS_000JJKSK3).xlsx,Rebates,2490,TD Ben-Mar annual rebates Eff May 26
yoy,Fcst Inc Cases is not positive,Dist Benmar,NA-DIST BENMAR,2025,2025,TDSHSP-12/540,SOUPS 12/540ML,000IAS501,Closed,0.0,2025-05-26,2025-12-31,DR 2025 - 2026-10-02 (EXCEXP_TLS_000JJKSK3).xlsx,Rebates,2491,TD Ben-Mar annual rebates Eff May 26
yoy,Fcst Inc Cases is not positive,Dist Benmar,NA-DIST BENMAR,2025,2025,TDRGSB-6/300,R&G SMALL BAG 6/300GR,000IAS501,Closed,0.0,2025-05-26,2025-12-31,DR 2025 - 2026-10-02 (EXCEXP_TLS_000JJKSK3).xlsx,Rebates,2492,TD Ben-Mar annual rebates Eff May 26
yoy,Fcst Inc Cases is not positive,Dist Benmar,NA-DIST BENMAR,2025,2025,TDRGLC-6/930,R&G LARGE CAN 6/930GR,000IAS501,Closed,0.0,2025-05-26,2025-12-31,DR 2025 - 2026-10-02 (EXCEXP_TLS_000JJKSK3).xlsx,Rebates,2493,TD Ben-Mar annual rebates Eff May 26
yoy,Fcst Inc Cases is not positive,Dist Benmar,NA-DIST BENMAR,2025,2025,TDIC-12/100,INSTANT COFFEE 12/100GR,000IAS501,Closed,0.0,2025-05-26,2025-12-31,DR 2025 - 2026-10-02 (EXCEXP_TLS_000JJKSK3).xlsx,Rebates,2494,TD Ben-Mar annual rebates Eff May 26
yoy,Fcst Inc Cases is not positive,Dist Benmar,NA-DIST BENMAR,2025,2025,TDSHHB-12/425,HOT BOWLS 12/425GR,000IAS501,Closed,0.0,2025-05-26,2025-12-31,DR 2025 - 2026-10-02 (EXCEXP_TLS_000JJKSK3).xlsx,Rebates,2495,TD Ben-Mar annual rebates Eff May 26
yoy,Fcst Inc Cases is not positive,Dist Benmar,NA-DIST BENMAR,2025,2025,TDHBHC-12/500,HB HOT CHOCOLATE 12/500GR,000IAS501,Closed,0.0,2025-05-26,2025-12-31,DR 2025 - 2026-10-02 (EXCEXP_TLS_000JJKSK3).xlsx,Rebates,2496,TD Ben-Mar annual rebates Eff May 26
yoy,Fcst Inc Cases is not positive,Dist Benmar,NA-DIST BENMAR,2025,2025,TDGB-12/5/30,GRANOLA BAR 12/5/30GR,000IAS501,Closed,0.0,2025-05-26,2025-12-31,DR 2025 - 2026-10-02 (EXCEXP_TLS_000JJKSK3).xlsx,Rebates,2497,TD Ben-Mar annual rebates Eff May 26
yoy,Fcst Inc Cases is not positive,Dist Benmar,NA-DIST BENMAR,2025,2025,TDRGLC-6/930,R&G LARGE CAN 6/930GR,000IPMQ5R,Closed,0.0,2025-10-01,2025-10-31,DR 2025 - 2026-10-02 (EXCEXP_TLS_000JJKSK3).xlsx,Rebates,2499,TD- Distribution BenMar Oct Bulk Buy on Wholesaler OI
yoy,Fcst Inc Cases is not positive,Fed Coop,NA-FED CO-OP,2025,2025,TDSSKC-6/12,SS KCOMP 6/12CT,000IAFD04,Closed,0.0,2025-01-01,2025-01-05,DR 2025 - 2026-10-02 (EXCEXP_TLS_000JJKSK3).xlsx,Rebates,2502,TD Price Drop wk 50 HC - HOT TEA-PT 2
yoy,Fcst Inc Cases is not positive,Fed Coop,NA-FED CO-OP,2025,2025,TDRGLC-6/930,R&G LARGE CAN 6/930GR,000HJDHRG,Closed,0.0,2025-01-02,2025-01-08,DR 2025 - 2026-10-02 (EXCEXP_TLS_000JJKSK3).xlsx,Rebates,2512,TD - DIGITAL INSERT WK 2 TIN/30CT/SOUP PT 2
yoy,Fcst Inc Cases is not positive,Fed Coop,NA-FED CO-OP,2025,2025,TDRGLC-6/930,R&G LARGE CAN 6/930GR,000HQ5EMC,Closed,0.0,2025-02-27,2025-03-05,DR 2025 - 2026-10-02 (EXCEXP_TLS_000JJKSK3).xlsx,Rebates,2552,TD - INSERT WK 10 TIN/30CT/SOUP
yoy,Fcst Inc Cases is not positive,Fed Coop,NA-FED CO-OP,2025,2025,TDSSKC-4/30,SS KCOMP 4/30CT,000HQ5EOU,Closed,0.0,2025-04-10,2025-04-30,DR 2025 - 2026-10-02 (EXCEXP_TLS_000JJKSK3).xlsx,Rebates,2576,TD RETAIL DISPLAY 516
yoy,Fcst Inc Cases is not positive,Fed Coop,NA-FED CO-OP,2025,2025,TDRGLC-6/930,R&G LARGE CAN 6/930GR,000HJDT2R,Closed,0.0,2025-06-12,2025-06-20,DR 2025 - 2026-10-02 (EXCEXP_TLS_000JJKSK3).xlsx,Rebates,2611,TD - MINI INSERT WK 25 TIN/30CT/SOUP
yoy,Fcst Inc Cases is not positive,Fed Coop,NA-FED CO-OP,2025,2025,TDIC-12/100,INSTANT COFFEE 12/100GR,000HJDT2R,Closed,0.0,2025-06-12,2025-06-20,DR 2025 - 2026-10-02 (EXCEXP_TLS_000JJKSK3).xlsx,Rebates,2612,TD - MINI INSERT WK 25 TIN/30CT/SOUP
yoy,Fcst Inc Cases is not positive,Fed Coop,NA-FED CO-OP,2025,2025,TDSHSP-12/540,SOUPS 12/540ML,000HJDN4M,Closed,0.0,2025-08-14,2025-09-25,DR 2025 - 2026-10-02 (EXCEXP_TLS_000JJKSK3).xlsx,Rebates,2650,TD BTS WK 34-38 Flyer Soup
yoy,Fcst Inc Cases is not positive,Fed Coop,NA-FED CO-OP,2025,2025,TDRGLC-6/930,R&G LARGE CAN 6/930GR,000HJDVK9,Closed,0.0,2025-08-14,2025-09-25,DR 2025 - 2026-10-02 (EXCEXP_TLS_000JJKSK3).xlsx,Rebates,2659,TD WK 34-38 BTS Large tin
yoy,Fcst Inc Cases is not positive,Fed Coop,NA-FED CO-OP,2025,2025,TDHBHC-6/10,HB HOT CHOCOLATE 6/10CT,000HQ6M6I,Closed,0.0,2025-09-04,2025-09-25,DR 2025 - 2026-10-02 (EXCEXP_TLS_000JJKSK3).xlsx,Rebates,2669,TD Price Drop wk 37 HC - HOT TEA PT 2
yoy,Fcst Inc Cases is not positive,Fed Coop,NA-FED CO-OP,2025,2025,TDSSKC-4/30,SS KCOMP 4/30CT,000HQ6P1I,Closed,0.0,2025-09-18,2025-10-15,DR 2025 - 2026-10-02 (EXCEXP_TLS_000JJKSK3).xlsx,Rebates,2684,TD RETAIL DISPLAY 540
yoy,Fcst Inc Cases is not positive,Fed Coop,NA-FED CO-OP,2025,2025,TDSHSP-12/540,SOUPS 12/540ML,000HQ6P1I,Closed,0.0,2025-09-18,2025-10-15,DR 2025 - 2026-10-02 (EXCEXP_TLS_000JJKSK3).xlsx,Rebates,2687,TD RETAIL DISPLAY 540
yoy,Fcst Inc Cases is not positive,Fed Coop,NA-FED CO-OP,2025,2025,TDRGLC-6/930,R&G LARGE CAN 6/930GR,000HQ6P1I,Closed,0.0,2025-09-18,2025-10-15,DR 2025 - 2026-10-02 (EXCEXP_TLS_000JJKSK3).xlsx,Rebates,2688,TD RETAIL DISPLAY 540
yoy,Fcst Inc Cases is not positive,Fed Coop,NA-FED CO-OP,2025,2025,TDRGLB-6/2,R&G LARGE BAG 6/2LB,000HQ6P1I,Closed,0.0,2025-09-18,2025-10-15,DR 2025 - 2026-10-02 (EXCEXP_TLS_000JJKSK3).xlsx,Rebates,2691,TD RETAIL DISPLAY 540
yoy,Fcst Inc Cases is not positive,Fed Coop,NA-FED CO-OP,2025,2025,TDHBHC-12/500,HB HOT CHOCOLATE 12/500GR,000IFA1DM,Closed,0.0,2025-10-05,2025-12-11,DR 2025 - 2026-10-02 (EXCEXP_TLS_000JJKSK3).xlsx,Rebates,2714,TD LTO Prepacks WK 46
yoy,Fcst Inc Cases is not positive,Fed Coop,NA-FED CO-OP,2025,2025,TDHBHC-12/500,HB HOT CHOCOLATE 12/500GR,000IFA1DM,Closed,0.0,2025-10-05,2025-12-11,DR 2025 - 2026-10-02 (EXCEXP_TLS_000JJKSK3).xlsx,Rebates,2715,TD LTO Prepacks WK 46
yoy,Fcst Inc Cases is not positive,Fed Coop,NA-FED CO-OP,2025,2025,TDHBCAP-5/8,HB CAPPUCCINO 5/8CT,000IFA1DM,Closed,0.0,2025-10-05,2025-12-11,DR 2025 - 2026-10-02 (EXCEXP_TLS_000JJKSK3).xlsx,Rebates,2717,TD LTO Prepacks WK 46
yoy,Fcst Inc Cases is not positive,Fed Coop,NA-FED CO-OP,2025,2025,TDHBCAP-5/8,HB CAPPUCCINO 5/8CT,000IFA1DM,Closed,0.0,2025-10-05,2025-12-11,DR 2025 - 2026-10-02 (EXCEXP_TLS_000JJKSK3).xlsx,Rebates,2718,TD LTO Prepacks WK 46
yoy,Fcst Inc Cases is not positive,Fed Coop,NA-FED CO-OP,2025,2025,TDSSTA-5/14,SS TASSIMO 5/14CT,000HQ6TXX,Closed,0.0,2025-12-04,2025-12-31,DR 2025 - 2026-10-02 (EXCEXP_TLS_000JJKSK3).xlsx,Rebates,2721,TD Price Drop wk 50 CHILI & TASSIMO
yoy,Fcst Inc Cases is not positive,Fed Coop,NA-FED CO-OP,2025,2025,TDSHSP-12/540,SOUPS 12/540ML,000HJEBXI,Closed,0.0,2025-12-04,2025-12-31,DR 2025 - 2026-10-02 (EXCEXP_TLS_000JJKSK3).xlsx,Rebates,2742,TD WK 46-1 FESTIVE - Soups
yoy,Fcst Inc Cases is not positive,FKK Wholesale,NA-FKK WHSL,2025,2025,TDSHSP-12/540,SOUPS 12/540ML,000IXDCIY,Closed,0.0,2025-12-08,2025-12-15,DR 2025 - 2026-10-02 (EXCEXP_TLS_000JJKSK3).xlsx,Rebates,2744,TD - FKK Wholesaler bulk buy OI
yoy,Fcst Inc Cases is not positive,FKK Wholesale,NA-FKK WHSL,2025,2025,TDHBHC-12/500,HB HOT CHOCOLATE 12/500GR,000IXDCIY,Closed,0.0,2025-12-08,2025-12-15,DR 2025 - 2026-10-02 (EXCEXP_TLS_000JJKSK3).xlsx,Rebates,2745,TD - FKK Wholesaler bulk buy OI
yoy,Fcst Inc Cases is not positive,Giant Tiger,NA-GIANT TIGER,2025,2025,TDSSKC-6/12,SS KCOMP 6/12CT,000HMGM8G,Closed,0.0,2025-01-01,2025-01-31,DR 2025 - 2026-10-02 (EXCEXP_TLS_000JJKSK3).xlsx,Rebates,2751,TD Giant Tiger Monthly promotion
yoy,Fcst Inc Cases is not positive,Giant Tiger,NA-GIANT TIGER,2025,2025,TDSSKC-6/10,SS KCOMP 6/10CT,000HMGM8G,Closed,0.0,2025-01-01,2025-01-31,DR 2025 - 2026-10-02 (EXCEXP_TLS_000JJKSK3).xlsx,Rebates,2752,TD Giant Tiger Monthly promotion
yoy,Fcst Inc Cases is not positive,Giant Tiger,NA-GIANT TIGER,2025,2025,TDSSKC-4/30,SS KCOMP 4/30CT,000HMGM8G,Closed,0.0,2025-01-01,2025-01-31,DR 2025 - 2026-10-02 (EXCEXP_TLS_000JJKSK3).xlsx,Rebates,2753,TD Giant Tiger Monthly promotion
yoy,Fcst Inc Cases is not positive,Giant Tiger,NA-GIANT TIGER,2025,2025,TDRGSB-6/300,R&G SMALL BAG 6/300GR,000HMGM8G,Closed,0.0,2025-01-01,2025-01-31,DR 2025 - 2026-10-02 (EXCEXP_TLS_000JJKSK3).xlsx,Rebates,2754,TD Giant Tiger Monthly promotion
yoy,Fcst Inc Cases is not positive,Giant Tiger,NA-GIANT TIGER,2025,2025,TDRGSB-6/283,R&G SMALL BAG 6/283GR,000HMGM8G,Closed,0.0,2025-01-01,2025-01-31,DR 2025 - 2026-10-02 (EXCEXP_TLS_000JJKSK3).xlsx,Rebates,2755,TD Giant Tiger Monthly promotion
yoy,Fcst Inc Cases is not positive,Giant Tiger,NA-GIANT TIGER,2025,2025,TDRGLC-6/930,R&G LARGE CAN 6/930GR,000HMGM8G,Closed,0.0,2025-01-01,2025-01-31,DR 2025 - 2026-10-02 (EXCEXP_TLS_000JJKSK3).xlsx,Rebates,2756,TD Giant Tiger Monthly promotion
yoy,Fcst Inc Cases is not positive,Giant Tiger,NA-GIANT TIGER,2025,2025,TDIC-12/100,INSTANT COFFEE 12/100GR,000HMGM8G,Closed,0.0,2025-01-01,2025-01-31,DR 2025 - 2026-10-02 (EXCEXP_TLS_000JJKSK3).xlsx,Rebates,2757,TD Giant Tiger Monthly promotion
yoy,Fcst Inc Cases is not positive,Giant Tiger,NA-GIANT TIGER,2025,2025,TDSHHB-12/425,HOT BOWLS 12/425GR,000HJE1AV,Closed,0.0,2025-01-01,2025-06-09,DR 2025 - 2026-10-02 (EXCEXP_TLS_000JJKSK3).xlsx,Rebates,2759,TD GT East/West cost Gap Chili
yoy,Fcst Inc Cases is not positive,Giant Tiger,NA-GIANT TIGER,2025,2025,TDL,TDL CAN,000HJE7G6,Closed,0.0,2025-01-01,2025-12-28,DR 2025 - 2026-10-02 (EXCEXP_TLS_000JJKSK3).xlsx,Rebates,2761,TD - PLANO MTNCE FEES
yoy,Fcst Inc Cases is not positive,Giant Tiger,NA-GIANT TIGER,2025,2025,TDSHSP-12/540,SOUPS 12/540ML,000HJD1BG,Closed,0.0,2025-01-01,2025-12-30,DR 2025 - 2026-10-02 (EXCEXP_TLS_000JJKSK3).xlsx,Rebates,2763,TD GT East/West cost Gap Soup
yoy,Fcst Inc Cases is not positive,Giant Tiger,NA-GIANT TIGER,2025,2025,TDSHSP-12/400,SOUPS 12/400ML,000HJD1BG,Closed,0.0,2025-01-01,2025-12-30,DR 2025 - 2026-10-02 (EXCEXP_TLS_000JJKSK3).xlsx,Rebates,2764,TD GT East/West cost Gap Soup
yoy,Fcst Inc Cases is not positive,Giant Tiger,NA-GIANT TIGER,2025,2025,TDHBHC-12/450,HB HOT CHOCOLATE 12/450GR,000HJEE0N,Closed,0.0,2025-02-12,2025-02-18,DR 2025 - 2026-10-02 (EXCEXP_TLS_000JJKSK3).xlsx,Rebates,2780,TD GT FEB ISF
yoy,Fcst Inc Cases is not positive,Giant Tiger,NA-GIANT TIGER,2025,2025,TDSSKC-6/12,SS KCOMP 6/12CT,000HMWXR3,Closed,0.0,2025-02-01,2025-02-28,DR 2025 - 2026-10-02 (EXCEXP_TLS_000JJKSK3).xlsx,Rebates,2782,TD Giant Tiger Monthly promotion
yoy,Fcst Inc Cases is not positive,Giant Tiger,NA-GIANT TIGER,2025,2025,TDSSKC-6/10,SS KCOMP 6/10CT,000HMWXR3,Closed,0.0,2025-02-01,2025-02-28,DR 2025 - 2026-10-02 (EXCEXP_TLS_000JJKSK3).xlsx,Rebates,2783,TD Giant Tiger Monthly promotion
yoy,Fcst Inc Cases is not positive,Giant Tiger,NA-GIANT TIGER,2025,2025,TDSSKC-4/30,SS KCOMP 4/30CT,000HMWXR3,Closed,0.0,2025-02-01,2025-02-28,DR 2025 - 2026-10-02 (EXCEXP_TLS_000JJKSK3).xlsx,Rebates,2784,TD Giant Tiger Monthly promotion
yoy,Fcst Inc Cases is not positive,Giant Tiger,NA-GIANT TIGER,2025,2025,TDRGSB-6/300,R&G SMALL BAG 6/300GR,000HMWXR3,Closed,0.0,2025-02-01,2025-02-28,DR 2025 - 2026-10-02 (EXCEXP_TLS_000JJKSK3).xlsx,Rebates,2785,TD Giant Tiger Monthly promotion
yoy,Fcst Inc Cases is not positive,Giant Tiger,NA-GIANT TIGER,2025,2025,TDRGLC-6/930,R&G LARGE CAN 6/930GR,000HMWXR3,Closed,0.0,2025-02-01,2025-02-28,DR 2025 - 2026-10-02 (EXCEXP_TLS_000JJKSK3).xlsx,Rebates,2786,TD Giant Tiger Monthly promotion
yoy,Fcst Inc Cases is not positive,Giant Tiger,NA-GIANT TIGER,2025,2025,TDIC-12/100,INSTANT COFFEE 12/100GR,000HMWXR3,Closed,0.0,2025-02-01,2025-02-28,DR 2025 - 2026-10-02 (EXCEXP_TLS_000JJKSK3).xlsx,Rebates,2787,TD Giant Tiger Monthly promotion
yoy,Fcst Inc Cases is not positive,Giant Tiger,NA-GIANT TIGER,2025,2025,TDSSKC-6/12,SS KCOMP 6/12CT,000I22UFC,Closed,0.0,2025-02-03,2025-03-31,DR 2025 - 2026-10-02 (EXCEXP_TLS_000JJKSK3).xlsx,Rebates,2791,TD GIANT TIGER PRICE INCREASE PROTECTION
yoy,Fcst Inc Cases is not positive,Giant Tiger,NA-GIANT TIGER,2025,2025,TDSSKC-6/10,SS KCOMP 6/10CT,000I22UFC,Closed,0.0,2025-02-03,2025-03-31,DR 2025 - 2026-10-02 (EXCEXP_TLS_000JJKSK3).xlsx,Rebates,2792,TD GIANT TIGER PRICE INCREASE PROTECTION
yoy,Fcst Inc Cases is not positive,Giant Tiger,NA-GIANT TIGER,2025,2025,TDSSKC-4/30,SS KCOMP 4/30CT,000I22UFC,Closed,0.0,2025-02-03,2025-03-31,DR 2025 - 2026-10-02 (EXCEXP_TLS_000JJKSK3).xlsx,Rebates,2793,TD GIANT TIGER PRICE INCREASE PROTECTION
yoy,Fcst Inc Cases is not positive,Giant Tiger,NA-GIANT TIGER,2025,2025,TDRGSB-6/300,R&G SMALL BAG 6/300GR,000I22UFC,Closed,0.0,2025-02-03,2025-03-31,DR 2025 - 2026-10-02 (EXCEXP_TLS_000JJKSK3).xlsx,Rebates,2794,TD GIANT TIGER PRICE INCREASE PROTECTION
yoy,Fcst Inc Cases is not positive,Giant Tiger,NA-GIANT TIGER,2025,2025,TDRGLC-6/930,R&G LARGE CAN 6/930GR,000I22UFC,Closed,0.0,2025-02-03,2025-03-31,DR 2025 - 2026-10-02 (EXCEXP_TLS_000JJKSK3).xlsx,Rebates,2795,TD GIANT TIGER PRICE INCREASE PROTECTION
yoy,Fcst Inc Cases is not positive,Giant Tiger,NA-GIANT TIGER,2025,2025,TDIC-12/100,INSTANT COFFEE 12/100GR,000I22UFC,Closed,0.0,2025-02-03,2025-03-31,DR 2025 - 2026-10-02 (EXCEXP_TLS_000JJKSK3).xlsx,Rebates,2796,TD GIANT TIGER PRICE INCREASE PROTECTION
yoy,Fcst Inc Cases is not positive,Giant Tiger,NA-GIANT TIGER,2025,2025,TDHBHC-5/8,HB HOT CHOCOLATE 5/8CT,000I22UFC,Closed,0.0,2025-02-03,2025-03-31,DR 2025 - 2026-10-02 (EXCEXP_TLS_000JJKSK3).xlsx,Rebates,2797,TD GIANT TIGER PRICE INCREASE PROTECTION
yoy,Fcst Inc Cases is not positive,Giant Tiger,NA-GIANT TIGER,2025,2025,TDHBHC-12/500,HB HOT CHOCOLATE 12/500GR,000I22UFC,Closed,0.0,2025-02-03,2025-03-31,DR 2025 - 2026-10-02 (EXCEXP_TLS_000JJKSK3).xlsx,Rebates,2798,TD GIANT TIGER PRICE INCREASE PROTECTION
yoy,Fcst Inc Cases is not positive,Giant Tiger,NA-GIANT TIGER,2025,2025,TDHBCAP-5/8,HB CAPPUCCINO 5/8CT,000I22UFC,Closed,0.0,2025-02-03,2025-03-31,DR 2025 - 2026-10-02 (EXCEXP_TLS_000JJKSK3).xlsx,Rebates,2799,TD GIANT TIGER PRICE INCREASE PROTECTION
yoy,Fcst Inc Cases is not positive,Giant Tiger,NA-GIANT TIGER,2025,2025,TDHBCAP-12/343,HB CAPPUCCINO 12/454GR,000I22UFC,Closed,0.0,2025-02-03,2025-03-31,DR 2025 - 2026-10-02 (EXCEXP_TLS_000JJKSK3).xlsx,Rebates,2800,TD GIANT TIGER PRICE INCREASE PROTECTION
yoy,Fcst Inc Cases is not positive,Giant Tiger,NA-GIANT TIGER,2025,2025,TDSSKC-6/12,SS KCOMP 6/12CT,000HMWXS0,Closed,0.0,2025-03-01,2025-03-31,DR 2025 - 2026-10-02 (EXCEXP_TLS_000JJKSK3).xlsx,Rebates,2809,TD Giant Tiger Monthly promotion
yoy,Fcst Inc Cases is not positive,Giant Tiger,NA-GIANT TIGER,2025,2025,TDSSKC-6/10,SS KCOMP 6/10CT,000HMWXS0,Closed,0.0,2025-03-01,2025-03-31,DR 2025 - 2026-10-02 (EXCEXP_TLS_000JJKSK3).xlsx,Rebates,2810,TD Giant Tiger Monthly promotion
yoy,Fcst Inc Cases is not positive,Giant Tiger,NA-GIANT TIGER,2025,2025,TDSSKC-4/30,SS KCOMP 4/30CT,000HMWXS0,Closed,0.0,2025-03-01,2025-03-31,DR 2025 - 2026-10-02 (EXCEXP_TLS_000JJKSK3).xlsx,Rebates,2811,TD Giant Tiger Monthly promotion
yoy,Fcst Inc Cases is not positive,Giant Tiger,NA-GIANT TIGER,2025,2025,TDRGSB-6/300,R&G SMALL BAG 6/300GR,000HMWXS0,Closed,0.0,2025-03-01,2025-03-31,DR 2025 - 2026-10-02 (EXCEXP_TLS_000JJKSK3).xlsx,Rebates,2812,TD Giant Tiger Monthly promotion
yoy,Fcst Inc Cases is not positive,Giant Tiger,NA-GIANT TIGER,2025,2025,TDRGLC-6/930,R&G LARGE CAN 6/930GR,000HMWXS0,Closed,0.0,2025-03-01,2025-03-31,DR 2025 - 2026-10-02 (EXCEXP_TLS_000JJKSK3).xlsx,Rebates,2813,TD Giant Tiger Monthly promotion
yoy,Fcst Inc Cases is not positive,Giant Tiger,NA-GIANT TIGER,2025,2025,TDIC-12/100,INSTANT COFFEE 12/100GR,000HMWXS0,Closed,0.0,2025-03-01,2025-03-31,DR 2025 - 2026-10-02 (EXCEXP_TLS_000JJKSK3).xlsx,Rebates,2814,TD Giant Tiger Monthly promotion
yoy,Fcst Inc Cases is not positive,Giant Tiger,NA-GIANT TIGER,2025,2025,TDSSKC-6/12,SS KCOMP 6/12CT,000HJEDC0,Closed,0.0,2025-03-03,2025-04-06,DR 2025 - 2026-10-02 (EXCEXP_TLS_000JJKSK3).xlsx,Rebates,2816,TD GT HOT CHOCOLATE/SS KCOMP 6/12CT March ISF
yoy,Fcst Inc Cases is not positive,Giant Tiger,NA-GIANT TIGER,2025,2025,TDHBHC-12/450,HB HOT CHOCOLATE 12/450GR,000HJEDC0,Closed,0.0,2025-03-03,2025-04-06,DR 2025 - 2026-10-02 (EXCEXP_TLS_000JJKSK3).xlsx,Rebates,2821,TD GT HOT CHOCOLATE/SS KCOMP 6/12CT March ISF
yoy,Fcst Inc Cases is not positive,Giant Tiger,NA-GIANT TIGER,2025,2025,TDL,TDL CAN,000HMGM83,Closed,0.0,2025-03-05,2025-03-11,DR 2025 - 2026-10-02 (EXCEXP_TLS_000JJKSK3).xlsx,Rebates,2825,TD GT Roll up the Rim Digital Flyer
yoy,Fcst Inc Cases is not positive,Giant Tiger,NA-GIANT TIGER,2025,2025,TDSSKC-6/12,SS KCOMP 6/12CT,000HMWXT2,Closed,0.0,2025-04-01,2025-04-30,DR 2025 - 2026-10-02 (EXCEXP_TLS_000JJKSK3).xlsx,Rebates,2830,TD Giant Tiger Monthly promotion
yoy,Fcst Inc Cases is not positive,Giant Tiger,NA-GIANT TIGER,2025,2025,TDSSKC-6/10,SS KCOMP 6/10CT,000HMWXT2,Closed,0.0,2025-04-01,2025-04-30,DR 2025 - 2026-10-02 (EXCEXP_TLS_000JJKSK3).xlsx,Rebates,2831,TD Giant Tiger Monthly promotion
yoy,Fcst Inc Cases is not positive,Giant Tiger,NA-GIANT TIGER,2025,2025,TDSSKC-4/30,SS KCOMP 4/30CT,000HMWXT2,Closed,0.0,2025-04-01,2025-04-30,DR 2025 - 2026-10-02 (EXCEXP_TLS_000JJKSK3).xlsx,Rebates,2832,TD Giant Tiger Monthly promotion
yoy,Fcst Inc Cases is not positive,Giant Tiger,NA-GIANT TIGER,2025,2025,TDRGSB-6/300,R&G SMALL BAG 6/300GR,000HMWXT2,Closed,0.0,2025-04-01,2025-04-30,DR 2025 - 2026-10-02 (EXCEXP_TLS_000JJKSK3).xlsx,Rebates,2833,TD Giant Tiger Monthly promotion
yoy,Fcst Inc Cases is not positive,Giant Tiger,NA-GIANT TIGER,2025,2025,TDRGLC-6/930,R&G LARGE CAN 6/930GR,000HMWXT2,Closed,0.0,2025-04-01,2025-04-30,DR 2025 - 2026-10-02 (EXCEXP_TLS_000JJKSK3).xlsx,Rebates,2834,TD Giant Tiger Monthly promotion
yoy,Fcst Inc Cases is not positive,Giant Tiger,NA-GIANT TIGER,2025,2025,TDIC-12/100,INSTANT COFFEE 12/100GR,000HMWXT2,Closed,0.0,2025-04-01,2025-04-30,DR 2025 - 2026-10-02 (EXCEXP_TLS_000JJKSK3).xlsx,Rebates,2835,TD Giant Tiger Monthly promotion
yoy,Fcst Inc Cases is not positive,Giant Tiger,NA-GIANT TIGER,2025,2025,TDSSKC-6/12,SS KCOMP 6/12CT,000HMWXTS,Closed,0.0,2025-05-01,2025-05-31,DR 2025 - 2026-10-02 (EXCEXP_TLS_000JJKSK3).xlsx,Rebates,2847,TD Giant Tiger Monthly promotion
yoy,Fcst Inc Cases is not positive,Giant Tiger,NA-GIANT TIGER,2025,2025,TDSSKC-6/10,SS KCOMP 6/10CT,000HMWXTS,Closed,0.0,2025-05-01,2025-05-31,DR 2025 - 2026-10-02 (EXCEXP_TLS_000JJKSK3).xlsx,Rebates,2848,TD Giant Tiger Monthly promotion
yoy,Fcst Inc Cases is not positive,Giant Tiger,NA-GIANT TIGER,2025,2025,TDSSKC-4/30,SS KCOMP 4/30CT,000HMWXTS,Closed,0.0,2025-05-01,2025-05-31,DR 2025 - 2026-10-02 (EXCEXP_TLS_000JJKSK3).xlsx,Rebates,2849,TD Giant Tiger Monthly promotion
yoy,Fcst Inc Cases is not positive,Giant Tiger,NA-GIANT TIGER,2025,2025,TDRGSB-6/300,R&G SMALL BAG 6/300GR,000HMWXTS,Closed,0.0,2025-05-01,2025-05-31,DR 2025 - 2026-10-02 (EXCEXP_TLS_000JJKSK3).xlsx,Rebates,2850,TD Giant Tiger Monthly promotion
yoy,Fcst Inc Cases is not positive,Giant Tiger,NA-GIANT TIGER,2025,2025,TDRGLC-6/930,R&G LARGE CAN 6/930GR,000HMWXTS,Closed,0.0,2025-05-01,2025-05-31,DR 2025 - 2026-10-02 (EXCEXP_TLS_000JJKSK3).xlsx,Rebates,2851,TD Giant Tiger Monthly promotion
yoy,Fcst Inc Cases is not positive,Giant Tiger,NA-GIANT TIGER,2025,2025,TDIC-12/100,INSTANT COFFEE 12/100GR,000HMWXTS,Closed,0.0,2025-05-01,2025-05-31,DR 2025 - 2026-10-02 (EXCEXP_TLS_000JJKSK3).xlsx,Rebates,2852,TD Giant Tiger Monthly promotion
yoy,Fcst Inc Cases is not positive,Giant Tiger,NA-GIANT TIGER,2025,2025,TDSSKC-6/12,SS KCOMP 6/12CT,000HZ5PVM,Closed,0.0,2025-05-26,2025-06-30,DR 2025 - 2026-10-02 (EXCEXP_TLS_000JJKSK3).xlsx,Rebates,2854,TD GIANT TIGER PRICE INCREASE PROTECTION
yoy,Fcst Inc Cases is not positive,Giant Tiger,NA-GIANT TIGER,2025,2025,TDSSKC-6/10,SS KCOMP 6/10CT,000HZ5PVM,Closed,0.0,2025-05-26,2025-06-30,DR 2025 - 2026-10-02 (EXCEXP_TLS_000JJKSK3).xlsx,Rebates,2855,TD GIANT TIGER PRICE INCREASE PROTECTION
yoy,Fcst Inc Cases is not positive,Giant Tiger,NA-GIANT TIGER,2025,2025,TDSSKC-4/30,SS KCOMP 4/30CT,000HZ5PVM,Closed,0.0,2025-05-26,2025-06-30,DR 2025 - 2026-10-02 (EXCEXP_TLS_000JJKSK3).xlsx,Rebates,2856,TD GIANT TIGER PRICE INCREASE PROTECTION
yoy,Fcst Inc Cases is not positive,Giant Tiger,NA-GIANT TIGER,2025,2025,TDRGSB-6/300,R&G SMALL BAG 6/300GR,000HZ5PVM,Closed,0.0,2025-05-26,2025-06-30,DR 2025 - 2026-10-02 (EXCEXP_TLS_000JJKSK3).xlsx,Rebates,2857,TD GIANT TIGER PRICE INCREASE PROTECTION
yoy,Fcst Inc Cases is not positive,Giant Tiger,NA-GIANT TIGER,2025,2025,TDRGLC-6/930,R&G LARGE CAN 6/930GR,000HZ5PVM,Closed,0.0,2025-05-26,2025-06-30,DR 2025 - 2026-10-02 (EXCEXP_TLS_000JJKSK3).xlsx,Rebates,2858,TD GIANT TIGER PRICE INCREASE PROTECTION
yoy,Fcst Inc Cases is not positive,Giant Tiger,NA-GIANT TIGER,2025,2025,TDIC-12/100,INSTANT COFFEE 12/100GR,000HZ5PVM,Closed,0.0,2025-05-26,2025-06-30,DR 2025 - 2026-10-02 (EXCEXP_TLS_000JJKSK3).xlsx,Rebates,2859,TD GIANT TIGER PRICE INCREASE PROTECTION
yoy,Fcst Inc Cases is not positive,Giant Tiger,NA-GIANT TIGER,2025,2025,TDHBHC-5/8,HB HOT CHOCOLATE 5/8CT,000HZ5PVM,Closed,0.0,2025-05-26,2025-06-30,DR 2025 - 2026-10-02 (EXCEXP_TLS_000JJKSK3).xlsx,Rebates,2860,TD GIANT TIGER PRICE INCREASE PROTECTION
yoy,Fcst Inc Cases is not positive,Giant Tiger,NA-GIANT TIGER,2025,2025,TDHBHC-12/500,HB HOT CHOCOLATE 12/500GR,000HZ5PVM,Closed,0.0,2025-05-26,2025-06-30,DR 2025 - 2026-10-02 (EXCEXP_TLS_000JJKSK3).xlsx,Rebates,2861,TD GIANT TIGER PRICE INCREASE PROTECTION
yoy,Fcst Inc Cases is not positive,Giant Tiger,NA-GIANT TIGER,2025,2025,TDHBCAP-5/8,HB CAPPUCCINO 5/8CT,000HZ5PVM,Closed,0.0,2025-05-26,2025-06-30,DR 2025 - 2026-10-02 (EXCEXP_TLS_000JJKSK3).xlsx,Rebates,2862,TD GIANT TIGER PRICE INCREASE PROTECTION
yoy,Fcst Inc Cases is not positive,Giant Tiger,NA-GIANT TIGER,2025,2025,TDHBCAP-12/343,HB CAPPUCCINO 12/454GR,000HZ5PVM,Closed,0.0,2025-05-26,2025-06-30,DR 2025 - 2026-10-02 (EXCEXP_TLS_000JJKSK3).xlsx,Rebates,2863,TD GIANT TIGER PRICE INCREASE PROTECTION
yoy,Fcst Inc Cases is not positive,Giant Tiger,NA-GIANT TIGER,2025,2025,TDSHSP-12/400,SOUPS 12/400ML,000HJEE1G,Closed,0.0,2025-06-11,2025-06-17,DR 2025 - 2026-10-02 (EXCEXP_TLS_000JJKSK3).xlsx,Rebates,2866,TD SOUP FLYER JUNE FLYER
yoy,Fcst Inc Cases is not positive,Giant Tiger,NA-GIANT TIGER,2025,2025,TDSSKC-6/12,SS KCOMP 6/12CT,000HMWXUI,Closed,0.0,2025-06-01,2025-07-05,DR 2025 - 2026-10-02 (EXCEXP_TLS_000JJKSK3).xlsx,Rebates,2868,TD Giant Tiger Monthly promotion
yoy,Fcst Inc Cases is not positive,Giant Tiger,NA-GIANT TIGER,2025,2025,TDSSKC-6/10,SS KCOMP 6/10CT,000HMWXUI,Closed,0.0,2025-06-01,2025-07-05,DR 2025 - 2026-10-02 (EXCEXP_TLS_000JJKSK3).xlsx,Rebates,2869,TD Giant Tiger Monthly promotion
yoy,Fcst Inc Cases is not positive,Giant Tiger,NA-GIANT TIGER,2025,2025,TDSSKC-4/30,SS KCOMP 4/30CT,000HMWXUI,Closed,0.0,2025-06-01,2025-07-05,DR 2025 - 2026-10-02 (EXCEXP_TLS_000JJKSK3).xlsx,Rebates,2870,TD Giant Tiger Monthly promotion
yoy,Fcst Inc Cases is not positive,Giant Tiger,NA-GIANT TIGER,2025,2025,TDRGSB-6/300,R&G SMALL BAG 6/300GR,000HMWXUI,Closed,0.0,2025-06-01,2025-07-05,DR 2025 - 2026-10-02 (EXCEXP_TLS_000JJKSK3).xlsx,Rebates,2871,TD Giant Tiger Monthly promotion
yoy,Fcst Inc Cases is not positive,Giant Tiger,NA-GIANT TIGER,2025,2025,TDRGLC-6/930,R&G LARGE CAN 6/930GR,000HMWXUI,Closed,0.0,2025-06-01,2025-07-05,DR 2025 - 2026-10-02 (EXCEXP_TLS_000JJKSK3).xlsx,Rebates,2872,TD Giant Tiger Monthly promotion
yoy,Fcst Inc Cases is not positive,Giant Tiger,NA-GIANT TIGER,2025,2025,TDIC-12/100,INSTANT COFFEE 12/100GR,000HMWXUI,Closed,0.0,2025-06-01,2025-07-05,DR 2025 - 2026-10-02 (EXCEXP_TLS_000JJKSK3).xlsx,Rebates,2873,TD Giant Tiger Monthly promotion
yoy,Fcst Inc Cases is not positive,Giant Tiger,NA-GIANT TIGER,2025,2025,TDSHHB-12/425,HOT BOWLS 12/425GR,000IDO9GH,Closed,0.0,2025-06-09,2025-12-31,DR 2025 - 2026-10-02 (EXCEXP_TLS_000JJKSK3).xlsx,Rebates,2875,TD GT East/West cost Gap Chili
yoy,Fcst Inc Cases is not positive,Giant Tiger,NA-GIANT TIGER,2025,2025,TDSSKC-6/12,SS KCOMP 6/12CT,000HMWXV8,Closed,0.0,2025-07-05,2025-07-31,DR 2025 - 2026-10-02 (EXCEXP_TLS_000JJKSK3).xlsx,Rebates,2886,TD Giant Tiger Monthly promotion
yoy,Fcst Inc Cases is not positive,Giant Tiger,NA-GIANT TIGER,2025,2025,TDSSKC-6/10,SS KCOMP 6/10CT,000HMWXV8,Closed,0.0,2025-07-05,2025-07-31,DR 2025 - 2026-10-02 (EXCEXP_TLS_000JJKSK3).xlsx,Rebates,2887,TD Giant Tiger Monthly promotion
yoy,Fcst Inc Cases is not positive,Giant Tiger,NA-GIANT TIGER,2025,2025,TDSSKC-4/30,SS KCOMP 4/30CT,000HMWXV8,Closed,0.0,2025-07-05,2025-07-31,DR 2025 - 2026-10-02 (EXCEXP_TLS_000JJKSK3).xlsx,Rebates,2888,TD Giant Tiger Monthly promotion
yoy,Fcst Inc Cases is not positive,Giant Tiger,NA-GIANT TIGER,2025,2025,TDRGSB-6/300,R&G SMALL BAG 6/300GR,000HMWXV8,Closed,0.0,2025-07-05,2025-07-31,DR 2025 - 2026-10-02 (EXCEXP_TLS_000JJKSK3).xlsx,Rebates,2889,TD Giant Tiger Monthly promotion
yoy,Fcst Inc Cases is not positive,Giant Tiger,NA-GIANT TIGER,2025,2025,TDRGLC-6/930,R&G LARGE CAN 6/930GR,000HMWXV8,Closed,0.0,2025-07-05,2025-07-31,DR 2025 - 2026-10-02 (EXCEXP_TLS_000JJKSK3).xlsx,Rebates,2890,TD Giant Tiger Monthly promotion
yoy,Fcst Inc Cases is not positive,Giant Tiger,NA-GIANT TIGER,2025,2025,TDIC-12/100,INSTANT COFFEE 12/100GR,000HMWXV8,Closed,0.0,2025-07-05,2025-07-31,DR 2025 - 2026-10-02 (EXCEXP_TLS_000JJKSK3).xlsx,Rebates,2891,TD Giant Tiger Monthly promotion
yoy,Fcst Inc Cases is not positive,Giant Tiger,NA-GIANT TIGER,2025,2025,TDSSKC-6/12,SS KCOMP 6/12CT,000HMWXVY,Closed,0.0,2025-08-01,2025-08-31,DR 2025 - 2026-10-02 (EXCEXP_TLS_000JJKSK3).xlsx,Rebates,2900,TD Giant Tiger Monthly promotion
yoy,Fcst Inc Cases is not positive,Giant Tiger,NA-GIANT TIGER,2025,2025,TDSSKC-6/10,SS KCOMP 6/10CT,000HMWXVY,Closed,0.0,2025-08-01,2025-08-31,DR 2025 - 2026-10-02 (EXCEXP_TLS_000JJKSK3).xlsx,Rebates,2901,TD Giant Tiger Monthly promotion
yoy,Fcst Inc Cases is not positive,Giant Tiger,NA-GIANT TIGER,2025,2025,TDSSKC-4/30,SS KCOMP 4/30CT,000HMWXVY,Closed,0.0,2025-08-01,2025-08-31,DR 2025 - 2026-10-02 (EXCEXP_TLS_000JJKSK3).xlsx,Rebates,2902,TD Giant Tiger Monthly promotion
yoy,Fcst Inc Cases is not positive,Giant Tiger,NA-GIANT TIGER,2025,2025,TDRGSB-6/300,R&G SMALL BAG 6/300GR,000HMWXVY,Closed,0.0,2025-08-01,2025-08-31,DR 2025 - 2026-10-02 (EXCEXP_TLS_000JJKSK3).xlsx,Rebates,2903,TD Giant Tiger Monthly promotion
yoy,Fcst Inc Cases is not positive,Giant Tiger,NA-GIANT TIGER,2025,2025,TDRGLC-6/930,R&G LARGE CAN 6/930GR,000HMWXVY,Closed,0.0,2025-08-01,2025-08-31,DR 2025 - 2026-10-02 (EXCEXP_TLS_000JJKSK3).xlsx,Rebates,2904,TD Giant Tiger Monthly promotion
yoy,Fcst Inc Cases is not positive,Giant Tiger,NA-GIANT TIGER,2025,2025,TDIC-12/100,INSTANT COFFEE 12/100GR,000HMWXVY,Closed,0.0,2025-08-01,2025-08-31,DR 2025 - 2026-10-02 (EXCEXP_TLS_000JJKSK3).xlsx,Rebates,2905,TD Giant Tiger Monthly promotion
yoy,Fcst Inc Cases is not positive,Giant Tiger,NA-GIANT TIGER,2025,2025,TDSHSP-12/400,SOUPS 12/400ML,000IEWAMP,Closed,0.0,2025-09-17,2025-09-23,DR 2025 - 2026-10-02 (EXCEXP_TLS_000JJKSK3).xlsx,Rebates,2908,TD Soup September Flyer
yoy,Fcst Inc Cases is not positive,Giant Tiger,NA-GIANT TIGER,2025,2025,TDSSKC-6/12,SS KCOMP 6/12CT,000HMXUQM,Closed,0.0,2025-09-01,2025-09-30,DR 2025 - 2026-10-02 (EXCEXP_TLS_000JJKSK3).xlsx,Rebates,2913,TD Giant Tiger Monthly promotion
yoy,Fcst Inc Cases is not positive,Giant Tiger,NA-GIANT TIGER,2025,2025,TDSSKC-6/10,SS KCOMP 6/10CT,000HMXUQM,Closed,0.0,2025-09-01,2025-09-30,DR 2025 - 2026-10-02 (EXCEXP_TLS_000JJKSK3).xlsx,Rebates,2914,TD Giant Tiger Monthly promotion
yoy,Fcst Inc Cases is not positive,Giant Tiger,NA-GIANT TIGER,2025,2025,TDSSKC-4/30,SS KCOMP 4/30CT,000HMXUQM,Closed,0.0,2025-09-01,2025-09-30,DR 2025 - 2026-10-02 (EXCEXP_TLS_000JJKSK3).xlsx,Rebates,2915,TD Giant Tiger Monthly promotion
yoy,Fcst Inc Cases is not positive,Giant Tiger,NA-GIANT TIGER,2025,2025,TDRGSB-6/300,R&G SMALL BAG 6/300GR,000HMXUQM,Closed,0.0,2025-09-01,2025-09-30,DR 2025 - 2026-10-02 (EXCEXP_TLS_000JJKSK3).xlsx,Rebates,2916,TD Giant Tiger Monthly promotion
yoy,Fcst Inc Cases is not positive,Giant Tiger,NA-GIANT TIGER,2025,2025,TDRGLC-6/930,R&G LARGE CAN 6/930GR,000HMXUQM,Closed,0.0,2025-09-01,2025-09-30,DR 2025 - 2026-10-02 (EXCEXP_TLS_000JJKSK3).xlsx,Rebates,2917,TD Giant Tiger Monthly promotion
yoy,Fcst Inc Cases is not positive,Giant Tiger,NA-GIANT TIGER,2025,2025,TDIC-12/100,INSTANT COFFEE 12/100GR,000HMXUQM,Closed,0.0,2025-09-01,2025-09-30,DR 2025 - 2026-10-02 (EXCEXP_TLS_000JJKSK3).xlsx,Rebates,2918,TD Giant Tiger Monthly promotion
yoy,Fcst Inc Cases is not positive,Giant Tiger,NA-GIANT TIGER,2025,2025,6320923957,*TDL KCUP APPLE FRITTER SS 6/12 CT,000HMXUQM,Closed,0.0,2025-09-01,2025-09-30,DR 2025 - 2026-10-02 (EXCEXP_TLS_000JJKSK3).xlsx,Rebates,2919,TD Giant Tiger Monthly promotion
yoy,Fcst Inc Cases is not positive,Giant Tiger,NA-GIANT TIGER,2025,2025,TDSSKC-6/12,SS KCOMP 6/12CT,000HMXURC,Closed,0.0,2025-10-01,2025-11-02,DR 2025 - 2026-10-02 (EXCEXP_TLS_000JJKSK3).xlsx,Rebates,2931,TD Giant Tiger Monthly promotion
yoy,Fcst Inc Cases is not positive,Giant Tiger,NA-GIANT TIGER,2025,2025,TDSSKC-6/10,SS KCOMP 6/10CT,000HMXURC,Closed,0.0,2025-10-01,2025-11-02,DR 2025 - 2026-10-02 (EXCEXP_TLS_000JJKSK3).xlsx,Rebates,2932,TD Giant Tiger Monthly promotion
yoy,Fcst Inc Cases is not positive,Giant Tiger,NA-GIANT TIGER,2025,2025,TDSSKC-4/30,SS KCOMP 4/30CT,000HMXURC,Closed,0.0,2025-10-01,2025-11-02,DR 2025 - 2026-10-02 (EXCEXP_TLS_000JJKSK3).xlsx,Rebates,2933,TD Giant Tiger Monthly promotion
yoy,Fcst Inc Cases is not positive,Giant Tiger,NA-GIANT TIGER,2025,2025,TDRGSB-6/300,R&G SMALL BAG 6/300GR,000HMXURC,Closed,0.0,2025-10-01,2025-11-02,DR 2025 - 2026-10-02 (EXCEXP_TLS_000JJKSK3).xlsx,Rebates,2934,TD Giant Tiger Monthly promotion
yoy,Fcst Inc Cases is not positive,Giant Tiger,NA-GIANT TIGER,2025,2025,TDRGLC-6/930,R&G LARGE CAN 6/930GR,000HMXURC,Closed,0.0,2025-10-01,2025-11-02,DR 2025 - 2026-10-02 (EXCEXP_TLS_000JJKSK3).xlsx,Rebates,2935,TD Giant Tiger Monthly promotion
yoy,Fcst Inc Cases is not positive,Giant Tiger,NA-GIANT TIGER,2025,2025,TDIC-12/100,INSTANT COFFEE 12/100GR,000HMXURC,Closed,0.0,2025-10-01,2025-11-02,DR 2025 - 2026-10-02 (EXCEXP_TLS_000JJKSK3).xlsx,Rebates,2936,TD Giant Tiger Monthly promotion
yoy,Fcst Inc Cases is not positive,Giant Tiger,NA-GIANT TIGER,2025,2025,6320911393,TDL KCUP TEA SS 6/12 CT,000IIGRIT,Closed,0.0,2025-10-10,2025-11-04,DR 2025 - 2026-10-02 (EXCEXP_TLS_000JJKSK3).xlsx,Rebates,2938,TD Giant Tiger October ISF
yoy,Fcst Inc Cases is not positive,Giant Tiger,NA-GIANT TIGER,2025,2025,TDSSKC-6/12,SS KCOMP 6/12CT,000IIGRIT,Closed,0.0,2025-10-10,2025-11-04,DR 2025 - 2026-10-02 (EXCEXP_TLS_000JJKSK3).xlsx,Rebates,2939,TD Giant Tiger October ISF
yoy,Fcst Inc Cases is not positive,Giant Tiger,NA-GIANT TIGER,2025,2025,TDSSKC-6/10,SS KCOMP 6/10CT,000IIGRIT,Closed,0.0,2025-10-10,2025-11-04,DR 2025 - 2026-10-02 (EXCEXP_TLS_000JJKSK3).xlsx,Rebates,2940,TD Giant Tiger October ISF
yoy,Fcst Inc Cases is not positive,Giant Tiger,NA-GIANT TIGER,2025,2025,TDHBCAP-12/343,HB CAPPUCCINO 12/454GR,000IIGRIT,Closed,0.0,2025-10-10,2025-11-04,DR 2025 - 2026-10-02 (EXCEXP_TLS_000JJKSK3).xlsx,Rebates,2941,TD Giant Tiger October ISF
yoy,Fcst Inc Cases is not positive,Giant Tiger,NA-GIANT TIGER,2025,2025,TDHBHC-12/450,HB HOT CHOCOLATE 12/450GR,000INYWCI,Closed,0.0,2025-10-10,2025-10-16,DR 2025 - 2026-10-02 (EXCEXP_TLS_000JJKSK3).xlsx,Rebates,2944,TD GT Hot Chocolat October ISF
yoy,Fcst Inc Cases is not positive,Giant Tiger,NA-GIANT TIGER,2025,2025,TDSSKC-6/12,SS KCOMP 6/12CT,000HMXUS2,Closed,0.0,2025-11-01,2025-11-30,DR 2025 - 2026-10-02 (EXCEXP_TLS_000JJKSK3).xlsx,Rebates,2955,TD Giant Tiger Monthly promotion
yoy,Fcst Inc Cases is not positive,Giant Tiger,NA-GIANT TIGER,2025,2025,TDSSKC-6/10,SS KCOMP 6/10CT,000HMXUS2,Closed,0.0,2025-11-01,2025-11-30,DR 2025 - 2026-10-02 (EXCEXP_TLS_000JJKSK3).xlsx,Rebates,2956,TD Giant Tiger Monthly promotion
yoy,Fcst Inc Cases is not positive,Giant Tiger,NA-GIANT TIGER,2025,2025,TDSSKC-4/30,SS KCOMP 4/30CT,000HMXUS2,Closed,0.0,2025-11-01,2025-11-30,DR 2025 - 2026-10-02 (EXCEXP_TLS_000JJKSK3).xlsx,Rebates,2957,TD Giant Tiger Monthly promotion
yoy,Fcst Inc Cases is not positive,Giant Tiger,NA-GIANT TIGER,2025,2025,TDRGSB-6/300,R&G SMALL BAG 6/300GR,000HMXUS2,Closed,0.0,2025-11-01,2025-11-30,DR 2025 - 2026-10-02 (EXCEXP_TLS_000JJKSK3).xlsx,Rebates,2958,TD Giant Tiger Monthly promotion
yoy,Fcst Inc Cases is not positive,Giant Tiger,NA-GIANT TIGER,2025,2025,TDRGLC-6/930,R&G LARGE CAN 6/930GR,000HMXUS2,Closed,0.0,2025-11-01,2025-11-30,DR 2025 - 2026-10-02 (EXCEXP_TLS_000JJKSK3).xlsx,Rebates,2959,TD Giant Tiger Monthly promotion
yoy,Fcst Inc Cases is not positive,Giant Tiger,NA-GIANT TIGER,2025,2025,TDIC-12/100,INSTANT COFFEE 12/100GR,000HMXUS2,Closed,0.0,2025-11-01,2025-11-30,DR 2025 - 2026-10-02 (EXCEXP_TLS_000JJKSK3).xlsx,Rebates,2960,TD Giant Tiger Monthly promotion
yoy,Fcst Inc Cases is not positive,Giant Tiger,NA-GIANT TIGER,2025,2025,6320923343,TDL KCUP PUMPKIN SPICE SS 6/12 CT,000IHTSHJ,Closed,0.0,2025-12-01,2025-12-31,DR 2025 - 2026-10-02 (EXCEXP_TLS_000JJKSK3).xlsx,Rebates,2969,TD December Hot Chocolate Event
yoy,Fcst Inc Cases is not positive,Giant Tiger,NA-GIANT TIGER,2025,2025,6320923957,*TDL KCUP APPLE FRITTER SS 6/12 CT,000IHTSHJ,Closed,0.0,2025-12-01,2025-12-31,DR 2025 - 2026-10-02 (EXCEXP_TLS_000JJKSK3).xlsx,Rebates,2974,TD December Hot Chocolate Event
yoy,Fcst Inc Cases is not positive,Giant Tiger,NA-GIANT TIGER,2025,2025,TDSSKC-6/12,SS KCOMP 6/12CT,000HMXUSS,Closed,0.0,2025-12-01,2025-12-31,DR 2025 - 2026-10-02 (EXCEXP_TLS_000JJKSK3).xlsx,Rebates,2976,TD Giant Tiger Monthly promotion
yoy,Fcst Inc Cases is not positive,Giant Tiger,NA-GIANT TIGER,2025,2025,TDSSKC-6/10,SS KCOMP 6/10CT,000HMXUSS,Closed,0.0,2025-12-01,2025-12-31,DR 2025 - 2026-10-02 (EXCEXP_TLS_000JJKSK3).xlsx,Rebates,2977,TD Giant Tiger Monthly promotion
yoy,Fcst Inc Cases is not positive,Giant Tiger,NA-GIANT TIGER,2025,2025,TDSSKC-4/30,SS KCOMP 4/30CT,000HMXUSS,Closed,0.0,2025-12-01,2025-12-31,DR 2025 - 2026-10-02 (EXCEXP_TLS_000JJKSK3).xlsx,Rebates,2978,TD Giant Tiger Monthly promotion
yoy,Fcst Inc Cases is not positive,Giant Tiger,NA-GIANT TIGER,2025,2025,TDRGSB-6/300,R&G SMALL BAG 6/300GR,000HMXUSS,Closed,0.0,2025-12-01,2025-12-31,DR 2025 - 2026-10-02 (EXCEXP_TLS_000JJKSK3).xlsx,Rebates,2979,TD Giant Tiger Monthly promotion
yoy,Fcst Inc Cases is not positive,Giant Tiger,NA-GIANT TIGER,2025,2025,TDRGLC-6/930,R&G LARGE CAN 6/930GR,000HMXUSS,Closed,0.0,2025-12-01,2025-12-31,DR 2025 - 2026-10-02 (EXCEXP_TLS_000JJKSK3).xlsx,Rebates,2980,TD Giant Tiger Monthly promotion
yoy,Fcst Inc Cases is not positive,Giant Tiger,NA-GIANT TIGER,2025,2025,TDIC-12/100,INSTANT COFFEE 12/100GR,000HMXUSS,Closed,0.0,2025-12-01,2025-12-31,DR 2025 - 2026-10-02 (EXCEXP_TLS_000JJKSK3).xlsx,Rebates,2981,TD Giant Tiger Monthly promotion
yoy,Fcst Inc Cases is not positive,Giant Tiger,NA-GIANT TIGER,2025,2025,TDSHSP-12/540,SOUPS 12/540ML,000IV872F,Closed,0.0,2025-12-15,2025-12-31,DR 2025 - 2026-10-02 (EXCEXP_TLS_000JJKSK3).xlsx,Rebates,2983,TD GT January  SOUP Flyer
yoy,Fcst Inc Cases is not positive,Home Hardware,NA-HOME HARDWARE,2025,2025,TDSSKC-48/12,SS KCOMP 48/12CT,000HWGA43,Closed,0.0,2025-01-01,2025-12-31,DR 2025 - 2026-10-02 (EXCEXP_TLS_000JJKSK3).xlsx,Rebates,3001,TD HH LTO Display Allowance  OI
yoy,Fcst Inc Cases is not positive,Island Grocers,NA-ISLAND IND BG,2025,2025,TDRGLC-6/930,R&G LARGE CAN 6/930GR,000HJDD2S,Closed,0.0,2025-01-01,2025-01-07,DR 2025 - 2026-10-02 (EXCEXP_TLS_000JJKSK3).xlsx,Rebates,3003,TD - ISLAND SCANBACK 930G
yoy,Fcst Inc Cases is not positive,Island Grocers,NA-ISLAND IND BG,2025,2025,TDSSKC-6/12,SS KCOMP 6/12CT,000HJDIGO,Closed,0.0,2025-02-16,2025-02-23,DR 2025 - 2026-10-02 (EXCEXP_TLS_000JJKSK3).xlsx,Rebates,3005,TD IIBG Fyer Ad
yoy,Fcst Inc Cases is not positive,Island Grocers,NA-ISLAND IND BG,2025,2025,TDSHSP-12/540,SOUPS 12/540ML,000HJDIGO,Closed,0.0,2025-02-16,2025-02-23,DR 2025 - 2026-10-02 (EXCEXP_TLS_000JJKSK3).xlsx,Rebates,3006,TD IIBG Fyer Ad
yoy,Fcst Inc Cases is not positive,Island Grocers,NA-ISLAND IND BG,2025,2025,TDRGSB-6/300,R&G SMALL BAG 6/300GR,000HJDIGO,Closed,0.0,2025-02-16,2025-02-23,DR 2025 - 2026-10-02 (EXCEXP_TLS_000JJKSK3).xlsx,Rebates,3007,TD IIBG Fyer Ad
yoy,Fcst Inc Cases is not positive,Island Grocers,NA-ISLAND IND BG,2025,2025,TDSHHB-12/425,HOT BOWLS 12/425GR,000HJDIGO,Closed,0.0,2025-02-16,2025-02-23,DR 2025 - 2026-10-02 (EXCEXP_TLS_000JJKSK3).xlsx,Rebates,3008,TD IIBG Fyer Ad
yoy,Fcst Inc Cases is not positive,Island Grocers,NA-ISLAND IND BG,2025,2025,TDSHSP-12/540,SOUPS 12/540ML,000IAWEWG,Closed,0.0,2025-04-16,2025-04-17,DR 2025 - 2026-10-02 (EXCEXP_TLS_000JJKSK3).xlsx,Rebates,3010,TD Client Review - Soup Recall
yoy,Fcst Inc Cases is not positive,Island Grocers,NA-ISLAND IND BG,2025,2025,TDSSKC-6/12,SS KCOMP 6/12CT,000HJDDVL,Closed,0.0,2025-05-31,2025-06-29,DR 2025 - 2026-10-02 (EXCEXP_TLS_000JJKSK3).xlsx,Rebates,3016,TD IIBG Canada Day Tribute Ad Lump Sums 4 items
yoy,Fcst Inc Cases is not positive,Island Grocers,NA-ISLAND IND BG,2025,2025,TDSHSP-12/540,SOUPS 12/540ML,000HJDDVL,Closed,0.0,2025-05-31,2025-06-29,DR 2025 - 2026-10-02 (EXCEXP_TLS_000JJKSK3).xlsx,Rebates,3017,TD IIBG Canada Day Tribute Ad Lump Sums 4 items
yoy,Fcst Inc Cases is not positive,Island Grocers,NA-ISLAND IND BG,2025,2025,TDRGSB-6/300,R&G SMALL BAG 6/300GR,000HJDDVL,Closed,0.0,2025-05-31,2025-06-29,DR 2025 - 2026-10-02 (EXCEXP_TLS_000JJKSK3).xlsx,Rebates,3018,TD IIBG Canada Day Tribute Ad Lump Sums 4 items
yoy,Fcst Inc Cases is not positive,Island Grocers,NA-ISLAND IND BG,2025,2025,TDGB-12/5/30,GRANOLA BAR 12/5/30GR,000HJDDVL,Closed,0.0,2025-05-31,2025-06-29,DR 2025 - 2026-10-02 (EXCEXP_TLS_000JJKSK3).xlsx,Rebates,3019,TD IIBG Canada Day Tribute Ad Lump Sums 4 items
yoy,Product cannot be mapped to an MPG pack size,Island Grocers,NA-ISLAND IND BG,2025,2025,TDL,TDL CAN,000HJE60A,Closed,50.0,2025-10-14,2025-11-11,DR 2025 - 2026-10-02 (EXCEXP_TLS_000JJKSK3).xlsx,Rebates,3021,TD IIBG Anniversary Flyer - Oct 18 - Nov 15
yoy,Fcst Inc Cases is not positive,JB Hand,NA-J B HAND,2025,2025,TDSSKC-6/12,SS KCOMP 6/12CT,000HJDHQD,Closed,0.0,2025-06-01,2025-06-30,DR 2025 - 2026-10-02 (EXCEXP_TLS_000JJKSK3).xlsx,Rebates,3030,TD JB HAND - SPRING INTO SAVINGS EVENT
yoy,Fcst Inc Cases is not positive,JB Hand,NA-J B HAND,2025,2025,TDSSKC-4/30,SS KCOMP 4/30CT,000HJDHQD,Closed,0.0,2025-06-01,2025-06-30,DR 2025 - 2026-10-02 (EXCEXP_TLS_000JJKSK3).xlsx,Rebates,3031,TD JB HAND - SPRING INTO SAVINGS EVENT
yoy,Fcst Inc Cases is not positive,Jean Coutu,NA-JEAN COUTU,2025,2025,TDSSTA-5/14,SS TASSIMO 5/14CT,000I59DMV,Closed,0.0,2025-01-01,2025-01-06,DR 2025 - 2026-10-02 (EXCEXP_TLS_000JJKSK3).xlsx,Rebates,3033,TD JC Bags 12ct Tass. Dec/Jan EDLP PT2
yoy,Fcst Inc Cases is not positive,Jean Coutu,NA-JEAN COUTU,2025,2025,TDSSTA-5/14,SS TASSIMO 5/14CT,000I59DMV,Closed,0.0,2025-01-01,2025-01-06,DR 2025 - 2026-10-02 (EXCEXP_TLS_000JJKSK3).xlsx,Rebates,3034,TD JC Bags 12ct Tass. Dec/Jan EDLP PT2
yoy,Fcst Inc Cases is not positive,Jean Coutu,NA-JEAN COUTU,2025,2025,TDSSKC-6/12,SS KCOMP 6/12CT,000I59DMV,Closed,0.0,2025-01-01,2025-01-06,DR 2025 - 2026-10-02 (EXCEXP_TLS_000JJKSK3).xlsx,Rebates,3035,TD JC Bags 12ct Tass. Dec/Jan EDLP PT2
yoy,Fcst Inc Cases is not positive,Jean Coutu,NA-JEAN COUTU,2025,2025,TDRGSB-6/300,R&G SMALL BAG 6/300GR,000I59DMV,Closed,0.0,2025-01-01,2025-01-06,DR 2025 - 2026-10-02 (EXCEXP_TLS_000JJKSK3).xlsx,Rebates,3036,TD JC Bags 12ct Tass. Dec/Jan EDLP PT2
yoy,Fcst Inc Cases is not positive,Jean Coutu,NA-JEAN COUTU,2025,2025,TDSSTA-5/14,SS TASSIMO 5/14CT,000HJE6Q4,Closed,0.0,2025-01-08,2025-02-03,DR 2025 - 2026-10-02 (EXCEXP_TLS_000JJKSK3).xlsx,Rebates,3042,TD JC R&G 300g KCUP 12ct Tassimo Discs Jan 2025 Friendly pri
yoy,Fcst Inc Cases is not positive,Jean Coutu,NA-JEAN COUTU,2025,2025,TDSSTA-5/14,SS TASSIMO 5/14CT,000HJE63A,Closed,0.0,2025-03-05,2025-03-31,DR 2025 - 2026-10-02 (EXCEXP_TLS_000JJKSK3).xlsx,Rebates,3055,TD JC R&G 300g/ KCUP 12ct Tassimo Discs Mar 2025 Friendly pr
yoy,Fcst Inc Cases is not positive,Jean Coutu,NA-JEAN COUTU,2025,2025,TDSSTA-5/14,SS TASSIMO 5/14CT,000HJDN5P,Closed,0.0,2025-08-20,2025-09-15,DR 2025 - 2026-10-02 (EXCEXP_TLS_000JJKSK3).xlsx,Rebates,3085,TD JC R&G 300g KCUP 12ct Tassimo Discs Aug 2025 Friendly Pri
yoy,Fcst Inc Cases is not positive,Jean Coutu,NA-JEAN COUTU,2025,2025,TDIC-12/100,INSTANT COFFEE 12/100GR,000J9B41M,Closed,0.0,2025-12-01,2025-12-29,DR 2025 - 2026-10-02 (EXCEXP_TLS_000JJKSK3).xlsx,Rebates,3111,TD JC Instant coffee 100g
yoy,Fcst Inc Cases is not positive,Loblaw,NA-LOBLAWS,2025,2025,TDL,TDL CAN,000IEOOGW,Closed,0.0,2025-01-01,2025-01-01,DR 2025 - 2026-10-02 (EXCEXP_TLS_000JJKSK3).xlsx,Rebates,3113,"TD 2025 Unrecoverable Cancelled deals HB CAP/HC @0.95,KCOMP"
yoy,Fcst Inc Cases is not positive,Loblaw,NA-LOBLAWS,2025,2025,6320912131,TDL ORG/DR/COL KCUP SS 1/2 DRP 145/30 CT,000I4C94W,Closed,0.0,2025-01-01,2025-01-01,DR 2025 - 2026-10-02 (EXCEXP_TLS_000JJKSK3).xlsx,Rebates,3115,TD MAXI KCUP 30 LARGE CANS and INSTANT Wk 1 Flyer Pt2
yoy,Fcst Inc Cases is not positive,Loblaw,NA-LOBLAWS,2025,2025,6320909464,TDL COFFEE FINE/DARK HALF DRP 126/930GR,000I4C94W,Closed,0.0,2025-01-01,2025-01-01,DR 2025 - 2026-10-02 (EXCEXP_TLS_000JJKSK3).xlsx,Rebates,3116,TD MAXI KCUP 30 LARGE CANS and INSTANT Wk 1 Flyer Pt2
yoy,Fcst Inc Cases is not positive,Loblaw,NA-LOBLAWS,2025,2025,TDSSKCC-4/24,SS KCOMP CAP 4/24CT,000I4C94W,Closed,0.0,2025-01-01,2025-01-01,DR 2025 - 2026-10-02 (EXCEXP_TLS_000JJKSK3).xlsx,Rebates,3117,TD MAXI KCUP 30 LARGE CANS and INSTANT Wk 1 Flyer Pt2
yoy,Fcst Inc Cases is not positive,Loblaw,NA-LOBLAWS,2025,2025,TDSSKC-4/30,SS KCOMP 4/30CT,000I4C94W,Closed,0.0,2025-01-01,2025-01-01,DR 2025 - 2026-10-02 (EXCEXP_TLS_000JJKSK3).xlsx,Rebates,3118,TD MAXI KCUP 30 LARGE CANS and INSTANT Wk 1 Flyer Pt2
yoy,Fcst Inc Cases is not positive,Loblaw,NA-LOBLAWS,2025,2025,TDRGSC-6/640,R&G SMALL CAN 6/640GR,000I4C94W,Closed,0.0,2025-01-01,2025-01-01,DR 2025 - 2026-10-02 (EXCEXP_TLS_000JJKSK3).xlsx,Rebates,3119,TD MAXI KCUP 30 LARGE CANS and INSTANT Wk 1 Flyer Pt2
yoy,Fcst Inc Cases is not positive,Loblaw,NA-LOBLAWS,2025,2025,TDRGLC-6/930,R&G LARGE CAN 6/930GR,000I4C94W,Closed,0.0,2025-01-01,2025-01-01,DR 2025 - 2026-10-02 (EXCEXP_TLS_000JJKSK3).xlsx,Rebates,3120,TD MAXI KCUP 30 LARGE CANS and INSTANT Wk 1 Flyer Pt2
yoy,Fcst Inc Cases is not positive,Loblaw,NA-LOBLAWS,2025,2025,TDIC-12/100,INSTANT COFFEE 12/100GR,000I4C94W,Closed,0.0,2025-01-01,2025-01-01,DR 2025 - 2026-10-02 (EXCEXP_TLS_000JJKSK3).xlsx,Rebates,3121,TD MAXI KCUP 30 LARGE CANS and INSTANT Wk 1 Flyer Pt2
yoy,Fcst Inc Cases is not positive,Loblaw,NA-LOBLAWS,2025,2025,6320912139,TDL ORG/DR COFFEE DISPLAY 48/300 GR,000I4C93J,Closed,0.0,2025-01-01,2025-01-01,DR 2025 - 2026-10-02 (EXCEXP_TLS_000JJKSK3).xlsx,Rebates,3123,"TD MRKT wks 49-52  Tins, 30ct, 2lb bags Pt 2 (Jan 1st)"
yoy,Fcst Inc Cases is not positive,Loblaw,NA-LOBLAWS,2025,2025,6320909464,TDL COFFEE FINE/DARK HALF DRP 126/930GR,000I4C93J,Closed,0.0,2025-01-01,2025-01-01,DR 2025 - 2026-10-02 (EXCEXP_TLS_000JJKSK3).xlsx,Rebates,3124,"TD MRKT wks 49-52  Tins, 30ct, 2lb bags Pt 2 (Jan 1st)"
yoy,Fcst Inc Cases is not positive,Loblaw,NA-LOBLAWS,2025,2025,TDSSKCC-4/24,SS KCOMP CAP 4/24CT,000I4C93J,Closed,0.0,2025-01-01,2025-01-01,DR 2025 - 2026-10-02 (EXCEXP_TLS_000JJKSK3).xlsx,Rebates,3125,"TD MRKT wks 49-52  Tins, 30ct, 2lb bags Pt 2 (Jan 1st)"
yoy,Fcst Inc Cases is not positive,Loblaw,NA-LOBLAWS,2025,2025,TDSSKC-4/30,SS KCOMP 4/30CT,000I4C93J,Closed,0.0,2025-01-01,2025-01-01,DR 2025 - 2026-10-02 (EXCEXP_TLS_000JJKSK3).xlsx,Rebates,3126,"TD MRKT wks 49-52  Tins, 30ct, 2lb bags Pt 2 (Jan 1st)"
yoy,Fcst Inc Cases is not positive,Loblaw,NA-LOBLAWS,2025,2025,TDSSKC-16/30,SS KCOMP 16/30CT,000I4C93J,Closed,0.0,2025-01-01,2025-01-01,DR 2025 - 2026-10-02 (EXCEXP_TLS_000JJKSK3).xlsx,Rebates,3127,"TD MRKT wks 49-52  Tins, 30ct, 2lb bags Pt 2 (Jan 1st)"
yoy,Fcst Inc Cases is not positive,Loblaw,NA-LOBLAWS,2025,2025,TDRGSC-6/640,R&G SMALL CAN 6/640GR,000I4C93J,Closed,0.0,2025-01-01,2025-01-01,DR 2025 - 2026-10-02 (EXCEXP_TLS_000JJKSK3).xlsx,Rebates,3128,"TD MRKT wks 49-52  Tins, 30ct, 2lb bags Pt 2 (Jan 1st)"
yoy,Fcst Inc Cases is not positive,Loblaw,NA-LOBLAWS,2025,2025,TDRGSB-6/300,R&G SMALL BAG 6/300GR,000I4C93J,Closed,0.0,2025-01-01,2025-01-01,DR 2025 - 2026-10-02 (EXCEXP_TLS_000JJKSK3).xlsx,Rebates,3129,"TD MRKT wks 49-52  Tins, 30ct, 2lb bags Pt 2 (Jan 1st)"
yoy,Fcst Inc Cases is not positive,Loblaw,NA-LOBLAWS,2025,2025,TDRGSB-6/283,R&G SMALL BAG 6/283GR,000I4C93J,Closed,0.0,2025-01-01,2025-01-01,DR 2025 - 2026-10-02 (EXCEXP_TLS_000JJKSK3).xlsx,Rebates,3130,"TD MRKT wks 49-52  Tins, 30ct, 2lb bags Pt 2 (Jan 1st)"
yoy,Fcst Inc Cases is not positive,Loblaw,NA-LOBLAWS,2025,2025,TDRGLC-6/930,R&G LARGE CAN 6/930GR,000I4C93J,Closed,0.0,2025-01-01,2025-01-01,DR 2025 - 2026-10-02 (EXCEXP_TLS_000JJKSK3).xlsx,Rebates,3131,"TD MRKT wks 49-52  Tins, 30ct, 2lb bags Pt 2 (Jan 1st)"
yoy,Fcst Inc Cases is not positive,Loblaw,NA-LOBLAWS,2025,2025,TDSHSP-12/400,SOUPS 12/400ML,000HTQPE6,Closed,0.0,2025-01-01,2025-01-11,DR 2025 - 2026-10-02 (EXCEXP_TLS_000JJKSK3).xlsx,Rebates,3144,TD RCSS ON and West ISF SOUP and Chili ISF week 1-2 Pt 2
yoy,Fcst Inc Cases is not positive,Loblaw,NA-LOBLAWS,2025,2025,TDL,TDL CAN,000HRCL0I,Closed,0.0,2025-01-01,2025-03-31,DR 2025 - 2026-10-02 (EXCEXP_TLS_000JJKSK3).xlsx,Rebates,3158,TD - LCL PC PLUS POINTS - Mass Q1
yoy,Fcst Inc Cases is not positive,Loblaw,NA-LOBLAWS,2025,2025,TDL,TDL CAN,000IQQ3OL,Closed,0.0,2025-01-01,2025-05-31,DR 2025 - 2026-10-02 (EXCEXP_TLS_000JJKSK3).xlsx,Rebates,3160,TD Unrecoverable 2025 Wrong Rate - Feb
yoy,Fcst Inc Cases is not positive,Loblaw,NA-LOBLAWS,2025,2025,TDL,TDL CAN,000HRCL3F,Closed,0.0,2025-01-01,2025-11-30,DR 2025 - 2026-10-02 (EXCEXP_TLS_000JJKSK3).xlsx,Rebates,3162,TD - LCL PC PLUS POINTS - Targeted
yoy,Fcst Inc Cases is not positive,Loblaw,NA-LOBLAWS,2025,2025,TDHBHC-6/10,HB HOT CHOCOLATE 6/10CT,000HRCEY4,Closed,0.0,2025-01-09,2025-01-15,DR 2025 - 2026-10-02 (EXCEXP_TLS_000JJKSK3).xlsx,Rebates,3169,TD NF NAT wk 3 Flyer 12ctSS & 300gr bags
yoy,Fcst Inc Cases is not positive,Loblaw,NA-LOBLAWS,2025,2025,TDSSKC-4/48,SS KCOMP 4/48CT,000IHCUGR,Closed,0.0,2025-01-23,2025-01-29,DR 2025 - 2026-10-02 (EXCEXP_TLS_000JJKSK3).xlsx,Rebates,3181,TD MRKT WK 5 SS KCOMP 4/48CT
yoy,Fcst Inc Cases is not positive,Loblaw,NA-LOBLAWS,2025,2025,TDHBCAP-5/8,HB CAPPUCCINO 5/8CT,000HU8L2O,Closed,0.0,2025-01-23,2025-02-19,DR 2025 - 2026-10-02 (EXCEXP_TLS_000JJKSK3).xlsx,Rebates,3190,TD Maxi Wk 5-8 ISF HC Sachets
yoy,Fcst Inc Cases is not positive,Loblaw,NA-LOBLAWS,2025,2025,TDRGSB-6/300,R&G SMALL BAG 6/300GR,000HRCNKQ,Closed,0.0,2025-02-13,2025-03-12,DR 2025 - 2026-10-02 (EXCEXP_TLS_000JJKSK3).xlsx,Rebates,3233,TD NF NAT wk 8-11 12ctSS & 300gr bags
yoy,Fcst Inc Cases is not positive,Loblaw,NA-LOBLAWS,2025,2025,TDRGSB-6/300,R&G SMALL BAG 6/300GR,000HRCNKQ,Closed,0.0,2025-02-13,2025-03-12,DR 2025 - 2026-10-02 (EXCEXP_TLS_000JJKSK3).xlsx,Rebates,3234,TD NF NAT wk 8-11 12ctSS & 300gr bags
yoy,Fcst Inc Cases is not positive,Loblaw,NA-LOBLAWS,2025,2025,TDHBHC-6/10,HB HOT CHOCOLATE 6/10CT,000HRCNKQ,Closed,0.0,2025-02-13,2025-03-12,DR 2025 - 2026-10-02 (EXCEXP_TLS_000JJKSK3).xlsx,Rebates,3235,TD NF NAT wk 8-11 12ctSS & 300gr bags
yoy,Fcst Inc Cases is not positive,Loblaw,NA-LOBLAWS,2025,2025,TDHBHC240/500,HB HOT CHOCOLATE 240/500GR,000HZ5Q21,Closed,0.0,2025-02-20,2025-03-19,DR 2025 - 2026-10-02 (EXCEXP_TLS_000JJKSK3).xlsx,Rebates,3256,"TD MAXI WK 9-12 ISF KCUP 48CT, HC 500G, FVC 454G"
yoy,Fcst Inc Cases is not positive,Loblaw,NA-LOBLAWS,2025,2025,TDSHSP-24/284,SOUPS 24/284ML,000HRCK9H,Closed,0.0,2025-02-20,2025-03-20,DR 2025 - 2026-10-02 (EXCEXP_TLS_000JJKSK3).xlsx,Rebates,3263,TD SST ONT and West Week 9 Ad RUTW
yoy,Fcst Inc Cases is not positive,Loblaw,NA-LOBLAWS,2025,2025,TDSHSP-12/400,SOUPS 12/400ML,000HRCIGK,Closed,0.0,2025-02-27,2025-03-19,DR 2025 - 2026-10-02 (EXCEXP_TLS_000JJKSK3).xlsx,Rebates,3272,TD MRKT WEEK 10-12 AD 12CT 10 CT 300G BAGS RUTW
yoy,Fcst Inc Cases is not positive,Loblaw,NA-LOBLAWS,2025,2025,TDRGSB-48/300,R&G SMALL BAG 48/300GR,000HRCIGK,Closed,0.0,2025-02-27,2025-03-19,DR 2025 - 2026-10-02 (EXCEXP_TLS_000JJKSK3).xlsx,Rebates,3275,TD MRKT WEEK 10-12 AD 12CT 10 CT 300G BAGS RUTW
yoy,Fcst Inc Cases is not positive,Loblaw,NA-LOBLAWS,2025,2025,TDRGSB-48/300,R&G SMALL BAG 48/300GR,000HRCIGK,Closed,0.0,2025-02-27,2025-03-19,DR 2025 - 2026-10-02 (EXCEXP_TLS_000JJKSK3).xlsx,Rebates,3276,TD MRKT WEEK 10-12 AD 12CT 10 CT 300G BAGS RUTW
yoy,Fcst Inc Cases is not positive,Loblaw,NA-LOBLAWS,2025,2025,TDIC-12/100,INSTANT COFFEE 12/100GR,000HRCDCK,Closed,0.0,2025-02-27,2025-03-26,DR 2025 - 2026-10-02 (EXCEXP_TLS_000JJKSK3).xlsx,Rebates,3279,TD MRKT wks 10-13 Instant ISF
yoy,Fcst Inc Cases is not positive,Loblaw,NA-LOBLAWS,2025,2025,TDSSKC-6/10,SS KCOMP 6/10CT,000HZ6FKK,Closed,0.0,2025-02-27,2025-04-30,DR 2025 - 2026-10-02 (EXCEXP_TLS_000JJKSK3).xlsx,Rebates,3282,"TD MAXI WK 10, ISF WK 10-18 - KCUP 12S & 300G BAG"
yoy,Fcst Inc Cases is not positive,Loblaw,NA-LOBLAWS,2025,2025,TDHBHC-6/10,HB HOT CHOCOLATE 6/10CT,000HZ6FKK,Closed,0.0,2025-02-27,2025-04-30,DR 2025 - 2026-10-02 (EXCEXP_TLS_000JJKSK3).xlsx,Rebates,3284,"TD MAXI WK 10, ISF WK 10-18 - KCUP 12S & 300G BAG"
yoy,Fcst Inc Cases is not positive,Loblaw,NA-LOBLAWS,2025,2025,TDSHSP-24/284,SOUPS 24/284ML,000I2SQ1K,Closed,0.0,2025-03-06,2025-03-12,DR 2025 - 2026-10-02 (EXCEXP_TLS_000JJKSK3).xlsx,Rebates,3287,TD RCSS WK 11 HDRP CONDENSED SOUP
yoy,Fcst Inc Cases is not positive,Loblaw,NA-LOBLAWS,2025,2025,TDRGSB-6/300,R&G SMALL BAG 6/300GR,000IHCUF7,Closed,0.0,2025-03-06,2025-03-12,DR 2025 - 2026-10-02 (EXCEXP_TLS_000JJKSK3).xlsx,Rebates,3293,TD MRKT WEEK 11 AD 12CT 10 CT 300G BAGS RUTW
yoy,Fcst Inc Cases is not positive,Loblaw,NA-LOBLAWS,2025,2025,TDSSKCC-4/24,SS KCOMP CAP 4/24CT,000HZ5Q0G,Closed,0.0,2025-03-06,2025-03-12,DR 2025 - 2026-10-02 (EXCEXP_TLS_000JJKSK3).xlsx,Rebates,3303,TD NF WK 11 Flyer KCup 30ct & Large Can
yoy,Fcst Inc Cases is not positive,Loblaw,NA-LOBLAWS,2025,2025,TDRGSB-48/300,R&G SMALL BAG 48/300GR,000I55VXF,Closed,0.0,2025-03-13,2025-03-19,DR 2025 - 2026-10-02 (EXCEXP_TLS_000JJKSK3).xlsx,Rebates,3307,TD RCSS WK 12 FRONT END - PPK RUTW
yoy,Fcst Inc Cases is not positive,Loblaw,NA-LOBLAWS,2025,2025,TDL,TDL CAN,000I5D4UJ,Closed,0.0,2025-03-06,2025-03-12,DR 2025 - 2026-10-02 (EXCEXP_TLS_000JJKSK3).xlsx,Rebates,3312,TD LCL RCSS WK 11 PCO APP EXCLUSIVE OFFER
yoy,Fcst Inc Cases is not positive,Loblaw,NA-LOBLAWS,2025,2025,TDSHSP-24/284,SOUPS 24/284ML,000I4BYVB,Closed,0.0,2025-03-13,2025-03-19,DR 2025 - 2026-10-02 (EXCEXP_TLS_000JJKSK3).xlsx,Rebates,3317,TD RCSS WK 12 HDRP CONDENSED SOUP
yoy,Fcst Inc Cases is not positive,Loblaw,NA-LOBLAWS,2025,2025,TDIC-12/100,INSTANT COFFEE 12/100GR,000I0KULE,Closed,0.0,2025-03-13,2025-04-09,DR 2025 - 2026-10-02 (EXCEXP_TLS_000JJKSK3).xlsx,Rebates,3328,TD NF WK 12-15 ont & West Instant 100g
yoy,Fcst Inc Cases is not positive,Loblaw,NA-LOBLAWS,2025,2025,6320912131,TDL ORG/DR/COL KCUP SS 1/2 DRP 145/30 CT,000I2SQ1W,Closed,0.0,2025-03-20,2025-03-26,DR 2025 - 2026-10-02 (EXCEXP_TLS_000JJKSK3).xlsx,Rebates,3342,"TD MAXI WK 13 FLYER & DRP KCUP 30CT, LRG & SML CAN"
yoy,Fcst Inc Cases is not positive,Loblaw,NA-LOBLAWS,2025,2025,6320909464,TDL COFFEE FINE/DARK HALF DRP 126/930GR,000I2SQ1W,Closed,0.0,2025-03-20,2025-03-26,DR 2025 - 2026-10-02 (EXCEXP_TLS_000JJKSK3).xlsx,Rebates,3343,"TD MAXI WK 13 FLYER & DRP KCUP 30CT, LRG & SML CAN"
yoy,Fcst Inc Cases is not positive,Loblaw,NA-LOBLAWS,2025,2025,TDSSKC-145/30,SS KCOMP 145/30CT,000I2SQ1W,Closed,0.0,2025-03-20,2025-03-26,DR 2025 - 2026-10-02 (EXCEXP_TLS_000JJKSK3).xlsx,Rebates,3346,"TD MAXI WK 13 FLYER & DRP KCUP 30CT, LRG & SML CAN"
yoy,Fcst Inc Cases is not positive,Loblaw,NA-LOBLAWS,2025,2025,TDSSKC-145/30,SS KCOMP 145/30CT,000I2SQ1W,Closed,0.0,2025-03-20,2025-03-26,DR 2025 - 2026-10-02 (EXCEXP_TLS_000JJKSK3).xlsx,Rebates,3347,"TD MAXI WK 13 FLYER & DRP KCUP 30CT, LRG & SML CAN"
yoy,Fcst Inc Cases is not positive,Loblaw,NA-LOBLAWS,2025,2025,TDRGLC-126/930,R&G LARGE CAN 126/930GR,000I2SQ1W,Closed,0.0,2025-03-20,2025-03-26,DR 2025 - 2026-10-02 (EXCEXP_TLS_000JJKSK3).xlsx,Rebates,3350,"TD MAXI WK 13 FLYER & DRP KCUP 30CT, LRG & SML CAN"
yoy,Fcst Inc Cases is not positive,Loblaw,NA-LOBLAWS,2025,2025,TDRGLC-126/930,R&G LARGE CAN 126/930GR,000I2SQ1W,Closed,0.0,2025-03-20,2025-03-26,DR 2025 - 2026-10-02 (EXCEXP_TLS_000JJKSK3).xlsx,Rebates,3351,"TD MAXI WK 13 FLYER & DRP KCUP 30CT, LRG & SML CAN"
yoy,Fcst Inc Cases is not positive,Loblaw,NA-LOBLAWS,2025,2025,6320914324,TDL HOT CHOCOLATE 1/2 DRP 240/500 GR,000I4BYVY,Closed,0.0,2025-03-20,2025-04-16,DR 2025 - 2026-10-02 (EXCEXP_TLS_000JJKSK3).xlsx,Rebates,3355,TD MAXI WK 13 - 16 HC 500G DRP
yoy,Fcst Inc Cases is not positive,Loblaw,NA-LOBLAWS,2025,2025,6320914324,TDL HOT CHOCOLATE 1/2 DRP 240/500 GR,000I4BYVY,Closed,0.0,2025-03-20,2025-04-16,DR 2025 - 2026-10-02 (EXCEXP_TLS_000JJKSK3).xlsx,Rebates,3356,TD MAXI WK 13 - 16 HC 500G DRP
yoy,Fcst Inc Cases is not positive,Loblaw,NA-LOBLAWS,2025,2025,TDRGSB-6/300,R&G SMALL BAG 6/300GR,000IM99HD,Closed,0.0,2025-03-14,2025-03-14,DR 2025 - 2026-10-02 (EXCEXP_TLS_000JJKSK3).xlsx,Rebates,3364,"TD SST Audit 2023 CCL236416 $16,763.80"
yoy,Fcst Inc Cases is not positive,Loblaw,NA-LOBLAWS,2025,2025,TDRGSC-6/640,R&G SMALL CAN 6/640GR,000I7W4PV,Closed,0.0,2025-04-03,2025-04-09,DR 2025 - 2026-10-02 (EXCEXP_TLS_000JJKSK3).xlsx,Rebates,3379,TD MRKT WK 15 FLYER TOP UP KCUP 30CT
yoy,Fcst Inc Cases is not positive,Loblaw,NA-LOBLAWS,2025,2025,TDL,TDL CAN,000HRCHPN,Closed,0.0,2025-04-01,2025-06-30,DR 2025 - 2026-10-02 (EXCEXP_TLS_000JJKSK3).xlsx,Rebates,3384,TD - LCL PC PLUS POINTS - Mass Q2
yoy,Fcst Inc Cases is not positive,Loblaw,NA-LOBLAWS,2025,2025,TDIC-12/100,INSTANT COFFEE 12/100GR,000I7E98F,Closed,0.0,2025-04-24,2025-05-14,DR 2025 - 2026-10-02 (EXCEXP_TLS_000JJKSK3).xlsx,Rebates,3397,TD MRKT WK 17-20 ISF INSTANT 100G
yoy,Product cannot be mapped to an MPG pack size,Loblaw,NA-LOBLAWS,2025,2025,TDL,TDL CAN,000I3IE5R,Closed,1.0,2025-04-17,2025-05-14,DR 2025 - 2026-10-02 (EXCEXP_TLS_000JJKSK3).xlsx,Rebates,3399,"TD MRKT WK 17 FLYER NCC/100G/LRG/SML CAN,KCUP 24/30CT/454g"
yoy,Fcst Inc Cases is not positive,Loblaw,NA-LOBLAWS,2025,2025,TDSSKCC-4/24,SS KCOMP CAP 4/24CT,000I4BYWX,Closed,0.0,2025-05-01,2025-05-14,DR 2025 - 2026-10-02 (EXCEXP_TLS_000JJKSK3).xlsx,Rebates,3429,TD RCSS WEST WK 19 - 20 ISF LRG/SML CAN & KCUP 30CT
yoy,Fcst Inc Cases is not positive,Loblaw,NA-LOBLAWS,2025,2025,TDRGSB-6/300,R&G SMALL BAG 6/300GR,000I4BYWL,Closed,0.0,2025-05-08,2025-05-14,DR 2025 - 2026-10-02 (EXCEXP_TLS_000JJKSK3).xlsx,Rebates,3439,TD RCSS WK 20 ISF KCUP 12CT & SML BAG
yoy,Fcst Inc Cases is not positive,Loblaw,NA-LOBLAWS,2025,2025,TDHBHC-5/8,HB HOT CHOCOLATE 5/8CT,000I7W4QC,Closed,0.0,2025-05-15,2025-06-11,DR 2025 - 2026-10-02 (EXCEXP_TLS_000JJKSK3).xlsx,Rebates,3447,TD MAXI WK 21-24 ISF SACHET 8CT
yoy,Fcst Inc Cases is not positive,Loblaw,NA-LOBLAWS,2025,2025,TDHBCAP-5/8,HB CAPPUCCINO 5/8CT,000I7W4QC,Closed,0.0,2025-05-15,2025-06-11,DR 2025 - 2026-10-02 (EXCEXP_TLS_000JJKSK3).xlsx,Rebates,3448,TD MAXI WK 21-24 ISF SACHET 8CT
yoy,Fcst Inc Cases is not positive,Loblaw,NA-LOBLAWS,2025,2025,TDNC-10/10,NCOMP 10/10CT,000IHCUE9,Closed,0.0,2025-05-15,2025-06-11,DR 2025 - 2026-10-02 (EXCEXP_TLS_000JJKSK3).xlsx,Rebates,3452,TD MRKT WK 21 FLYER NCOMP 10/10CT
yoy,Fcst Inc Cases is not positive,Loblaw,NA-LOBLAWS,2025,2025,TDRGSB-48/300,R&G SMALL BAG 48/300GR,000IBVZ5V,Closed,0.0,2025-05-15,2025-07-09,DR 2025 - 2026-10-02 (EXCEXP_TLS_000JJKSK3).xlsx,Rebates,3462,TD MRKT WK 21-28 AD & ISF 300G BAGS
yoy,Fcst Inc Cases is not positive,Loblaw,NA-LOBLAWS,2025,2025,TDL,TDL CAN,000IT6311,Closed,0.0,2025-06-01,2025-10-31,DR 2025 - 2026-10-02 (EXCEXP_TLS_000JJKSK3).xlsx,Rebates,3475,TD 2025 Invalid 2025 Wrong Rate - Jun
yoy,Fcst Inc Cases is not positive,Loblaw,NA-LOBLAWS,2025,2025,TDSSKC-6/10,SS KCOMP 6/10CT,000HRCCZX,Closed,0.0,2025-06-05,2025-07-09,DR 2025 - 2026-10-02 (EXCEXP_TLS_000JJKSK3).xlsx,Rebates,3491,"TD MAXI WK 25-28 ISF KCUP 12CT, KCUP 48CT & FVC 454G"
yoy,Fcst Inc Cases is not positive,Loblaw,NA-LOBLAWS,2025,2025,TDSSKC-4/48,SS KCOMP 4/48CT,000HRCCZX,Closed,0.0,2025-06-05,2025-07-09,DR 2025 - 2026-10-02 (EXCEXP_TLS_000JJKSK3).xlsx,Rebates,3492,"TD MAXI WK 25-28 ISF KCUP 12CT, KCUP 48CT & FVC 454G"
yoy,Fcst Inc Cases is not positive,Loblaw,NA-LOBLAWS,2025,2025,TDHBHC-6/10,HB HOT CHOCOLATE 6/10CT,000HRCCZX,Closed,0.0,2025-06-05,2025-07-09,DR 2025 - 2026-10-02 (EXCEXP_TLS_000JJKSK3).xlsx,Rebates,3494,"TD MAXI WK 25-28 ISF KCUP 12CT, KCUP 48CT & FVC 454G"
yoy,Fcst Inc Cases is not positive,Loblaw,NA-LOBLAWS,2025,2025,TDHBHC-6/10,HB HOT CHOCOLATE 6/10CT,000IC8EJH,Closed,0.0,2025-06-26,2025-07-02,DR 2025 - 2026-10-02 (EXCEXP_TLS_000JJKSK3).xlsx,Rebates,3500,TD MRKT WK 27 FLYER KCUP 12CT & 300G BAG
yoy,Fcst Inc Cases is not positive,Loblaw,NA-LOBLAWS,2025,2025,TDL,TDL CAN,000IHUUOP,Closed,0.0,2025-06-15,2025-06-20,DR 2025 - 2026-10-02 (EXCEXP_TLS_000JJKSK3).xlsx,Rebates,3504,TD RCSS WK 26 DMAP Tims
yoy,Fcst Inc Cases is not positive,Loblaw,NA-LOBLAWS,2025,2025,TDSSKC-6/12,SS KCOMP 6/12CT,000IL1X2Y,Closed,0.0,2025-06-26,2025-07-02,DR 2025 - 2026-10-02 (EXCEXP_TLS_000JJKSK3).xlsx,Rebates,3506,TD MRKT WK 27 FLYER KCUP 12CT
yoy,Fcst Inc Cases is not positive,Loblaw,NA-LOBLAWS,2025,2025,TDSSKC-6/12,SS KCOMP 6/12CT,000IHCUG4,Closed,0.0,2025-06-26,2025-07-02,DR 2025 - 2026-10-02 (EXCEXP_TLS_000JJKSK3).xlsx,Rebates,3508,TD MRKT WK 27 FLYER TIMH KCUP TEA SS
yoy,Fcst Inc Cases is not positive,Loblaw,NA-LOBLAWS,2025,2025,TDHBHC-12/500,HB HOT CHOCOLATE 12/500GR,000IL628X,Closed,0.0,2025-07-10,2025-08-06,DR 2025 - 2026-10-02 (EXCEXP_TLS_000JJKSK3).xlsx,Rebates,3521,TD MAXI WK 29 ISF INSTANT 100G
yoy,Fcst Inc Cases is not positive,Loblaw,NA-LOBLAWS,2025,2025,TDL,TDL CAN,000IC97B1,Closed,0.0,2025-07-01,2025-09-30,DR 2025 - 2026-10-02 (EXCEXP_TLS_000JJKSK3).xlsx,Rebates,3525,TD - LCL PC PLUS POINTS - Mass Q3
yoy,Fcst Inc Cases is not positive,Loblaw,NA-LOBLAWS,2025,2025,TDSSKC-6/12,SS KCOMP 6/12CT,000IHHH2G,Closed,0.0,2025-07-03,2025-07-09,DR 2025 - 2026-10-02 (EXCEXP_TLS_000JJKSK3).xlsx,Rebates,3527,TD MAXI WK 29 FLYER KCUP 12CT/10CT
yoy,Fcst Inc Cases is not positive,Loblaw,NA-LOBLAWS,2025,2025,TDSSKC-6/10,SS KCOMP 6/10CT,000IHHH2G,Closed,0.0,2025-07-03,2025-07-09,DR 2025 - 2026-10-02 (EXCEXP_TLS_000JJKSK3).xlsx,Rebates,3528,TD MAXI WK 29 FLYER KCUP 12CT/10CT
yoy,Fcst Inc Cases is not positive,Loblaw,NA-LOBLAWS,2025,2025,TDHBHC-6/10,HB HOT CHOCOLATE 6/10CT,000IHHH2G,Closed,0.0,2025-07-03,2025-07-09,DR 2025 - 2026-10-02 (EXCEXP_TLS_000JJKSK3).xlsx,Rebates,3529,TD MAXI WK 29 FLYER KCUP 12CT/10CT
yoy,Fcst Inc Cases is not positive,Loblaw,NA-LOBLAWS,2025,2025,TDSSKC-6/10,SS KCOMP 6/10CT,000I9U5CE,Closed,0.0,2025-07-10,2025-07-16,DR 2025 - 2026-10-02 (EXCEXP_TLS_000JJKSK3).xlsx,Rebates,3532,TD MAXI WK 29 FLYER KCUP 12CT & 300G BAGS
yoy,Fcst Inc Cases is not positive,Loblaw,NA-LOBLAWS,2025,2025,TDIC-12/100,INSTANT COFFEE 12/100GR,000IJ3E3U,Closed,0.0,2025-07-10,2025-08-06,DR 2025 - 2026-10-02 (EXCEXP_TLS_000JJKSK3).xlsx,Rebates,3537,TD NF WK 29-33 100G
yoy,Fcst Inc Cases is not positive,Loblaw,NA-LOBLAWS,2025,2025,TDSHSP-12/540,SOUPS 12/540ML,000IHPABV,Closed,0.0,2025-07-03,2025-08-06,DR 2025 - 2026-10-02 (EXCEXP_TLS_000JJKSK3).xlsx,Rebates,3539,TD NF WK 29-32 SOUP
yoy,Fcst Inc Cases is not positive,Loblaw,NA-LOBLAWS,2025,2025,TDSSKCC-4/24,SS KCOMP CAP 4/24CT,000IJ3E27,Closed,0.0,2025-07-10,2025-08-06,DR 2025 - 2026-10-02 (EXCEXP_TLS_000JJKSK3).xlsx,Rebates,3541,TD MAXI WK 29-33 KCUP 24CT/30C/100G
yoy,Fcst Inc Cases is not positive,Loblaw,NA-LOBLAWS,2025,2025,TDSSKC-4/30,SS KCOMP 4/30CT,000IJ3E27,Closed,0.0,2025-07-10,2025-08-06,DR 2025 - 2026-10-02 (EXCEXP_TLS_000JJKSK3).xlsx,Rebates,3542,TD MAXI WK 29-33 KCUP 24CT/30C/100G
yoy,Fcst Inc Cases is not positive,Loblaw,NA-LOBLAWS,2025,2025,TDIC-12/100,INSTANT COFFEE 12/100GR,000IJ3E27,Closed,0.0,2025-07-10,2025-08-06,DR 2025 - 2026-10-02 (EXCEXP_TLS_000JJKSK3).xlsx,Rebates,3543,TD MAXI WK 29-33 KCUP 24CT/30C/100G
yoy,Fcst Inc Cases is not positive,Loblaw,NA-LOBLAWS,2025,2025,TDSSKC-4/30,SS KCOMP 4/30CT,000IISCWJ,Closed,0.0,2025-07-10,2025-08-06,DR 2025 - 2026-10-02 (EXCEXP_TLS_000JJKSK3).xlsx,Rebates,3548,TD MRKT WK 29-33 KCUP 30CT
yoy,Fcst Inc Cases is not positive,Loblaw,NA-LOBLAWS,2025,2025,TDRGSB-6/300,R&G SMALL BAG 6/300GR,000IILW3P,Closed,0.0,2025-07-17,2025-07-23,DR 2025 - 2026-10-02 (EXCEXP_TLS_000JJKSK3).xlsx,Rebates,3555,TD SST ON & WEST WK 30 FLYER 300G BAGS
yoy,Fcst Inc Cases is not positive,Loblaw,NA-LOBLAWS,2025,2025,TDHBHC-6/10,HB HOT CHOCOLATE 6/10CT,000IILW49,Closed,0.0,2025-07-17,2025-08-06,DR 2025 - 2026-10-02 (EXCEXP_TLS_000JJKSK3).xlsx,Rebates,3562,TD MAXI WK 30 FLYER KCUP 12CT & 300G BAGS
yoy,Fcst Inc Cases is not positive,Loblaw,NA-LOBLAWS,2025,2025,TDL,TDL CAN,000IIH718,Closed,0.0,2025-07-13,2025-08-08,DR 2025 - 2026-10-02 (EXCEXP_TLS_000JJKSK3).xlsx,Rebates,3564,TD MRKT WK 30 DMAP Tims
yoy,Fcst Inc Cases is not positive,Loblaw,NA-LOBLAWS,2025,2025,TDIC-12/100,INSTANT COFFEE 12/100GR,000HRCMRQ,Closed,0.0,2025-08-07,2025-08-13,DR 2025 - 2026-10-02 (EXCEXP_TLS_000JJKSK3).xlsx,Rebates,3579,TD SST ON & WEST WK 33 Flyer - INSTANT
yoy,Fcst Inc Cases is not positive,Loblaw,NA-LOBLAWS,2025,2025,TDSSKCC-4/24,SS KCOMP CAP 4/24CT,000HRCMNW,Closed,0.0,2025-08-07,2025-09-03,DR 2025 - 2026-10-02 (EXCEXP_TLS_000JJKSK3).xlsx,Rebates,3594,TD NF WK 33-36 30CT/48CT
yoy,Fcst Inc Cases is not positive,Loblaw,NA-LOBLAWS,2025,2025,TDL,TDL CAN,000ILIQAT,Closed,0.0,2025-08-11,2025-09-05,DR 2025 - 2026-10-02 (EXCEXP_TLS_000JJKSK3).xlsx,Rebates,3603,TD Market Profit Panel - WK 34 - 37
yoy,Fcst Inc Cases is not positive,Loblaw,NA-LOBLAWS,2025,2025,TDSSKC-145/30,SS KCOMP 145/30CT,000IISCXC,Closed,0.0,2025-08-21,2025-08-27,DR 2025 - 2026-10-02 (EXCEXP_TLS_000JJKSK3).xlsx,Rebates,3613,TD SST WK 35 KCUPS 24CT/30CT
yoy,Fcst Inc Cases is not positive,Loblaw,NA-LOBLAWS,2025,2025,TDRGSC-6/640,R&G SMALL CAN 6/640GR,000IL629G,Closed,0.0,2025-08-21,2025-09-03,DR 2025 - 2026-10-02 (EXCEXP_TLS_000JJKSK3).xlsx,Rebates,3615,TD SST WK 35 SMALL CAN 640 GR
yoy,Fcst Inc Cases is not positive,Loblaw,NA-LOBLAWS,2025,2025,TDL,TDL CAN,000IPI432,Closed,0.0,2025-09-07,2025-10-03,DR 2025 - 2026-10-02 (EXCEXP_TLS_000JJKSK3).xlsx,Rebates,3688,TD NF WK 50-53 Profit Gap (Front End)
yoy,Fcst Inc Cases is not positive,Loblaw,NA-LOBLAWS,2025,2025,TDL,TDL CAN,000IOHCQH,Closed,0.0,2025-09-08,2025-10-03,DR 2025 - 2026-10-02 (EXCEXP_TLS_000JJKSK3).xlsx,Rebates,3690,TD Market Profit Panel - WK 38 - 41
yoy,Fcst Inc Cases is not positive,Loblaw,NA-LOBLAWS,2025,2025,TDL,TDL CAN,000IOHCQC,Closed,0.0,2025-09-08,2025-10-03,DR 2025 - 2026-10-02 (EXCEXP_TLS_000JJKSK3).xlsx,Rebates,3692,TD Market Tims IT
yoy,Fcst Inc Cases is not positive,Loblaw,NA-LOBLAWS,2025,2025,TDSSKC-6/12,SS KCOMP 6/12CT,000HRCPRE,Closed,0.0,2025-10-02,2025-10-08,DR 2025 - 2026-10-02 (EXCEXP_TLS_000JJKSK3).xlsx,Rebates,3723,TD MRKT WK 41 300G BAGS
yoy,Fcst Inc Cases is not positive,Loblaw,NA-LOBLAWS,2025,2025,TDSSKC-6/10,SS KCOMP 6/10CT,000HRCPRE,Closed,0.0,2025-10-02,2025-10-08,DR 2025 - 2026-10-02 (EXCEXP_TLS_000JJKSK3).xlsx,Rebates,3724,TD MRKT WK 41 300G BAGS
yoy,Fcst Inc Cases is not positive,Loblaw,NA-LOBLAWS,2025,2025,TDRGSB-6/300,R&G SMALL BAG 6/300GR,000HRCPRE,Closed,0.0,2025-10-02,2025-10-08,DR 2025 - 2026-10-02 (EXCEXP_TLS_000JJKSK3).xlsx,Rebates,3725,TD MRKT WK 41 300G BAGS
yoy,Fcst Inc Cases is not positive,Loblaw,NA-LOBLAWS,2025,2025,TDL,TDL CAN,000IC97B6,Closed,0.0,2025-09-30,2025-10-31,DR 2025 - 2026-10-02 (EXCEXP_TLS_000JJKSK3).xlsx,Rebates,3755,TD - LCL PC PLUS POINTS - Mass Q4
yoy,Fcst Inc Cases is not positive,Loblaw,NA-LOBLAWS,2025,2025,6320923630,TDL COB/CN/IW SOUP 1/2 DRP 288/540 ML,000ID3RAW,Closed,0.0,2025-10-09,2025-10-29,DR 2025 - 2026-10-02 (EXCEXP_TLS_000JJKSK3).xlsx,Rebates,3759,TD RCSS WK 42-44 HOCKEY CARD PROGRAM SOUP DRP
yoy,Fcst Inc Cases is not positive,Loblaw,NA-LOBLAWS,2025,2025,TDL,TDL CAN,000IK09Q0,Closed,0.0,2025-10-05,2025-11-01,DR 2025 - 2026-10-02 (EXCEXP_TLS_000JJKSK3).xlsx,Rebates,3764,TD LCL MRKT WK 42 Omni Placement IW RTS Soup
yoy,Fcst Inc Cases is not positive,Loblaw,NA-LOBLAWS,2025,2025,TDL,TDL CAN,000IR3KEI,Closed,0.0,2025-10-06,2025-10-31,DR 2025 - 2026-10-02 (EXCEXP_TLS_000JJKSK3).xlsx,Rebates,3770,TD MRKT Profit Panel - WK 42 - 45
yoy,Fcst Inc Cases is not positive,Loblaw,NA-LOBLAWS,2025,2025,6320924585,TDL ORG/CANDY HOT CHOC 1/2 DRP 240/500 G,000IOI3G2,Closed,0.0,2025-10-23,2025-11-26,DR 2025 - 2026-10-02 (EXCEXP_TLS_000JJKSK3).xlsx,Rebates,3796,TD SST WK 44-48 Hot Choc 500g/450g
yoy,Fcst Inc Cases is not positive,Loblaw,NA-LOBLAWS,2025,2025,6320920672,TDL ORG/CANDY HOT CHOC DISPLAY 36/500 GR,000IOS4XN,Closed,0.0,2025-10-23,2025-11-28,DR 2025 - 2026-10-02 (EXCEXP_TLS_000JJKSK3).xlsx,Rebates,3801,TD MRKT WK 47-49 TIMH HOT CHOC CANDY CANE PPK
yoy,Fcst Inc Cases is not positive,Loblaw,NA-LOBLAWS,2025,2025,TDHBHC240/500,HB HOT CHOCOLATE 240/500GR,000IOI3GM,Closed,0.0,2025-10-23,2025-12-03,DR 2025 - 2026-10-02 (EXCEXP_TLS_000JJKSK3).xlsx,Rebates,3804,TD MRKT WK 44-45 Hot Choc 500g/450g/36/500GR
yoy,Fcst Inc Cases is not positive,Loblaw,NA-LOBLAWS,2025,2025,TDHBHC-12/500,HB HOT CHOCOLATE 12/500GR,000IMYWG8,Closed,0.0,2025-10-23,2025-12-24,DR 2025 - 2026-10-02 (EXCEXP_TLS_000JJKSK3).xlsx,Rebates,3813,TD SST WK 45-48 Hot Choc 500g/450 GR
yoy,Fcst Inc Cases is not positive,Loblaw,NA-LOBLAWS,2025,2025,TDL,TDL CAN,000IUB5T7,Closed,0.0,2025-11-03,2025-11-28,DR 2025 - 2026-10-02 (EXCEXP_TLS_000JJKSK3).xlsx,Rebates,3851,TD MRKT Profit Panel - WK 46 - 49
yoy,Fcst Inc Cases is not positive,Loblaw,NA-LOBLAWS,2025,2025,TDL,TDL CAN,000IUB5TL,Closed,0.0,2025-11-03,2025-11-28,DR 2025 - 2026-10-02 (EXCEXP_TLS_000JJKSK3).xlsx,Rebates,3853,TD SST Tim Hortons Hot Choc 45-52 W83 O36
yoy,Fcst Inc Cases is not positive,Loblaw,NA-LOBLAWS,2025,2025,TDL,TDL CAN,000IV8JO8,Closed,0.0,2025-11-03,2025-11-28,DR 2025 - 2026-10-02 (EXCEXP_TLS_000JJKSK3).xlsx,Rebates,3855,TD MRKT WK 47-49 COFFEE- BigBrand
yoy,Fcst Inc Cases is not positive,Loblaw,NA-LOBLAWS,2025,2025,TDSHSP-12/540,SOUPS 12/540ML,000IL5M0R,Closed,0.0,2025-11-13,2025-12-03,DR 2025 - 2026-10-02 (EXCEXP_TLS_000JJKSK3).xlsx,Rebates,3888,TD SST On & West Wk 47-49 Soup and  Chili
yoy,Fcst Inc Cases is not positive,Loblaw,NA-LOBLAWS,2025,2025,TDL,TDL CAN,000IO59ZB,Closed,0.0,2025-11-13,2025-12-03,DR 2025 - 2026-10-02 (EXCEXP_TLS_000JJKSK3).xlsx,Rebates,3905,TD MRKT WK 47-49 SOUP- BigBrand
yoy,Fcst Inc Cases is not positive,Loblaw,NA-LOBLAWS,2025,2025,TDHBHC-12/500,HB HOT CHOCOLATE 12/500GR,000IZ18LO,Closed,0.0,2025-12-01,2025-12-26,DR 2025 - 2026-10-02 (EXCEXP_TLS_000JJKSK3).xlsx,Rebates,3949,TD SST WK 45-52 Hot Choc Profit Panel
yoy,Fcst Inc Cases is not positive,Loblaw,NA-LOBLAWS,2025,2025,TDHBHC-5/8,HB HOT CHOCOLATE 5/8CT,000IZH629,Closed,0.0,2025-12-01,2025-12-26,DR 2025 - 2026-10-02 (EXCEXP_TLS_000JJKSK3).xlsx,Rebates,3976,TD LCL MRKT WK 45 DMAP Tims
yoy,Fcst Inc Cases is not positive,Loblaw,NA-LOBLAWS,2025,2025,6320909069,TDL HOT CHOCOLATE 12/500 GR,000IZ18M8,Closed,0.0,2025-12-01,2025-12-26,DR 2025 - 2026-10-02 (EXCEXP_TLS_000JJKSK3).xlsx,Rebates,3978,TD LCL Market Profit Panel
yoy,Fcst Inc Cases is not positive,Loblaw,NA-LOBLAWS,2025,2025,6320909069,TDL HOT CHOCOLATE 12/500 GR,000IXI2OD,Closed,0.0,2025-12-01,2025-12-26,DR 2025 - 2026-10-02 (EXCEXP_TLS_000JJKSK3).xlsx,Rebates,3980,TD LCL Market WK 50 Tim's IT
yoy,Fcst Inc Cases is not positive,Loblaw,NA-LOBLAWS,2025,2025,TDNC-10/10,NCOMP 10/10CT,000IXI2OD,Closed,0.0,2025-12-01,2025-12-26,DR 2025 - 2026-10-02 (EXCEXP_TLS_000JJKSK3).xlsx,Rebates,3981,TD LCL Market WK 50 Tim's IT
yoy,Fcst Inc Cases is not positive,Loblaw,NA-LOBLAWS,2025,2025,TDIC-12/100,INSTANT COFFEE 12/100GR,000IXI2OD,Closed,0.0,2025-12-01,2025-12-26,DR 2025 - 2026-10-02 (EXCEXP_TLS_000JJKSK3).xlsx,Rebates,3982,TD LCL Market WK 50 Tim's IT
yoy,Fcst Inc Cases is not positive,Loblaw,NA-LOBLAWS,2025,2025,TDHBHC-5/8,HB HOT CHOCOLATE 5/8CT,000IXI2OD,Closed,0.0,2025-12-01,2025-12-26,DR 2025 - 2026-10-02 (EXCEXP_TLS_000JJKSK3).xlsx,Rebates,3983,TD LCL Market WK 50 Tim's IT
yoy,Fcst Inc Cases is not positive,Loblaw,NA-LOBLAWS,2025,2025,TDIC-12/100,INSTANT COFFEE 12/100GR,000IZ18MO,Closed,0.0,2025-12-01,2025-12-26,DR 2025 - 2026-10-02 (EXCEXP_TLS_000JJKSK3).xlsx,Rebates,3985,TD MRKT WK 47-49 Save on Faves ITG
yoy,Fcst Inc Cases is not positive,Loblaw,NA-LOBLAWS,2025,2025,TDIC-12/100,INSTANT COFFEE 12/100GR,000IZZLOZ,Closed,0.0,2025-12-04,2025-12-10,DR 2025 - 2026-10-02 (EXCEXP_TLS_000JJKSK3).xlsx,Rebates,3987,TD LCL Market WK 50 Tim's IT
yoy,Fcst Inc Cases is not positive,Loblaw,NA-LOBLAWS,2025,2025,TDIC-12/100,INSTANT COFFEE 12/100GR,000IZZLOZ,Closed,0.0,2025-12-04,2025-12-10,DR 2025 - 2026-10-02 (EXCEXP_TLS_000JJKSK3).xlsx,Rebates,3988,TD LCL Market WK 50 Tim's IT
yoy,Fcst Inc Cases is not positive,Loblaw,NA-LOBLAWS,2025,2025,6320914324,TDL HOT CHOCOLATE 1/2 DRP 240/500 GR,000J6SUIA,Closed,0.0,2025-12-11,2025-12-17,DR 2025 - 2026-10-02 (EXCEXP_TLS_000JJKSK3).xlsx,Rebates,3996,TD LCL MAXI Wk 50 HC DRP
yoy,Fcst Inc Cases is not positive,Loblaw,NA-LOBLAWS,2025,2025,TDL,TDL CAN,000IUL0TI,Closed,0.0,2025-12-30,2025-12-31,DR 2025 - 2026-10-02 (EXCEXP_TLS_000JJKSK3).xlsx,Rebates,4008,TD JBP - LCL Buffer - $300k
yoy,Fcst Inc Cases is not positive,London Drugs,NA-LONDON DRUGS,2025,2025,6320912803,TDL BEEF CHILI 12/425 GR,000HJDLVO,Closed,0.0,2025-01-03,2025-01-28,DR 2025 - 2026-10-02 (EXCEXP_TLS_000JJKSK3).xlsx,Rebates,4010,TD - JAN MANAGERS SPECIAL
yoy,Fcst Inc Cases is not positive,London Drugs,NA-LONDON DRUGS,2025,2025,6320907227,TDL COFFEE FINE GRIND CAN 6/930 GR,000HJDY5N,Closed,0.0,2025-01-03,2025-01-28,DR 2025 - 2026-10-02 (EXCEXP_TLS_000JJKSK3).xlsx,Rebates,4014,TD - JAN MANAGERS SPECIAL * Pt2
yoy,Fcst Inc Cases is not positive,London Drugs,NA-LONDON DRUGS,2025,2025,TDSSKC-4/48,SS KCOMP 4/48CT,000HJDY5N,Closed,0.0,2025-01-03,2025-01-28,DR 2025 - 2026-10-02 (EXCEXP_TLS_000JJKSK3).xlsx,Rebates,4015,TD - JAN MANAGERS SPECIAL * Pt2
yoy,Fcst Inc Cases is not positive,London Drugs,NA-LONDON DRUGS,2025,2025,TDSSKC-4/30,SS KCOMP 4/30CT,000HJDY5N,Closed,0.0,2025-01-03,2025-01-28,DR 2025 - 2026-10-02 (EXCEXP_TLS_000JJKSK3).xlsx,Rebates,4016,TD - JAN MANAGERS SPECIAL * Pt2
yoy,Fcst Inc Cases is not positive,London Drugs,NA-LONDON DRUGS,2025,2025,TDSSKC-1/48,SS KCOMP 1/48CT,000HJDY5N,Closed,0.0,2025-01-03,2025-01-28,DR 2025 - 2026-10-02 (EXCEXP_TLS_000JJKSK3).xlsx,Rebates,4017,TD - JAN MANAGERS SPECIAL * Pt2
yoy,Fcst Inc Cases is not positive,London Drugs,NA-LONDON DRUGS,2025,2025,TDRGSB-6/300,R&G SMALL BAG 6/300GR,000HJDY5N,Closed,0.0,2025-01-03,2025-01-28,DR 2025 - 2026-10-02 (EXCEXP_TLS_000JJKSK3).xlsx,Rebates,4018,TD - JAN MANAGERS SPECIAL * Pt2
yoy,Fcst Inc Cases is not positive,London Drugs,NA-LONDON DRUGS,2025,2025,TDRGLB-6/652,R&G LARGE BAG 6/652GR,000HJDY5N,Closed,0.0,2025-01-03,2025-01-28,DR 2025 - 2026-10-02 (EXCEXP_TLS_000JJKSK3).xlsx,Rebates,4019,TD - JAN MANAGERS SPECIAL * Pt2
yoy,Fcst Inc Cases is not positive,London Drugs,NA-LONDON DRUGS,2025,2025,TDNC-10/10,NCOMP 10/10CT,000HJDY5N,Closed,0.0,2025-01-03,2025-01-28,DR 2025 - 2026-10-02 (EXCEXP_TLS_000JJKSK3).xlsx,Rebates,4020,TD - JAN MANAGERS SPECIAL * Pt2
yoy,Fcst Inc Cases is not positive,London Drugs,NA-LONDON DRUGS,2025,2025,TDNC-10/10,NCOMP 10/10CT,000HJDY5N,Closed,0.0,2025-01-03,2025-01-28,DR 2025 - 2026-10-02 (EXCEXP_TLS_000JJKSK3).xlsx,Rebates,4021,TD - JAN MANAGERS SPECIAL * Pt2
yoy,Fcst Inc Cases is not positive,London Drugs,NA-LONDON DRUGS,2025,2025,TDIC-12/100,INSTANT COFFEE 12/100GR,000HJDY5N,Closed,0.0,2025-01-03,2025-01-28,DR 2025 - 2026-10-02 (EXCEXP_TLS_000JJKSK3).xlsx,Rebates,4022,TD - JAN MANAGERS SPECIAL * Pt2
yoy,Fcst Inc Cases is not positive,London Drugs,NA-LONDON DRUGS,2025,2025,TDHBHC-12/500,HB HOT CHOCOLATE 12/500GR,000HJDY5N,Closed,0.0,2025-01-03,2025-01-28,DR 2025 - 2026-10-02 (EXCEXP_TLS_000JJKSK3).xlsx,Rebates,4024,TD - JAN MANAGERS SPECIAL * Pt2
yoy,Fcst Inc Cases is not positive,London Drugs,NA-LONDON DRUGS,2025,2025,TDHBHC-12/500,HB HOT CHOCOLATE 12/500GR,000HJDY5N,Closed,0.0,2025-01-03,2025-01-28,DR 2025 - 2026-10-02 (EXCEXP_TLS_000JJKSK3).xlsx,Rebates,4025,TD - JAN MANAGERS SPECIAL * Pt2
yoy,Fcst Inc Cases is not positive,London Drugs,NA-LONDON DRUGS,2025,2025,TDL,TDL CAN,000HJDAC0,Closed,0.0,2025-01-27,2025-02-28,DR 2025 - 2026-10-02 (EXCEXP_TLS_000JJKSK3).xlsx,Rebates,4027,TD - 300G DISPLAYERS - JAN 15
yoy,Fcst Inc Cases is not positive,London Drugs,NA-LONDON DRUGS,2025,2025,TDSSKC-4/30,SS KCOMP 4/30CT,000HJDAC0,Closed,0.0,2025-01-27,2025-02-28,DR 2025 - 2026-10-02 (EXCEXP_TLS_000JJKSK3).xlsx,Rebates,4028,TD - 300G DISPLAYERS - JAN 15
yoy,Fcst Inc Cases is not positive,London Drugs,NA-LONDON DRUGS,2025,2025,TDSSKC-4/30,SS KCOMP 4/30CT,000HJDAC0,Closed,0.0,2025-01-27,2025-02-28,DR 2025 - 2026-10-02 (EXCEXP_TLS_000JJKSK3).xlsx,Rebates,4029,TD - 300G DISPLAYERS - JAN 15
yoy,Fcst Inc Cases is not positive,London Drugs,NA-LONDON DRUGS,2025,2025,TDL,TDL CAN,000HJEAPJ,Closed,0.0,2025-01-31,2025-02-25,DR 2025 - 2026-10-02 (EXCEXP_TLS_000JJKSK3).xlsx,Rebates,4032,TD - FEB MANAGERS SPECIAL
yoy,Fcst Inc Cases is not positive,London Drugs,NA-LONDON DRUGS,2025,2025,TDHBHC-12/500,HB HOT CHOCOLATE 12/500GR,000HJEAPJ,Closed,0.0,2025-01-31,2025-02-25,DR 2025 - 2026-10-02 (EXCEXP_TLS_000JJKSK3).xlsx,Rebates,4036,TD - FEB MANAGERS SPECIAL
yoy,Fcst Inc Cases is not positive,London Drugs,NA-LONDON DRUGS,2025,2025,TDL,TDL CAN,000HJEA6M,Closed,0.0,2025-01-30,2025-02-27,DR 2025 - 2026-10-02 (EXCEXP_TLS_000JJKSK3).xlsx,Rebates,4038,TD - FEB SOUPS MANAGERS SPECIAL
yoy,Fcst Inc Cases is not positive,London Drugs,NA-LONDON DRUGS,2025,2025,TDSHSP-12/540,SOUPS 12/540ML,000HJEA6M,Closed,0.0,2025-01-30,2025-02-27,DR 2025 - 2026-10-02 (EXCEXP_TLS_000JJKSK3).xlsx,Rebates,4041,TD - FEB SOUPS MANAGERS SPECIAL
yoy,Fcst Inc Cases is not positive,London Drugs,NA-LONDON DRUGS,2025,2025,TDL,TDL CAN,000HJE4ZH,Closed,0.0,2025-01-30,2025-02-06,DR 2025 - 2026-10-02 (EXCEXP_TLS_000JJKSK3).xlsx,Rebates,4043,TD - FEB 9 FLYER
yoy,Fcst Inc Cases is not positive,London Drugs,NA-LONDON DRUGS,2025,2025,TDNC-10/10,NCOMP 10/10CT,000HJE4ZH,Closed,0.0,2025-01-30,2025-02-06,DR 2025 - 2026-10-02 (EXCEXP_TLS_000JJKSK3).xlsx,Rebates,4044,TD - FEB 9 FLYER
yoy,Fcst Inc Cases is not positive,London Drugs,NA-LONDON DRUGS,2025,2025,TDL,TDL CAN,000HUQ9IF,Closed,0.0,2025-02-13,2025-02-19,DR 2025 - 2026-10-02 (EXCEXP_TLS_000JJKSK3).xlsx,Rebates,4046,TD - FEB 13 FLYER
yoy,Fcst Inc Cases is not positive,London Drugs,NA-LONDON DRUGS,2025,2025,TDRGLC-6/930,R&G LARGE CAN 6/930GR,000HUQ9IF,Closed,0.0,2025-02-13,2025-02-19,DR 2025 - 2026-10-02 (EXCEXP_TLS_000JJKSK3).xlsx,Rebates,4048,TD - FEB 13 FLYER
yoy,Fcst Inc Cases is not positive,London Drugs,NA-LONDON DRUGS,2025,2025,TDL,TDL CAN,000HJDGXE,Closed,0.0,2025-02-28,2025-03-31,DR 2025 - 2026-10-02 (EXCEXP_TLS_000JJKSK3).xlsx,Rebates,4050,TD - MARCH MANAGERS SPECIAL
yoy,Fcst Inc Cases is not positive,London Drugs,NA-LONDON DRUGS,2025,2025,TDRGLB-6/652,R&G LARGE BAG 6/652GR,000HJDGXE,Closed,0.0,2025-02-28,2025-03-31,DR 2025 - 2026-10-02 (EXCEXP_TLS_000JJKSK3).xlsx,Rebates,4052,TD - MARCH MANAGERS SPECIAL
yoy,Fcst Inc Cases is not positive,London Drugs,NA-LONDON DRUGS,2025,2025,TDNC-10/10,NCOMP 10/10CT,000HJDGXE,Closed,0.0,2025-02-28,2025-03-31,DR 2025 - 2026-10-02 (EXCEXP_TLS_000JJKSK3).xlsx,Rebates,4053,TD - MARCH MANAGERS SPECIAL
yoy,Fcst Inc Cases is not positive,London Drugs,NA-LONDON DRUGS,2025,2025,TDIC-12/100,INSTANT COFFEE 12/100GR,000HJDGXE,Closed,0.0,2025-02-28,2025-03-31,DR 2025 - 2026-10-02 (EXCEXP_TLS_000JJKSK3).xlsx,Rebates,4054,TD - MARCH MANAGERS SPECIAL
yoy,Fcst Inc Cases is not positive,London Drugs,NA-LONDON DRUGS,2025,2025,TDSHSP-12/540,SOUPS 12/540ML,000HJDMOE,Closed,0.0,2025-03-07,2025-03-13,DR 2025 - 2026-10-02 (EXCEXP_TLS_000JJKSK3).xlsx,Rebates,4058,TD MARCH 12 FLYER SOUPS/CHILI
yoy,Fcst Inc Cases is not positive,London Drugs,NA-LONDON DRUGS,2025,2025,TDL,TDL CAN,000HJDDX3,Closed,0.0,2025-03-14,2025-03-19,DR 2025 - 2026-10-02 (EXCEXP_TLS_000JJKSK3).xlsx,Rebates,4062,TD MARCH 15 IN STORE
yoy,Fcst Inc Cases is not positive,London Drugs,NA-LONDON DRUGS,2025,2025,TDRGSB-6/300,R&G SMALL BAG 6/300GR,000HJDDX3,Closed,0.0,2025-03-14,2025-03-19,DR 2025 - 2026-10-02 (EXCEXP_TLS_000JJKSK3).xlsx,Rebates,4064,TD MARCH 15 IN STORE
yoy,Fcst Inc Cases is not positive,London Drugs,NA-LONDON DRUGS,2025,2025,TDHBHC-6/1.5,HB HOT CHOCOLATE 6/1.5KG,000HJE1WI,Closed,0.0,2025-03-21,2025-03-26,DR 2025 - 2026-10-02 (EXCEXP_TLS_000JJKSK3).xlsx,Rebates,4067,TD - MARCH 22 HC FLYER
yoy,Fcst Inc Cases is not positive,London Drugs,NA-LONDON DRUGS,2025,2025,TDSSKC-6/12,SS KCOMP 6/12CT,000HJEFTH,Closed,0.0,2025-04-03,2025-04-28,DR 2025 - 2026-10-02 (EXCEXP_TLS_000JJKSK3).xlsx,Rebates,4069,TD APRIL MANAGERS SPECIAL
yoy,Fcst Inc Cases is not positive,London Drugs,NA-LONDON DRUGS,2025,2025,TDSSKC-6/12,SS KCOMP 6/12CT,000HJEFTH,Closed,0.0,2025-04-03,2025-04-28,DR 2025 - 2026-10-02 (EXCEXP_TLS_000JJKSK3).xlsx,Rebates,4071,TD APRIL MANAGERS SPECIAL
yoy,Product cannot be mapped to an MPG pack size,London Drugs,NA-LONDON DRUGS,2025,2025,TDL,TDL CAN,000HJDD8J,Closed,40.0,2025-03-20,2025-03-26,DR 2025 - 2026-10-02 (EXCEXP_TLS_000JJKSK3).xlsx,Rebates,4075,TD - MARCH 22 FLYER
yoy,Fcst Inc Cases is not positive,London Drugs,NA-LONDON DRUGS,2025,2025,TDRGLC-6/930,R&G LARGE CAN 6/930GR,000HJDD8J,Closed,0.0,2025-03-20,2025-03-26,DR 2025 - 2026-10-02 (EXCEXP_TLS_000JJKSK3).xlsx,Rebates,4076,TD - MARCH 22 FLYER
yoy,Fcst Inc Cases is not positive,London Drugs,NA-LONDON DRUGS,2025,2025,TDRGLC-6/930,R&G LARGE CAN 6/930GR,000HJDD8J,Closed,0.0,2025-03-20,2025-03-26,DR 2025 - 2026-10-02 (EXCEXP_TLS_000JJKSK3).xlsx,Rebates,4077,TD - MARCH 22 FLYER
yoy,Fcst Inc Cases is not positive,London Drugs,NA-LONDON DRUGS,2025,2025,TDL,TDL CAN,000HUQ9JF,Closed,0.0,2025-03-28,2025-04-02,DR 2025 - 2026-10-02 (EXCEXP_TLS_000JJKSK3).xlsx,Rebates,4079,TD - MARCH 28 FLYER
yoy,Fcst Inc Cases is not positive,London Drugs,NA-LONDON DRUGS,2025,2025,TDSSKC-4/30,SS KCOMP 4/30CT,000HUQ9JF,Closed,0.0,2025-03-28,2025-04-02,DR 2025 - 2026-10-02 (EXCEXP_TLS_000JJKSK3).xlsx,Rebates,4081,TD - MARCH 28 FLYER
yoy,Fcst Inc Cases is not positive,London Drugs,NA-LONDON DRUGS,2025,2025,TDSHSP-12/540,SOUPS 12/540ML,000HJEAMS,Closed,0.0,2025-04-03,2025-04-28,DR 2025 - 2026-10-02 (EXCEXP_TLS_000JJKSK3).xlsx,Rebates,4084,TD APRIL MANAGERS SOUPS/CHILI
yoy,Fcst Inc Cases is not positive,London Drugs,NA-LONDON DRUGS,2025,2025,TDSHSP-12/540,SOUPS 12/540ML,000HJEAMS,Closed,0.0,2025-04-03,2025-04-28,DR 2025 - 2026-10-02 (EXCEXP_TLS_000JJKSK3).xlsx,Rebates,4086,TD APRIL MANAGERS SOUPS/CHILI
yoy,Fcst Inc Cases is not positive,London Drugs,NA-LONDON DRUGS,2025,2025,TDL,TDL CAN,000HJE6QV,Closed,0.0,2025-04-04,2025-04-09,DR 2025 - 2026-10-02 (EXCEXP_TLS_000JJKSK3).xlsx,Rebates,4088,TD - APRIL 4 ISF
yoy,Fcst Inc Cases is not positive,London Drugs,NA-LONDON DRUGS,2025,2025,TDRGLB-6/652,R&G LARGE BAG 6/652GR,000HJE6QV,Closed,0.0,2025-04-04,2025-04-09,DR 2025 - 2026-10-02 (EXCEXP_TLS_000JJKSK3).xlsx,Rebates,4091,TD - APRIL 4 ISF
yoy,Fcst Inc Cases is not positive,London Drugs,NA-LONDON DRUGS,2025,2025,TDL,TDL CAN,000HJDH0B,Closed,0.0,2025-04-01,2025-04-30,DR 2025 - 2026-10-02 (EXCEXP_TLS_000JJKSK3).xlsx,Rebates,4096,TD - APRIL POWER END
yoy,Fcst Inc Cases is not positive,London Drugs,NA-LONDON DRUGS,2025,2025,TDSSKC-4/48,SS KCOMP 4/48CT,000HJDH0B,Closed,0.0,2025-04-01,2025-04-30,DR 2025 - 2026-10-02 (EXCEXP_TLS_000JJKSK3).xlsx,Rebates,4097,TD - APRIL POWER END
yoy,Fcst Inc Cases is not positive,London Drugs,NA-LONDON DRUGS,2025,2025,TDSSKC-4/30,SS KCOMP 4/30CT,000HJDH0B,Closed,0.0,2025-04-01,2025-04-30,DR 2025 - 2026-10-02 (EXCEXP_TLS_000JJKSK3).xlsx,Rebates,4098,TD - APRIL POWER END
yoy,Fcst Inc Cases is not positive,London Drugs,NA-LONDON DRUGS,2025,2025,TDIC-12/100,INSTANT COFFEE 12/100GR,000HJDH0B,Closed,0.0,2025-04-01,2025-04-30,DR 2025 - 2026-10-02 (EXCEXP_TLS_000JJKSK3).xlsx,Rebates,4102,TD - APRIL POWER END
yoy,Fcst Inc Cases is not positive,London Drugs,NA-LONDON DRUGS,2025,2025,TDL,TDL CAN,000HJDODQ,Closed,0.0,2025-04-18,2025-04-23,DR 2025 - 2026-10-02 (EXCEXP_TLS_000JJKSK3).xlsx,Rebates,4104,TD - APRIL 19 FLYER
yoy,Fcst Inc Cases is not positive,London Drugs,NA-LONDON DRUGS,2025,2025,TDRGLC-6/930,R&G LARGE CAN 6/930GR,000HJDODQ,Closed,0.0,2025-04-18,2025-04-23,DR 2025 - 2026-10-02 (EXCEXP_TLS_000JJKSK3).xlsx,Rebates,4106,TD - APRIL 19 FLYER
yoy,Fcst Inc Cases is not positive,London Drugs,NA-LONDON DRUGS,2025,2025,TDL,TDL CAN,000HJEDGA,Closed,0.0,2025-05-02,2025-05-07,DR 2025 - 2026-10-02 (EXCEXP_TLS_000JJKSK3).xlsx,Rebates,4108,TD - MAY 10 INSTORE FLYER SOUPS/CHILI
yoy,Fcst Inc Cases is not positive,London Drugs,NA-LONDON DRUGS,2025,2025,TDSHHB-6/425,HOT BOWLS 6/425GR,000HJEDGA,Closed,0.0,2025-05-02,2025-05-07,DR 2025 - 2026-10-02 (EXCEXP_TLS_000JJKSK3).xlsx,Rebates,4111,TD - MAY 10 INSTORE FLYER SOUPS/CHILI
yoy,Fcst Inc Cases is not positive,London Drugs,NA-LONDON DRUGS,2025,2025,TDL,TDL CAN,000HJDRPZ,Closed,0.0,2025-05-01,2025-05-08,DR 2025 - 2026-10-02 (EXCEXP_TLS_000JJKSK3).xlsx,Rebates,4114,TD - MAY 8 FLYER
yoy,Fcst Inc Cases is not positive,London Drugs,NA-LONDON DRUGS,2025,2025,TDL,TDL CAN,000HJE3ZU,Closed,0.0,2025-04-30,2025-05-25,DR 2025 - 2026-10-02 (EXCEXP_TLS_000JJKSK3).xlsx,Rebates,4118,TD MAY MANAGERS SPECIAL
yoy,Fcst Inc Cases is not positive,London Drugs,NA-LONDON DRUGS,2025,2025,TDSSKC-4/48,SS KCOMP 4/48CT,000HJE3ZU,Closed,0.0,2025-04-30,2025-05-25,DR 2025 - 2026-10-02 (EXCEXP_TLS_000JJKSK3).xlsx,Rebates,4119,TD MAY MANAGERS SPECIAL
yoy,Fcst Inc Cases is not positive,London Drugs,NA-LONDON DRUGS,2025,2025,TDNC-10/10,NCOMP 10/10CT,000HJE3ZU,Closed,0.0,2025-04-30,2025-05-25,DR 2025 - 2026-10-02 (EXCEXP_TLS_000JJKSK3).xlsx,Rebates,4122,TD MAY MANAGERS SPECIAL
yoy,Fcst Inc Cases is not positive,London Drugs,NA-LONDON DRUGS,2025,2025,TDIC-12/100,INSTANT COFFEE 12/100GR,000HJE3ZU,Closed,0.0,2025-04-30,2025-05-25,DR 2025 - 2026-10-02 (EXCEXP_TLS_000JJKSK3).xlsx,Rebates,4123,TD MAY MANAGERS SPECIAL
yoy,Fcst Inc Cases is not positive,London Drugs,NA-LONDON DRUGS,2025,2025,TDRGSB-6/300,R&G SMALL BAG 6/300GR,000HJEEYS,Closed,0.0,2025-06-20,2025-06-25,DR 2025 - 2026-10-02 (EXCEXP_TLS_000JJKSK3).xlsx,Rebates,4125,TD JUNE 21 FLYER
yoy,Fcst Inc Cases is not positive,London Drugs,NA-LONDON DRUGS,2025,2025,TDRGSB-6/300,R&G SMALL BAG 6/300GR,000HJEEYS,Closed,0.0,2025-06-20,2025-06-25,DR 2025 - 2026-10-02 (EXCEXP_TLS_000JJKSK3).xlsx,Rebates,4127,TD JUNE 21 FLYER
yoy,Fcst Inc Cases is not positive,London Drugs,NA-LONDON DRUGS,2025,2025,TDSHSP-12/540,SOUPS 12/540ML,000HJDBBS,Closed,0.0,2025-05-29,2025-06-30,DR 2025 - 2026-10-02 (EXCEXP_TLS_000JJKSK3).xlsx,Rebates,4130,TD JUNE MANAGERS SPECIAL
yoy,Fcst Inc Cases is not positive,London Drugs,NA-LONDON DRUGS,2025,2025,TDSHSP-12/540,SOUPS 12/540ML,000HJDBBS,Closed,0.0,2025-05-29,2025-06-30,DR 2025 - 2026-10-02 (EXCEXP_TLS_000JJKSK3).xlsx,Rebates,4131,TD JUNE MANAGERS SPECIAL
yoy,Fcst Inc Cases is not positive,London Drugs,NA-LONDON DRUGS,2025,2025,TDSHSP-12/540,SOUPS 12/540ML,000HJDBBS,Closed,0.0,2025-05-29,2025-06-30,DR 2025 - 2026-10-02 (EXCEXP_TLS_000JJKSK3).xlsx,Rebates,4132,TD JUNE MANAGERS SPECIAL
yoy,Fcst Inc Cases is not positive,London Drugs,NA-LONDON DRUGS,2025,2025,6320912634,*TDL BEEF CHILI 6/425 GR,000HJDBBS,Closed,0.0,2025-05-29,2025-06-30,DR 2025 - 2026-10-02 (EXCEXP_TLS_000JJKSK3).xlsx,Rebates,4133,TD JUNE MANAGERS SPECIAL
yoy,Fcst Inc Cases is not positive,London Drugs,NA-LONDON DRUGS,2025,2025,TDSSKC-6/12,SS KCOMP 6/12CT,000HJE3XF,Closed,0.0,2025-05-29,2025-06-30,DR 2025 - 2026-10-02 (EXCEXP_TLS_000JJKSK3).xlsx,Rebates,4135,TD JUNE MANAGERS SPECIAL
yoy,Fcst Inc Cases is not positive,London Drugs,NA-LONDON DRUGS,2025,2025,6320912803,TDL BEEF CHILI 12/425 GR,000HJDR19,Closed,0.0,2025-07-03,2025-07-28,DR 2025 - 2026-10-02 (EXCEXP_TLS_000JJKSK3).xlsx,Rebates,4148,TD JULY SOUP MANAGERS SPECIAL
yoy,Fcst Inc Cases is not positive,London Drugs,NA-LONDON DRUGS,2025,2025,TDSHSP-12/540,SOUPS 12/540ML,000HJDR19,Closed,0.0,2025-07-03,2025-07-28,DR 2025 - 2026-10-02 (EXCEXP_TLS_000JJKSK3).xlsx,Rebates,4149,TD JULY SOUP MANAGERS SPECIAL
yoy,Fcst Inc Cases is not positive,London Drugs,NA-LONDON DRUGS,2025,2025,TDSHSP-12/540,SOUPS 12/540ML,000HJDR19,Closed,0.0,2025-07-03,2025-07-28,DR 2025 - 2026-10-02 (EXCEXP_TLS_000JJKSK3).xlsx,Rebates,4151,TD JULY SOUP MANAGERS SPECIAL
yoy,Fcst Inc Cases is not positive,London Drugs,NA-LONDON DRUGS,2025,2025,TDL,TDL CAN,000HJEFUI,Closed,0.0,2025-07-03,2025-07-28,DR 2025 - 2026-10-02 (EXCEXP_TLS_000JJKSK3).xlsx,Rebates,4153,TD JULY MANAGERS SPECIAL
yoy,Fcst Inc Cases is not positive,London Drugs,NA-LONDON DRUGS,2025,2025,TDNC-10/10,NCOMP 10/10CT,000HJEFUI,Closed,0.0,2025-07-03,2025-07-28,DR 2025 - 2026-10-02 (EXCEXP_TLS_000JJKSK3).xlsx,Rebates,4157,TD JULY MANAGERS SPECIAL
yoy,Fcst Inc Cases is not positive,London Drugs,NA-LONDON DRUGS,2025,2025,TDRGSB-6/300,R&G SMALL BAG 6/300GR,000HJDROL,Closed,0.0,2025-07-11,2025-07-16,DR 2025 - 2026-10-02 (EXCEXP_TLS_000JJKSK3).xlsx,Rebates,4160,TD JULY 12 FLYER
yoy,Fcst Inc Cases is not positive,London Drugs,NA-LONDON DRUGS,2025,2025,TDRGSB-6/300,R&G SMALL BAG 6/300GR,000HJDROL,Closed,0.0,2025-07-11,2025-07-16,DR 2025 - 2026-10-02 (EXCEXP_TLS_000JJKSK3).xlsx,Rebates,4162,TD JULY 12 FLYER
yoy,Fcst Inc Cases is not positive,London Drugs,NA-LONDON DRUGS,2025,2025,TDL,TDL CAN,000HJDY7S,Closed,0.0,2025-07-31,2025-08-25,DR 2025 - 2026-10-02 (EXCEXP_TLS_000JJKSK3).xlsx,Rebates,4164,TD AUGUST MANAGERS SPECIAL
yoy,Fcst Inc Cases is not positive,London Drugs,NA-LONDON DRUGS,2025,2025,6320912803,TDL BEEF CHILI 12/425 GR,000HUQ9LI,Closed,0.0,2025-08-28,2025-09-29,DR 2025 - 2026-10-02 (EXCEXP_TLS_000JJKSK3).xlsx,Rebates,4172,TD SEPTEMBER SOUP MANAGERS SPECIAL
yoy,Fcst Inc Cases is not positive,London Drugs,NA-LONDON DRUGS,2025,2025,TDSHSP-12/540,SOUPS 12/540ML,000HUQ9LI,Closed,0.0,2025-08-28,2025-09-29,DR 2025 - 2026-10-02 (EXCEXP_TLS_000JJKSK3).xlsx,Rebates,4174,TD SEPTEMBER SOUP MANAGERS SPECIAL
yoy,Fcst Inc Cases is not positive,London Drugs,NA-LONDON DRUGS,2025,2025,TDSHSP-12/540,SOUPS 12/540ML,000HUQ9LI,Closed,0.0,2025-08-28,2025-09-29,DR 2025 - 2026-10-02 (EXCEXP_TLS_000JJKSK3).xlsx,Rebates,4175,TD SEPTEMBER SOUP MANAGERS SPECIAL
yoy,Fcst Inc Cases is not positive,London Drugs,NA-LONDON DRUGS,2025,2025,TDL,TDL CAN,000HJDROX,Closed,0.0,2025-08-28,2025-09-29,DR 2025 - 2026-10-02 (EXCEXP_TLS_000JJKSK3).xlsx,Rebates,4178,TD SEPTEMBER MANAGERS SPECIAL
yoy,Fcst Inc Cases is not positive,London Drugs,NA-LONDON DRUGS,2025,2025,TDNC-10/10,NCOMP 10/10CT,000HJDROX,Closed,0.0,2025-08-28,2025-09-29,DR 2025 - 2026-10-02 (EXCEXP_TLS_000JJKSK3).xlsx,Rebates,4181,TD SEPTEMBER MANAGERS SPECIAL
yoy,Fcst Inc Cases is not positive,London Drugs,NA-LONDON DRUGS,2025,2025,TDIC-12/100,INSTANT COFFEE 12/100GR,000J9F2LN,Closed,0.0,2025-08-26,2025-08-26,DR 2025 - 2026-10-02 (EXCEXP_TLS_000JJKSK3).xlsx,Rebates,4185,TD Missed OI
yoy,Fcst Inc Cases is not positive,London Drugs,NA-LONDON DRUGS,2025,2025,TDL,TDL CAN,000HJE3YD,Closed,0.0,2025-09-01,2025-09-30,DR 2025 - 2026-10-02 (EXCEXP_TLS_000JJKSK3).xlsx,Rebates,4187,TD - SEPTEMBER DISPLAY
yoy,Fcst Inc Cases is not positive,London Drugs,NA-LONDON DRUGS,2025,2025,TDRGLC-6/930,R&G LARGE CAN 6/930GR,000HJE3YD,Closed,0.0,2025-09-01,2025-09-30,DR 2025 - 2026-10-02 (EXCEXP_TLS_000JJKSK3).xlsx,Rebates,4191,TD - SEPTEMBER DISPLAY
yoy,Fcst Inc Cases is not positive,London Drugs,NA-LONDON DRUGS,2025,2025,TDRGLC-6/930,R&G LARGE CAN 6/930GR,000HJE51H,Closed,0.0,2025-09-12,2025-09-17,DR 2025 - 2026-10-02 (EXCEXP_TLS_000JJKSK3).xlsx,Rebates,4194,TD SEPT 13 FLYER
yoy,Fcst Inc Cases is not positive,London Drugs,NA-LONDON DRUGS,2025,2025,TDL,TDL CAN,000HJDHO6,Closed,0.0,2025-09-19,2025-09-24,DR 2025 - 2026-10-02 (EXCEXP_TLS_000JJKSK3).xlsx,Rebates,4196,TD - SEPTEMBER 20 FLYER
yoy,Fcst Inc Cases is not positive,London Drugs,NA-LONDON DRUGS,2025,2025,TDSSKC-4/30,SS KCOMP 4/30CT,000HJDHO6,Closed,0.0,2025-09-19,2025-09-24,DR 2025 - 2026-10-02 (EXCEXP_TLS_000JJKSK3).xlsx,Rebates,4197,TD - SEPTEMBER 20 FLYER
yoy,Fcst Inc Cases is not positive,London Drugs,NA-LONDON DRUGS,2025,2025,TDL,TDL CAN,000HJDMR1,Closed,0.0,2025-10-02,2025-10-27,DR 2025 - 2026-10-02 (EXCEXP_TLS_000JJKSK3).xlsx,Rebates,4200,TD - OCTOBER MANAGERS SPECIAL
yoy,Fcst Inc Cases is not positive,London Drugs,NA-LONDON DRUGS,2025,2025,TDSSKC-4/30,SS KCOMP 4/30CT,000HJDMR1,Closed,0.0,2025-10-02,2025-10-27,DR 2025 - 2026-10-02 (EXCEXP_TLS_000JJKSK3).xlsx,Rebates,4203,TD - OCTOBER MANAGERS SPECIAL
yoy,Fcst Inc Cases is not positive,London Drugs,NA-LONDON DRUGS,2025,2025,TDRGSB-6/300,R&G SMALL BAG 6/300GR,000HJDMR1,Closed,0.0,2025-10-02,2025-10-27,DR 2025 - 2026-10-02 (EXCEXP_TLS_000JJKSK3).xlsx,Rebates,4204,TD - OCTOBER MANAGERS SPECIAL
yoy,Fcst Inc Cases is not positive,London Drugs,NA-LONDON DRUGS,2025,2025,6320923343,TDL KCUP PUMPKIN SPICE SS 6/12 CT,000IYOB5W,Closed,0.0,2025-09-23,2025-09-23,DR 2025 - 2026-10-02 (EXCEXP_TLS_000JJKSK3).xlsx,Rebates,4208,TD 2025 Markdown
yoy,Fcst Inc Cases is not positive,London Drugs,NA-LONDON DRUGS,2025,2025,TDRGLC-6/930,R&G LARGE CAN 6/930GR,000IYOB5W,Closed,0.0,2025-09-23,2025-09-23,DR 2025 - 2026-10-02 (EXCEXP_TLS_000JJKSK3).xlsx,Rebates,4209,TD 2025 Markdown
yoy,Fcst Inc Cases is not positive,London Drugs,NA-LONDON DRUGS,2025,2025,TDHBHC-12/450,HB HOT CHOCOLATE 12/450GR,000JICYGX,Closed,0.0,2025-10-01,2025-12-30,DR 2025 - 2026-10-02 (EXCEXP_TLS_000JJKSK3).xlsx,Rebates,4211,TD ECOMM SETUP $75
yoy,Fcst Inc Cases is not positive,London Drugs,NA-LONDON DRUGS,2025,2025,TDL,TDL CAN,000HJDRS1,Closed,0.0,2025-10-03,2025-10-08,DR 2025 - 2026-10-02 (EXCEXP_TLS_000JJKSK3).xlsx,Rebates,4213,TD - OCTOBER 4 FLYER
yoy,Fcst Inc Cases is not positive,London Drugs,NA-LONDON DRUGS,2025,2025,TDSHSP-12/540,SOUPS 12/540ML,000HJDRS1,Closed,0.0,2025-10-03,2025-10-08,DR 2025 - 2026-10-02 (EXCEXP_TLS_000JJKSK3).xlsx,Rebates,4214,TD - OCTOBER 4 FLYER
yoy,Fcst Inc Cases is not positive,London Drugs,NA-LONDON DRUGS,2025,2025,TDSHSP-12/540,SOUPS 12/540ML,000HJDRS1,Closed,0.0,2025-10-03,2025-10-08,DR 2025 - 2026-10-02 (EXCEXP_TLS_000JJKSK3).xlsx,Rebates,4216,TD - OCTOBER 4 FLYER
yoy,Fcst Inc Cases is not positive,London Drugs,NA-LONDON DRUGS,2025,2025,TDRGLC-6/930,R&G LARGE CAN 6/930GR,000HJDRS1,Closed,0.0,2025-10-03,2025-10-08,DR 2025 - 2026-10-02 (EXCEXP_TLS_000JJKSK3).xlsx,Rebates,4218,TD - OCTOBER 4 FLYER
yoy,Fcst Inc Cases is not positive,London Drugs,NA-LONDON DRUGS,2025,2025,TDRGLB-6/652,R&G LARGE BAG 6/652GR,000HJDRS1,Closed,0.0,2025-10-03,2025-10-08,DR 2025 - 2026-10-02 (EXCEXP_TLS_000JJKSK3).xlsx,Rebates,4220,TD - OCTOBER 4 FLYER
yoy,Fcst Inc Cases is not positive,London Drugs,NA-LONDON DRUGS,2025,2025,TDL,TDL CAN,000HJEAOC,Closed,0.0,2025-10-30,2025-11-24,DR 2025 - 2026-10-02 (EXCEXP_TLS_000JJKSK3).xlsx,Rebates,4223,TD NOV MANAGERS SPECIAL
yoy,Fcst Inc Cases is not positive,London Drugs,NA-LONDON DRUGS,2025,2025,TDSHSP-12/540,SOUPS 12/540ML,000HJEAOC,Closed,0.0,2025-10-30,2025-11-24,DR 2025 - 2026-10-02 (EXCEXP_TLS_000JJKSK3).xlsx,Rebates,4226,TD NOV MANAGERS SPECIAL
yoy,Fcst Inc Cases is not positive,London Drugs,NA-LONDON DRUGS,2025,2025,TDSHSP-12/540,SOUPS 12/540ML,000HJEAOC,Closed,0.0,2025-10-30,2025-11-24,DR 2025 - 2026-10-02 (EXCEXP_TLS_000JJKSK3).xlsx,Rebates,4228,TD NOV MANAGERS SPECIAL
yoy,Fcst Inc Cases is not positive,London Drugs,NA-LONDON DRUGS,2025,2025,TDRGSB-6/300,R&G SMALL BAG 6/300GR,000HJEANE,Closed,0.0,2025-10-22,2025-11-30,DR 2025 - 2026-10-02 (EXCEXP_TLS_000JJKSK3).xlsx,Rebates,4232,TD NOVEMBER  DISPLAY
yoy,Fcst Inc Cases is not positive,London Drugs,NA-LONDON DRUGS,2025,2025,TDHBHC-12/500,HB HOT CHOCOLATE 12/500GR,000HJEANE,Closed,0.0,2025-10-22,2025-11-30,DR 2025 - 2026-10-02 (EXCEXP_TLS_000JJKSK3).xlsx,Rebates,4233,TD NOVEMBER  DISPLAY
yoy,Fcst Inc Cases is not positive,London Drugs,NA-LONDON DRUGS,2025,2025,TDHBHC-12/500,HB HOT CHOCOLATE 12/500GR,000HJEANE,Closed,0.0,2025-10-22,2025-11-30,DR 2025 - 2026-10-02 (EXCEXP_TLS_000JJKSK3).xlsx,Rebates,4235,TD NOVEMBER  DISPLAY
yoy,Fcst Inc Cases is not positive,London Drugs,NA-LONDON DRUGS,2025,2025,TDHBHC-12/450,HB HOT CHOCOLATE 12/450GR,000HJEANE,Closed,0.0,2025-10-22,2025-11-30,DR 2025 - 2026-10-02 (EXCEXP_TLS_000JJKSK3).xlsx,Rebates,4236,TD NOVEMBER  DISPLAY
yoy,Fcst Inc Cases is not positive,London Drugs,NA-LONDON DRUGS,2025,2025,TDSSKC-4/48,SS KCOMP 4/48CT,000HJDOS0,Closed,0.0,2025-10-26,2025-12-24,DR 2025 - 2026-10-02 (EXCEXP_TLS_000JJKSK3).xlsx,Rebates,4238,TD FESTIVE MANAGERS
yoy,Fcst Inc Cases is not positive,London Drugs,NA-LONDON DRUGS,2025,2025,TDL,TDL CAN,000HJEDEI,Closed,0.0,2025-11-14,2025-11-19,DR 2025 - 2026-10-02 (EXCEXP_TLS_000JJKSK3).xlsx,Rebates,4241,TD NOV 15 FLYER
yoy,Fcst Inc Cases is not positive,London Drugs,NA-LONDON DRUGS,2025,2025,TDRGSB-6/300,R&G SMALL BAG 6/300GR,000HJEDEI,Closed,0.0,2025-11-14,2025-11-19,DR 2025 - 2026-10-02 (EXCEXP_TLS_000JJKSK3).xlsx,Rebates,4243,TD NOV 15 FLYER
yoy,Fcst Inc Cases is not positive,London Drugs,NA-LONDON DRUGS,2025,2025,TDIC-12/100,INSTANT COFFEE 12/100GR,000HJEDEI,Closed,0.0,2025-11-14,2025-11-19,DR 2025 - 2026-10-02 (EXCEXP_TLS_000JJKSK3).xlsx,Rebates,4245,TD NOV 15 FLYER
yoy,Fcst Inc Cases is not positive,London Drugs,NA-LONDON DRUGS,2025,2025,TDHBHC-12/500,HB HOT CHOCOLATE 12/500GR,000HJEDEI,Closed,0.0,2025-11-14,2025-11-19,DR 2025 - 2026-10-02 (EXCEXP_TLS_000JJKSK3).xlsx,Rebates,4247,TD NOV 15 FLYER
yoy,Fcst Inc Cases is not positive,London Drugs,NA-LONDON DRUGS,2025,2025,TDHBHC-12/450,HB HOT CHOCOLATE 12/450GR,000HJEDEI,Closed,0.0,2025-11-14,2025-11-19,DR 2025 - 2026-10-02 (EXCEXP_TLS_000JJKSK3).xlsx,Rebates,4248,TD NOV 15 FLYER
yoy,Fcst Inc Cases is not positive,London Drugs,NA-LONDON DRUGS,2025,2025,TDL,TDL CAN,000HJDLTA,Closed,0.0,2025-11-27,2025-12-29,DR 2025 - 2026-10-02 (EXCEXP_TLS_000JJKSK3).xlsx,Rebates,4250,TD DECEMBER MANAGERS SPECIAL
yoy,Fcst Inc Cases is not positive,London Drugs,NA-LONDON DRUGS,2025,2025,TDSSKC-6/12,SS KCOMP 6/12CT,000HJDLTA,Closed,0.0,2025-11-27,2025-12-29,DR 2025 - 2026-10-02 (EXCEXP_TLS_000JJKSK3).xlsx,Rebates,4253,TD DECEMBER MANAGERS SPECIAL
yoy,Fcst Inc Cases is not positive,London Drugs,NA-LONDON DRUGS,2025,2025,TDSHSP-12/540,SOUPS 12/540ML,000HJDLTA,Closed,0.0,2025-11-27,2025-12-29,DR 2025 - 2026-10-02 (EXCEXP_TLS_000JJKSK3).xlsx,Rebates,4255,TD DECEMBER MANAGERS SPECIAL
yoy,Fcst Inc Cases is not positive,London Drugs,NA-LONDON DRUGS,2025,2025,TDSHSP-12/540,SOUPS 12/540ML,000HJDLTA,Closed,0.0,2025-11-27,2025-12-29,DR 2025 - 2026-10-02 (EXCEXP_TLS_000JJKSK3).xlsx,Rebates,4257,TD DECEMBER MANAGERS SPECIAL
yoy,Fcst Inc Cases is not positive,London Drugs,NA-LONDON DRUGS,2025,2025,TDL,TDL CAN,000HJE3Z1,Closed,0.0,2025-11-30,2025-12-30,DR 2025 - 2026-10-02 (EXCEXP_TLS_000JJKSK3).xlsx,Rebates,4263,TD DECEMBER POWER END
yoy,Fcst Inc Cases is not positive,London Drugs,NA-LONDON DRUGS,2025,2025,TDSSKC-4/30,SS KCOMP 4/30CT,000HJE3Z1,Closed,0.0,2025-11-30,2025-12-30,DR 2025 - 2026-10-02 (EXCEXP_TLS_000JJKSK3).xlsx,Rebates,4264,TD DECEMBER POWER END
yoy,Fcst Inc Cases is not positive,London Drugs,NA-LONDON DRUGS,2025,2025,TDRGLC-6/930,R&G LARGE CAN 6/930GR,000HJE3Z1,Closed,0.0,2025-11-30,2025-12-30,DR 2025 - 2026-10-02 (EXCEXP_TLS_000JJKSK3).xlsx,Rebates,4266,TD DECEMBER POWER END
yoy,Fcst Inc Cases is not positive,London Drugs,NA-LONDON DRUGS,2025,2025,TDL,TDL CAN,000HJDH12,Closed,0.0,2025-12-12,2025-12-24,DR 2025 - 2026-10-02 (EXCEXP_TLS_000JJKSK3).xlsx,Rebates,4269,TD DECEMBER 13 FLYER
yoy,Fcst Inc Cases is not positive,London Drugs,NA-LONDON DRUGS,2025,2025,TDSSKC-4/30,SS KCOMP 4/30CT,000HJDH12,Closed,0.0,2025-12-12,2025-12-24,DR 2025 - 2026-10-02 (EXCEXP_TLS_000JJKSK3).xlsx,Rebates,4270,TD DECEMBER 13 FLYER
yoy,Fcst Inc Cases is not positive,London Drugs,NA-LONDON DRUGS,2025,2025,TDRGLC-6/930,R&G LARGE CAN 6/930GR,000HJDH12,Closed,0.0,2025-12-12,2025-12-24,DR 2025 - 2026-10-02 (EXCEXP_TLS_000JJKSK3).xlsx,Rebates,4272,TD DECEMBER 13 FLYER
yoy,Fcst Inc Cases is not positive,London Drugs,NA-LONDON DRUGS,2025,2025,TDHBHC-12/500,HB HOT CHOCOLATE 12/500GR,000HJDH12,Closed,0.0,2025-12-12,2025-12-24,DR 2025 - 2026-10-02 (EXCEXP_TLS_000JJKSK3).xlsx,Rebates,4274,TD DECEMBER 13 FLYER
yoy,Fcst Inc Cases is not positive,London Drugs,NA-LONDON DRUGS,2025,2025,TDHBHC-12/500,HB HOT CHOCOLATE 12/500GR,000HJDH12,Closed,0.0,2025-12-12,2025-12-24,DR 2025 - 2026-10-02 (EXCEXP_TLS_000JJKSK3).xlsx,Rebates,4276,TD DECEMBER 13 FLYER
yoy,Fcst Inc Cases is not positive,London Drugs,NA-LONDON DRUGS,2025,2025,TDHBHC-12/450,HB HOT CHOCOLATE 12/450GR,000HJDH12,Closed,0.0,2025-12-12,2025-12-24,DR 2025 - 2026-10-02 (EXCEXP_TLS_000JJKSK3).xlsx,Rebates,4277,TD DECEMBER 13 FLYER
yoy,Fcst Inc Cases is not positive,London Drugs,NA-LONDON DRUGS,2025,2025,TDHBHC-12/450,HB HOT CHOCOLATE 12/450GR,000HJDH12,Closed,0.0,2025-12-12,2025-12-24,DR 2025 - 2026-10-02 (EXCEXP_TLS_000JJKSK3).xlsx,Rebates,4278,TD DECEMBER 13 FLYER
yoy,Fcst Inc Cases is not positive,London Drugs,NA-LONDON DRUGS,2025,2025,TDNC-10/10,NCOMP 10/10CT,000HJE195,Closed,0.0,2025-12-26,2025-12-31,DR 2025 - 2026-10-02 (EXCEXP_TLS_000JJKSK3).xlsx,Rebates,4280,TD NYE INSTORE SPECIAL
yoy,Fcst Inc Cases is not positive,Longos,NA-LONGOS,2025,2025,6320911393,TDL KCUP TEA SS 6/12 CT,000HJDCIJ,Closed,0.0,2025-04-10,2025-05-06,DR 2025 - 2026-10-02 (EXCEXP_TLS_000JJKSK3).xlsx,Rebates,4283,TD -LONGOS TPR BAGS & 12ct & NCC
yoy,Fcst Inc Cases is not positive,Longos,NA-LONGOS,2025,2025,TDSSKC-48/12,SS KCOMP 48/12CT,000I79TWN,Closed,0.0,2025-04-07,2025-08-31,DR 2025 - 2026-10-02 (EXCEXP_TLS_000JJKSK3).xlsx,Rebates,4293,"TD - LONGOS TPR FALL LTO Caramel, Pumpkin & Original 48CT Di"
yoy,Fcst Inc Cases is not positive,Longos,NA-LONGOS,2025,2025,TDRGLC-6/930,R&G LARGE CAN 6/930GR,000HJDT6A,Closed,0.0,2025-12-04,2025-12-30,DR 2025 - 2026-10-02 (EXCEXP_TLS_000JJKSK3).xlsx,Rebates,4311,TD -LONGOS TPR BAGS & 12ct & NCC
yoy,Fcst Inc Cases is not positive,McKesson,NA-MCKESSON,2025,2025,TDSSKC-6/12,SS KCOMP 6/12CT,000HTEFE1,Closed,0.0,2025-01-01,2025-01-23,DR 2025 - 2026-10-02 (EXCEXP_TLS_000JJKSK3).xlsx,Rebates,4314,TD REXALL 4 WEEK INSTORE EVENT 38024/61066 Pt 2
yoy,Fcst Inc Cases is not positive,McKesson,NA-MCKESSON,2025,2025,TDHBHC-5/8,HB HOT CHOCOLATE 5/8CT,000HTEFE1,Closed,0.0,2025-01-01,2025-01-23,DR 2025 - 2026-10-02 (EXCEXP_TLS_000JJKSK3).xlsx,Rebates,4315,TD REXALL 4 WEEK INSTORE EVENT 38024/61066 Pt 2
yoy,Fcst Inc Cases is not positive,McKesson,NA-MCKESSON,2025,2025,TDHBCAP-5/8,HB CAPPUCCINO 5/8CT,000HTEFE1,Closed,0.0,2025-01-01,2025-01-23,DR 2025 - 2026-10-02 (EXCEXP_TLS_000JJKSK3).xlsx,Rebates,4316,TD REXALL 4 WEEK INSTORE EVENT 38024/61066 Pt 2
yoy,Fcst Inc Cases is not positive,McKesson,NA-MCKESSON,2025,2025,TDIC-12/100,INSTANT COFFEE 12/100GR,000HOMCDK,Closed,0.0,2025-01-23,2025-01-29,DR 2025 - 2026-10-02 (EXCEXP_TLS_000JJKSK3).xlsx,Rebates,4318,TD - UNIPRIX INSTANT 12CT
yoy,Fcst Inc Cases is not positive,McKesson,NA-MCKESSON,2025,2025,TDRGSB-6/300,R&G SMALL BAG 6/300GR,000HJDZL0,Closed,0.0,2025-01-17,2025-01-23,DR 2025 - 2026-10-02 (EXCEXP_TLS_000JJKSK3).xlsx,Rebates,4320,TD SO Rexall 1 WEEK EVENT 24324 6/300g
yoy,Fcst Inc Cases is not positive,McKesson,NA-MCKESSON,2025,2025,TDSSKC-6/12,SS KCOMP 6/12CT,000HJDHR9,Closed,0.0,2025-02-14,2025-02-20,DR 2025 - 2026-10-02 (EXCEXP_TLS_000JJKSK3).xlsx,Rebates,4331,TD SO Rexall 1 WEEK EVENT 24723 6/12 ct
yoy,Fcst Inc Cases is not positive,McKesson,NA-MCKESSON,2025,2025,TDRGSB-6/300,R&G SMALL BAG 6/300GR,000HJE55X,Closed,0.0,2025-02-14,2025-02-20,DR 2025 - 2026-10-02 (EXCEXP_TLS_000JJKSK3).xlsx,Rebates,4333,TD SO Rexall 1 WEEK EVENT 24724 6/300g
yoy,Fcst Inc Cases is not positive,McKesson,NA-MCKESSON,2025,2025,TDIC-12/100,INSTANT COFFEE 12/100GR,000HJEBN4,Closed,0.0,2025-02-28,2025-03-06,DR 2025 - 2026-10-02 (EXCEXP_TLS_000JJKSK3).xlsx,Rebates,4335,TD REXALL 1 WEEK  EVENT 24924 Instant
yoy,Fcst Inc Cases is not positive,McKesson,NA-MCKESSON,2025,2025,TDSSKC-6/12,SS KCOMP 6/12CT,000HJDZMO,Closed,0.0,2025-03-14,2025-03-20,DR 2025 - 2026-10-02 (EXCEXP_TLS_000JJKSK3).xlsx,Rebates,4340,TD SO RexallFRONT PAGE EVENT 25124 6/300g 6/12ct
yoy,Fcst Inc Cases is not positive,McKesson,NA-MCKESSON,2025,2025,TDRGSB-6/300,R&G SMALL BAG 6/300GR,000HJDZMO,Closed,0.0,2025-03-14,2025-03-20,DR 2025 - 2026-10-02 (EXCEXP_TLS_000JJKSK3).xlsx,Rebates,4341,TD SO RexallFRONT PAGE EVENT 25124 6/300g 6/12ct
yoy,Fcst Inc Cases is not positive,McKesson,NA-MCKESSON,2025,2025,TDL,TDL CAN,000I6JILQ,Committed,0.0,2025-03-23,2025-03-31,DR 2025 - 2026-10-02 (EXCEXP_TLS_000JJKSK3).xlsx,Rebates,4343,TD Rexall Wing Rack Markdown
yoy,Fcst Inc Cases is not positive,McKesson,NA-MCKESSON,2025,2025,TDL,TDL CAN,000HJDZLW,Closed,0.0,2025-03-25,2025-04-23,DR 2025 - 2026-10-02 (EXCEXP_TLS_000JJKSK3).xlsx,Rebates,4345,TD - PHARMACHOICE TRADE SHOW
yoy,Fcst Inc Cases is not positive,McKesson,NA-MCKESSON,2025,2025,TDRGLC-6/930,R&G LARGE CAN 6/930GR,000HJE17L,Closed,0.0,2025-04-03,2025-04-09,DR 2025 - 2026-10-02 (EXCEXP_TLS_000JJKSK3).xlsx,Rebates,4348,TD UNIPRIX Flyer April $20.49 & $19.99 - Promo 015
yoy,Fcst Inc Cases is not positive,McKesson,NA-MCKESSON,2025,2025,TDIC-12/12,INSTANT COFFEE 12/12CT,000HJDC40,Closed,0.0,2025-04-04,2025-04-10,DR 2025 - 2026-10-02 (EXCEXP_TLS_000JJKSK3).xlsx,Rebates,4352,TD REXALL 3 DAY EVENT 00224
yoy,Fcst Inc Cases is not positive,McKesson,NA-MCKESSON,2025,2025,TDIC-12/12,INSTANT COFFEE 12/12CT,000HJDC4E,Closed,0.0,2025-04-18,2025-04-24,DR 2025 - 2026-10-02 (EXCEXP_TLS_000JJKSK3).xlsx,Rebates,4354,TD REXALL 1 WEEK  EVENT 20426
yoy,Fcst Inc Cases is not positive,McKesson,NA-MCKESSON,2025,2025,TDL,TDL CAN,000ICSS46,Closed,0.0,2025-05-01,2025-05-31,DR 2025 - 2026-10-02 (EXCEXP_TLS_000JJKSK3).xlsx,Rebates,4362,McKesson Wholesale Admin Fee Price Increase
yoy,Fcst Inc Cases is not positive,McKesson,NA-MCKESSON,2025,2025,TDTB-6/20,TEA BAG 6/20CT,000HJEBNG,Closed,0.0,2025-05-09,2025-05-15,DR 2025 - 2026-10-02 (EXCEXP_TLS_000JJKSK3).xlsx,Rebates,4366,TD REXALL 1 WEEK  EVENT 20726
yoy,Fcst Inc Cases is not positive,McKesson,NA-MCKESSON,2025,2025,TDRGSB-6/300,R&G SMALL BAG 6/300GR,000HJEBNG,Closed,0.0,2025-05-09,2025-05-15,DR 2025 - 2026-10-02 (EXCEXP_TLS_000JJKSK3).xlsx,Rebates,4367,TD REXALL 1 WEEK  EVENT 20726
yoy,Fcst Inc Cases is not positive,McKesson,NA-MCKESSON,2025,2025,TDRGLC-6/930,R&G LARGE CAN 6/930GR,000I596BK,Closed,0.0,2025-05-22,2025-05-28,DR 2025 - 2026-10-02 (EXCEXP_TLS_000JJKSK3).xlsx,Rebates,4370,TD UNIPRIX Flyer April $19.99 - promo 022
yoy,Fcst Inc Cases is not positive,McKesson,NA-MCKESSON,2025,2025,TDL,TDL CAN,000HJEFXN,Closed,0.0,2025-07-01,2025-11-30,DR 2025 - 2026-10-02 (EXCEXP_TLS_000JJKSK3).xlsx,Rebates,4391,TD 6 Retail Banner trade Show
yoy,Fcst Inc Cases is not positive,McKesson,NA-MCKESSON,2025,2025,TDSSKC-4/30,SS KCOMP 4/30CT,000HJEFXN,Closed,0.0,2025-07-01,2025-11-30,DR 2025 - 2026-10-02 (EXCEXP_TLS_000JJKSK3).xlsx,Rebates,4396,TD 6 Retail Banner trade Show
yoy,Fcst Inc Cases is not positive,McKesson,NA-MCKESSON,2025,2025,TDSHSP-12/540,SOUPS 12/540ML,000HJEFXN,Closed,0.0,2025-07-01,2025-11-30,DR 2025 - 2026-10-02 (EXCEXP_TLS_000JJKSK3).xlsx,Rebates,4397,TD 6 Retail Banner trade Show
yoy,Fcst Inc Cases is not positive,McKesson,NA-MCKESSON,2025,2025,TDRGLC-126/930,R&G LARGE CAN 126/930GR,000HJEFXN,Closed,0.0,2025-07-01,2025-11-30,DR 2025 - 2026-10-02 (EXCEXP_TLS_000JJKSK3).xlsx,Rebates,4402,TD 6 Retail Banner trade Show
yoy,Fcst Inc Cases is not positive,McKesson,NA-MCKESSON,2025,2025,TDRGSB-6/300,R&G SMALL BAG 6/300GR,000HJEBNA,Closed,0.0,2025-07-04,2025-07-10,DR 2025 - 2026-10-02 (EXCEXP_TLS_000JJKSK3).xlsx,Rebates,4413,TD SO Rexall Flyer 21526
yoy,Fcst Inc Cases is not positive,McKesson,NA-MCKESSON,2025,2025,6320915261,TDL HOT CHOCOLATE PACKET 5/8 EA,000HJDSO8,Closed,0.0,2025-09-28,2025-12-27,DR 2025 - 2026-10-02 (EXCEXP_TLS_000JJKSK3).xlsx,Rebates,4446,TD 6 Banner Holiday Entertainment Booking
yoy,Fcst Inc Cases is not positive,Metro Ontario,NA-METRO ONTARIO,2025,2025,TDSSKC-4/48,SS KCOMP 4/48CT,000HPOO4C,Closed,0.0,2025-01-01,2025-01-15,DR 2025 - 2026-10-02 (EXCEXP_TLS_000JJKSK3).xlsx,Rebates,4532,TD - MO 48ct  -K-Cup P4
yoy,Fcst Inc Cases is not positive,Metro Ontario,NA-METRO ONTARIO,2025,2025,6320920264,TDL CANDY CANE HOT CHOCOLATE 12/450 GR,000HJEGLO,Closed,0.0,2025-01-01,2025-02-26,DR 2025 - 2026-10-02 (EXCEXP_TLS_000JJKSK3).xlsx,Rebates,4536,TD MO FB  TPR - Hot Choc Candy Cane 450g P3
yoy,Fcst Inc Cases is not positive,Metro Ontario,NA-METRO ONTARIO,2025,2025,TDTB-6/20,TEA BAG 6/20CT,000HJDPB8,Committed,0.0,2025-01-01,2025-12-28,DR 2025 - 2026-10-02 (EXCEXP_TLS_000JJKSK3).xlsx,Rebates,4538,TD - MO Delists/Markdowns
yoy,Fcst Inc Cases is not positive,Metro Ontario,NA-METRO ONTARIO,2025,2025,TDSSTA-5/14,SS TASSIMO 5/14CT,000HJDPB8,Committed,0.0,2025-01-01,2025-12-28,DR 2025 - 2026-10-02 (EXCEXP_TLS_000JJKSK3).xlsx,Rebates,4539,TD - MO Delists/Markdowns
yoy,Fcst Inc Cases is not positive,Metro Ontario,NA-METRO ONTARIO,2025,2025,TDSSKC-6/12,SS KCOMP 6/12CT,000HJDPB8,Committed,0.0,2025-01-01,2025-12-28,DR 2025 - 2026-10-02 (EXCEXP_TLS_000JJKSK3).xlsx,Rebates,4540,TD - MO Delists/Markdowns
yoy,Fcst Inc Cases is not positive,Metro Ontario,NA-METRO ONTARIO,2025,2025,TDSSKC-6/10,SS KCOMP 6/10CT,000HJDPB8,Committed,0.0,2025-01-01,2025-12-28,DR 2025 - 2026-10-02 (EXCEXP_TLS_000JJKSK3).xlsx,Rebates,4541,TD - MO Delists/Markdowns
yoy,Fcst Inc Cases is not positive,Metro Ontario,NA-METRO ONTARIO,2025,2025,TDSSKC-4/48,SS KCOMP 4/48CT,000HJDPB8,Committed,0.0,2025-01-01,2025-12-28,DR 2025 - 2026-10-02 (EXCEXP_TLS_000JJKSK3).xlsx,Rebates,4542,TD - MO Delists/Markdowns
yoy,Fcst Inc Cases is not positive,Metro Ontario,NA-METRO ONTARIO,2025,2025,TDSSKC-4/30,SS KCOMP 4/30CT,000HJDPB8,Committed,0.0,2025-01-01,2025-12-28,DR 2025 - 2026-10-02 (EXCEXP_TLS_000JJKSK3).xlsx,Rebates,4543,TD - MO Delists/Markdowns
yoy,Fcst Inc Cases is not positive,Metro Ontario,NA-METRO ONTARIO,2025,2025,TDSHSP-12/540,SOUPS 12/540ML,000HJDPB8,Committed,0.0,2025-01-01,2025-12-28,DR 2025 - 2026-10-02 (EXCEXP_TLS_000JJKSK3).xlsx,Rebates,4544,TD - MO Delists/Markdowns
yoy,Fcst Inc Cases is not positive,Metro Ontario,NA-METRO ONTARIO,2025,2025,TDSHSP-12/400,SOUPS 12/400ML,000HJDPB8,Committed,0.0,2025-01-01,2025-12-28,DR 2025 - 2026-10-02 (EXCEXP_TLS_000JJKSK3).xlsx,Rebates,4545,TD - MO Delists/Markdowns
yoy,Fcst Inc Cases is not positive,Metro Ontario,NA-METRO ONTARIO,2025,2025,TDRGSC-6/640,R&G SMALL CAN 6/640GR,000HJDPB8,Committed,0.0,2025-01-01,2025-12-28,DR 2025 - 2026-10-02 (EXCEXP_TLS_000JJKSK3).xlsx,Rebates,4546,TD - MO Delists/Markdowns
yoy,Fcst Inc Cases is not positive,Metro Ontario,NA-METRO ONTARIO,2025,2025,TDRGSB-6/300,R&G SMALL BAG 6/300GR,000HJDPB8,Committed,0.0,2025-01-01,2025-12-28,DR 2025 - 2026-10-02 (EXCEXP_TLS_000JJKSK3).xlsx,Rebates,4547,TD - MO Delists/Markdowns
yoy,Fcst Inc Cases is not positive,Metro Ontario,NA-METRO ONTARIO,2025,2025,TDNC-10/10,NCOMP 10/10CT,000HJDPB8,Committed,0.0,2025-01-01,2025-12-28,DR 2025 - 2026-10-02 (EXCEXP_TLS_000JJKSK3).xlsx,Rebates,4548,TD - MO Delists/Markdowns
yoy,Fcst Inc Cases is not positive,Metro Ontario,NA-METRO ONTARIO,2025,2025,TDIC-12/100,INSTANT COFFEE 12/100GR,000HJDPB8,Committed,0.0,2025-01-01,2025-12-28,DR 2025 - 2026-10-02 (EXCEXP_TLS_000JJKSK3).xlsx,Rebates,4549,TD - MO Delists/Markdowns
yoy,Fcst Inc Cases is not positive,Metro Ontario,NA-METRO ONTARIO,2025,2025,TDSHHB-12/425,HOT BOWLS 12/425GR,000HJDPB8,Committed,0.0,2025-01-01,2025-12-28,DR 2025 - 2026-10-02 (EXCEXP_TLS_000JJKSK3).xlsx,Rebates,4550,TD - MO Delists/Markdowns
yoy,Fcst Inc Cases is not positive,Metro Ontario,NA-METRO ONTARIO,2025,2025,TDHBHC-6/10,HB HOT CHOCOLATE 6/10CT,000HJDPB8,Committed,0.0,2025-01-01,2025-12-28,DR 2025 - 2026-10-02 (EXCEXP_TLS_000JJKSK3).xlsx,Rebates,4551,TD - MO Delists/Markdowns
yoy,Fcst Inc Cases is not positive,Metro Ontario,NA-METRO ONTARIO,2025,2025,TDHBHC-5/8,HB HOT CHOCOLATE 5/8CT,000HJDPB8,Committed,0.0,2025-01-01,2025-12-28,DR 2025 - 2026-10-02 (EXCEXP_TLS_000JJKSK3).xlsx,Rebates,4552,TD - MO Delists/Markdowns
yoy,Fcst Inc Cases is not positive,Metro Ontario,NA-METRO ONTARIO,2025,2025,TDHBHC-12/450,HB HOT CHOCOLATE 12/450GR,000HJDPB8,Committed,0.0,2025-01-01,2025-12-28,DR 2025 - 2026-10-02 (EXCEXP_TLS_000JJKSK3).xlsx,Rebates,4553,TD - MO Delists/Markdowns
yoy,Fcst Inc Cases is not positive,Metro Ontario,NA-METRO ONTARIO,2025,2025,TDL,TDL CAN,000HJEE9A,Committed,0.0,2025-01-01,2025-12-28,DR 2025 - 2026-10-02 (EXCEXP_TLS_000JJKSK3).xlsx,Rebates,4555,TD Metro Bnr 1.77% Rate (58% of total) Harm/LS
yoy,Fcst Inc Cases is not positive,Metro Ontario,NA-METRO ONTARIO,2025,2025,TDL,TDL CAN,000J595Z7,Committed,0.0,2025-01-01,2025-12-31,DR 2025 - 2026-10-02 (EXCEXP_TLS_000JJKSK3).xlsx,Rebates,4557,TD Metro Late Fines
yoy,Fcst Inc Cases is not positive,Metro Ontario,NA-METRO ONTARIO,2025,2025,TDSSKC-6/12,SS KCOMP 6/12CT,000HJDL06,Closed,0.0,2025-01-16,2025-02-12,DR 2025 - 2026-10-02 (EXCEXP_TLS_000JJKSK3).xlsx,Rebates,4562,TD FB Jan Front End Program K- Cups 12ct/inst Coffee 12/100g
yoy,Fcst Inc Cases is not positive,Metro Ontario,NA-METRO ONTARIO,2025,2025,TDHBHC-36/1,HB HOT CHOCOLATE 36/1 EA,000HJE7WU,Closed,0.0,2025-01-16,2025-03-12,DR 2025 - 2026-10-02 (EXCEXP_TLS_000JJKSK3).xlsx,Rebates,4565,TD MO Metro  TPR - Hot Choc PPK Displayer P5 & P6
yoy,Fcst Inc Cases is not positive,Metro Ontario,NA-METRO ONTARIO,2025,2025,TDHBHC-12/500,HB HOT CHOCOLATE 12/500GR,000HJE7WU,Closed,0.0,2025-01-16,2025-03-12,DR 2025 - 2026-10-02 (EXCEXP_TLS_000JJKSK3).xlsx,Rebates,4566,TD MO Metro  TPR - Hot Choc PPK Displayer P5 & P6
yoy,Fcst Inc Cases is not positive,Metro Ontario,NA-METRO ONTARIO,2025,2025,TDHBHC-12/450,HB HOT CHOCOLATE 12/450GR,000HJE7WU,Closed,0.0,2025-01-16,2025-03-12,DR 2025 - 2026-10-02 (EXCEXP_TLS_000JJKSK3).xlsx,Rebates,4567,TD MO Metro  TPR - Hot Choc PPK Displayer P5 & P6
yoy,Fcst Inc Cases is not positive,Metro Ontario,NA-METRO ONTARIO,2025,2025,TDSSKCDD-6/10,SS KCOMP DD 6/10CT,000HSK4BK,Closed,0.0,2025-01-23,2025-01-29,DR 2025 - 2026-10-02 (EXCEXP_TLS_000JJKSK3).xlsx,Rebates,4569,TD MO 12ct K-Cups TPR P5
yoy,Fcst Inc Cases is not positive,Metro Ontario,NA-METRO ONTARIO,2025,2025,TDRGSB-6/300,R&G SMALL BAG 6/300GR,000HJE212,Committed,0.0,2025-01-30,2025-02-05,DR 2025 - 2026-10-02 (EXCEXP_TLS_000JJKSK3).xlsx,Rebates,4574,TD MO FBasics TPR Bags - Wowza Ad P5 lockdown
yoy,Fcst Inc Cases is not positive,Metro Ontario,NA-METRO ONTARIO,2025,2025,6320909608,*TDL ORGINAL/DARK DISPLAY 48/300 GR,000HJE212,Committed,0.0,2025-01-30,2025-02-05,DR 2025 - 2026-10-02 (EXCEXP_TLS_000JJKSK3).xlsx,Rebates,4575,TD MO FBasics TPR Bags - Wowza Ad P5 lockdown
yoy,Fcst Inc Cases is not positive,Metro Ontario,NA-METRO ONTARIO,2025,2025,TDSHSP-12/540,SOUPS 12/540ML,000HJDW2F,Closed,0.0,2025-01-30,2025-02-05,DR 2025 - 2026-10-02 (EXCEXP_TLS_000JJKSK3).xlsx,Rebates,4579,TD MO FBasics Soups - Wowza Ad P5
yoy,Fcst Inc Cases is not positive,Metro Ontario,NA-METRO ONTARIO,2025,2025,TDRGSB-48/300,R&G SMALL BAG 48/300GR,000HZIJQN,Closed,0.0,2025-02-03,2025-02-09,DR 2025 - 2026-10-02 (EXCEXP_TLS_000JJKSK3).xlsx,Rebates,4582,TD MO FBasics TPR Bags - Wowza Ad P5 lockdown cost Increase
yoy,Fcst Inc Cases is not positive,Metro Ontario,NA-METRO ONTARIO,2025,2025,TDSSKCDD-6/10,SS KCOMP DD 6/10CT,000HJDPCA,Closed,0.0,2025-02-27,2025-03-05,DR 2025 - 2026-10-02 (EXCEXP_TLS_000JJKSK3).xlsx,Rebates,4597,TD MO 12ct K-Cups TPR P6
yoy,Fcst Inc Cases is not positive,Metro Ontario,NA-METRO ONTARIO,2025,2025,TDSSKC-6/10,SS KCOMP 6/10CT,000HJDPCA,Closed,0.0,2025-02-27,2025-03-05,DR 2025 - 2026-10-02 (EXCEXP_TLS_000JJKSK3).xlsx,Rebates,4599,TD MO 12ct K-Cups TPR P6
yoy,Fcst Inc Cases is not positive,Metro Ontario,NA-METRO ONTARIO,2025,2025,TDHBHC-6/10,HB HOT CHOCOLATE 6/10CT,000HJDPCA,Closed,0.0,2025-02-27,2025-03-05,DR 2025 - 2026-10-02 (EXCEXP_TLS_000JJKSK3).xlsx,Rebates,4600,TD MO 12ct K-Cups TPR P6
yoy,Fcst Inc Cases is not positive,Metro Ontario,NA-METRO ONTARIO,2025,2025,TDRGLB-6/2,R&G LARGE BAG 6/2LB,000HJDEU3,Closed,0.0,2025-03-13,2025-03-19,DR 2025 - 2026-10-02 (EXCEXP_TLS_000JJKSK3).xlsx,Rebates,4611,TD - MO 930g/640g/907g TPR P7
yoy,Fcst Inc Cases is not positive,Metro Ontario,NA-METRO ONTARIO,2025,2025,TDIC-60/100,INSTANT COFFEE 60/100GR,000HJDP92,Committed,0.0,2025-03-13,2025-04-09,DR 2025 - 2026-10-02 (EXCEXP_TLS_000JJKSK3).xlsx,Rebates,4617,TD - MO March Warm Bev End 12/100g P7
yoy,Fcst Inc Cases is not positive,Metro Ontario,NA-METRO ONTARIO,2025,2025,TDSSKC-4/30,SS KCOMP 4/30CT,000HJDL1W,Committed,0.0,2025-03-13,2025-04-09,DR 2025 - 2026-10-02 (EXCEXP_TLS_000JJKSK3).xlsx,Rebates,4620,TD FB March Front End Program- P7
yoy,Fcst Inc Cases is not positive,Metro Ontario,NA-METRO ONTARIO,2025,2025,TDSSKC-4/30,SS KCOMP 4/30CT,000HJDL1W,Committed,0.0,2025-03-13,2025-04-09,DR 2025 - 2026-10-02 (EXCEXP_TLS_000JJKSK3).xlsx,Rebates,4621,TD FB March Front End Program- P7
yoy,Fcst Inc Cases is not positive,Metro Ontario,NA-METRO ONTARIO,2025,2025,TDSHHB-12/425,HOT BOWLS 12/425GR,000JIPKCT,Committed,0.0,2025-03-20,2025-03-26,DR 2025 - 2026-10-02 (EXCEXP_TLS_000JJKSK3).xlsx,Rebates,4624,TD Metro ON P7 WK 26 Hot Bowls TPR
yoy,Fcst Inc Cases is not positive,Metro Ontario,NA-METRO ONTARIO,2025,2025,TDSSKC-6/12,SS KCOMP 6/12CT,000IORB6Z,Closed,0.0,2025-04-01,2025-04-30,DR 2025 - 2026-10-02 (EXCEXP_TLS_000JJKSK3).xlsx,Rebates,4626,TD MO Banner Easter Front End Execution $5k 6/12ct
yoy,Fcst Inc Cases is not positive,Metro Ontario,NA-METRO ONTARIO,2025,2025,TDSSKC-6/10,SS KCOMP 6/10CT,000HJDQBY,Committed,0.0,2025-05-08,2025-06-04,DR 2025 - 2026-10-02 (EXCEXP_TLS_000JJKSK3).xlsx,Rebates,4642,TD MO May 12 ct & Instant Warm Bev End - P9
yoy,Fcst Inc Cases is not positive,Metro Ontario,NA-METRO ONTARIO,2025,2025,TDHBHC-6/10,HB HOT CHOCOLATE 6/10CT,000HJDQBY,Committed,0.0,2025-05-08,2025-06-04,DR 2025 - 2026-10-02 (EXCEXP_TLS_000JJKSK3).xlsx,Rebates,4645,TD MO May 12 ct & Instant Warm Bev End - P9
yoy,Fcst Inc Cases is not positive,Metro Ontario,NA-METRO ONTARIO,2025,2025,6320915103,*TDL KCUP DOUBLE DOUBLE SS 6/10 CT,000HJDQBY,Committed,0.0,2025-05-08,2025-06-04,DR 2025 - 2026-10-02 (EXCEXP_TLS_000JJKSK3).xlsx,Rebates,4646,TD MO May 12 ct & Instant Warm Bev End - P9
yoy,Fcst Inc Cases is not positive,Metro Ontario,NA-METRO ONTARIO,2025,2025,TDRGSB-6/300,R&G SMALL BAG 6/300GR,000HJD9V3,Closed,0.0,2025-05-22,2025-05-28,DR 2025 - 2026-10-02 (EXCEXP_TLS_000JJKSK3).xlsx,Rebates,4649,TD FB 300g WOWZA TPR AD P9
yoy,Fcst Inc Cases is not positive,Metro Ontario,NA-METRO ONTARIO,2025,2025,TDRGLB-6/2,R&G LARGE BAG 6/2LB,000HJDW2W,Committed,0.0,2025-06-05,2025-07-02,DR 2025 - 2026-10-02 (EXCEXP_TLS_000JJKSK3).xlsx,Rebates,4658,TD - MO 930g/640g/907g TPR P10
yoy,Fcst Inc Cases is not positive,Metro Ontario,NA-METRO ONTARIO,2025,2025,TDSSKC-6/12,SS KCOMP 6/12CT,000HJE209,Committed,0.0,2025-06-05,2025-07-02,DR 2025 - 2026-10-02 (EXCEXP_TLS_000JJKSK3).xlsx,Rebates,4660,TD FB TPR 12CT P10 LOCKDOWN
yoy,Fcst Inc Cases is not positive,Metro Ontario,NA-METRO ONTARIO,2025,2025,TDRGSB-6/300,R&G SMALL BAG 6/300GR,000HJDQBI,Closed,0.0,2025-06-05,2025-07-02,DR 2025 - 2026-10-02 (EXCEXP_TLS_000JJKSK3).xlsx,Rebates,4663,TD FB 300g TPR AD & LOCKDOWN P10
yoy,Fcst Inc Cases is not positive,Metro Ontario,NA-METRO ONTARIO,2025,2025,TDIC-60/100,INSTANT COFFEE 60/100GR,000HJE22K,Closed,0.0,2025-07-03,2025-07-30,DR 2025 - 2026-10-02 (EXCEXP_TLS_000JJKSK3).xlsx,Rebates,4672,TD MO Instant Warm Beverage End - P11
yoy,Fcst Inc Cases is not positive,Metro Ontario,NA-METRO ONTARIO,2025,2025,TDL,TDL CAN,000HJD9UM,Closed,0.0,2025-06-28,2025-07-28,DR 2025 - 2026-10-02 (EXCEXP_TLS_000JJKSK3).xlsx,Rebates,4675,TD MO Golf Tournament 2025 $5k
yoy,Fcst Inc Cases is not positive,Metro Ontario,NA-METRO ONTARIO,2025,2025,6320911272,TDL KCUP CAPPUCCNO FRNCH VAN SS 6/10CT,000HJDLCR,Closed,0.0,2025-07-10,2025-07-16,DR 2025 - 2026-10-02 (EXCEXP_TLS_000JJKSK3).xlsx,Rebates,4677,TD MO 12ct K-Cups /HC 6/10ct TPR AD - P11
yoy,Fcst Inc Cases is not positive,Metro Ontario,NA-METRO ONTARIO,2025,2025,TDSSKC-6/10,SS KCOMP 6/10CT,000HJDLCR,Closed,0.0,2025-07-10,2025-07-16,DR 2025 - 2026-10-02 (EXCEXP_TLS_000JJKSK3).xlsx,Rebates,4679,TD MO 12ct K-Cups /HC 6/10ct TPR AD - P11
yoy,Fcst Inc Cases is not positive,Metro Ontario,NA-METRO ONTARIO,2025,2025,TDHBKC-6/10,HB KCOMP 6/10CT,000HJDLCR,Closed,0.0,2025-07-10,2025-07-16,DR 2025 - 2026-10-02 (EXCEXP_TLS_000JJKSK3).xlsx,Rebates,4680,TD MO 12ct K-Cups /HC 6/10ct TPR AD - P11
yoy,Fcst Inc Cases is not positive,Metro Ontario,NA-METRO ONTARIO,2025,2025,6320915103,*TDL KCUP DOUBLE DOUBLE SS 6/10 CT,000HJDLCR,Closed,0.0,2025-07-10,2025-07-16,DR 2025 - 2026-10-02 (EXCEXP_TLS_000JJKSK3).xlsx,Rebates,4682,TD MO 12ct K-Cups /HC 6/10ct TPR AD - P11
yoy,Fcst Inc Cases is not positive,Metro Ontario,NA-METRO ONTARIO,2025,2025,TDSSKC-4/30,SS KCOMP 4/30CT,000HJDL2V,Closed,0.0,2025-07-31,2025-08-27,DR 2025 - 2026-10-02 (EXCEXP_TLS_000JJKSK3).xlsx,Rebates,4690,TD FB 30ct Lockdown with End Cap - P12
yoy,Fcst Inc Cases is not positive,Metro Ontario,NA-METRO ONTARIO,2025,2025,TDSSKC-4/30,SS KCOMP 4/30CT,000HSRAMQ,Committed,0.0,2025-08-21,2025-08-27,DR 2025 - 2026-10-02 (EXCEXP_TLS_000JJKSK3).xlsx,Rebates,4697,TD FB 30CT TPR  Tribute Ad - P12
yoy,Fcst Inc Cases is not positive,Metro Ontario,NA-METRO ONTARIO,2025,2025,TDSSKC-6/12,SS KCOMP 6/12CT,000HJDP9J,Closed,0.0,2025-08-21,2025-08-27,DR 2025 - 2026-10-02 (EXCEXP_TLS_000JJKSK3).xlsx,Rebates,4700,TD FB AUGUST TRIBUTE AD 12ct P12
yoy,Fcst Inc Cases is not positive,Metro Ontario,NA-METRO ONTARIO,2025,2025,TDSHSP-12/540,SOUPS 12/540ML,000HJDEWE,Closed,0.0,2025-08-21,2025-08-27,DR 2025 - 2026-10-02 (EXCEXP_TLS_000JJKSK3).xlsx,Rebates,4703,TD FB AUGUST TRIBUTE AD 540ml RTS Soups
yoy,Fcst Inc Cases is not positive,Metro Ontario,NA-METRO ONTARIO,2025,2025,TDRGSB-6/300,R&G SMALL BAG 6/300GR,000HJDLC6,Committed,0.0,2025-08-21,2025-08-27,DR 2025 - 2026-10-02 (EXCEXP_TLS_000JJKSK3).xlsx,Rebates,4706,TD FB August TPR Tribute AD 300g P12
yoy,Fcst Inc Cases is not positive,Metro Ontario,NA-METRO ONTARIO,2025,2025,TDRGSB-48/300,R&G SMALL BAG 48/300GR,000HJDLC6,Committed,0.0,2025-08-21,2025-08-27,DR 2025 - 2026-10-02 (EXCEXP_TLS_000JJKSK3).xlsx,Rebates,4707,TD FB August TPR Tribute AD 300g P12
yoy,Fcst Inc Cases is not positive,Metro Ontario,NA-METRO ONTARIO,2025,2025,TDSHSP-12/540,SOUPS 12/540ML,000HJDW18,Closed,0.0,2025-08-28,2025-09-04,DR 2025 - 2026-10-02 (EXCEXP_TLS_000JJKSK3).xlsx,Rebates,4711,TD FB   540ml Soup  WOWZA AD P13
yoy,Fcst Inc Cases is not positive,Metro Ontario,NA-METRO ONTARIO,2025,2025,TDRGLC-6/930,R&G LARGE CAN 6/930GR,000HJEEA0,Committed,0.0,2025-08-28,2025-09-04,DR 2025 - 2026-10-02 (EXCEXP_TLS_000JJKSK3).xlsx,Rebates,4715,TD FB  825/875G  Wowza AD P13
yoy,Fcst Inc Cases is not positive,Metro Ontario,NA-METRO ONTARIO,2025,2025,TDRGSC-6/640,R&G SMALL CAN 6/640GR,000JHV6LT,Committed,0.0,2025-09-18,2025-09-24,DR 2025 - 2026-10-02 (EXCEXP_TLS_000JJKSK3).xlsx,Rebates,4721,TD - FB Sept Promo
yoy,Fcst Inc Cases is not positive,Metro Ontario,NA-METRO ONTARIO,2025,2025,TDRGLC-6/930,R&G LARGE CAN 6/930GR,000JHV6LT,Committed,0.0,2025-09-18,2025-09-24,DR 2025 - 2026-10-02 (EXCEXP_TLS_000JJKSK3).xlsx,Rebates,4722,TD - FB Sept Promo
yoy,Fcst Inc Cases is not positive,Metro Ontario,NA-METRO ONTARIO,2025,2025,TDRGLB-6/2,R&G LARGE BAG 6/2LB,000JHV6LT,Committed,0.0,2025-09-18,2025-09-24,DR 2025 - 2026-10-02 (EXCEXP_TLS_000JJKSK3).xlsx,Rebates,4723,TD - FB Sept Promo
yoy,Fcst Inc Cases is not positive,Metro Ontario,NA-METRO ONTARIO,2025,2025,TDSSKC-6/12,SS KCOMP 6/12CT,000HJD9VI,Committed,0.0,2025-09-18,2025-09-24,DR 2025 - 2026-10-02 (EXCEXP_TLS_000JJKSK3).xlsx,Rebates,4729,TD MO 12ct KCups & 300g Bundled with Pumpkin Spice PPK AD 13
yoy,Fcst Inc Cases is not positive,Metro Ontario,NA-METRO ONTARIO,2025,2025,TDRGSB-6/300,R&G SMALL BAG 6/300GR,000HJE20V,Closed,0.0,2025-09-25,2025-10-01,DR 2025 - 2026-10-02 (EXCEXP_TLS_000JJKSK3).xlsx,Rebates,4737,TD MO 300g TPR P1 Wk2 - Coffee Day
yoy,Fcst Inc Cases is not positive,Metro Ontario,NA-METRO ONTARIO,2025,2025,TDSSKC-4/30,SS KCOMP 4/30CT,000HJDL0S,Closed,0.0,2025-09-25,2025-10-01,DR 2025 - 2026-10-02 (EXCEXP_TLS_000JJKSK3).xlsx,Rebates,4739,TD FB 30CT TPR AD - P1
yoy,Fcst Inc Cases is not positive,Metro Ontario,NA-METRO ONTARIO,2025,2025,TDRGLC-6/930,R&G LARGE CAN 6/930GR,000HJDOXP,Committed,0.0,2025-09-25,2025-10-01,DR 2025 - 2026-10-02 (EXCEXP_TLS_000JJKSK3).xlsx,Rebates,4742,TD FB Sept 875/930G  P1
yoy,Fcst Inc Cases is not positive,Metro Ontario,NA-METRO ONTARIO,2025,2025,TDSSKC-48/12,SS KCOMP 48/12CT,000HJD9SL,Committed,0.0,2025-09-25,2025-10-22,DR 2025 - 2026-10-02 (EXCEXP_TLS_000JJKSK3).xlsx,Rebates,4747,TD FB 300G BAG / SOUPS TPR -FRONT END P1
yoy,Fcst Inc Cases is not positive,Metro Ontario,NA-METRO ONTARIO,2025,2025,TDSHSP-12/540,SOUPS 12/540ML,000HJD9SL,Committed,0.0,2025-09-25,2025-10-22,DR 2025 - 2026-10-02 (EXCEXP_TLS_000JJKSK3).xlsx,Rebates,4750,TD FB 300G BAG / SOUPS TPR -FRONT END P1
yoy,Fcst Inc Cases is not positive,Metro Ontario,NA-METRO ONTARIO,2025,2025,TDRGSB-6/300,R&G SMALL BAG 6/300GR,000HJD9SL,Committed,0.0,2025-09-25,2025-10-22,DR 2025 - 2026-10-02 (EXCEXP_TLS_000JJKSK3).xlsx,Rebates,4752,TD FB 300G BAG / SOUPS TPR -FRONT END P1
yoy,Fcst Inc Cases is not positive,Metro Ontario,NA-METRO ONTARIO,2025,2025,TDSHSP-12/540,SOUPS 12/540ML,000HJE21T,Committed,0.0,2025-10-09,2025-11-19,DR 2025 - 2026-10-02 (EXCEXP_TLS_000JJKSK3).xlsx,Rebates,4756,TD MO Soups & Chili TPR AD P1
yoy,Fcst Inc Cases is not positive,Metro Ontario,NA-METRO ONTARIO,2025,2025,TDHBHC-12/500,HB HOT CHOCOLATE 12/500GR,000HJE21T,Committed,0.0,2025-10-09,2025-11-19,DR 2025 - 2026-10-02 (EXCEXP_TLS_000JJKSK3).xlsx,Rebates,4759,TD MO Soups & Chili TPR AD P1
yoy,Fcst Inc Cases is not positive,Metro Ontario,NA-METRO ONTARIO,2025,2025,TDHBHC-6/10,HB HOT CHOCOLATE 6/10CT,000HJDLAY,Closed,0.0,2025-10-23,2025-11-19,DR 2025 - 2026-10-02 (EXCEXP_TLS_000JJKSK3).xlsx,Rebates,4771,TD MO Nov Warm Bev. End Instant & 12ct P2
yoy,Fcst Inc Cases is not positive,Metro Ontario,NA-METRO ONTARIO,2025,2025,TDSHSP-24/284,SOUPS 24/284ML,000IRDATA,Committed,0.0,2025-11-13,2025-11-19,DR 2025 - 2026-10-02 (EXCEXP_TLS_000JJKSK3).xlsx,Rebates,4782,TD MO - Condensed New Product Tribute
yoy,Fcst Inc Cases is not positive,Metro Ontario,NA-METRO ONTARIO,2025,2025,TDSSKC-4/48,SS KCOMP 4/48CT,000IORB4N,Committed,0.0,2025-11-20,2025-12-17,DR 2025 - 2026-10-02 (EXCEXP_TLS_000JJKSK3).xlsx,Rebates,4793,TD - FB P3 Holiday HC 12ct ISF
yoy,Fcst Inc Cases is not positive,Metro Ontario,NA-METRO ONTARIO,2025,2025,TDSSKC-4/30,SS KCOMP 4/30CT,000JIQ0D9,Committed,0.0,2025-11-27,2025-12-03,DR 2025 - 2026-10-02 (EXCEXP_TLS_000JJKSK3).xlsx,Rebates,4798,TD MO P12 WK 49 Kcup 30Ct / R&G SmCan
yoy,Fcst Inc Cases is not positive,Metro Ontario,NA-METRO ONTARIO,2025,2025,TDRGSC-6/640,R&G SMALL CAN 6/640GR,000JIQ0D9,Committed,0.0,2025-11-27,2025-12-03,DR 2025 - 2026-10-02 (EXCEXP_TLS_000JJKSK3).xlsx,Rebates,4799,TD MO P12 WK 49 Kcup 30Ct / R&G SmCan
yoy,Fcst Inc Cases is not positive,Metro Ontario,NA-METRO ONTARIO,2025,2025,TDIC-12/100,INSTANT COFFEE 12/100GR,000HJDEV7,Closed,0.0,2025-12-04,2025-12-10,DR 2025 - 2026-10-02 (EXCEXP_TLS_000JJKSK3).xlsx,Rebates,4804,TD - MO - TPR Holiday Tribute Ad P3
yoy,Fcst Inc Cases is not positive,Metro Quebec,NA-METRO QUEBEC,2025,2025,TDSSKC-4/30,SS KCOMP 4/30CT,000I223Z8,Closed,0.0,2025-01-01,2025-01-03,DR 2025 - 2026-10-02 (EXCEXP_TLS_000JJKSK3).xlsx,Rebates,4813,TD MQ TIN 30ct Major BK PG Ad  Dec26-Jan3 Pt. 2 (PLAN 2024)
yoy,Fcst Inc Cases is not positive,Metro Quebec,NA-METRO QUEBEC,2025,2025,TDRGLC-6/930,R&G LARGE CAN 6/930GR,000I223Z8,Closed,0.0,2025-01-01,2025-01-03,DR 2025 - 2026-10-02 (EXCEXP_TLS_000JJKSK3).xlsx,Rebates,4814,TD MQ TIN 30ct Major BK PG Ad  Dec26-Jan3 Pt. 2 (PLAN 2024)
yoy,Fcst Inc Cases is not positive,Metro Quebec,NA-METRO QUEBEC,2025,2025,TDL,TDL CAN,000HJE1WA,Closed,0.0,2025-01-01,2025-12-31,DR 2025 - 2026-10-02 (EXCEXP_TLS_000JJKSK3).xlsx,Rebates,4835,TD Metro Soups delist cost
yoy,Fcst Inc Cases is not positive,Metro Quebec,NA-METRO QUEBEC,2025,2025,6320915573,*TDL TOMATO PARMESAN 12/540 ML,000HJE1WA,Closed,0.0,2025-01-01,2025-12-31,DR 2025 - 2026-10-02 (EXCEXP_TLS_000JJKSK3).xlsx,Rebates,4836,TD Metro Soups delist cost
yoy,Fcst Inc Cases is not positive,Metro Quebec,NA-METRO QUEBEC,2025,2025,6320916083,*TDL SPICY THAI CHICKEN 12/540 ML,000HJE1WA,Closed,0.0,2025-01-01,2025-12-31,DR 2025 - 2026-10-02 (EXCEXP_TLS_000JJKSK3).xlsx,Rebates,4837,TD Metro Soups delist cost
yoy,Fcst Inc Cases is not positive,Metro Quebec,NA-METRO QUEBEC,2025,2025,6618809041,*TDL COFFEE TASSIMO DECAF 5/14 CT,000HJE1WA,Closed,0.0,2025-01-01,2025-12-31,DR 2025 - 2026-10-02 (EXCEXP_TLS_000JJKSK3).xlsx,Rebates,4838,TD Metro Soups delist cost
yoy,Fcst Inc Cases is not positive,Metro Quebec,NA-METRO QUEBEC,2025,2025,TDSSKC-6/12,SS KCOMP 6/12CT,000IJROTT,Closed,0.0,2025-01-01,2025-12-31,DR 2025 - 2026-10-02 (EXCEXP_TLS_000JJKSK3).xlsx,Rebates,4840,TD Metro Q  Coffee delist cost
yoy,Fcst Inc Cases is not positive,Metro Quebec,NA-METRO QUEBEC,2025,2025,TDRGSB-6/300,R&G SMALL BAG 6/300GR,000IJROTT,Closed,0.0,2025-01-01,2025-12-31,DR 2025 - 2026-10-02 (EXCEXP_TLS_000JJKSK3).xlsx,Rebates,4841,TD Metro Q  Coffee delist cost
yoy,Fcst Inc Cases is not positive,Metro Quebec,NA-METRO QUEBEC,2025,2025,TDNC-10/10,NCOMP 10/10CT,000IJROTT,Closed,0.0,2025-01-01,2025-12-31,DR 2025 - 2026-10-02 (EXCEXP_TLS_000JJKSK3).xlsx,Rebates,4842,TD Metro Q  Coffee delist cost
yoy,Fcst Inc Cases is not positive,Metro Quebec,NA-METRO QUEBEC,2025,2025,TDSHSP-12/540,SOUPS 12/540ML,000HC8NQI,Closed,0.0,2025-01-23,2025-02-19,DR 2025 - 2026-10-02 (EXCEXP_TLS_000JJKSK3).xlsx,Rebates,4851,"TD Metro Soups 540 ml, 400ml & Chilli  EDLP BASE VENTE DISTR"
yoy,Fcst Inc Cases is not positive,Metro Quebec,NA-METRO QUEBEC,2025,2025,6320912133,TDL ORG/DR KCUP DISPLAY 48/12 CT,000HJE5M4,Closed,0.0,2025-02-27,2025-03-05,DR 2025 - 2026-10-02 (EXCEXP_TLS_000JJKSK3).xlsx,Rebates,4881,"TD Metro QC  Kcup 10ct, 12ct, R&G 300g BP Flyer Feb 27 RUTW"
yoy,Fcst Inc Cases is not positive,Metro Quebec,NA-METRO QUEBEC,2025,2025,6320912139,TDL ORG/DR COFFEE DISPLAY 48/300 GR,000HJE5M4,Closed,0.0,2025-02-27,2025-03-05,DR 2025 - 2026-10-02 (EXCEXP_TLS_000JJKSK3).xlsx,Rebates,4883,"TD Metro QC  Kcup 10ct, 12ct, R&G 300g BP Flyer Feb 27 RUTW"
yoy,Fcst Inc Cases is not positive,Metro Quebec,NA-METRO QUEBEC,2025,2025,TDHBHC-12/500,HB HOT CHOCOLATE 12/500GR,000HJDN1R,Closed,0.0,2025-03-13,2025-04-23,DR 2025 - 2026-10-02 (EXCEXP_TLS_000JJKSK3).xlsx,Rebates,4895,TD Metro Hot choc  EDLP Feb8-March13 + 25pts
yoy,Fcst Inc Cases is not positive,Metro Quebec,NA-METRO QUEBEC,2025,2025,TDSHSP-12/400,SOUPS 12/400ML,000I3Y2OJ,Closed,0.0,2025-03-10,2025-12-31,DR 2025 - 2026-10-02 (EXCEXP_TLS_000JJKSK3).xlsx,Rebates,4898,TD Metro Q  12/400ML Soup delist cost
yoy,Fcst Inc Cases is not positive,Metro Quebec,NA-METRO QUEBEC,2025,2025,TDSHSP-12/400,SOUPS 12/400ML,000HJDC6F,Closed,0.0,2025-05-01,2025-06-11,DR 2025 - 2026-10-02 (EXCEXP_TLS_000JJKSK3).xlsx,Rebates,4937,TD Metro Soups EDLP Base May 1 - June 11
yoy,Fcst Inc Cases is not positive,Metro Quebec,NA-METRO QUEBEC,2025,2025,TDSHSP-12/400,SOUPS 12/400ML,000IC3OVP,Closed,0.0,2025-07-17,2025-07-23,DR 2025 - 2026-10-02 (EXCEXP_TLS_000JJKSK3).xlsx,Rebates,4965,TD Metro Soups 540 ml minor Ad  July
yoy,Fcst Inc Cases is not positive,Metro Quebec,NA-METRO QUEBEC,2025,2025,TDSSKC-48/12,SS KCOMP 48/12CT,000HJEBP1,Closed,0.0,2025-07-17,2025-07-23,DR 2025 - 2026-10-02 (EXCEXP_TLS_000JJKSK3).xlsx,Rebates,4971,"TD Super C Kcup 10-12ct, R&G 300g BP"
yoy,Fcst Inc Cases is not positive,Metro Quebec,NA-METRO QUEBEC,2025,2025,TDRGSB-48/300,R&G SMALL BAG 48/300GR,000HJEBP1,Closed,0.0,2025-07-17,2025-07-23,DR 2025 - 2026-10-02 (EXCEXP_TLS_000JJKSK3).xlsx,Rebates,4973,"TD Super C Kcup 10-12ct, R&G 300g BP"
yoy,Fcst Inc Cases is not positive,Metro Quebec,NA-METRO QUEBEC,2025,2025,TDL,TDL CAN,000HJDHSA,Closed,0.0,2025-08-31,2025-12-31,DR 2025 - 2026-10-02 (EXCEXP_TLS_000JJKSK3).xlsx,Rebates,4991,TD Metro Corporate Events 2025 Lobster Event
yoy,Fcst Inc Cases is not positive,Metro Quebec,NA-METRO QUEBEC,2025,2025,TDL,TDL CAN,000HJE5KE,Closed,0.0,2025-08-31,2025-12-31,DR 2025 - 2026-10-02 (EXCEXP_TLS_000JJKSK3).xlsx,Rebates,4993,TD Metro Corporate Events 2025 Golf Tournament
yoy,Fcst Inc Cases is not positive,Metro Quebec,NA-METRO QUEBEC,2025,2025,TDHBHC-12/500,HB HOT CHOCOLATE 12/500GR,000HJEHN7,Closed,0.0,2025-10-02,2025-11-19,DR 2025 - 2026-10-02 (EXCEXP_TLS_000JJKSK3).xlsx,Rebates,5019,"TD Metro InstantCcoffee 100g, Hot Chocolate 500g  NCC EDLP"
yoy,Fcst Inc Cases is not positive,Metro Quebec,NA-METRO QUEBEC,2025,2025,TDSSKC-6/12,SS KCOMP 6/12CT,000JBOJMV,Closed,0.0,2025-12-01,2025-12-01,DR 2025 - 2026-10-02 (EXCEXP_TLS_000JJKSK3).xlsx,Rebates,5053,TD Metro QC  instore
yoy,Fcst Inc Cases is not positive,Northwest Company,NA-NORTHWEST COMPANY,2025,2025,TDSSKC-6/12,SS KCOMP 6/12CT,000I4ONMC,Closed,0.0,2025-01-01,2025-01-31,DR 2025 - 2026-10-02 (EXCEXP_TLS_000JJKSK3).xlsx,Rebates,5063,TD NWC GT Monthly promotion
yoy,Fcst Inc Cases is not positive,Northwest Company,NA-NORTHWEST COMPANY,2025,2025,TDSSKC-6/10,SS KCOMP 6/10CT,000I4ONMC,Closed,0.0,2025-01-01,2025-01-31,DR 2025 - 2026-10-02 (EXCEXP_TLS_000JJKSK3).xlsx,Rebates,5064,TD NWC GT Monthly promotion
yoy,Fcst Inc Cases is not positive,Northwest Company,NA-NORTHWEST COMPANY,2025,2025,TDSSKC-4/30,SS KCOMP 4/30CT,000I4ONMC,Closed,0.0,2025-01-01,2025-01-31,DR 2025 - 2026-10-02 (EXCEXP_TLS_000JJKSK3).xlsx,Rebates,5065,TD NWC GT Monthly promotion
yoy,Fcst Inc Cases is not positive,Northwest Company,NA-NORTHWEST COMPANY,2025,2025,TDRGSB-6/300,R&G SMALL BAG 6/300GR,000I4ONMC,Closed,0.0,2025-01-01,2025-01-31,DR 2025 - 2026-10-02 (EXCEXP_TLS_000JJKSK3).xlsx,Rebates,5066,TD NWC GT Monthly promotion
yoy,Fcst Inc Cases is not positive,Northwest Company,NA-NORTHWEST COMPANY,2025,2025,TDRGLC-6/930,R&G LARGE CAN 6/930GR,000I4ONMC,Closed,0.0,2025-01-01,2025-01-31,DR 2025 - 2026-10-02 (EXCEXP_TLS_000JJKSK3).xlsx,Rebates,5067,TD NWC GT Monthly promotion
yoy,Fcst Inc Cases is not positive,Northwest Company,NA-NORTHWEST COMPANY,2025,2025,TDIC-12/100,INSTANT COFFEE 12/100GR,000I4ONMC,Closed,0.0,2025-01-01,2025-01-31,DR 2025 - 2026-10-02 (EXCEXP_TLS_000JJKSK3).xlsx,Rebates,5068,TD NWC GT Monthly promotion
yoy,Fcst Inc Cases is not positive,Northwest Company,NA-NORTHWEST COMPANY,2025,2025,TDSHHB-12/425,HOT BOWLS 12/425GR,000HJDJU4,Closed,0.0,2025-01-01,2025-06-09,DR 2025 - 2026-10-02 (EXCEXP_TLS_000JJKSK3).xlsx,Rebates,5070,TD - GT East/West Price Protection Chili
yoy,Fcst Inc Cases is not positive,Northwest Company,NA-NORTHWEST COMPANY,2025,2025,TDL,TDL CAN,000HJE3C1,Closed,0.0,2025-01-01,2025-12-28,DR 2025 - 2026-10-02 (EXCEXP_TLS_000JJKSK3).xlsx,Rebates,5072,TD - NWCo Item MAINTENANCE FEES
yoy,Fcst Inc Cases is not positive,Northwest Company,NA-NORTHWEST COMPANY,2025,2025,TDSHSP-12/540,SOUPS 12/540ML,000I4ONM2,Closed,0.0,2025-01-01,2025-12-30,DR 2025 - 2026-10-02 (EXCEXP_TLS_000JJKSK3).xlsx,Rebates,5074,TD NWC GT East/West cost Gap Soup
yoy,Fcst Inc Cases is not positive,Northwest Company,NA-NORTHWEST COMPANY,2025,2025,TDSHSP-12/400,SOUPS 12/400ML,000I4ONM2,Closed,0.0,2025-01-01,2025-12-30,DR 2025 - 2026-10-02 (EXCEXP_TLS_000JJKSK3).xlsx,Rebates,5075,TD NWC GT East/West cost Gap Soup
yoy,Fcst Inc Cases is not positive,Northwest Company,NA-NORTHWEST COMPANY,2025,2025,TDIC-12/100,INSTANT COFFEE 12/100GR,000I6OXEX,Closed,0.0,2025-01-20,2025-01-26,DR 2025 - 2026-10-02 (EXCEXP_TLS_000JJKSK3).xlsx,Rebates,5085,TD GT Instant January Flyer
yoy,Fcst Inc Cases is not positive,Northwest Company,NA-NORTHWEST COMPANY,2025,2025,TDSHSP-12/400,SOUPS 12/400ML,000HJDOSM,Closed,0.0,2025-01-29,2025-02-04,DR 2025 - 2026-10-02 (EXCEXP_TLS_000JJKSK3).xlsx,Rebates,5088,TD - GT Soup Jan 29-feb 4th
yoy,Fcst Inc Cases is not positive,Northwest Company,NA-NORTHWEST COMPANY,2025,2025,TDSSKC-6/10,SS KCOMP 6/10CT,000HJDVYS,Closed,0.0,2025-02-05,2025-02-11,DR 2025 - 2026-10-02 (EXCEXP_TLS_000JJKSK3).xlsx,Rebates,5091,TD-GT Feb PROMO Kcup 12ct
yoy,Fcst Inc Cases is not positive,Northwest Company,NA-NORTHWEST COMPANY,2025,2025,TDSSKC-6/12,SS KCOMP 6/12CT,000I4ONN8,Closed,0.0,2025-02-01,2025-02-28,DR 2025 - 2026-10-02 (EXCEXP_TLS_000JJKSK3).xlsx,Rebates,5099,TD NWC GT Monthly promotion
yoy,Fcst Inc Cases is not positive,Northwest Company,NA-NORTHWEST COMPANY,2025,2025,TDSSKC-6/12,SS KCOMP 6/12CT,000I4ONN8,Closed,0.0,2025-02-01,2025-02-28,DR 2025 - 2026-10-02 (EXCEXP_TLS_000JJKSK3).xlsx,Rebates,5100,TD NWC GT Monthly promotion
yoy,Fcst Inc Cases is not positive,Northwest Company,NA-NORTHWEST COMPANY,2025,2025,TDSSKC-6/10,SS KCOMP 6/10CT,000I4ONN8,Closed,0.0,2025-02-01,2025-02-28,DR 2025 - 2026-10-02 (EXCEXP_TLS_000JJKSK3).xlsx,Rebates,5101,TD NWC GT Monthly promotion
yoy,Fcst Inc Cases is not positive,Northwest Company,NA-NORTHWEST COMPANY,2025,2025,TDSSKC-6/10,SS KCOMP 6/10CT,000I4ONN8,Closed,0.0,2025-02-01,2025-02-28,DR 2025 - 2026-10-02 (EXCEXP_TLS_000JJKSK3).xlsx,Rebates,5102,TD NWC GT Monthly promotion
yoy,Fcst Inc Cases is not positive,Northwest Company,NA-NORTHWEST COMPANY,2025,2025,TDSSKC-4/30,SS KCOMP 4/30CT,000I4ONN8,Closed,0.0,2025-02-01,2025-02-28,DR 2025 - 2026-10-02 (EXCEXP_TLS_000JJKSK3).xlsx,Rebates,5103,TD NWC GT Monthly promotion
yoy,Fcst Inc Cases is not positive,Northwest Company,NA-NORTHWEST COMPANY,2025,2025,TDRGSB-6/300,R&G SMALL BAG 6/300GR,000I4ONN8,Closed,0.0,2025-02-01,2025-02-28,DR 2025 - 2026-10-02 (EXCEXP_TLS_000JJKSK3).xlsx,Rebates,5104,TD NWC GT Monthly promotion
yoy,Fcst Inc Cases is not positive,Northwest Company,NA-NORTHWEST COMPANY,2025,2025,TDRGLC-6/930,R&G LARGE CAN 6/930GR,000I4ONN8,Closed,0.0,2025-02-01,2025-02-28,DR 2025 - 2026-10-02 (EXCEXP_TLS_000JJKSK3).xlsx,Rebates,5105,TD NWC GT Monthly promotion
yoy,Fcst Inc Cases is not positive,Northwest Company,NA-NORTHWEST COMPANY,2025,2025,TDIC-12/100,INSTANT COFFEE 12/100GR,000I4ONN8,Closed,0.0,2025-02-01,2025-02-28,DR 2025 - 2026-10-02 (EXCEXP_TLS_000JJKSK3).xlsx,Rebates,5106,TD NWC GT Monthly promotion
yoy,Fcst Inc Cases is not positive,Northwest Company,NA-NORTHWEST COMPANY,2025,2025,TDSSKC-6/12,SS KCOMP 6/12CT,000I4OW72,Closed,0.0,2025-02-03,2025-02-20,DR 2025 - 2026-10-02 (EXCEXP_TLS_000JJKSK3).xlsx,Rebates,5108,TD NWC GIANT TIGER PRICE INCREASE PROTECTION
yoy,Fcst Inc Cases is not positive,Northwest Company,NA-NORTHWEST COMPANY,2025,2025,TDSSKC-6/10,SS KCOMP 6/10CT,000I4OW72,Closed,0.0,2025-02-03,2025-02-20,DR 2025 - 2026-10-02 (EXCEXP_TLS_000JJKSK3).xlsx,Rebates,5109,TD NWC GIANT TIGER PRICE INCREASE PROTECTION
yoy,Fcst Inc Cases is not positive,Northwest Company,NA-NORTHWEST COMPANY,2025,2025,TDSSKC-4/30,SS KCOMP 4/30CT,000I4OW72,Closed,0.0,2025-02-03,2025-02-20,DR 2025 - 2026-10-02 (EXCEXP_TLS_000JJKSK3).xlsx,Rebates,5110,TD NWC GIANT TIGER PRICE INCREASE PROTECTION
yoy,Fcst Inc Cases is not positive,Northwest Company,NA-NORTHWEST COMPANY,2025,2025,TDRGSB-6/300,R&G SMALL BAG 6/300GR,000I4OW72,Closed,0.0,2025-02-03,2025-02-20,DR 2025 - 2026-10-02 (EXCEXP_TLS_000JJKSK3).xlsx,Rebates,5111,TD NWC GIANT TIGER PRICE INCREASE PROTECTION
yoy,Fcst Inc Cases is not positive,Northwest Company,NA-NORTHWEST COMPANY,2025,2025,TDRGLC-6/930,R&G LARGE CAN 6/930GR,000I4OW72,Closed,0.0,2025-02-03,2025-02-20,DR 2025 - 2026-10-02 (EXCEXP_TLS_000JJKSK3).xlsx,Rebates,5112,TD NWC GIANT TIGER PRICE INCREASE PROTECTION
yoy,Fcst Inc Cases is not positive,Northwest Company,NA-NORTHWEST COMPANY,2025,2025,TDIC-12/100,INSTANT COFFEE 12/100GR,000I4OW72,Closed,0.0,2025-02-03,2025-02-20,DR 2025 - 2026-10-02 (EXCEXP_TLS_000JJKSK3).xlsx,Rebates,5113,TD NWC GIANT TIGER PRICE INCREASE PROTECTION
yoy,Fcst Inc Cases is not positive,Northwest Company,NA-NORTHWEST COMPANY,2025,2025,TDHBHC-5/8,HB HOT CHOCOLATE 5/8CT,000I4OW72,Closed,0.0,2025-02-03,2025-02-20,DR 2025 - 2026-10-02 (EXCEXP_TLS_000JJKSK3).xlsx,Rebates,5114,TD NWC GIANT TIGER PRICE INCREASE PROTECTION
yoy,Fcst Inc Cases is not positive,Northwest Company,NA-NORTHWEST COMPANY,2025,2025,TDHBHC-12/500,HB HOT CHOCOLATE 12/500GR,000I4OW72,Closed,0.0,2025-02-03,2025-02-20,DR 2025 - 2026-10-02 (EXCEXP_TLS_000JJKSK3).xlsx,Rebates,5115,TD NWC GIANT TIGER PRICE INCREASE PROTECTION
yoy,Fcst Inc Cases is not positive,Northwest Company,NA-NORTHWEST COMPANY,2025,2025,TDHBHC-12/500,HB HOT CHOCOLATE 12/500GR,000I4OW72,Closed,0.0,2025-02-03,2025-02-20,DR 2025 - 2026-10-02 (EXCEXP_TLS_000JJKSK3).xlsx,Rebates,5116,TD NWC GIANT TIGER PRICE INCREASE PROTECTION
yoy,Fcst Inc Cases is not positive,Northwest Company,NA-NORTHWEST COMPANY,2025,2025,TDHBHC-12/500,HB HOT CHOCOLATE 12/500GR,000I4OW72,Closed,0.0,2025-02-03,2025-02-20,DR 2025 - 2026-10-02 (EXCEXP_TLS_000JJKSK3).xlsx,Rebates,5117,TD NWC GIANT TIGER PRICE INCREASE PROTECTION
yoy,Fcst Inc Cases is not positive,Northwest Company,NA-NORTHWEST COMPANY,2025,2025,TDHBCAP-5/8,HB CAPPUCCINO 5/8CT,000I4OW72,Closed,0.0,2025-02-03,2025-02-20,DR 2025 - 2026-10-02 (EXCEXP_TLS_000JJKSK3).xlsx,Rebates,5118,TD NWC GIANT TIGER PRICE INCREASE PROTECTION
yoy,Fcst Inc Cases is not positive,Northwest Company,NA-NORTHWEST COMPANY,2025,2025,TDHBCAP-12/343,HB CAPPUCCINO 12/454GR,000I4OW72,Closed,0.0,2025-02-03,2025-02-20,DR 2025 - 2026-10-02 (EXCEXP_TLS_000JJKSK3).xlsx,Rebates,5119,TD NWC GIANT TIGER PRICE INCREASE PROTECTION
yoy,Fcst Inc Cases is not positive,Northwest Company,NA-NORTHWEST COMPANY,2025,2025,TDSHSP-12/400,SOUPS 12/400ML,000IGRKWH,Closed,0.0,2025-03-12,2025-03-18,DR 2025 - 2026-10-02 (EXCEXP_TLS_000JJKSK3).xlsx,Rebates,5133,TD - GT Soup Mar 12-18
yoy,Fcst Inc Cases is not positive,Northwest Company,NA-NORTHWEST COMPANY,2025,2025,TDSSKC-6/12,SS KCOMP 6/12CT,000I4ONNY,Closed,0.0,2025-03-01,2025-03-31,DR 2025 - 2026-10-02 (EXCEXP_TLS_000JJKSK3).xlsx,Rebates,5141,TD NWC GT Monthly promotion
yoy,Fcst Inc Cases is not positive,Northwest Company,NA-NORTHWEST COMPANY,2025,2025,TDSSKC-6/10,SS KCOMP 6/10CT,000I4ONNY,Closed,0.0,2025-03-01,2025-03-31,DR 2025 - 2026-10-02 (EXCEXP_TLS_000JJKSK3).xlsx,Rebates,5142,TD NWC GT Monthly promotion
yoy,Fcst Inc Cases is not positive,Northwest Company,NA-NORTHWEST COMPANY,2025,2025,TDSSKC-4/30,SS KCOMP 4/30CT,000I4ONNY,Closed,0.0,2025-03-01,2025-03-31,DR 2025 - 2026-10-02 (EXCEXP_TLS_000JJKSK3).xlsx,Rebates,5143,TD NWC GT Monthly promotion
yoy,Fcst Inc Cases is not positive,Northwest Company,NA-NORTHWEST COMPANY,2025,2025,TDRGSB-6/300,R&G SMALL BAG 6/300GR,000I4ONNY,Closed,0.0,2025-03-01,2025-03-31,DR 2025 - 2026-10-02 (EXCEXP_TLS_000JJKSK3).xlsx,Rebates,5144,TD NWC GT Monthly promotion
yoy,Fcst Inc Cases is not positive,Northwest Company,NA-NORTHWEST COMPANY,2025,2025,TDRGLC-6/930,R&G LARGE CAN 6/930GR,000I4ONNY,Closed,0.0,2025-03-01,2025-03-31,DR 2025 - 2026-10-02 (EXCEXP_TLS_000JJKSK3).xlsx,Rebates,5145,TD NWC GT Monthly promotion
yoy,Fcst Inc Cases is not positive,Northwest Company,NA-NORTHWEST COMPANY,2025,2025,TDIC-12/100,INSTANT COFFEE 12/100GR,000I4ONNY,Closed,0.0,2025-03-01,2025-03-31,DR 2025 - 2026-10-02 (EXCEXP_TLS_000JJKSK3).xlsx,Rebates,5146,TD NWC GT Monthly promotion
yoy,Fcst Inc Cases is not positive,Northwest Company,NA-NORTHWEST COMPANY,2025,2025,TDHBHC-12/450,HB HOT CHOCOLATE 12/450GR,000I4OW87,Closed,0.0,2025-03-03,2025-04-06,DR 2025 - 2026-10-02 (EXCEXP_TLS_000JJKSK3).xlsx,Rebates,5155,TD NWC GT HOT CHOCOLATE/SS KCOMP 6/12CT March ISF
yoy,Fcst Inc Cases is not positive,Northwest Company,NA-NORTHWEST COMPANY,2025,2025,TDSSKC-6/12,SS KCOMP 6/12CT,000I4ONOO,Closed,0.0,2025-04-01,2025-04-30,DR 2025 - 2026-10-02 (EXCEXP_TLS_000JJKSK3).xlsx,Rebates,5159,TD NWC GT Monthly promotion
yoy,Fcst Inc Cases is not positive,Northwest Company,NA-NORTHWEST COMPANY,2025,2025,TDSSKC-6/10,SS KCOMP 6/10CT,000I4ONOO,Closed,0.0,2025-04-01,2025-04-30,DR 2025 - 2026-10-02 (EXCEXP_TLS_000JJKSK3).xlsx,Rebates,5160,TD NWC GT Monthly promotion
yoy,Fcst Inc Cases is not positive,Northwest Company,NA-NORTHWEST COMPANY,2025,2025,TDSSKC-4/30,SS KCOMP 4/30CT,000I4ONOO,Closed,0.0,2025-04-01,2025-04-30,DR 2025 - 2026-10-02 (EXCEXP_TLS_000JJKSK3).xlsx,Rebates,5161,TD NWC GT Monthly promotion
yoy,Fcst Inc Cases is not positive,Northwest Company,NA-NORTHWEST COMPANY,2025,2025,TDRGSB-6/300,R&G SMALL BAG 6/300GR,000I4ONOO,Closed,0.0,2025-04-01,2025-04-30,DR 2025 - 2026-10-02 (EXCEXP_TLS_000JJKSK3).xlsx,Rebates,5162,TD NWC GT Monthly promotion
yoy,Fcst Inc Cases is not positive,Northwest Company,NA-NORTHWEST COMPANY,2025,2025,TDRGLC-6/930,R&G LARGE CAN 6/930GR,000I4ONOO,Closed,0.0,2025-04-01,2025-04-30,DR 2025 - 2026-10-02 (EXCEXP_TLS_000JJKSK3).xlsx,Rebates,5163,TD NWC GT Monthly promotion
yoy,Fcst Inc Cases is not positive,Northwest Company,NA-NORTHWEST COMPANY,2025,2025,TDIC-12/100,INSTANT COFFEE 12/100GR,000I4ONOO,Closed,0.0,2025-04-01,2025-04-30,DR 2025 - 2026-10-02 (EXCEXP_TLS_000JJKSK3).xlsx,Rebates,5164,TD NWC GT Monthly promotion
yoy,Fcst Inc Cases is not positive,Northwest Company,NA-NORTHWEST COMPANY,2025,2025,TDSSKC-6/12,SS KCOMP 6/12CT,000I4ONPE,Closed,0.0,2025-05-01,2025-05-31,DR 2025 - 2026-10-02 (EXCEXP_TLS_000JJKSK3).xlsx,Rebates,5183,TD NWC GT Monthly promotion
yoy,Fcst Inc Cases is not positive,Northwest Company,NA-NORTHWEST COMPANY,2025,2025,TDSSKC-6/10,SS KCOMP 6/10CT,000I4ONPE,Closed,0.0,2025-05-01,2025-05-31,DR 2025 - 2026-10-02 (EXCEXP_TLS_000JJKSK3).xlsx,Rebates,5184,TD NWC GT Monthly promotion
yoy,Fcst Inc Cases is not positive,Northwest Company,NA-NORTHWEST COMPANY,2025,2025,TDSSKC-4/30,SS KCOMP 4/30CT,000I4ONPE,Closed,0.0,2025-05-01,2025-05-31,DR 2025 - 2026-10-02 (EXCEXP_TLS_000JJKSK3).xlsx,Rebates,5185,TD NWC GT Monthly promotion
yoy,Fcst Inc Cases is not positive,Northwest Company,NA-NORTHWEST COMPANY,2025,2025,TDRGSB-6/300,R&G SMALL BAG 6/300GR,000I4ONPE,Closed,0.0,2025-05-01,2025-05-31,DR 2025 - 2026-10-02 (EXCEXP_TLS_000JJKSK3).xlsx,Rebates,5186,TD NWC GT Monthly promotion
yoy,Fcst Inc Cases is not positive,Northwest Company,NA-NORTHWEST COMPANY,2025,2025,TDRGLC-6/930,R&G LARGE CAN 6/930GR,000I4ONPE,Closed,0.0,2025-05-01,2025-05-31,DR 2025 - 2026-10-02 (EXCEXP_TLS_000JJKSK3).xlsx,Rebates,5187,TD NWC GT Monthly promotion
yoy,Fcst Inc Cases is not positive,Northwest Company,NA-NORTHWEST COMPANY,2025,2025,TDIC-12/100,INSTANT COFFEE 12/100GR,000I4ONPE,Closed,0.0,2025-05-01,2025-05-31,DR 2025 - 2026-10-02 (EXCEXP_TLS_000JJKSK3).xlsx,Rebates,5188,TD NWC GT Monthly promotion
yoy,Fcst Inc Cases is not positive,Northwest Company,NA-NORTHWEST COMPANY,2025,2025,TDHBCAP-12/343,HB CAPPUCCINO 12/454GR,000I4ONPE,Closed,0.0,2025-05-01,2025-05-31,DR 2025 - 2026-10-02 (EXCEXP_TLS_000JJKSK3).xlsx,Rebates,5189,TD NWC GT Monthly promotion
yoy,Fcst Inc Cases is not positive,Northwest Company,NA-NORTHWEST COMPANY,2025,2025,TDSSKC-6/12,SS KCOMP 6/12CT,000I4OW5S,Closed,0.0,2025-05-26,2025-07-31,DR 2025 - 2026-10-02 (EXCEXP_TLS_000JJKSK3).xlsx,Rebates,5198,TD NWC GIANT TIGER PRICE INCREASE PROTECTION
yoy,Fcst Inc Cases is not positive,Northwest Company,NA-NORTHWEST COMPANY,2025,2025,TDSSKC-6/10,SS KCOMP 6/10CT,000I4OW5S,Closed,0.0,2025-05-26,2025-07-31,DR 2025 - 2026-10-02 (EXCEXP_TLS_000JJKSK3).xlsx,Rebates,5199,TD NWC GIANT TIGER PRICE INCREASE PROTECTION
yoy,Fcst Inc Cases is not positive,Northwest Company,NA-NORTHWEST COMPANY,2025,2025,TDSSKC-4/30,SS KCOMP 4/30CT,000I4OW5S,Closed,0.0,2025-05-26,2025-07-31,DR 2025 - 2026-10-02 (EXCEXP_TLS_000JJKSK3).xlsx,Rebates,5200,TD NWC GIANT TIGER PRICE INCREASE PROTECTION
yoy,Fcst Inc Cases is not positive,Northwest Company,NA-NORTHWEST COMPANY,2025,2025,TDRGSB-6/300,R&G SMALL BAG 6/300GR,000I4OW5S,Closed,0.0,2025-05-26,2025-07-31,DR 2025 - 2026-10-02 (EXCEXP_TLS_000JJKSK3).xlsx,Rebates,5201,TD NWC GIANT TIGER PRICE INCREASE PROTECTION
yoy,Fcst Inc Cases is not positive,Northwest Company,NA-NORTHWEST COMPANY,2025,2025,TDRGLC-6/930,R&G LARGE CAN 6/930GR,000I4OW5S,Closed,0.0,2025-05-26,2025-07-31,DR 2025 - 2026-10-02 (EXCEXP_TLS_000JJKSK3).xlsx,Rebates,5202,TD NWC GIANT TIGER PRICE INCREASE PROTECTION
yoy,Fcst Inc Cases is not positive,Northwest Company,NA-NORTHWEST COMPANY,2025,2025,TDIC-12/100,INSTANT COFFEE 12/100GR,000I4OW5S,Closed,0.0,2025-05-26,2025-07-31,DR 2025 - 2026-10-02 (EXCEXP_TLS_000JJKSK3).xlsx,Rebates,5203,TD NWC GIANT TIGER PRICE INCREASE PROTECTION
yoy,Fcst Inc Cases is not positive,Northwest Company,NA-NORTHWEST COMPANY,2025,2025,TDHBHC-5/8,HB HOT CHOCOLATE 5/8CT,000I4OW5S,Closed,0.0,2025-05-26,2025-07-31,DR 2025 - 2026-10-02 (EXCEXP_TLS_000JJKSK3).xlsx,Rebates,5204,TD NWC GIANT TIGER PRICE INCREASE PROTECTION
yoy,Fcst Inc Cases is not positive,Northwest Company,NA-NORTHWEST COMPANY,2025,2025,TDHBHC-12/500,HB HOT CHOCOLATE 12/500GR,000I4OW5S,Closed,0.0,2025-05-26,2025-07-31,DR 2025 - 2026-10-02 (EXCEXP_TLS_000JJKSK3).xlsx,Rebates,5205,TD NWC GIANT TIGER PRICE INCREASE PROTECTION
yoy,Fcst Inc Cases is not positive,Northwest Company,NA-NORTHWEST COMPANY,2025,2025,TDHBCAP-5/8,HB CAPPUCCINO 5/8CT,000I4OW5S,Closed,0.0,2025-05-26,2025-07-31,DR 2025 - 2026-10-02 (EXCEXP_TLS_000JJKSK3).xlsx,Rebates,5206,TD NWC GIANT TIGER PRICE INCREASE PROTECTION
yoy,Fcst Inc Cases is not positive,Northwest Company,NA-NORTHWEST COMPANY,2025,2025,TDHBCAP-12/343,HB CAPPUCCINO 12/454GR,000I4OW5S,Closed,0.0,2025-05-26,2025-07-31,DR 2025 - 2026-10-02 (EXCEXP_TLS_000JJKSK3).xlsx,Rebates,5207,TD NWC GIANT TIGER PRICE INCREASE PROTECTION
yoy,Fcst Inc Cases is not positive,Northwest Company,NA-NORTHWEST COMPANY,2025,2025,TDHBCAP-12/343,HB CAPPUCCINO 12/454GR,000I4OW5S,Closed,0.0,2025-05-26,2025-07-31,DR 2025 - 2026-10-02 (EXCEXP_TLS_000JJKSK3).xlsx,Rebates,5208,TD NWC GIANT TIGER PRICE INCREASE PROTECTION
yoy,Fcst Inc Cases is not positive,Northwest Company,NA-NORTHWEST COMPANY,2025,2025,TDSSKC-6/12,SS KCOMP 6/12CT,000I4ONQ4,Closed,0.0,2025-06-01,2025-06-30,DR 2025 - 2026-10-02 (EXCEXP_TLS_000JJKSK3).xlsx,Rebates,5210,TD NWC GT Monthly promotion
yoy,Fcst Inc Cases is not positive,Northwest Company,NA-NORTHWEST COMPANY,2025,2025,TDSSKC-6/10,SS KCOMP 6/10CT,000I4ONQ4,Closed,0.0,2025-06-01,2025-06-30,DR 2025 - 2026-10-02 (EXCEXP_TLS_000JJKSK3).xlsx,Rebates,5211,TD NWC GT Monthly promotion
yoy,Fcst Inc Cases is not positive,Northwest Company,NA-NORTHWEST COMPANY,2025,2025,TDSSKC-4/30,SS KCOMP 4/30CT,000I4ONQ4,Closed,0.0,2025-06-01,2025-06-30,DR 2025 - 2026-10-02 (EXCEXP_TLS_000JJKSK3).xlsx,Rebates,5212,TD NWC GT Monthly promotion
yoy,Fcst Inc Cases is not positive,Northwest Company,NA-NORTHWEST COMPANY,2025,2025,TDRGSB-6/300,R&G SMALL BAG 6/300GR,000I4ONQ4,Closed,0.0,2025-06-01,2025-06-30,DR 2025 - 2026-10-02 (EXCEXP_TLS_000JJKSK3).xlsx,Rebates,5213,TD NWC GT Monthly promotion
yoy,Fcst Inc Cases is not positive,Northwest Company,NA-NORTHWEST COMPANY,2025,2025,TDRGLC-6/930,R&G LARGE CAN 6/930GR,000I4ONQ4,Closed,0.0,2025-06-01,2025-06-30,DR 2025 - 2026-10-02 (EXCEXP_TLS_000JJKSK3).xlsx,Rebates,5214,TD NWC GT Monthly promotion
yoy,Fcst Inc Cases is not positive,Northwest Company,NA-NORTHWEST COMPANY,2025,2025,TDIC-12/100,INSTANT COFFEE 12/100GR,000I4ONQ4,Closed,0.0,2025-06-01,2025-06-30,DR 2025 - 2026-10-02 (EXCEXP_TLS_000JJKSK3).xlsx,Rebates,5215,TD NWC GT Monthly promotion
yoy,Fcst Inc Cases is not positive,Northwest Company,NA-NORTHWEST COMPANY,2025,2025,TDSHHB-12/425,HOT BOWLS 12/425GR,000IDO8FF,Closed,0.0,2025-06-10,2025-12-31,DR 2025 - 2026-10-02 (EXCEXP_TLS_000JJKSK3).xlsx,Rebates,5217,TD GT East/West cost Gap Chili
yoy,Fcst Inc Cases is not positive,Northwest Company,NA-NORTHWEST COMPANY,2025,2025,TDSHSP-12/400,SOUPS 12/400ML,000HJDG1S,Closed,0.0,2025-07-23,2025-07-29,DR 2025 - 2026-10-02 (EXCEXP_TLS_000JJKSK3).xlsx,Rebates,5226,TD GT Soup July
yoy,Fcst Inc Cases is not positive,Northwest Company,NA-NORTHWEST COMPANY,2025,2025,TDSSKC-6/12,SS KCOMP 6/12CT,000I4ONQU,Closed,0.0,2025-07-01,2025-07-31,DR 2025 - 2026-10-02 (EXCEXP_TLS_000JJKSK3).xlsx,Rebates,5228,TD NWC GT Monthly promotion
yoy,Fcst Inc Cases is not positive,Northwest Company,NA-NORTHWEST COMPANY,2025,2025,TDSSKC-6/10,SS KCOMP 6/10CT,000I4ONQU,Closed,0.0,2025-07-01,2025-07-31,DR 2025 - 2026-10-02 (EXCEXP_TLS_000JJKSK3).xlsx,Rebates,5229,TD NWC GT Monthly promotion
yoy,Fcst Inc Cases is not positive,Northwest Company,NA-NORTHWEST COMPANY,2025,2025,TDSSKC-4/30,SS KCOMP 4/30CT,000I4ONQU,Closed,0.0,2025-07-01,2025-07-31,DR 2025 - 2026-10-02 (EXCEXP_TLS_000JJKSK3).xlsx,Rebates,5230,TD NWC GT Monthly promotion
yoy,Fcst Inc Cases is not positive,Northwest Company,NA-NORTHWEST COMPANY,2025,2025,TDRGSB-6/300,R&G SMALL BAG 6/300GR,000I4ONQU,Closed,0.0,2025-07-01,2025-07-31,DR 2025 - 2026-10-02 (EXCEXP_TLS_000JJKSK3).xlsx,Rebates,5231,TD NWC GT Monthly promotion
yoy,Fcst Inc Cases is not positive,Northwest Company,NA-NORTHWEST COMPANY,2025,2025,TDRGSB-6/300,R&G SMALL BAG 6/300GR,000I4ONQU,Closed,0.0,2025-07-01,2025-07-31,DR 2025 - 2026-10-02 (EXCEXP_TLS_000JJKSK3).xlsx,Rebates,5232,TD NWC GT Monthly promotion
yoy,Fcst Inc Cases is not positive,Northwest Company,NA-NORTHWEST COMPANY,2025,2025,TDRGLC-6/930,R&G LARGE CAN 6/930GR,000I4ONQU,Closed,0.0,2025-07-01,2025-07-31,DR 2025 - 2026-10-02 (EXCEXP_TLS_000JJKSK3).xlsx,Rebates,5233,TD NWC GT Monthly promotion
yoy,Fcst Inc Cases is not positive,Northwest Company,NA-NORTHWEST COMPANY,2025,2025,TDIC-12/100,INSTANT COFFEE 12/100GR,000I4ONQU,Closed,0.0,2025-07-01,2025-07-31,DR 2025 - 2026-10-02 (EXCEXP_TLS_000JJKSK3).xlsx,Rebates,5234,TD NWC GT Monthly promotion
yoy,Fcst Inc Cases is not positive,Northwest Company,NA-NORTHWEST COMPANY,2025,2025,TDSSKC-6/12,SS KCOMP 6/12CT,000I4ONRK,Closed,0.0,2025-08-01,2025-08-31,DR 2025 - 2026-10-02 (EXCEXP_TLS_000JJKSK3).xlsx,Rebates,5247,TD NWC GT Monthly promotion
yoy,Fcst Inc Cases is not positive,Northwest Company,NA-NORTHWEST COMPANY,2025,2025,TDSSKC-6/10,SS KCOMP 6/10CT,000I4ONRK,Closed,0.0,2025-08-01,2025-08-31,DR 2025 - 2026-10-02 (EXCEXP_TLS_000JJKSK3).xlsx,Rebates,5248,TD NWC GT Monthly promotion
yoy,Fcst Inc Cases is not positive,Northwest Company,NA-NORTHWEST COMPANY,2025,2025,TDSSKC-4/30,SS KCOMP 4/30CT,000I4ONRK,Closed,0.0,2025-08-01,2025-08-31,DR 2025 - 2026-10-02 (EXCEXP_TLS_000JJKSK3).xlsx,Rebates,5249,TD NWC GT Monthly promotion
yoy,Fcst Inc Cases is not positive,Northwest Company,NA-NORTHWEST COMPANY,2025,2025,TDRGSB-6/300,R&G SMALL BAG 6/300GR,000I4ONRK,Closed,0.0,2025-08-01,2025-08-31,DR 2025 - 2026-10-02 (EXCEXP_TLS_000JJKSK3).xlsx,Rebates,5250,TD NWC GT Monthly promotion
yoy,Fcst Inc Cases is not positive,Northwest Company,NA-NORTHWEST COMPANY,2025,2025,TDRGLC-6/930,R&G LARGE CAN 6/930GR,000I4ONRK,Closed,0.0,2025-08-01,2025-08-31,DR 2025 - 2026-10-02 (EXCEXP_TLS_000JJKSK3).xlsx,Rebates,5251,TD NWC GT Monthly promotion
yoy,Fcst Inc Cases is not positive,Northwest Company,NA-NORTHWEST COMPANY,2025,2025,TDIC-12/100,INSTANT COFFEE 12/100GR,000I4ONRK,Closed,0.0,2025-08-01,2025-08-31,DR 2025 - 2026-10-02 (EXCEXP_TLS_000JJKSK3).xlsx,Rebates,5252,TD NWC GT Monthly promotion
yoy,Fcst Inc Cases is not positive,Northwest Company,NA-NORTHWEST COMPANY,2025,2025,TDSSKC-6/12,SS KCOMP 6/12CT,000I4OW2W,Closed,0.0,2025-09-01,2025-09-30,DR 2025 - 2026-10-02 (EXCEXP_TLS_000JJKSK3).xlsx,Rebates,5267,TD NWC GT Monthly promotion
yoy,Fcst Inc Cases is not positive,Northwest Company,NA-NORTHWEST COMPANY,2025,2025,TDSSKC-6/10,SS KCOMP 6/10CT,000I4OW2W,Closed,0.0,2025-09-01,2025-09-30,DR 2025 - 2026-10-02 (EXCEXP_TLS_000JJKSK3).xlsx,Rebates,5268,TD NWC GT Monthly promotion
yoy,Fcst Inc Cases is not positive,Northwest Company,NA-NORTHWEST COMPANY,2025,2025,TDSSKC-4/30,SS KCOMP 4/30CT,000I4OW2W,Closed,0.0,2025-09-01,2025-09-30,DR 2025 - 2026-10-02 (EXCEXP_TLS_000JJKSK3).xlsx,Rebates,5269,TD NWC GT Monthly promotion
yoy,Fcst Inc Cases is not positive,Northwest Company,NA-NORTHWEST COMPANY,2025,2025,TDRGSB-6/300,R&G SMALL BAG 6/300GR,000I4OW2W,Closed,0.0,2025-09-01,2025-09-30,DR 2025 - 2026-10-02 (EXCEXP_TLS_000JJKSK3).xlsx,Rebates,5270,TD NWC GT Monthly promotion
yoy,Fcst Inc Cases is not positive,Northwest Company,NA-NORTHWEST COMPANY,2025,2025,TDRGLC-6/930,R&G LARGE CAN 6/930GR,000I4OW2W,Closed,0.0,2025-09-01,2025-09-30,DR 2025 - 2026-10-02 (EXCEXP_TLS_000JJKSK3).xlsx,Rebates,5271,TD NWC GT Monthly promotion
yoy,Fcst Inc Cases is not positive,Northwest Company,NA-NORTHWEST COMPANY,2025,2025,TDIC-12/100,INSTANT COFFEE 12/100GR,000I4OW2W,Closed,0.0,2025-09-01,2025-09-30,DR 2025 - 2026-10-02 (EXCEXP_TLS_000JJKSK3).xlsx,Rebates,5272,TD NWC GT Monthly promotion
yoy,Product cannot be mapped to an MPG pack size,Northwest Company,NA-NORTHWEST COMPANY,2025,2025,TDL,TDL CAN,000IXIIHS,Closed,1.0,2025-09-01,2025-09-30,DR 2025 - 2026-10-02 (EXCEXP_TLS_000JJKSK3).xlsx,Rebates,5274,TD NCR Quarterly Endcap payment
yoy,Fcst Inc Cases is not positive,Northwest Company,NA-NORTHWEST COMPANY,2025,2025,6320909370,TDL CAPPUCCINO FRENCH VANILLA 12/454 GR,000I4OW3M,Closed,0.0,2025-10-01,2025-10-31,DR 2025 - 2026-10-02 (EXCEXP_TLS_000JJKSK3).xlsx,Rebates,5286,TD NWC GT Monthly promotion
yoy,Fcst Inc Cases is not positive,Northwest Company,NA-NORTHWEST COMPANY,2025,2025,TDSSKC-6/12,SS KCOMP 6/12CT,000I4OW3M,Closed,0.0,2025-10-01,2025-10-31,DR 2025 - 2026-10-02 (EXCEXP_TLS_000JJKSK3).xlsx,Rebates,5287,TD NWC GT Monthly promotion
yoy,Fcst Inc Cases is not positive,Northwest Company,NA-NORTHWEST COMPANY,2025,2025,TDSSKC-6/10,SS KCOMP 6/10CT,000I4OW3M,Closed,0.0,2025-10-01,2025-10-31,DR 2025 - 2026-10-02 (EXCEXP_TLS_000JJKSK3).xlsx,Rebates,5288,TD NWC GT Monthly promotion
yoy,Fcst Inc Cases is not positive,Northwest Company,NA-NORTHWEST COMPANY,2025,2025,TDSSKC-4/30,SS KCOMP 4/30CT,000I4OW3M,Closed,0.0,2025-10-01,2025-10-31,DR 2025 - 2026-10-02 (EXCEXP_TLS_000JJKSK3).xlsx,Rebates,5289,TD NWC GT Monthly promotion
yoy,Fcst Inc Cases is not positive,Northwest Company,NA-NORTHWEST COMPANY,2025,2025,TDRGSB-6/300,R&G SMALL BAG 6/300GR,000I4OW3M,Closed,0.0,2025-10-01,2025-10-31,DR 2025 - 2026-10-02 (EXCEXP_TLS_000JJKSK3).xlsx,Rebates,5290,TD NWC GT Monthly promotion
yoy,Fcst Inc Cases is not positive,Northwest Company,NA-NORTHWEST COMPANY,2025,2025,TDRGLC-6/930,R&G LARGE CAN 6/930GR,000I4OW3M,Closed,0.0,2025-10-01,2025-10-31,DR 2025 - 2026-10-02 (EXCEXP_TLS_000JJKSK3).xlsx,Rebates,5291,TD NWC GT Monthly promotion
yoy,Fcst Inc Cases is not positive,Northwest Company,NA-NORTHWEST COMPANY,2025,2025,TDIC-12/100,INSTANT COFFEE 12/100GR,000I4OW3M,Closed,0.0,2025-10-01,2025-10-31,DR 2025 - 2026-10-02 (EXCEXP_TLS_000JJKSK3).xlsx,Rebates,5292,TD NWC GT Monthly promotion
yoy,Fcst Inc Cases is not positive,Northwest Company,NA-NORTHWEST COMPANY,2025,2025,TDSSKC-6/12,SS KCOMP 6/12CT,000I4OW4C,Closed,0.0,2025-11-01,2025-11-30,DR 2025 - 2026-10-02 (EXCEXP_TLS_000JJKSK3).xlsx,Rebates,5306,TD NWC GT Monthly promotion
yoy,Fcst Inc Cases is not positive,Northwest Company,NA-NORTHWEST COMPANY,2025,2025,TDSSKC-6/10,SS KCOMP 6/10CT,000I4OW4C,Closed,0.0,2025-11-01,2025-11-30,DR 2025 - 2026-10-02 (EXCEXP_TLS_000JJKSK3).xlsx,Rebates,5307,TD NWC GT Monthly promotion
yoy,Fcst Inc Cases is not positive,Northwest Company,NA-NORTHWEST COMPANY,2025,2025,TDSSKC-4/30,SS KCOMP 4/30CT,000I4OW4C,Closed,0.0,2025-11-01,2025-11-30,DR 2025 - 2026-10-02 (EXCEXP_TLS_000JJKSK3).xlsx,Rebates,5308,TD NWC GT Monthly promotion
yoy,Fcst Inc Cases is not positive,Northwest Company,NA-NORTHWEST COMPANY,2025,2025,TDRGSB-6/300,R&G SMALL BAG 6/300GR,000I4OW4C,Closed,0.0,2025-11-01,2025-11-30,DR 2025 - 2026-10-02 (EXCEXP_TLS_000JJKSK3).xlsx,Rebates,5309,TD NWC GT Monthly promotion
yoy,Fcst Inc Cases is not positive,Northwest Company,NA-NORTHWEST COMPANY,2025,2025,TDRGLC-6/930,R&G LARGE CAN 6/930GR,000I4OW4C,Closed,0.0,2025-11-01,2025-11-30,DR 2025 - 2026-10-02 (EXCEXP_TLS_000JJKSK3).xlsx,Rebates,5310,TD NWC GT Monthly promotion
yoy,Fcst Inc Cases is not positive,Northwest Company,NA-NORTHWEST COMPANY,2025,2025,TDIC-12/100,INSTANT COFFEE 12/100GR,000I4OW4C,Closed,0.0,2025-11-01,2025-11-30,DR 2025 - 2026-10-02 (EXCEXP_TLS_000JJKSK3).xlsx,Rebates,5311,TD NWC GT Monthly promotion
yoy,Fcst Inc Cases is not positive,Northwest Company,NA-NORTHWEST COMPANY,2025,2025,TDSSKC-4/30,SS KCOMP 4/30CT,000J666GR,Closed,0.0,2025-11-27,2025-12-03,DR 2025 - 2026-10-02 (EXCEXP_TLS_000JJKSK3).xlsx,Rebates,5313,TD NWC 30ct Dec flyer
yoy,Fcst Inc Cases is not positive,Northwest Company,NA-NORTHWEST COMPANY,2025,2025,TDSSKC-6/12,SS KCOMP 6/12CT,000I4OW52,Closed,0.0,2025-12-01,2025-12-31,DR 2025 - 2026-10-02 (EXCEXP_TLS_000JJKSK3).xlsx,Rebates,5331,TD NWC GT Monthly promotion
yoy,Fcst Inc Cases is not positive,Northwest Company,NA-NORTHWEST COMPANY,2025,2025,TDSSKC-6/10,SS KCOMP 6/10CT,000I4OW52,Closed,0.0,2025-12-01,2025-12-31,DR 2025 - 2026-10-02 (EXCEXP_TLS_000JJKSK3).xlsx,Rebates,5332,TD NWC GT Monthly promotion
yoy,Fcst Inc Cases is not positive,Northwest Company,NA-NORTHWEST COMPANY,2025,2025,TDSSKC-4/30,SS KCOMP 4/30CT,000I4OW52,Closed,0.0,2025-12-01,2025-12-31,DR 2025 - 2026-10-02 (EXCEXP_TLS_000JJKSK3).xlsx,Rebates,5333,TD NWC GT Monthly promotion
yoy,Fcst Inc Cases is not positive,Northwest Company,NA-NORTHWEST COMPANY,2025,2025,TDRGSB-6/300,R&G SMALL BAG 6/300GR,000I4OW52,Closed,0.0,2025-12-01,2025-12-31,DR 2025 - 2026-10-02 (EXCEXP_TLS_000JJKSK3).xlsx,Rebates,5334,TD NWC GT Monthly promotion
yoy,Fcst Inc Cases is not positive,Northwest Company,NA-NORTHWEST COMPANY,2025,2025,TDRGLC-6/930,R&G LARGE CAN 6/930GR,000I4OW52,Closed,0.0,2025-12-01,2025-12-31,DR 2025 - 2026-10-02 (EXCEXP_TLS_000JJKSK3).xlsx,Rebates,5335,TD NWC GT Monthly promotion
yoy,Fcst Inc Cases is not positive,Northwest Company,NA-NORTHWEST COMPANY,2025,2025,TDIC-12/100,INSTANT COFFEE 12/100GR,000I4OW52,Closed,0.0,2025-12-01,2025-12-31,DR 2025 - 2026-10-02 (EXCEXP_TLS_000JJKSK3).xlsx,Rebates,5336,TD NWC GT Monthly promotion
yoy,Product cannot be mapped to an MPG pack size,Northwest Company,NA-NORTHWEST COMPANY,2025,2025,TDL,TDL CAN,000IXIII1,Closed,1.0,2025-12-01,2025-12-31,DR 2025 - 2026-10-02 (EXCEXP_TLS_000JJKSK3).xlsx,Rebates,5338,TD NCR Quarterly Endcap payment
yoy,Fcst Inc Cases is not positive,PFG,NA-PATTISON FOOD GROUP,2025,2025,TDSSKC-4/30,SS KCOMP 4/30CT,000HJD18J,Closed,0.0,2025-01-02,2025-01-08,DR 2025 - 2026-10-02 (EXCEXP_TLS_000JJKSK3).xlsx,Rebates,5340,TD SOF WK1 ISF TIN WB 30CT 640G PT.2
yoy,Fcst Inc Cases is not positive,PFG,NA-PATTISON FOOD GROUP,2025,2025,TDRGLC-6/930,R&G LARGE CAN 6/930GR,000HJD18J,Closed,0.0,2025-01-02,2025-01-08,DR 2025 - 2026-10-02 (EXCEXP_TLS_000JJKSK3).xlsx,Rebates,5341,TD SOF WK1 ISF TIN WB 30CT 640G PT.2
yoy,Fcst Inc Cases is not positive,PFG,NA-PATTISON FOOD GROUP,2025,2025,TDRGLB-6/2,R&G LARGE BAG 6/2LB,000HJD18J,Closed,0.0,2025-01-02,2025-01-08,DR 2025 - 2026-10-02 (EXCEXP_TLS_000JJKSK3).xlsx,Rebates,5342,TD SOF WK1 ISF TIN WB 30CT 640G PT.2
yoy,Fcst Inc Cases is not positive,PFG,NA-PATTISON FOOD GROUP,2025,2025,TDSSKC-6/12,SS KCOMP 6/12CT,000HJDVXZ,Closed,0.0,2025-01-09,2025-01-15,DR 2025 - 2026-10-02 (EXCEXP_TLS_000JJKSK3).xlsx,Rebates,5344,TD SOF WK 2 AD 300G 12CT TASS PT.2
yoy,Fcst Inc Cases is not positive,PFG,NA-PATTISON FOOD GROUP,2025,2025,TDRGSB-6/300,R&G SMALL BAG 6/300GR,000HJDVXZ,Closed,0.0,2025-01-09,2025-01-15,DR 2025 - 2026-10-02 (EXCEXP_TLS_000JJKSK3).xlsx,Rebates,5345,TD SOF WK 2 AD 300G 12CT TASS PT.2
yoy,Fcst Inc Cases is not positive,PFG,NA-PATTISON FOOD GROUP,2025,2025,TDSSKC-4/48,SS KCOMP 4/48CT,000HJDET1,Closed,0.0,2025-01-23,2025-01-29,DR 2025 - 2026-10-02 (EXCEXP_TLS_000JJKSK3).xlsx,Rebates,5363,TD SOF WK 4 AD 48CT $31.99
yoy,Fcst Inc Cases is not positive,PFG,NA-PATTISON FOOD GROUP,2025,2025,TDHBCAP-5/8,HB CAPPUCCINO 5/8CT,000HJD9ZZ,Closed,0.0,2025-01-10,2025-01-23,DR 2025 - 2026-10-02 (EXCEXP_TLS_000JJKSK3).xlsx,Rebates,5368,TD GM WK 3-4 - 8 CT SACHET FV & HC SOUP CHILI
yoy,Fcst Inc Cases is not positive,PFG,NA-PATTISON FOOD GROUP,2025,2025,TDHBCAP-5/8,HB CAPPUCCINO 5/8CT,000HJDWXP,Closed,0.0,2025-01-19,2025-02-15,DR 2025 - 2026-10-02 (EXCEXP_TLS_000JJKSK3).xlsx,Rebates,5377,"TD GM IGA WEEK 5-8 ISF SACHETS FV, HC & CREAMERS  - FSM/IGA"
yoy,Fcst Inc Cases is not positive,PFG,NA-PATTISON FOOD GROUP,2025,2025,TDSSKC-6/12,SS KCOMP 6/12CT,000HM83Y1,Closed,0.0,2025-02-27,2025-03-05,DR 2025 - 2026-10-02 (EXCEXP_TLS_000JJKSK3).xlsx,Rebates,5404,"TD SOF WK 9 TRIBUTE FLAT FEE $100,000"
yoy,Fcst Inc Cases is not positive,PFG,NA-PATTISON FOOD GROUP,2025,2025,TDSSKC-4/30,SS KCOMP 4/30CT,000HM83Y1,Closed,0.0,2025-02-27,2025-03-05,DR 2025 - 2026-10-02 (EXCEXP_TLS_000JJKSK3).xlsx,Rebates,5405,"TD SOF WK 9 TRIBUTE FLAT FEE $100,000"
yoy,Fcst Inc Cases is not positive,PFG,NA-PATTISON FOOD GROUP,2025,2025,TDSHSP-12/540,SOUPS 12/540ML,000HM83Y1,Closed,0.0,2025-02-27,2025-03-05,DR 2025 - 2026-10-02 (EXCEXP_TLS_000JJKSK3).xlsx,Rebates,5406,"TD SOF WK 9 TRIBUTE FLAT FEE $100,000"
yoy,Fcst Inc Cases is not positive,PFG,NA-PATTISON FOOD GROUP,2025,2025,TDRGSB-6/300,R&G SMALL BAG 6/300GR,000HM83Y1,Closed,0.0,2025-02-27,2025-03-05,DR 2025 - 2026-10-02 (EXCEXP_TLS_000JJKSK3).xlsx,Rebates,5407,"TD SOF WK 9 TRIBUTE FLAT FEE $100,000"
yoy,Fcst Inc Cases is not positive,PFG,NA-PATTISON FOOD GROUP,2025,2025,TDRGLC-6/930,R&G LARGE CAN 6/930GR,000HM83Y1,Closed,0.0,2025-02-27,2025-03-05,DR 2025 - 2026-10-02 (EXCEXP_TLS_000JJKSK3).xlsx,Rebates,5408,"TD SOF WK 9 TRIBUTE FLAT FEE $100,000"
yoy,Fcst Inc Cases is not positive,PFG,NA-PATTISON FOOD GROUP,2025,2025,TDSSTA-5/14,SS TASSIMO 5/14CT,000IEK7CL,Closed,0.0,2025-04-10,2025-04-28,DR 2025 - 2026-10-02 (EXCEXP_TLS_000JJKSK3).xlsx,Rebates,5462,"TD WK 23 -25 ISF 300G, 12ct, 640g + TASSIMO @ CCL"
yoy,Fcst Inc Cases is not positive,PFG,NA-PATTISON FOOD GROUP,2025,2025,TDSSKC-6/12,SS KCOMP 6/12CT,000IEK7CL,Closed,0.0,2025-04-10,2025-04-28,DR 2025 - 2026-10-02 (EXCEXP_TLS_000JJKSK3).xlsx,Rebates,5463,"TD WK 23 -25 ISF 300G, 12ct, 640g + TASSIMO @ CCL"
yoy,Fcst Inc Cases is not positive,PFG,NA-PATTISON FOOD GROUP,2025,2025,TDRGSC-6/640,R&G SMALL CAN 6/640GR,000IEK7CL,Closed,0.0,2025-04-10,2025-04-28,DR 2025 - 2026-10-02 (EXCEXP_TLS_000JJKSK3).xlsx,Rebates,5464,"TD WK 23 -25 ISF 300G, 12ct, 640g + TASSIMO @ CCL"
yoy,Fcst Inc Cases is not positive,PFG,NA-PATTISON FOOD GROUP,2025,2025,TDRGSB-6/300,R&G SMALL BAG 6/300GR,000IEK7CL,Closed,0.0,2025-04-10,2025-04-28,DR 2025 - 2026-10-02 (EXCEXP_TLS_000JJKSK3).xlsx,Rebates,5465,"TD WK 23 -25 ISF 300G, 12ct, 640g + TASSIMO @ CCL"
yoy,Fcst Inc Cases is not positive,PFG,NA-PATTISON FOOD GROUP,2025,2025,TDRGSC-6/640,R&G SMALL CAN 6/640GR,000IXZEPL,Closed,0.0,2025-04-03,2025-04-16,DR 2025 - 2026-10-02 (EXCEXP_TLS_000JJKSK3).xlsx,Rebates,5467,TD CCL WK 22-23 ISF 640GR
yoy,Fcst Inc Cases is not positive,PFG,NA-PATTISON FOOD GROUP,2025,2025,TDSHSP-12/400,SOUPS 12/400ML,000HJDQEI,Closed,0.0,2025-04-24,2025-05-07,DR 2025 - 2026-10-02 (EXCEXP_TLS_000JJKSK3).xlsx,Rebates,5485,TD SOF WK 17-18 SOUPS $3.69
yoy,Fcst Inc Cases is not positive,PFG,NA-PATTISON FOOD GROUP,2025,2025,TDSSTA-5/14,SS TASSIMO 5/14CT,000IAAFA1,Closed,0.0,2025-05-01,2025-05-07,DR 2025 - 2026-10-02 (EXCEXP_TLS_000JJKSK3).xlsx,Rebates,5489,TD CCL WK 26 300G + 12CT ISF
yoy,Fcst Inc Cases is not positive,PFG,NA-PATTISON FOOD GROUP,2025,2025,TDSSKC-6/12,SS KCOMP 6/12CT,000IAAFA1,Closed,0.0,2025-05-01,2025-05-07,DR 2025 - 2026-10-02 (EXCEXP_TLS_000JJKSK3).xlsx,Rebates,5490,TD CCL WK 26 300G + 12CT ISF
yoy,Fcst Inc Cases is not positive,PFG,NA-PATTISON FOOD GROUP,2025,2025,TDRGSB-6/300,R&G SMALL BAG 6/300GR,000IAAFA1,Closed,0.0,2025-05-01,2025-05-07,DR 2025 - 2026-10-02 (EXCEXP_TLS_000JJKSK3).xlsx,Rebates,5491,TD CCL WK 26 300G + 12CT ISF
yoy,Fcst Inc Cases is not positive,PFG,NA-PATTISON FOOD GROUP,2025,2025,TDSSKC-6/12,SS KCOMP 6/12CT,000HJD9VV,Closed,0.0,2025-05-29,2025-06-04,DR 2025 - 2026-10-02 (EXCEXP_TLS_000JJKSK3).xlsx,Rebates,5518,TD WK 32AD TASSIMO 12CT & 300G @ CCL
yoy,Fcst Inc Cases is not positive,PFG,NA-PATTISON FOOD GROUP,2025,2025,TDRGSB-6/300,R&G SMALL BAG 6/300GR,000HJD9VV,Closed,0.0,2025-05-29,2025-06-04,DR 2025 - 2026-10-02 (EXCEXP_TLS_000JJKSK3).xlsx,Rebates,5519,TD WK 32AD TASSIMO 12CT & 300G @ CCL
yoy,Fcst Inc Cases is not positive,PFG,NA-PATTISON FOOD GROUP,2025,2025,TDSSTA-5/14,SS TASSIMO 5/14CT,000ICJTOA,Closed,0.0,2025-05-29,2025-06-04,DR 2025 - 2026-10-02 (EXCEXP_TLS_000JJKSK3).xlsx,Rebates,5521,TD CCL WK 30 AD TASSIMO 12CT & 300G @ CCL
yoy,Fcst Inc Cases is not positive,PFG,NA-PATTISON FOOD GROUP,2025,2025,TDSSKC-6/12,SS KCOMP 6/12CT,000ICJTOA,Closed,0.0,2025-05-29,2025-06-04,DR 2025 - 2026-10-02 (EXCEXP_TLS_000JJKSK3).xlsx,Rebates,5522,TD CCL WK 30 AD TASSIMO 12CT & 300G @ CCL
yoy,Fcst Inc Cases is not positive,PFG,NA-PATTISON FOOD GROUP,2025,2025,TDRGSB-6/300,R&G SMALL BAG 6/300GR,000ICJTOA,Closed,0.0,2025-05-29,2025-06-04,DR 2025 - 2026-10-02 (EXCEXP_TLS_000JJKSK3).xlsx,Rebates,5523,TD CCL WK 30 AD TASSIMO 12CT & 300G @ CCL
yoy,Fcst Inc Cases is not positive,PFG,NA-PATTISON FOOD GROUP,2025,2025,TDSHSP-12/400,SOUPS 12/400ML,000HMCGRW,Closed,0.0,2025-06-12,2025-06-18,DR 2025 - 2026-10-02 (EXCEXP_TLS_000JJKSK3).xlsx,Rebates,5542,TD SOF WK 24 SOUPS $2.99
yoy,Fcst Inc Cases is not positive,PFG,NA-PATTISON FOOD GROUP,2025,2025,TDRGSC-6/640,R&G SMALL CAN 6/640GR,000ITARWM,Closed,0.0,2025-06-05,2025-06-11,DR 2025 - 2026-10-02 (EXCEXP_TLS_000JJKSK3).xlsx,Rebates,5544,TD CCL WEEK 31  - 640GR
yoy,Fcst Inc Cases is not positive,PFG,NA-PATTISON FOOD GROUP,2025,2025,TDSSTA-5/14,SS TASSIMO 5/14CT,000IAAFAD,Closed,0.0,2025-06-12,2025-07-02,DR 2025 - 2026-10-02 (EXCEXP_TLS_000JJKSK3).xlsx,Rebates,5548,TD CCL WK 32-34 300G +12CT ISF
yoy,Fcst Inc Cases is not positive,PFG,NA-PATTISON FOOD GROUP,2025,2025,TDSSKC-6/12,SS KCOMP 6/12CT,000IAAFAD,Closed,0.0,2025-06-12,2025-07-02,DR 2025 - 2026-10-02 (EXCEXP_TLS_000JJKSK3).xlsx,Rebates,5549,TD CCL WK 32-34 300G +12CT ISF
yoy,Fcst Inc Cases is not positive,PFG,NA-PATTISON FOOD GROUP,2025,2025,TDRGSB-6/300,R&G SMALL BAG 6/300GR,000IAAFAD,Closed,0.0,2025-06-12,2025-07-02,DR 2025 - 2026-10-02 (EXCEXP_TLS_000JJKSK3).xlsx,Rebates,5550,TD CCL WK 32-34 300G +12CT ISF
yoy,Fcst Inc Cases is not positive,PFG,NA-PATTISON FOOD GROUP,2025,2025,TDSSKC-6/12,SS KCOMP 6/12CT,000IEOTB5,Closed,0.0,2025-06-19,2025-06-25,DR 2025 - 2026-10-02 (EXCEXP_TLS_000JJKSK3).xlsx,Rebates,5552,TD SOF WK 25 AD 300G 12CT
yoy,Fcst Inc Cases is not positive,PFG,NA-PATTISON FOOD GROUP,2025,2025,TDRGSB-6/300,R&G SMALL BAG 6/300GR,000IEOTB5,Closed,0.0,2025-06-19,2025-06-25,DR 2025 - 2026-10-02 (EXCEXP_TLS_000JJKSK3).xlsx,Rebates,5553,TD SOF WK 25 AD 300G 12CT
yoy,Fcst Inc Cases is not positive,PFG,NA-PATTISON FOOD GROUP,2025,2025,TDSHSP-12/400,SOUPS 12/400ML,000I2KVG8,Closed,0.0,2025-06-19,2025-07-02,DR 2025 - 2026-10-02 (EXCEXP_TLS_000JJKSK3).xlsx,Rebates,5556,TD SOF WK 25-26 SOUPS $3.69
yoy,Fcst Inc Cases is not positive,PFG,NA-PATTISON FOOD GROUP,2025,2025,TDSSTA-5/14,SS TASSIMO 5/14CT,000IA2VKY,Closed,0.0,2025-06-26,2025-07-16,DR 2025 - 2026-10-02 (EXCEXP_TLS_000JJKSK3).xlsx,Rebates,5563,TD SOF WK 26-28 ISF 300G 12CT + TASSIMO @ CCL
yoy,Fcst Inc Cases is not positive,PFG,NA-PATTISON FOOD GROUP,2025,2025,TDSSKC-6/12,SS KCOMP 6/12CT,000IA2VKY,Closed,0.0,2025-06-26,2025-07-16,DR 2025 - 2026-10-02 (EXCEXP_TLS_000JJKSK3).xlsx,Rebates,5564,TD SOF WK 26-28 ISF 300G 12CT + TASSIMO @ CCL
yoy,Fcst Inc Cases is not positive,PFG,NA-PATTISON FOOD GROUP,2025,2025,TDRGSB-6/300,R&G SMALL BAG 6/300GR,000IA2VKY,Closed,0.0,2025-06-26,2025-07-16,DR 2025 - 2026-10-02 (EXCEXP_TLS_000JJKSK3).xlsx,Rebates,5565,TD SOF WK 26-28 ISF 300G 12CT + TASSIMO @ CCL
yoy,Fcst Inc Cases is not positive,PFG,NA-PATTISON FOOD GROUP,2025,2025,TDRGSC-6/640,R&G SMALL CAN 6/640GR,000IT67H7,Closed,0.0,2025-07-03,2025-07-17,DR 2025 - 2026-10-02 (EXCEXP_TLS_000JJKSK3).xlsx,Rebates,5571,TD CCL WEEK 28  TINS 907 - 640GR
yoy,Fcst Inc Cases is not positive,PFG,NA-PATTISON FOOD GROUP,2025,2025,TDHBHC-12/500,HB HOT CHOCOLATE 12/500GR,000ITAS0S,Closed,0.0,2025-07-03,2025-07-16,DR 2025 - 2026-10-02 (EXCEXP_TLS_000JJKSK3).xlsx,Rebates,5573,TD CCL WK34 ISF HOT CHOC
yoy,Fcst Inc Cases is not positive,PFG,NA-PATTISON FOOD GROUP,2025,2025,TDSSKC-6/12,SS KCOMP 6/12CT,000IFEL6N,Closed,0.0,2025-06-26,2025-06-26,DR 2025 - 2026-10-02 (EXCEXP_TLS_000JJKSK3).xlsx,Rebates,5582,TD GM 2023 Missed Scan Back ETS1354174
yoy,Fcst Inc Cases is not positive,PFG,NA-PATTISON FOOD GROUP,2025,2025,TDSHSP-12/540,SOUPS 12/540ML,000IFEL6N,Closed,0.0,2025-06-26,2025-06-26,DR 2025 - 2026-10-02 (EXCEXP_TLS_000JJKSK3).xlsx,Rebates,5583,TD GM 2023 Missed Scan Back ETS1354174
yoy,Fcst Inc Cases is not positive,PFG,NA-PATTISON FOOD GROUP,2025,2025,TDRGSB-6/300,R&G SMALL BAG 6/300GR,000IFEL6N,Closed,0.0,2025-06-26,2025-06-26,DR 2025 - 2026-10-02 (EXCEXP_TLS_000JJKSK3).xlsx,Rebates,5584,TD GM 2023 Missed Scan Back ETS1354174
yoy,Fcst Inc Cases is not positive,PFG,NA-PATTISON FOOD GROUP,2025,2025,TDRGLC-6/930,R&G LARGE CAN 6/930GR,000IFEL6N,Closed,0.0,2025-06-26,2025-06-26,DR 2025 - 2026-10-02 (EXCEXP_TLS_000JJKSK3).xlsx,Rebates,5585,TD GM 2023 Missed Scan Back ETS1354174
yoy,Fcst Inc Cases is not positive,PFG,NA-PATTISON FOOD GROUP,2025,2025,TDSHHB-12/425,HOT BOWLS 12/425GR,000IFEL6N,Closed,0.0,2025-06-26,2025-06-26,DR 2025 - 2026-10-02 (EXCEXP_TLS_000JJKSK3).xlsx,Rebates,5586,TD GM 2023 Missed Scan Back ETS1354174
yoy,Fcst Inc Cases is not positive,PFG,NA-PATTISON FOOD GROUP,2025,2025,TDHBHC-5/8,HB HOT CHOCOLATE 5/8CT,000IFEL6N,Closed,0.0,2025-06-26,2025-06-26,DR 2025 - 2026-10-02 (EXCEXP_TLS_000JJKSK3).xlsx,Rebates,5587,TD GM 2023 Missed Scan Back ETS1354174
yoy,Fcst Inc Cases is not positive,PFG,NA-PATTISON FOOD GROUP,2025,2025,TDGB-12/5/30,GRANOLA BAR 12/5/30GR,000IFEL6N,Closed,0.0,2025-06-26,2025-06-26,DR 2025 - 2026-10-02 (EXCEXP_TLS_000JJKSK3).xlsx,Rebates,5588,TD GM 2023 Missed Scan Back ETS1354174
yoy,Fcst Inc Cases is not positive,PFG,NA-PATTISON FOOD GROUP,2025,2025,TDSSKC-4/30,SS KCOMP 4/30CT,000ITARWV,Closed,0.0,2025-07-17,2025-07-23,DR 2025 - 2026-10-02 (EXCEXP_TLS_000JJKSK3).xlsx,Rebates,5598,TD CCL WK 37 FLYER TINS + 30CT
yoy,Fcst Inc Cases is not positive,PFG,NA-PATTISON FOOD GROUP,2025,2025,TDSHSP-12/400,SOUPS 12/400ML,000HJDJV6,Closed,0.0,2025-07-24,2025-08-06,DR 2025 - 2026-10-02 (EXCEXP_TLS_000JJKSK3).xlsx,Rebates,5606,TD SOF WK 30-31 - SOUPS $3.99
yoy,Fcst Inc Cases is not positive,PFG,NA-PATTISON FOOD GROUP,2025,2025,TDSSKC-6/12,SS KCOMP 6/12CT,000HJDWX9,Closed,0.0,2025-07-31,2025-08-06,DR 2025 - 2026-10-02 (EXCEXP_TLS_000JJKSK3).xlsx,Rebates,5617,TD SOF WK 31 ISF 300G
yoy,Fcst Inc Cases is not positive,PFG,NA-PATTISON FOOD GROUP,2025,2025,TDSSTA-5/14,SS TASSIMO 5/14CT,000ITARW0,Closed,0.0,2025-07-31,2025-08-06,DR 2025 - 2026-10-02 (EXCEXP_TLS_000JJKSK3).xlsx,Rebates,5627,"TD CCL WK 39 COFFEE 300G, SS12"
yoy,Fcst Inc Cases is not positive,PFG,NA-PATTISON FOOD GROUP,2025,2025,TDSSKC-6/12,SS KCOMP 6/12CT,000ITARW0,Closed,0.0,2025-07-31,2025-08-06,DR 2025 - 2026-10-02 (EXCEXP_TLS_000JJKSK3).xlsx,Rebates,5628,"TD CCL WK 39 COFFEE 300G, SS12"
yoy,Fcst Inc Cases is not positive,PFG,NA-PATTISON FOOD GROUP,2025,2025,TDRGSB-6/300,R&G SMALL BAG 6/300GR,000ITARW0,Closed,0.0,2025-07-31,2025-08-06,DR 2025 - 2026-10-02 (EXCEXP_TLS_000JJKSK3).xlsx,Rebates,5629,"TD CCL WK 39 COFFEE 300G, SS12"
yoy,Fcst Inc Cases is not positive,PFG,NA-PATTISON FOOD GROUP,2025,2025,TDIC-12/100,INSTANT COFFEE 12/100GR,000HJDEXH,Closed,0.0,2025-08-21,2025-08-27,DR 2025 - 2026-10-02 (EXCEXP_TLS_000JJKSK3).xlsx,Rebates,5646,TD SOF WK 34 TINS WB 30CT + 640G TIN @ CCL
yoy,Fcst Inc Cases is not positive,PFG,NA-PATTISON FOOD GROUP,2025,2025,6320923343,TDL KCUP PUMPKIN SPICE SS 6/12 CT,000ITARXW,Closed,0.0,2025-08-21,2025-09-10,DR 2025 - 2026-10-02 (EXCEXP_TLS_000JJKSK3).xlsx,Rebates,5648,TD CCL WK 34-36 ISF 12CT
yoy,Fcst Inc Cases is not positive,PFG,NA-PATTISON FOOD GROUP,2025,2025,6320921219,TDL KCUP CARAMEL TOFFEE SS 6/12 CT,000ITARXW,Closed,0.0,2025-08-21,2025-09-10,DR 2025 - 2026-10-02 (EXCEXP_TLS_000JJKSK3).xlsx,Rebates,5649,TD CCL WK 34-36 ISF 12CT
yoy,Fcst Inc Cases is not positive,PFG,NA-PATTISON FOOD GROUP,2025,2025,TDSHSP-12/540,SOUPS 12/540ML,000IWOCLI,Closed,0.0,2025-09-05,2025-09-30,DR 2025 - 2026-10-02 (EXCEXP_TLS_000JJKSK3).xlsx,Rebates,5670,TD GM 70th Anniversary Lump Sum 540ml Soup & 500g Hot Choc
yoy,Fcst Inc Cases is not positive,PFG,NA-PATTISON FOOD GROUP,2025,2025,TDHBHC-12/500,HB HOT CHOCOLATE 12/500GR,000IWOCLI,Closed,0.0,2025-09-05,2025-09-30,DR 2025 - 2026-10-02 (EXCEXP_TLS_000JJKSK3).xlsx,Rebates,5671,TD GM 70th Anniversary Lump Sum 540ml Soup & 500g Hot Choc
yoy,Fcst Inc Cases is not positive,PFG,NA-PATTISON FOOD GROUP,2025,2025,TDRGSC-6/640,R&G SMALL CAN 6/640GR,000ITARYP,Closed,0.0,2025-08-21,2025-08-27,DR 2025 - 2026-10-02 (EXCEXP_TLS_000JJKSK3).xlsx,Rebates,5673,TD CCL ISF 6/640GR
yoy,Fcst Inc Cases is not positive,PFG,NA-PATTISON FOOD GROUP,2025,2025,TDSSTA-5/14,SS TASSIMO 5/14CT,000I2KVHM,Closed,0.0,2025-09-11,2025-09-24,DR 2025 - 2026-10-02 (EXCEXP_TLS_000JJKSK3).xlsx,Rebates,5684,TD SOF WK 37-38 ISF 300G 12CT + TASSIMO @ CCL
yoy,Fcst Inc Cases is not positive,PFG,NA-PATTISON FOOD GROUP,2025,2025,TDSHSP-12/400,SOUPS 12/400ML,000HJE2D9,Closed,0.0,2025-09-11,2025-09-24,DR 2025 - 2026-10-02 (EXCEXP_TLS_000JJKSK3).xlsx,Rebates,5692,TD SOF WK 37-38 SOUPS $3.99
yoy,Fcst Inc Cases is not positive,PFG,NA-PATTISON FOOD GROUP,2025,2025,TDSSTA-5/14,SS TASSIMO 5/14CT,000ITARZG,Closed,0.0,2025-09-11,2025-09-17,DR 2025 - 2026-10-02 (EXCEXP_TLS_000JJKSK3).xlsx,Rebates,5696,TD CCL WK 45 ISF  300G 12CT + TASSIMO @ CCL
yoy,Fcst Inc Cases is not positive,PFG,NA-PATTISON FOOD GROUP,2025,2025,TDSSKC-6/12,SS KCOMP 6/12CT,000ITARZG,Closed,0.0,2025-09-11,2025-09-17,DR 2025 - 2026-10-02 (EXCEXP_TLS_000JJKSK3).xlsx,Rebates,5697,TD CCL WK 45 ISF  300G 12CT + TASSIMO @ CCL
yoy,Fcst Inc Cases is not positive,PFG,NA-PATTISON FOOD GROUP,2025,2025,TDRGSB-6/300,R&G SMALL BAG 6/300GR,000ITARZG,Closed,0.0,2025-09-11,2025-09-17,DR 2025 - 2026-10-02 (EXCEXP_TLS_000JJKSK3).xlsx,Rebates,5698,TD CCL WK 45 ISF  300G 12CT + TASSIMO @ CCL
yoy,Fcst Inc Cases is not positive,PFG,NA-PATTISON FOOD GROUP,2025,2025,TDSSKC-6/12,SS KCOMP 6/12CT,000HM842D,Closed,0.0,2025-09-25,2025-10-01,DR 2025 - 2026-10-02 (EXCEXP_TLS_000JJKSK3).xlsx,Rebates,5717,"TD SOF WK 39 TRIBUTE FLAT FEE $100,000"
yoy,Fcst Inc Cases is not positive,PFG,NA-PATTISON FOOD GROUP,2025,2025,TDSSKC-4/30,SS KCOMP 4/30CT,000HM842D,Closed,0.0,2025-09-25,2025-10-01,DR 2025 - 2026-10-02 (EXCEXP_TLS_000JJKSK3).xlsx,Rebates,5718,"TD SOF WK 39 TRIBUTE FLAT FEE $100,000"
yoy,Fcst Inc Cases is not positive,PFG,NA-PATTISON FOOD GROUP,2025,2025,TDSHSP-12/540,SOUPS 12/540ML,000HM842D,Closed,0.0,2025-09-25,2025-10-01,DR 2025 - 2026-10-02 (EXCEXP_TLS_000JJKSK3).xlsx,Rebates,5719,"TD SOF WK 39 TRIBUTE FLAT FEE $100,000"
yoy,Fcst Inc Cases is not positive,PFG,NA-PATTISON FOOD GROUP,2025,2025,TDRGSB-6/300,R&G SMALL BAG 6/300GR,000HM842D,Closed,0.0,2025-09-25,2025-10-01,DR 2025 - 2026-10-02 (EXCEXP_TLS_000JJKSK3).xlsx,Rebates,5720,"TD SOF WK 39 TRIBUTE FLAT FEE $100,000"
yoy,Fcst Inc Cases is not positive,PFG,NA-PATTISON FOOD GROUP,2025,2025,TDRGLC-6/930,R&G LARGE CAN 6/930GR,000HM842D,Closed,0.0,2025-09-25,2025-10-01,DR 2025 - 2026-10-02 (EXCEXP_TLS_000JJKSK3).xlsx,Rebates,5721,"TD SOF WK 39 TRIBUTE FLAT FEE $100,000"
yoy,Fcst Inc Cases is not positive,PFG,NA-PATTISON FOOD GROUP,2025,2025,TDSSTA-5/14,SS TASSIMO 5/14CT,000IXZEPX,Committed,0.0,2025-09-25,2025-10-01,DR 2025 - 2026-10-02 (EXCEXP_TLS_000JJKSK3).xlsx,Rebates,5725,"TD CCL WK 47 ISF  300GR,640G 12CT + TASSIMO @ CCL"
yoy,Fcst Inc Cases is not positive,PFG,NA-PATTISON FOOD GROUP,2025,2025,TDSSKC-6/12,SS KCOMP 6/12CT,000IXZEPX,Committed,0.0,2025-09-25,2025-10-01,DR 2025 - 2026-10-02 (EXCEXP_TLS_000JJKSK3).xlsx,Rebates,5726,"TD CCL WK 47 ISF  300GR,640G 12CT + TASSIMO @ CCL"
yoy,Fcst Inc Cases is not positive,PFG,NA-PATTISON FOOD GROUP,2025,2025,TDRGSC-6/640,R&G SMALL CAN 6/640GR,000IXZEPX,Committed,0.0,2025-09-25,2025-10-01,DR 2025 - 2026-10-02 (EXCEXP_TLS_000JJKSK3).xlsx,Rebates,5727,"TD CCL WK 47 ISF  300GR,640G 12CT + TASSIMO @ CCL"
yoy,Fcst Inc Cases is not positive,PFG,NA-PATTISON FOOD GROUP,2025,2025,TDRGSB-6/300,R&G SMALL BAG 6/300GR,000IXZEPX,Committed,0.0,2025-09-25,2025-10-01,DR 2025 - 2026-10-02 (EXCEXP_TLS_000JJKSK3).xlsx,Rebates,5728,"TD CCL WK 47 ISF  300GR,640G 12CT + TASSIMO @ CCL"
yoy,Fcst Inc Cases is not positive,PFG,NA-PATTISON FOOD GROUP,2025,2025,TDSSTA-5/14,SS TASSIMO 5/14CT,000HJDJW2,Closed,0.0,2025-10-02,2025-10-08,DR 2025 - 2026-10-02 (EXCEXP_TLS_000JJKSK3).xlsx,Rebates,5732,TD CCL WK 48 ISF 300G/640GR
yoy,Fcst Inc Cases is not positive,PFG,NA-PATTISON FOOD GROUP,2025,2025,TDSSKC-6/12,SS KCOMP 6/12CT,000HJDJW2,Closed,0.0,2025-10-02,2025-10-08,DR 2025 - 2026-10-02 (EXCEXP_TLS_000JJKSK3).xlsx,Rebates,5733,TD CCL WK 48 ISF 300G/640GR
yoy,Fcst Inc Cases is not positive,PFG,NA-PATTISON FOOD GROUP,2025,2025,TDRGSC-6/640,R&G SMALL CAN 6/640GR,000HJDJW2,Closed,0.0,2025-10-02,2025-10-08,DR 2025 - 2026-10-02 (EXCEXP_TLS_000JJKSK3).xlsx,Rebates,5734,TD CCL WK 48 ISF 300G/640GR
yoy,Fcst Inc Cases is not positive,PFG,NA-PATTISON FOOD GROUP,2025,2025,TDHBHC-12/450,HB HOT CHOCOLATE 12/450GR,000HJDT53,Committed,0.0,2025-10-09,2025-11-19,DR 2025 - 2026-10-02 (EXCEXP_TLS_000JJKSK3).xlsx,Rebates,5755,TD SOF WK 41-46 ISF FVC HOT CHOC + CANDY CANE HOT CHOCOLATE
yoy,Fcst Inc Cases is not positive,PFG,NA-PATTISON FOOD GROUP,2025,2025,6320911763,TDL COFFEE DECAF CAN 6/640 GR,000HJDFE0,Committed,0.0,2025-10-16,2025-10-22,DR 2025 - 2026-10-02 (EXCEXP_TLS_000JJKSK3).xlsx,Rebates,5758,TD SOF WK 42 ISF 30CT TINS WB 907G + 640G TIN @ CCL
yoy,Fcst Inc Cases is not positive,PFG,NA-PATTISON FOOD GROUP,2025,2025,TDSHSP-12/400,SOUPS 12/400ML,000HJE7XM,Committed,0.0,2025-10-23,2025-11-05,DR 2025 - 2026-10-02 (EXCEXP_TLS_000JJKSK3).xlsx,Rebates,5775,TD SOF WK 43-44 SOUPS $3.99
yoy,Fcst Inc Cases is not positive,PFG,NA-PATTISON FOOD GROUP,2025,2025,TDHBHC-5/8,HB HOT CHOCOLATE 5/8CT,000J9AN8S,Committed,0.0,2025-11-24,2025-12-11,DR 2025 - 2026-10-02 (EXCEXP_TLS_000JJKSK3).xlsx,Rebates,5810,TD GM WK 50 AD SACHETS 8CT
yoy,Fcst Inc Cases is not positive,PFG,NA-PATTISON FOOD GROUP,2025,2025,TDHBHC-12/450,HB HOT CHOCOLATE 12/450GR,000HJE80T,Committed,0.0,2025-11-20,2025-11-26,DR 2025 - 2026-10-02 (EXCEXP_TLS_000JJKSK3).xlsx,Rebates,5823,TD SOF WK 47 TRIBUTE ALL SKUS + TASSIMO + 640G TIN @ CCL
yoy,Fcst Inc Cases is not positive,PFG,NA-PATTISON FOOD GROUP,2025,2025,TDSSKC-6/12,SS KCOMP 6/12CT,000HJD9YY,Closed,0.0,2025-11-20,2025-11-26,DR 2025 - 2026-10-02 (EXCEXP_TLS_000JJKSK3).xlsx,Rebates,5826,"TD SOF WK 47 TRIBUTE FLAT FEE $100,000"
yoy,Fcst Inc Cases is not positive,PFG,NA-PATTISON FOOD GROUP,2025,2025,TDSSKC-4/30,SS KCOMP 4/30CT,000HJD9YY,Closed,0.0,2025-11-20,2025-11-26,DR 2025 - 2026-10-02 (EXCEXP_TLS_000JJKSK3).xlsx,Rebates,5827,"TD SOF WK 47 TRIBUTE FLAT FEE $100,000"
yoy,Fcst Inc Cases is not positive,PFG,NA-PATTISON FOOD GROUP,2025,2025,TDSHSP-12/540,SOUPS 12/540ML,000HJD9YY,Closed,0.0,2025-11-20,2025-11-26,DR 2025 - 2026-10-02 (EXCEXP_TLS_000JJKSK3).xlsx,Rebates,5828,"TD SOF WK 47 TRIBUTE FLAT FEE $100,000"
yoy,Fcst Inc Cases is not positive,PFG,NA-PATTISON FOOD GROUP,2025,2025,TDRGSB-6/300,R&G SMALL BAG 6/300GR,000HJD9YY,Closed,0.0,2025-11-20,2025-11-26,DR 2025 - 2026-10-02 (EXCEXP_TLS_000JJKSK3).xlsx,Rebates,5829,"TD SOF WK 47 TRIBUTE FLAT FEE $100,000"
yoy,Fcst Inc Cases is not positive,PFG,NA-PATTISON FOOD GROUP,2025,2025,TDRGLC-6/930,R&G LARGE CAN 6/930GR,000HJD9YY,Closed,0.0,2025-11-20,2025-11-26,DR 2025 - 2026-10-02 (EXCEXP_TLS_000JJKSK3).xlsx,Rebates,5830,"TD SOF WK 47 TRIBUTE FLAT FEE $100,000"
yoy,Fcst Inc Cases is not positive,PFG,NA-PATTISON FOOD GROUP,2025,2025,TDRGLB-6/2,R&G LARGE BAG 6/2LB,000HJD9YY,Closed,0.0,2025-11-20,2025-11-26,DR 2025 - 2026-10-02 (EXCEXP_TLS_000JJKSK3).xlsx,Rebates,5831,"TD SOF WK 47 TRIBUTE FLAT FEE $100,000"
yoy,Fcst Inc Cases is not positive,PFG,NA-PATTISON FOOD GROUP,2025,2025,TDHBHC-12/500,HB HOT CHOCOLATE 12/500GR,000HJD9YY,Closed,0.0,2025-11-20,2025-11-26,DR 2025 - 2026-10-02 (EXCEXP_TLS_000JJKSK3).xlsx,Rebates,5832,"TD SOF WK 47 TRIBUTE FLAT FEE $100,000"
yoy,Fcst Inc Cases is not positive,PFG,NA-PATTISON FOOD GROUP,2025,2025,TDHBCAP-12/343,HB CAPPUCCINO 12/454GR,000HJD9YY,Closed,0.0,2025-11-20,2025-11-26,DR 2025 - 2026-10-02 (EXCEXP_TLS_000JJKSK3).xlsx,Rebates,5833,"TD SOF WK 47 TRIBUTE FLAT FEE $100,000"
yoy,Fcst Inc Cases is not positive,PFG,NA-PATTISON FOOD GROUP,2025,2025,TDNC-10/10,NCOMP 10/10CT,000JCD99C,Closed,0.0,2025-11-15,2025-11-20,DR 2025 - 2026-10-02 (EXCEXP_TLS_000JJKSK3).xlsx,Rebates,5835,TD GM WK 47-48 ISF 10CT NESPRESSO
yoy,Fcst Inc Cases is not positive,PFG,NA-PATTISON FOOD GROUP,2025,2025,TDSHSP-12/400,SOUPS 12/400ML,000HJD9ZF,Committed,0.0,2025-12-11,2025-12-24,DR 2025 - 2026-10-02 (EXCEXP_TLS_000JJKSK3).xlsx,Rebates,5855,TD SOF WK 50-51 SOUPS $3.99
yoy,Fcst Inc Cases is not positive,PFG,NA-PATTISON FOOD GROUP,2025,2025,TDHBHC-12/450,HB HOT CHOCOLATE 12/450GR,000IP0LDN,Committed,0.0,2025-12-18,2025-12-24,DR 2025 - 2026-10-02 (EXCEXP_TLS_000JJKSK3).xlsx,Rebates,5864,TD SOF WK 51 AD 500G HOT CHOCOLATE
yoy,Fcst Inc Cases is not positive,Pipers,NA-PIPERS DEPARTMENT STORES,2025,2025,TDSSKCDD-6/10,SS KCOMP DD 6/10CT,000HJEAQQ,Closed,0.0,2025-04-24,2025-05-01,DR 2025 - 2026-10-02 (EXCEXP_TLS_000JJKSK3).xlsx,Rebates,5886,TD PIPERS April ISF & WK FLYER LS  12ct / 10ct/300g Bag
yoy,Fcst Inc Cases is not positive,Pipers,NA-PIPERS DEPARTMENT STORES,2025,2025,TDSSKC-6/12,SS KCOMP 6/12CT,000HJEAQQ,Closed,0.0,2025-04-24,2025-05-01,DR 2025 - 2026-10-02 (EXCEXP_TLS_000JJKSK3).xlsx,Rebates,5887,TD PIPERS April ISF & WK FLYER LS  12ct / 10ct/300g Bag
yoy,Fcst Inc Cases is not positive,Pipers,NA-PIPERS DEPARTMENT STORES,2025,2025,TDSSKC-4/30,SS KCOMP 4/30CT,000HJDYWZ,Closed,0.0,2025-06-01,2025-08-14,DR 2025 - 2026-10-02 (EXCEXP_TLS_000JJKSK3).xlsx,Rebates,5893,"TD PIPERS 4/30 TPR    ""Store Opening Delayed due to wildfire"
yoy,Fcst Inc Cases is not positive,Pipers,NA-PIPERS DEPARTMENT STORES,2025,2025,TDSSKCDD-6/10,SS KCOMP DD 6/10CT,000HJE6TM,Closed,0.0,2025-09-18,2025-09-24,DR 2025 - 2026-10-02 (EXCEXP_TLS_000JJKSK3).xlsx,Rebates,5896,TD PIPERS September ISF & WK FLYER LS  12ct / 10ct/300g Ba
yoy,Fcst Inc Cases is not positive,Pipers,NA-PIPERS DEPARTMENT STORES,2025,2025,TDSSKC-6/12,SS KCOMP 6/12CT,000HJE6TM,Closed,0.0,2025-09-18,2025-09-24,DR 2025 - 2026-10-02 (EXCEXP_TLS_000JJKSK3).xlsx,Rebates,5898,TD PIPERS September ISF & WK FLYER LS  12ct / 10ct/300g Ba
yoy,Fcst Inc Cases is not positive,Pipers,NA-PIPERS DEPARTMENT STORES,2025,2025,TDSSKCDD-6/10,SS KCOMP DD 6/10CT,000HJEBK1,Closed,0.0,2025-11-13,2025-11-19,DR 2025 - 2026-10-02 (EXCEXP_TLS_000JJKSK3).xlsx,Rebates,5904,TD PIPERS ISF & WK FLYER 12ct/10Ct/HC10ct/FVCapp 10ct
yoy,Fcst Inc Cases is not positive,Pipers,NA-PIPERS DEPARTMENT STORES,2025,2025,TDSSKC-4/30,SS KCOMP 4/30CT,000HJDMSN,Closed,0.0,2025-12-04,2025-12-10,DR 2025 - 2026-10-02 (EXCEXP_TLS_000JJKSK3).xlsx,Rebates,5910,TD PIPERS 4/30 - R&G 300g FLYER RPC + Lumpsum
yoy,Fcst Inc Cases is not positive,Pratts Wholesale,NA-PRATTS WHSL,2025,2025,6320912132,TDL ORIGINAL KCUP DISPLAY 48/12 CT,000HJDFG3,Closed,0.0,2025-01-01,2025-01-26,DR 2025 - 2026-10-02 (EXCEXP_TLS_000JJKSK3).xlsx,Rebates,5917,TD-PRATTS Jan TPR Tins 30ct Soups 12ct  Bags/12ct TAS Wk 1-5
yoy,Fcst Inc Cases is not positive,Pratts Wholesale,NA-PRATTS WHSL,2025,2025,TDSSKC-6/10,SS KCOMP 6/10CT,000HJDFG3,Closed,0.0,2025-01-01,2025-01-26,DR 2025 - 2026-10-02 (EXCEXP_TLS_000JJKSK3).xlsx,Rebates,5921,TD-PRATTS Jan TPR Tins 30ct Soups 12ct  Bags/12ct TAS Wk 1-5
yoy,Fcst Inc Cases is not positive,Pratts Wholesale,NA-PRATTS WHSL,2025,2025,TDSSKC-4/48,SS KCOMP 4/48CT,000HJDFG3,Closed,0.0,2025-01-01,2025-01-26,DR 2025 - 2026-10-02 (EXCEXP_TLS_000JJKSK3).xlsx,Rebates,5922,TD-PRATTS Jan TPR Tins 30ct Soups 12ct  Bags/12ct TAS Wk 1-5
yoy,Fcst Inc Cases is not positive,Pratts Wholesale,NA-PRATTS WHSL,2025,2025,TDSHSP-12/400,SOUPS 12/400ML,000HJDFG3,Closed,0.0,2025-01-01,2025-01-26,DR 2025 - 2026-10-02 (EXCEXP_TLS_000JJKSK3).xlsx,Rebates,5926,TD-PRATTS Jan TPR Tins 30ct Soups 12ct  Bags/12ct TAS Wk 1-5
yoy,Fcst Inc Cases is not positive,Pratts Wholesale,NA-PRATTS WHSL,2025,2025,TDRGLC-6/930,R&G LARGE CAN 6/930GR,000HJDFG3,Closed,0.0,2025-01-01,2025-01-26,DR 2025 - 2026-10-02 (EXCEXP_TLS_000JJKSK3).xlsx,Rebates,5928,TD-PRATTS Jan TPR Tins 30ct Soups 12ct  Bags/12ct TAS Wk 1-5
yoy,Fcst Inc Cases is not positive,Pratts Wholesale,NA-PRATTS WHSL,2025,2025,TDRGLB-6/652,R&G LARGE BAG 6/652GR,000HJDFG3,Closed,0.0,2025-01-01,2025-01-26,DR 2025 - 2026-10-02 (EXCEXP_TLS_000JJKSK3).xlsx,Rebates,5931,TD-PRATTS Jan TPR Tins 30ct Soups 12ct  Bags/12ct TAS Wk 1-5
yoy,Fcst Inc Cases is not positive,Pratts Wholesale,NA-PRATTS WHSL,2025,2025,TDRGLB-6/652,R&G LARGE BAG 6/652GR,000HJDFG3,Closed,0.0,2025-01-01,2025-01-26,DR 2025 - 2026-10-02 (EXCEXP_TLS_000JJKSK3).xlsx,Rebates,5932,TD-PRATTS Jan TPR Tins 30ct Soups 12ct  Bags/12ct TAS Wk 1-5
yoy,Fcst Inc Cases is not positive,Pratts Wholesale,NA-PRATTS WHSL,2025,2025,TDSHHB-12/425,HOT BOWLS 12/425GR,000HJDFG3,Closed,0.0,2025-01-01,2025-01-26,DR 2025 - 2026-10-02 (EXCEXP_TLS_000JJKSK3).xlsx,Rebates,5934,TD-PRATTS Jan TPR Tins 30ct Soups 12ct  Bags/12ct TAS Wk 1-5
yoy,Fcst Inc Cases is not positive,Pratts Wholesale,NA-PRATTS WHSL,2025,2025,TDHBHC-6/1.5,HB HOT CHOCOLATE 6/1.5KG,000HJDFG3,Closed,0.0,2025-01-01,2025-01-26,DR 2025 - 2026-10-02 (EXCEXP_TLS_000JJKSK3).xlsx,Rebates,5937,TD-PRATTS Jan TPR Tins 30ct Soups 12ct  Bags/12ct TAS Wk 1-5
yoy,Fcst Inc Cases is not positive,Pratts Wholesale,NA-PRATTS WHSL,2025,2025,TDHBCAP-12/343,HB CAPPUCCINO 12/454GR,000HJDFG3,Closed,0.0,2025-01-01,2025-01-26,DR 2025 - 2026-10-02 (EXCEXP_TLS_000JJKSK3).xlsx,Rebates,5941,TD-PRATTS Jan TPR Tins 30ct Soups 12ct  Bags/12ct TAS Wk 1-5
yoy,Fcst Inc Cases is not positive,Pratts Wholesale,NA-PRATTS WHSL,2025,2025,TDSSKC-6/10,SS KCOMP 6/10CT,000HJE3C6,Closed,0.0,2025-01-29,2025-02-24,DR 2025 - 2026-10-02 (EXCEXP_TLS_000JJKSK3).xlsx,Rebates,5955,TD - PRATTS Feb TPR Tins 30ct Soups 12ct Instant Bags Wk 6-8
yoy,Fcst Inc Cases is not positive,Pratts Wholesale,NA-PRATTS WHSL,2025,2025,TDSSKC-4/48,SS KCOMP 4/48CT,000HJE3C6,Closed,0.0,2025-01-29,2025-02-24,DR 2025 - 2026-10-02 (EXCEXP_TLS_000JJKSK3).xlsx,Rebates,5956,TD - PRATTS Feb TPR Tins 30ct Soups 12ct Instant Bags Wk 6-8
yoy,Fcst Inc Cases is not positive,Pratts Wholesale,NA-PRATTS WHSL,2025,2025,TDSHSP-12/540,SOUPS 12/540ML,000HJE3C6,Closed,0.0,2025-01-29,2025-02-24,DR 2025 - 2026-10-02 (EXCEXP_TLS_000JJKSK3).xlsx,Rebates,5958,TD - PRATTS Feb TPR Tins 30ct Soups 12ct Instant Bags Wk 6-8
yoy,Fcst Inc Cases is not positive,Pratts Wholesale,NA-PRATTS WHSL,2025,2025,TDSHSP-12/400,SOUPS 12/400ML,000HJE3C6,Closed,0.0,2025-01-29,2025-02-24,DR 2025 - 2026-10-02 (EXCEXP_TLS_000JJKSK3).xlsx,Rebates,5960,TD - PRATTS Feb TPR Tins 30ct Soups 12ct Instant Bags Wk 6-8
yoy,Fcst Inc Cases is not positive,Pratts Wholesale,NA-PRATTS WHSL,2025,2025,TDRGLB-6/652,R&G LARGE BAG 6/652GR,000HJE3C6,Closed,0.0,2025-01-29,2025-02-24,DR 2025 - 2026-10-02 (EXCEXP_TLS_000JJKSK3).xlsx,Rebates,5965,TD - PRATTS Feb TPR Tins 30ct Soups 12ct Instant Bags Wk 6-8
yoy,Fcst Inc Cases is not positive,Pratts Wholesale,NA-PRATTS WHSL,2025,2025,TDRGLB-6/652,R&G LARGE BAG 6/652GR,000HJE3C6,Closed,0.0,2025-01-29,2025-02-24,DR 2025 - 2026-10-02 (EXCEXP_TLS_000JJKSK3).xlsx,Rebates,5966,TD - PRATTS Feb TPR Tins 30ct Soups 12ct Instant Bags Wk 6-8
yoy,Fcst Inc Cases is not positive,Pratts Wholesale,NA-PRATTS WHSL,2025,2025,TDSHHB-12/425,HOT BOWLS 12/425GR,000HJE3C6,Closed,0.0,2025-01-29,2025-02-24,DR 2025 - 2026-10-02 (EXCEXP_TLS_000JJKSK3).xlsx,Rebates,5968,TD - PRATTS Feb TPR Tins 30ct Soups 12ct Instant Bags Wk 6-8
yoy,Fcst Inc Cases is not positive,Pratts Wholesale,NA-PRATTS WHSL,2025,2025,TDHBCAP-5/8,HB CAPPUCCINO 5/8CT,000HJE3C6,Closed,0.0,2025-01-29,2025-02-24,DR 2025 - 2026-10-02 (EXCEXP_TLS_000JJKSK3).xlsx,Rebates,5973,TD - PRATTS Feb TPR Tins 30ct Soups 12ct Instant Bags Wk 6-8
yoy,Fcst Inc Cases is not positive,Pratts Wholesale,NA-PRATTS WHSL,2025,2025,TDHBCAP-12/343,HB CAPPUCCINO 12/454GR,000HJE3C6,Closed,0.0,2025-01-29,2025-02-24,DR 2025 - 2026-10-02 (EXCEXP_TLS_000JJKSK3).xlsx,Rebates,5974,TD - PRATTS Feb TPR Tins 30ct Soups 12ct Instant Bags Wk 6-8
yoy,Fcst Inc Cases is not positive,Pratts Wholesale,NA-PRATTS WHSL,2025,2025,TDGB-12/5/30,GRANOLA BAR 12/5/30GR,000HJE3C6,Closed,0.0,2025-01-29,2025-02-24,DR 2025 - 2026-10-02 (EXCEXP_TLS_000JJKSK3).xlsx,Rebates,5975,TD - PRATTS Feb TPR Tins 30ct Soups 12ct Instant Bags Wk 6-8
yoy,Fcst Inc Cases is not positive,Pratts Wholesale,NA-PRATTS WHSL,2025,2025,TDSSKC-6/10,SS KCOMP 6/10CT,000HJDA3M,Closed,0.0,2025-02-26,2025-03-29,DR 2025 - 2026-10-02 (EXCEXP_TLS_000JJKSK3).xlsx,Rebates,5980,TD - PRATTS Mar TPR Tins 30ct Soups 12ct Instant Bg Wk9-13
yoy,Fcst Inc Cases is not positive,Pratts Wholesale,NA-PRATTS WHSL,2025,2025,TDSSKC-4/48,SS KCOMP 4/48CT,000HJDA3M,Closed,0.0,2025-02-26,2025-03-29,DR 2025 - 2026-10-02 (EXCEXP_TLS_000JJKSK3).xlsx,Rebates,5981,TD - PRATTS Mar TPR Tins 30ct Soups 12ct Instant Bg Wk9-13
yoy,Fcst Inc Cases is not positive,Pratts Wholesale,NA-PRATTS WHSL,2025,2025,TDSHSP-12/400,SOUPS 12/400ML,000HJDA3M,Closed,0.0,2025-02-26,2025-03-29,DR 2025 - 2026-10-02 (EXCEXP_TLS_000JJKSK3).xlsx,Rebates,5985,TD - PRATTS Mar TPR Tins 30ct Soups 12ct Instant Bg Wk9-13
yoy,Fcst Inc Cases is not positive,Pratts Wholesale,NA-PRATTS WHSL,2025,2025,TDSHSP-12/400,SOUPS 12/400ML,000HJDA3M,Closed,0.0,2025-02-26,2025-03-29,DR 2025 - 2026-10-02 (EXCEXP_TLS_000JJKSK3).xlsx,Rebates,5986,TD - PRATTS Mar TPR Tins 30ct Soups 12ct Instant Bg Wk9-13
yoy,Fcst Inc Cases is not positive,Pratts Wholesale,NA-PRATTS WHSL,2025,2025,TDRGSC-6/640,R&G SMALL CAN 6/640GR,000HJDA3M,Closed,0.0,2025-02-26,2025-03-29,DR 2025 - 2026-10-02 (EXCEXP_TLS_000JJKSK3).xlsx,Rebates,5987,TD - PRATTS Mar TPR Tins 30ct Soups 12ct Instant Bg Wk9-13
yoy,Fcst Inc Cases is not positive,Pratts Wholesale,NA-PRATTS WHSL,2025,2025,TDRGLB-6/652,R&G LARGE BAG 6/652GR,000HJDA3M,Closed,0.0,2025-02-26,2025-03-29,DR 2025 - 2026-10-02 (EXCEXP_TLS_000JJKSK3).xlsx,Rebates,5992,TD - PRATTS Mar TPR Tins 30ct Soups 12ct Instant Bg Wk9-13
yoy,Fcst Inc Cases is not positive,Pratts Wholesale,NA-PRATTS WHSL,2025,2025,TDSHHB-12/425,HOT BOWLS 12/425GR,000HJDA3M,Closed,0.0,2025-02-26,2025-03-29,DR 2025 - 2026-10-02 (EXCEXP_TLS_000JJKSK3).xlsx,Rebates,5995,TD - PRATTS Mar TPR Tins 30ct Soups 12ct Instant Bg Wk9-13
yoy,Fcst Inc Cases is not positive,Pratts Wholesale,NA-PRATTS WHSL,2025,2025,TDHBHC-6/1.5,HB HOT CHOCOLATE 6/1.5KG,000HJDA3M,Closed,0.0,2025-02-26,2025-03-29,DR 2025 - 2026-10-02 (EXCEXP_TLS_000JJKSK3).xlsx,Rebates,5998,TD - PRATTS Mar TPR Tins 30ct Soups 12ct Instant Bg Wk9-13
yoy,Fcst Inc Cases is not positive,Pratts Wholesale,NA-PRATTS WHSL,2025,2025,TDHBCAP-5/8,HB CAPPUCCINO 5/8CT,000HJDA3M,Closed,0.0,2025-02-26,2025-03-29,DR 2025 - 2026-10-02 (EXCEXP_TLS_000JJKSK3).xlsx,Rebates,6001,TD - PRATTS Mar TPR Tins 30ct Soups 12ct Instant Bg Wk9-13
yoy,Fcst Inc Cases is not positive,Pratts Wholesale,NA-PRATTS WHSL,2025,2025,TDHBCAP-12/343,HB CAPPUCCINO 12/454GR,000HJDA3M,Closed,0.0,2025-02-26,2025-03-29,DR 2025 - 2026-10-02 (EXCEXP_TLS_000JJKSK3).xlsx,Rebates,6002,TD - PRATTS Mar TPR Tins 30ct Soups 12ct Instant Bg Wk9-13
yoy,Fcst Inc Cases is not positive,Pratts Wholesale,NA-PRATTS WHSL,2025,2025,TDHBCAP-12/343,HB CAPPUCCINO 12/454GR,000HJDA3M,Closed,0.0,2025-02-26,2025-03-29,DR 2025 - 2026-10-02 (EXCEXP_TLS_000JJKSK3).xlsx,Rebates,6003,TD - PRATTS Mar TPR Tins 30ct Soups 12ct Instant Bg Wk9-13
yoy,Fcst Inc Cases is not positive,Pratts Wholesale,NA-PRATTS WHSL,2025,2025,TDGB-12/5/30,GRANOLA BAR 12/5/30GR,000HJDA3M,Closed,0.0,2025-02-26,2025-03-29,DR 2025 - 2026-10-02 (EXCEXP_TLS_000JJKSK3).xlsx,Rebates,6005,TD - PRATTS Mar TPR Tins 30ct Soups 12ct Instant Bg Wk9-13
yoy,Fcst Inc Cases is not positive,Pratts Wholesale,NA-PRATTS WHSL,2025,2025,TDSHSP-12/400,SOUPS 12/400ML,000HJE2EO,Closed,0.0,2025-03-27,2025-04-28,DR 2025 - 2026-10-02 (EXCEXP_TLS_000JJKSK3).xlsx,Rebates,6015,TD - PRATTS Apr TPR Tins 30ct Soups 12ct Instant Bg Wk14-17
yoy,Fcst Inc Cases is not positive,Pratts Wholesale,NA-PRATTS WHSL,2025,2025,TDRGSC-6/640,R&G SMALL CAN 6/640GR,000HJE2EO,Closed,0.0,2025-03-27,2025-04-28,DR 2025 - 2026-10-02 (EXCEXP_TLS_000JJKSK3).xlsx,Rebates,6016,TD - PRATTS Apr TPR Tins 30ct Soups 12ct Instant Bg Wk14-17
yoy,Fcst Inc Cases is not positive,Pratts Wholesale,NA-PRATTS WHSL,2025,2025,TDRGLB-6/652,R&G LARGE BAG 6/652GR,000HJE2EO,Closed,0.0,2025-03-27,2025-04-28,DR 2025 - 2026-10-02 (EXCEXP_TLS_000JJKSK3).xlsx,Rebates,6021,TD - PRATTS Apr TPR Tins 30ct Soups 12ct Instant Bg Wk14-17
yoy,Fcst Inc Cases is not positive,Pratts Wholesale,NA-PRATTS WHSL,2025,2025,TDRGLB-6/652,R&G LARGE BAG 6/652GR,000HJE2EO,Closed,0.0,2025-03-27,2025-04-28,DR 2025 - 2026-10-02 (EXCEXP_TLS_000JJKSK3).xlsx,Rebates,6022,TD - PRATTS Apr TPR Tins 30ct Soups 12ct Instant Bg Wk14-17
yoy,Fcst Inc Cases is not positive,Pratts Wholesale,NA-PRATTS WHSL,2025,2025,TDIC-12/100,INSTANT COFFEE 12/100GR,000HJE2EO,Closed,0.0,2025-03-27,2025-04-28,DR 2025 - 2026-10-02 (EXCEXP_TLS_000JJKSK3).xlsx,Rebates,6023,TD - PRATTS Apr TPR Tins 30ct Soups 12ct Instant Bg Wk14-17
yoy,Fcst Inc Cases is not positive,Pratts Wholesale,NA-PRATTS WHSL,2025,2025,TDHBCAP-5/8,HB CAPPUCCINO 5/8CT,000HJE2EO,Closed,0.0,2025-03-27,2025-04-28,DR 2025 - 2026-10-02 (EXCEXP_TLS_000JJKSK3).xlsx,Rebates,6029,TD - PRATTS Apr TPR Tins 30ct Soups 12ct Instant Bg Wk14-17
yoy,Fcst Inc Cases is not positive,Pratts Wholesale,NA-PRATTS WHSL,2025,2025,TDHBCAP-12/343,HB CAPPUCCINO 12/454GR,000HJE2EO,Closed,0.0,2025-03-27,2025-04-28,DR 2025 - 2026-10-02 (EXCEXP_TLS_000JJKSK3).xlsx,Rebates,6031,TD - PRATTS Apr TPR Tins 30ct Soups 12ct Instant Bg Wk14-17
yoy,Fcst Inc Cases is not positive,Pratts Wholesale,NA-PRATTS WHSL,2025,2025,TDGB-56/5,GRANOLA BAR 56/5EA,000HJE2EO,Closed,0.0,2025-03-27,2025-04-28,DR 2025 - 2026-10-02 (EXCEXP_TLS_000JJKSK3).xlsx,Rebates,6032,TD - PRATTS Apr TPR Tins 30ct Soups 12ct Instant Bg Wk14-17
yoy,Fcst Inc Cases is not positive,Pratts Wholesale,NA-PRATTS WHSL,2025,2025,TDGB-12/5/30,GRANOLA BAR 12/5/30GR,000HJE2EO,Closed,0.0,2025-03-27,2025-04-28,DR 2025 - 2026-10-02 (EXCEXP_TLS_000JJKSK3).xlsx,Rebates,6033,TD - PRATTS Apr TPR Tins 30ct Soups 12ct Instant Bg Wk14-17
yoy,Fcst Inc Cases is not positive,Pratts Wholesale,NA-PRATTS WHSL,2025,2025,TDSSKC-48/12,SS KCOMP 48/12CT,000HJE9LP,Closed,0.0,2025-04-28,2025-05-29,DR 2025 - 2026-10-02 (EXCEXP_TLS_000JJKSK3).xlsx,Rebates,6041,TD - PRATTS May TPR Tins 30ct Soups 12ct Inst Bags WK 17-23
yoy,Fcst Inc Cases is not positive,Pratts Wholesale,NA-PRATTS WHSL,2025,2025,TDSSKC-4/48,SS KCOMP 4/48CT,000HJE9LP,Closed,0.0,2025-04-28,2025-05-29,DR 2025 - 2026-10-02 (EXCEXP_TLS_000JJKSK3).xlsx,Rebates,6042,TD - PRATTS May TPR Tins 30ct Soups 12ct Inst Bags WK 17-23
yoy,Fcst Inc Cases is not positive,Pratts Wholesale,NA-PRATTS WHSL,2025,2025,TDSHSP-12/400,SOUPS 12/400ML,000HJE9LP,Closed,0.0,2025-04-28,2025-05-29,DR 2025 - 2026-10-02 (EXCEXP_TLS_000JJKSK3).xlsx,Rebates,6047,TD - PRATTS May TPR Tins 30ct Soups 12ct Inst Bags WK 17-23
yoy,Fcst Inc Cases is not positive,Pratts Wholesale,NA-PRATTS WHSL,2025,2025,TDRGLB-6/652,R&G LARGE BAG 6/652GR,000HJE9LP,Closed,0.0,2025-04-28,2025-05-29,DR 2025 - 2026-10-02 (EXCEXP_TLS_000JJKSK3).xlsx,Rebates,6052,TD - PRATTS May TPR Tins 30ct Soups 12ct Inst Bags WK 17-23
yoy,Fcst Inc Cases is not positive,Pratts Wholesale,NA-PRATTS WHSL,2025,2025,TDIC-12/100,INSTANT COFFEE 12/100GR,000HJE9LP,Closed,0.0,2025-04-28,2025-05-29,DR 2025 - 2026-10-02 (EXCEXP_TLS_000JJKSK3).xlsx,Rebates,6053,TD - PRATTS May TPR Tins 30ct Soups 12ct Inst Bags WK 17-23
yoy,Fcst Inc Cases is not positive,Pratts Wholesale,NA-PRATTS WHSL,2025,2025,TDSHHB-12/425,HOT BOWLS 12/425GR,000HJE9LP,Closed,0.0,2025-04-28,2025-05-29,DR 2025 - 2026-10-02 (EXCEXP_TLS_000JJKSK3).xlsx,Rebates,6054,TD - PRATTS May TPR Tins 30ct Soups 12ct Inst Bags WK 17-23
yoy,Fcst Inc Cases is not positive,Pratts Wholesale,NA-PRATTS WHSL,2025,2025,TDHBHC-6/10,HB HOT CHOCOLATE 6/10CT,000HJE9LP,Closed,0.0,2025-04-28,2025-05-29,DR 2025 - 2026-10-02 (EXCEXP_TLS_000JJKSK3).xlsx,Rebates,6056,TD - PRATTS May TPR Tins 30ct Soups 12ct Inst Bags WK 17-23
yoy,Fcst Inc Cases is not positive,Pratts Wholesale,NA-PRATTS WHSL,2025,2025,TDHBHC-6/10,HB HOT CHOCOLATE 6/10CT,000HJE9LP,Closed,0.0,2025-04-28,2025-05-29,DR 2025 - 2026-10-02 (EXCEXP_TLS_000JJKSK3).xlsx,Rebates,6057,TD - PRATTS May TPR Tins 30ct Soups 12ct Inst Bags WK 17-23
yoy,Fcst Inc Cases is not positive,Pratts Wholesale,NA-PRATTS WHSL,2025,2025,TDHBHC-12/500,HB HOT CHOCOLATE 12/500GR,000HJE9LP,Closed,0.0,2025-04-28,2025-05-29,DR 2025 - 2026-10-02 (EXCEXP_TLS_000JJKSK3).xlsx,Rebates,6060,TD - PRATTS May TPR Tins 30ct Soups 12ct Inst Bags WK 17-23
yoy,Fcst Inc Cases is not positive,Pratts Wholesale,NA-PRATTS WHSL,2025,2025,TDHBCAP-12/343,HB CAPPUCCINO 12/454GR,000HJE9LP,Closed,0.0,2025-04-28,2025-05-29,DR 2025 - 2026-10-02 (EXCEXP_TLS_000JJKSK3).xlsx,Rebates,6062,TD - PRATTS May TPR Tins 30ct Soups 12ct Inst Bags WK 17-23
yoy,Fcst Inc Cases is not positive,Pratts Wholesale,NA-PRATTS WHSL,2025,2025,6320915305,TDL CAPPUCCINO FRENCH VAN PACKET 5/8 EA,000HJE9FJ,Closed,0.0,2025-05-29,2025-06-28,DR 2025 - 2026-10-02 (EXCEXP_TLS_000JJKSK3).xlsx,Rebates,6066,TD - PRATTS June TPR  WK 23-27
yoy,Fcst Inc Cases is not positive,Pratts Wholesale,NA-PRATTS WHSL,2025,2025,TDSSKC-6/10,SS KCOMP 6/10CT,000HJE9FJ,Closed,0.0,2025-05-29,2025-06-28,DR 2025 - 2026-10-02 (EXCEXP_TLS_000JJKSK3).xlsx,Rebates,6068,TD - PRATTS June TPR  WK 23-27
yoy,Fcst Inc Cases is not positive,Pratts Wholesale,NA-PRATTS WHSL,2025,2025,TDSHSP-12/400,SOUPS 12/400ML,000HJE9FJ,Closed,0.0,2025-05-29,2025-06-28,DR 2025 - 2026-10-02 (EXCEXP_TLS_000JJKSK3).xlsx,Rebates,6074,TD - PRATTS June TPR  WK 23-27
yoy,Fcst Inc Cases is not positive,Pratts Wholesale,NA-PRATTS WHSL,2025,2025,TDRGLB-6/652,R&G LARGE BAG 6/652GR,000HJE9FJ,Closed,0.0,2025-05-29,2025-06-28,DR 2025 - 2026-10-02 (EXCEXP_TLS_000JJKSK3).xlsx,Rebates,6078,TD - PRATTS June TPR  WK 23-27
yoy,Fcst Inc Cases is not positive,Pratts Wholesale,NA-PRATTS WHSL,2025,2025,TDIC-12/100,INSTANT COFFEE 12/100GR,000HJE9FJ,Closed,0.0,2025-05-29,2025-06-28,DR 2025 - 2026-10-02 (EXCEXP_TLS_000JJKSK3).xlsx,Rebates,6080,TD - PRATTS June TPR  WK 23-27
yoy,Fcst Inc Cases is not positive,Pratts Wholesale,NA-PRATTS WHSL,2025,2025,TDHBHC-6/10,HB HOT CHOCOLATE 6/10CT,000HJE9FJ,Closed,0.0,2025-05-29,2025-06-28,DR 2025 - 2026-10-02 (EXCEXP_TLS_000JJKSK3).xlsx,Rebates,6084,TD - PRATTS June TPR  WK 23-27
yoy,Fcst Inc Cases is not positive,Pratts Wholesale,NA-PRATTS WHSL,2025,2025,TDHBHC-6/1.5,HB HOT CHOCOLATE 6/1.5KG,000HJE9FJ,Closed,0.0,2025-05-29,2025-06-28,DR 2025 - 2026-10-02 (EXCEXP_TLS_000JJKSK3).xlsx,Rebates,6085,TD - PRATTS June TPR  WK 23-27
yoy,Fcst Inc Cases is not positive,Pratts Wholesale,NA-PRATTS WHSL,2025,2025,TDHBCAP-5/8,HB CAPPUCCINO 5/8CT,000HJE9FJ,Closed,0.0,2025-05-29,2025-06-28,DR 2025 - 2026-10-02 (EXCEXP_TLS_000JJKSK3).xlsx,Rebates,6087,TD - PRATTS June TPR  WK 23-27
yoy,Fcst Inc Cases is not positive,Pratts Wholesale,NA-PRATTS WHSL,2025,2025,TDHBCAP-12/343,HB CAPPUCCINO 12/454GR,000HJE9FJ,Closed,0.0,2025-05-29,2025-06-28,DR 2025 - 2026-10-02 (EXCEXP_TLS_000JJKSK3).xlsx,Rebates,6089,TD - PRATTS June TPR  WK 23-27
yoy,Fcst Inc Cases is not positive,Pratts Wholesale,NA-PRATTS WHSL,2025,2025,TDSSKCC-4/24,SS KCOMP CAP 4/24CT,000HJEEE2,Closed,0.0,2025-06-28,2025-07-29,DR 2025 - 2026-10-02 (EXCEXP_TLS_000JJKSK3).xlsx,Rebates,6093,TD - PRATTS Fee July TPR Wk 27-31
yoy,Fcst Inc Cases is not positive,Pratts Wholesale,NA-PRATTS WHSL,2025,2025,TDSSTA-5/14,SS TASSIMO 5/14CT,000HJDX2H,Closed,0.0,2025-07-28,2025-08-29,DR 2025 - 2026-10-02 (EXCEXP_TLS_000JJKSK3).xlsx,Rebates,6119,TD-PRATTS Aug TPR WK 31-36
yoy,Fcst Inc Cases is not positive,Pratts Wholesale,NA-PRATTS WHSL,2025,2025,TDSSKC-4/48,SS KCOMP 4/48CT,000HJDX2H,Closed,0.0,2025-07-28,2025-08-29,DR 2025 - 2026-10-02 (EXCEXP_TLS_000JJKSK3).xlsx,Rebates,6122,TD-PRATTS Aug TPR WK 31-36
yoy,Fcst Inc Cases is not positive,Pratts Wholesale,NA-PRATTS WHSL,2025,2025,TDHBCAP-12/343,HB CAPPUCCINO 12/454GR,000HJDX2H,Closed,0.0,2025-07-28,2025-08-29,DR 2025 - 2026-10-02 (EXCEXP_TLS_000JJKSK3).xlsx,Rebates,6134,TD-PRATTS Aug TPR WK 31-36
yoy,Fcst Inc Cases is not positive,Pratts Wholesale,NA-PRATTS WHSL,2025,2025,TDSSKC-6/10,SS KCOMP 6/10CT,000HJDG2J,Closed,0.0,2025-08-29,2025-09-26,DR 2025 - 2026-10-02 (EXCEXP_TLS_000JJKSK3).xlsx,Rebates,6139,TD - PRATTS Sep TPR WK 36-40
yoy,Fcst Inc Cases is not positive,Pratts Wholesale,NA-PRATTS WHSL,2025,2025,TDSSKC-24/12,SS KCOMP 24/12CT,000HJDG2J,Closed,0.0,2025-08-29,2025-09-26,DR 2025 - 2026-10-02 (EXCEXP_TLS_000JJKSK3).xlsx,Rebates,6142,TD - PRATTS Sep TPR WK 36-40
yoy,Fcst Inc Cases is not positive,Pratts Wholesale,NA-PRATTS WHSL,2025,2025,TDSHSP-12/400,SOUPS 12/400ML,000HJDG2J,Closed,0.0,2025-08-29,2025-09-26,DR 2025 - 2026-10-02 (EXCEXP_TLS_000JJKSK3).xlsx,Rebates,6144,TD - PRATTS Sep TPR WK 36-40
yoy,Fcst Inc Cases is not positive,Pratts Wholesale,NA-PRATTS WHSL,2025,2025,TDRGLB-6/652,R&G LARGE BAG 6/652GR,000HJDG2J,Closed,0.0,2025-08-29,2025-09-26,DR 2025 - 2026-10-02 (EXCEXP_TLS_000JJKSK3).xlsx,Rebates,6147,TD - PRATTS Sep TPR WK 36-40
yoy,Fcst Inc Cases is not positive,Pratts Wholesale,NA-PRATTS WHSL,2025,2025,TDHBHC-6/10,HB HOT CHOCOLATE 6/10CT,000HJDG2J,Closed,0.0,2025-08-29,2025-09-26,DR 2025 - 2026-10-02 (EXCEXP_TLS_000JJKSK3).xlsx,Rebates,6153,TD - PRATTS Sep TPR WK 36-40
yoy,Fcst Inc Cases is not positive,Pratts Wholesale,NA-PRATTS WHSL,2025,2025,TDRGLB-6/652,R&G LARGE BAG 6/652GR,000HJE8PN,Closed,0.0,2025-09-28,2025-10-29,DR 2025 - 2026-10-02 (EXCEXP_TLS_000JJKSK3).xlsx,Rebates,6170,TD - PRATTS Oct TPR WK 40-44
yoy,Fcst Inc Cases is not positive,Pratts Wholesale,NA-PRATTS WHSL,2025,2025,TDSSTA-5/14,SS TASSIMO 5/14CT,000HJDLPJ,Closed,0.0,2025-10-29,2025-11-28,DR 2025 - 2026-10-02 (EXCEXP_TLS_000JJKSK3).xlsx,Rebates,6181,TD - PRATTS Nov TPR  WK44-49
yoy,Fcst Inc Cases is not positive,Pratts Wholesale,NA-PRATTS WHSL,2025,2025,TDSSKC-6/12,SS KCOMP 6/12CT,000HJDLPJ,Closed,0.0,2025-10-29,2025-11-28,DR 2025 - 2026-10-02 (EXCEXP_TLS_000JJKSK3).xlsx,Rebates,6182,TD - PRATTS Nov TPR  WK44-49
yoy,Fcst Inc Cases is not positive,Pratts Wholesale,NA-PRATTS WHSL,2025,2025,TDSSKC-48/12,SS KCOMP 48/12CT,000HJDLPJ,Closed,0.0,2025-10-29,2025-11-28,DR 2025 - 2026-10-02 (EXCEXP_TLS_000JJKSK3).xlsx,Rebates,6185,TD - PRATTS Nov TPR  WK44-49
yoy,Fcst Inc Cases is not positive,Pratts Wholesale,NA-PRATTS WHSL,2025,2025,TDRGLB-6/652,R&G LARGE BAG 6/652GR,000HJDLPJ,Closed,0.0,2025-10-29,2025-11-28,DR 2025 - 2026-10-02 (EXCEXP_TLS_000JJKSK3).xlsx,Rebates,6191,TD - PRATTS Nov TPR  WK44-49
yoy,Fcst Inc Cases is not positive,Pratts Wholesale,NA-PRATTS WHSL,2025,2025,TDHBHC-36/500,HB HOT CHOCOLATE 36/500GR,000HJDLPJ,Closed,0.0,2025-10-29,2025-11-28,DR 2025 - 2026-10-02 (EXCEXP_TLS_000JJKSK3).xlsx,Rebates,6196,TD - PRATTS Nov TPR  WK44-49
yoy,Fcst Inc Cases is not positive,Pratts Wholesale,NA-PRATTS WHSL,2025,2025,TDSSTA-5/14,SS TASSIMO 5/14CT,000HJDXET,Closed,0.0,2025-11-28,2025-12-27,DR 2025 - 2026-10-02 (EXCEXP_TLS_000JJKSK3).xlsx,Rebates,6206,TD-PRATTS Dec TPR  WK48-52
yoy,Fcst Inc Cases is not positive,Pratts Wholesale,NA-PRATTS WHSL,2025,2025,TDRGLC-6/930,R&G LARGE CAN 6/930GR,000HJDAA7,Closed,0.0,2025-11-30,2025-12-30,DR 2025 - 2026-10-02 (EXCEXP_TLS_000JJKSK3).xlsx,Rebates,6223,TD - PRATTS Fee Fall Booking
yoy,Fcst Inc Cases is not positive,RAJ Grocers,NA-RAJ GROCERS,2025,2025,TDIC-12/100,INSTANT COFFEE 12/100GR,000IFEL64,Closed,0.0,2025-01-16,2025-02-02,DR 2025 - 2026-10-02 (EXCEXP_TLS_000JJKSK3).xlsx,Rebates,6225,TD-RAJ JAN PROMO
yoy,Fcst Inc Cases is not positive,RAJ Grocers,NA-RAJ GROCERS,2025,2025,TDHBHC-12/500,HB HOT CHOCOLATE 12/500GR,000IFEL64,Closed,0.0,2025-01-16,2025-02-02,DR 2025 - 2026-10-02 (EXCEXP_TLS_000JJKSK3).xlsx,Rebates,6226,TD-RAJ JAN PROMO
yoy,Fcst Inc Cases is not positive,RAJ Grocers,NA-RAJ GROCERS,2025,2025,TDHBCAP-12/343,HB CAPPUCCINO 12/454GR,000IFEL64,Closed,0.0,2025-01-16,2025-02-02,DR 2025 - 2026-10-02 (EXCEXP_TLS_000JJKSK3).xlsx,Rebates,6227,TD-RAJ JAN PROMO
yoy,Fcst Inc Cases is not positive,SDM,NA-SHOPPER'S DRUG,2025,2025,TDL,TDL CAN,000IDSW44,Closed,0.0,2025-02-21,2025-03-21,DR 2025 - 2026-10-02 (EXCEXP_TLS_000JJKSK3).xlsx,Rebates,6235,TD SDM P1-P3 2025 Coffee Partnership JBP Lumpsum
yoy,Fcst Inc Cases is not positive,SDM,NA-SHOPPER'S DRUG,2025,2025,TDL,TDL CAN,000HRCODT,Closed,0.0,2025-01-01,2025-03-31,DR 2025 - 2026-10-02 (EXCEXP_TLS_000JJKSK3).xlsx,Rebates,6237,TD - SDM PC PLUS POINTS - Mass Q1
yoy,Fcst Inc Cases is not positive,SDM,NA-SHOPPER'S DRUG,2025,2025,TDL,TDL CAN,000HRCGRW,Closed,0.0,2025-02-25,2025-03-24,DR 2025 - 2026-10-02 (EXCEXP_TLS_000JJKSK3).xlsx,Rebates,6287,"TD SDM FEB CANS, LRG AND SM"
yoy,Fcst Inc Cases is not positive,SDM,NA-SHOPPER'S DRUG,2025,2025,TDSSKC-6/10,SS KCOMP 6/10CT,000HRCFGD,Closed,0.0,2025-03-01,2025-03-07,DR 2025 - 2026-10-02 (EXCEXP_TLS_000JJKSK3).xlsx,Rebates,6293,TD SDM 12CT/10ct wk 10
yoy,Fcst Inc Cases is not positive,SDM,NA-SHOPPER'S DRUG,2025,2025,TDSSKC-4/30,SS KCOMP 4/30CT,000IGCRZ6,Closed,0.0,2025-03-22,2025-03-28,DR 2025 - 2026-10-02 (EXCEXP_TLS_000JJKSK3).xlsx,Rebates,6312,TD SDM SS KCOMP 4/30CT
yoy,Fcst Inc Cases is not positive,SDM,NA-SHOPPER'S DRUG,2025,2025,TDNC-10/10,NCOMP 10/10CT,000IGCRZ6,Closed,0.0,2025-03-22,2025-03-28,DR 2025 - 2026-10-02 (EXCEXP_TLS_000JJKSK3).xlsx,Rebates,6313,TD SDM SS KCOMP 4/30CT
yoy,Fcst Inc Cases is not positive,SDM,NA-SHOPPER'S DRUG,2025,2025,TDL,TDL CAN,000HRCKYJ,Closed,0.0,2025-04-01,2025-06-30,DR 2025 - 2026-10-02 (EXCEXP_TLS_000JJKSK3).xlsx,Rebates,6325,TD - SDM PC PLUS POINTS - Mass Q2
yoy,Fcst Inc Cases is not positive,SDM,NA-SHOPPER'S DRUG,2025,2025,TDNC-10/10,NCOMP 10/10CT,000I1W5UX,Closed,0.0,2025-05-17,2025-05-25,DR 2025 - 2026-10-02 (EXCEXP_TLS_000JJKSK3).xlsx,Rebates,6348,TD WK 20 SDM NCC 10CT
yoy,Fcst Inc Cases is not positive,SDM,NA-SHOPPER'S DRUG,2025,2025,TDL,TDL CAN,000HRCIYS,Closed,0.0,2025-07-01,2025-09-30,DR 2025 - 2026-10-02 (EXCEXP_TLS_000JJKSK3).xlsx,Rebates,6353,TD - SDM PC PLUS POINTS - Mass Q3
yoy,Fcst Inc Cases is not positive,SDM,NA-SHOPPER'S DRUG,2025,2025,TDL,TDL CAN,000HRCGTX,Closed,0.0,2025-10-01,2025-10-31,DR 2025 - 2026-10-02 (EXCEXP_TLS_000JJKSK3).xlsx,Rebates,6355,TD - SDM PC PLUS POINTS - Mass Q4
yoy,Fcst Inc Cases is not positive,Sobeys National,NA-SOBEYS,2025,2025,TDL,TDL CAN,000IK03Y3,Closed,0.0,2025-08-01,2025-08-15,DR 2025 - 2026-10-02 (EXCEXP_TLS_000JJKSK3).xlsx,Rebates,6357,TD Sobeys 2023 Invalid 600+ days aging write-off
yoy,Fcst Inc Cases is not positive,Walmart,NA-WAL-MART,2025,2025,TDIC-12/100,INSTANT COFFEE 12/100GR,000HS9EKC,Closed,0.0,2025-01-23,2025-02-08,DR 2025 - 2026-10-02 (EXCEXP_TLS_000JJKSK3).xlsx,Rebates,6362,TD Wk 51-52 Instant Coffee  ($1.08) PT1
yoy,Fcst Inc Cases is not positive,Walmart,NA-WAL-MART,2025,2025,TDHBHC-6/1.5,HB HOT CHOCOLATE 6/1.5KG,000HS9EJ6,Closed,0.0,2025-02-27,2025-03-12,DR 2025 - 2026-10-02 (EXCEXP_TLS_000JJKSK3).xlsx,Rebates,6369,TD WM HC Large WK 5-6 RUTW ($1)
yoy,Fcst Inc Cases is not positive,Walmart,NA-WAL-MART,2025,2025,TDRGLC-6/930,R&G LARGE CAN 6/930GR,000HRA0MR,Closed,0.0,2025-02-27,2025-03-12,DR 2025 - 2026-10-02 (EXCEXP_TLS_000JJKSK3).xlsx,Rebates,6372,TD WM 930g WM-Wk 1-2 $2.00
yoy,Fcst Inc Cases is not positive,Walmart,NA-WAL-MART,2025,2025,TDSSKCC-4/24,SS KCOMP CAP 4/24CT,000HWGDPF,Closed,0.0,2025-03-20,2025-04-02,DR 2025 - 2026-10-02 (EXCEXP_TLS_000JJKSK3).xlsx,Rebates,6376,TD WM 30CT WK 8-9 ($2.15)
yoy,Fcst Inc Cases is not positive,Walmart,NA-WAL-MART,2025,2025,TDSSKC-4/30,SS KCOMP 4/30CT,000HWGDPF,Closed,0.0,2025-03-20,2025-04-02,DR 2025 - 2026-10-02 (EXCEXP_TLS_000JJKSK3).xlsx,Rebates,6377,TD WM 30CT WK 8-9 ($2.15)
yoy,Fcst Inc Cases is not positive,Walmart,NA-WAL-MART,2025,2025,TDIC-12/100,INSTANT COFFEE 12/100GR,000HR9YVF,Committed,0.0,2025-03-27,2025-04-30,DR 2025 - 2026-10-02 (EXCEXP_TLS_000JJKSK3).xlsx,Rebates,6380,TD Instant Coffee Wk 10-13 ($1.8) DRP
yoy,Fcst Inc Cases is not positive,Walmart,NA-WAL-MART,2025,2025,TDRGLC-6/930,R&G LARGE CAN 6/930GR,000HR9Z8S,Closed,0.0,2025-04-16,2025-04-30,DR 2025 - 2026-10-02 (EXCEXP_TLS_000JJKSK3).xlsx,Rebates,6387,TD WM Ground 930G WK12-13 $2
yoy,Fcst Inc Cases is not positive,Walmart,NA-WAL-MART,2025,2025,6320912131,TDL ORG/DR/COL KCUP SS 1/2 DRP 145/30 CT,000ICZ39W,Closed,0.0,2025-06-04,2025-12-31,DR 2025 - 2026-10-02 (EXCEXP_TLS_000JJKSK3).xlsx,Rebates,6393,TD WM 30CT LPI2 EDLP PT1
yoy,Fcst Inc Cases is not positive,Walmart,NA-WAL-MART,2025,2025,TDSSKCC-4/24,SS KCOMP CAP 4/24CT,000ICZ39W,Closed,0.0,2025-06-04,2025-12-31,DR 2025 - 2026-10-02 (EXCEXP_TLS_000JJKSK3).xlsx,Rebates,6394,TD WM 30CT LPI2 EDLP PT1
yoy,Fcst Inc Cases is not positive,Walmart,NA-WAL-MART,2025,2025,TDSSKC-4/30,SS KCOMP 4/30CT,000ICZ39W,Closed,0.0,2025-06-04,2025-12-31,DR 2025 - 2026-10-02 (EXCEXP_TLS_000JJKSK3).xlsx,Rebates,6395,TD WM 30CT LPI2 EDLP PT1
yoy,Fcst Inc Cases is not positive,Walmart,NA-WAL-MART,2025,2025,TDSSKCC-4/24,SS KCOMP CAP 4/24CT,000ICZ3AQ,Committed,0.0,2025-06-02,2025-06-04,DR 2025 - 2026-10-02 (EXCEXP_TLS_000JJKSK3).xlsx,Rebates,6397,TD WM 30CT LPI2 EDLP
yoy,Fcst Inc Cases is not positive,Walmart,NA-WAL-MART,2025,2025,TDSSKC-4/30,SS KCOMP 4/30CT,000ICZ3AQ,Committed,0.0,2025-06-02,2025-06-04,DR 2025 - 2026-10-02 (EXCEXP_TLS_000JJKSK3).xlsx,Rebates,6398,TD WM 30CT LPI2 EDLP
yoy,Fcst Inc Cases is not positive,Walmart,NA-WAL-MART,2025,2025,TDSHSP-24/284,SOUPS 24/284ML,000I8RMXH,Closed,0.0,2025-06-25,2025-07-23,DR 2025 - 2026-10-02 (EXCEXP_TLS_000JJKSK3).xlsx,Rebates,6401,TD WM CONDENSED SOUP WK 22 - WK 25 ROLLBACK
yoy,Fcst Inc Cases is not positive,Walmart,NA-WAL-MART,2025,2025,TDRGLC-6/930,R&G LARGE CAN 6/930GR,000HR9Z8I,Closed,0.0,2025-07-02,2025-07-31,DR 2025 - 2026-10-02 (EXCEXP_TLS_000JJKSK3).xlsx,Rebates,6404,TD WM LGE CAN 930GR - WK25 - WK 26 ($2)
yoy,Fcst Inc Cases is not positive,Walmart,NA-WAL-MART,2025,2025,TDIC-12/100,INSTANT COFFEE 12/100GR,000HSA7VL,Committed,0.0,2025-08-23,2025-09-20,DR 2025 - 2026-10-02 (EXCEXP_TLS_000JJKSK3).xlsx,Rebates,6407,TD WM Instant - WK31-32
yoy,Fcst Inc Cases is not positive,Walmart,NA-WAL-MART,2025,2025,TDRGLC-6/930,R&G LARGE CAN 6/930GR,000HRA0HM,Committed,0.0,2025-08-28,2025-09-25,DR 2025 - 2026-10-02 (EXCEXP_TLS_000JJKSK3).xlsx,Rebates,6410,TD WM LGE CAN 930GR - WK31-32 ($2)
yoy,Fcst Inc Cases is not positive,Walmart,NA-WAL-MART,2025,2025,TDSHSP-12/540,SOUPS 12/540ML,000HRA0IM,Committed,0.0,2025-10-16,2025-11-12,DR 2025 - 2026-10-02 (EXCEXP_TLS_000JJKSK3).xlsx,Rebates,6413,TD Walmart Soup $2.37 (BDF 0.40/unit) WK 37
yoy,Fcst Inc Cases is not positive,Walmart,NA-WAL-MART,2025,2025,TDHBHC-6/1.5,HB HOT CHOCOLATE 6/1.5KG,000HRA0I4,Closed,0.0,2025-10-16,2025-11-12,DR 2025 - 2026-10-02 (EXCEXP_TLS_000JJKSK3).xlsx,Rebates,6416,TD WM HC LARGE - WK37-WK40 ($1) NHL
yoy,Fcst Inc Cases is not positive,Walmart,NA-WAL-MART,2025,2025,TDIC-12/100,INSTANT COFFEE 12/100GR,000HR9Z6U,Committed,0.0,2025-10-30,2025-11-27,DR 2025 - 2026-10-02 (EXCEXP_TLS_000JJKSK3).xlsx,Rebates,6419,TD WM Instant WK43-44
yoy,Fcst Inc Cases is not positive,Walmart,NA-WAL-MART,2025,2025,TDSHSP-24/284,SOUPS 24/284ML,000II80WS,Committed,0.0,2025-11-27,2025-12-24,DR 2025 - 2026-10-02 (EXCEXP_TLS_000JJKSK3).xlsx,Rebates,6430,TD WM CONDENSED SOUP WK 43 - WK 46 ROLLBACK
yoy,Fcst Inc Cases is not positive,Walmart,NA-WAL-MART,2025,2025,TDSSKCC-4/24,SS KCOMP CAP 4/24CT,000I0Z7MK,Closed,0.0,2025-11-20,2025-12-17,DR 2025 - 2026-10-02 (EXCEXP_TLS_000JJKSK3).xlsx,Rebates,6433,TD WM 30CT WK45-46($2.94)
yoy,Fcst Inc Cases is not positive,Walmart,NA-WAL-MART,2025,2025,6320923611,TDL CAPPUCCINO FRENCH VANILLA 6/1 KG,000HR9Z6G,Closed,0.0,2025-11-27,2025-12-25,DR 2025 - 2026-10-02 (EXCEXP_TLS_000JJKSK3).xlsx,Rebates,6439,TD WM HC Large WK45-48 ($1) EXT 2026
yoy,Fcst Inc Cases is not positive,Walmart,NA-WAL-MART,2025,2025,TDHBHC-6/1.5,HB HOT CHOCOLATE 6/1.5KG,000HR9Z6G,Closed,0.0,2025-11-27,2025-12-25,DR 2025 - 2026-10-02 (EXCEXP_TLS_000JJKSK3).xlsx,Rebates,6440,TD WM HC Large WK45-48 ($1) EXT 2026
yoy,Fcst Inc Cases is not positive,Walmart,NA-WAL-MART,2025,2025,TDRGLC-6/930,R&G LARGE CAN 6/930GR,000IRBSM5,Closed,0.0,2025-12-18,2025-12-31,DR 2025 - 2026-10-02 (EXCEXP_TLS_000JJKSK3).xlsx,Rebates,6443,TD WM LGE CAN 875 GR Orig W47
yoy,Fcst Inc Cases is not positive,Western Wholesale,NA-WESTERN WHSL,2025,2025,TDSSKC-6/12,SS KCOMP 6/12CT,000HJE53H,Closed,0.0,2025-01-01,2025-05-31,DR 2025 - 2026-10-02 (EXCEXP_TLS_000JJKSK3).xlsx,Rebates,6445,TD Colemans 2025 Community Champions Program Jan-May - SS
yoy,Fcst Inc Cases is not positive,Western Wholesale,NA-WESTERN WHSL,2025,2025,TDSSKC-6/12,SS KCOMP 6/12CT,000HJDJES,Closed,0.0,2025-05-15,2025-05-28,DR 2025 - 2026-10-02 (EXCEXP_TLS_000JJKSK3).xlsx,Rebates,6474,"TD WW GRANOLA,CHILI, SOUP, KCUPS 6/12CT 10CT, 300g RPC"
yoy,Fcst Inc Cases is not positive,Western Wholesale,NA-WESTERN WHSL,2025,2025,TDSSKCDD-6/10,SS KCOMP DD 6/10CT,000HJDRSZ,Closed,0.0,2025-06-12,2025-06-18,DR 2025 - 2026-10-02 (EXCEXP_TLS_000JJKSK3).xlsx,Rebates,6483,"TD WW Kcups 6/12ct 1 WK, RPC"
yoy,Fcst Inc Cases is not positive,Western Wholesale,NA-WESTERN WHSL,2025,2025,TDSSKCDD-6/10,SS KCOMP DD 6/10CT,000HJDBEN,Closed,0.0,2025-09-04,2025-09-10,DR 2025 - 2026-10-02 (EXCEXP_TLS_000JJKSK3).xlsx,Rebates,6500,"TD WW Half Page Ad Tins 875-825g/12ct,10ct/30ct"
yoy,Fcst Inc Cases is not positive,Western Wholesale,NA-WESTERN WHSL,2025,2025,TDSSKC-4/30,SS KCOMP 4/30CT,000HJDYXW,Closed,0.0,2025-12-11,2025-12-17,DR 2025 - 2026-10-02 (EXCEXP_TLS_000JJKSK3).xlsx,Rebates,6545,"TD WW K Comp 4/30ct , Ad Fee"
yoy,Fcst Inc Cases is not positive,Winners,NA-WINNERS,2025,2025,6320920262,TDL SPECIAL EDITION  BAG 6/283 GR,000I8RPMJ,Closed,0.0,2025-04-23,2025-05-03,DR 2025 - 2026-10-02 (EXCEXP_TLS_000JJKSK3).xlsx,Rebates,6553,TD Winners Liquidation 2025
yoy,Fcst Inc Cases is not positive,Winners,NA-WINNERS,2025,2025,6320912139,TDL ORG/DR COFFEE DISPLAY 48/300 GR,000I8RPMJ,Closed,0.0,2025-04-23,2025-05-03,DR 2025 - 2026-10-02 (EXCEXP_TLS_000JJKSK3).xlsx,Rebates,6554,TD Winners Liquidation 2025
yoy,Fcst Inc Cases is not positive,Winners,NA-WINNERS,2025,2025,6320920261,TDL KCUP WINTER BLEND SS 6/10 CT,000I8RPMJ,Closed,0.0,2025-04-23,2025-05-03,DR 2025 - 2026-10-02 (EXCEXP_TLS_000JJKSK3).xlsx,Rebates,6555,TD Winners Liquidation 2025
yoy,Fcst Inc Cases is not positive,Winners,NA-WINNERS,2025,2025,6320916636,TDL KCUP STEEPED TEA ORANGE PEKOE 1/72CT,000I8RPMJ,Closed,0.0,2025-04-23,2025-05-03,DR 2025 - 2026-10-02 (EXCEXP_TLS_000JJKSK3).xlsx,Rebates,6556,TD Winners Liquidation 2025
yoy,Fcst Inc Cases is not positive,Winners,NA-WINNERS,2025,2025,6320909463,TDL COFFEE FINE GRIND HALF DRP 126/930GR,000I8RPMJ,Closed,0.0,2025-04-23,2025-05-03,DR 2025 - 2026-10-02 (EXCEXP_TLS_000JJKSK3).xlsx,Rebates,6557,TD Winners Liquidation 2025
yoy,Fcst Inc Cases is not positive,Winners,NA-WINNERS,2025,2025,TDSSKC-6/12,SS KCOMP 6/12CT,000IE2OY9,Closed,0.0,2025-06-20,2025-06-27,DR 2025 - 2026-10-02 (EXCEXP_TLS_000JJKSK3).xlsx,Rebates,6559,TD Winners Liquidation June 2025
yoy,Fcst Inc Cases is not positive,Winners,NA-WINNERS,2025,2025,TDSSKC-1/80,SS KCOMP 1/80CT,000IE2OY9,Closed,0.0,2025-06-20,2025-06-27,DR 2025 - 2026-10-02 (EXCEXP_TLS_000JJKSK3).xlsx,Rebates,6560,TD Winners Liquidation June 2025
yoy,Fcst Inc Cases is not positive,Winners,NA-WINNERS,2025,2025,TDRGSB-6/300,R&G SMALL BAG 6/300GR,000IE2OY9,Closed,0.0,2025-06-20,2025-06-27,DR 2025 - 2026-10-02 (EXCEXP_TLS_000JJKSK3).xlsx,Rebates,6561,TD Winners Liquidation June 2025
yoy,Fcst Inc Cases is not positive,Winners,NA-WINNERS,2025,2025,TDNC-10/10,NCOMP 10/10CT,000IE2OY9,Closed,0.0,2025-06-20,2025-06-27,DR 2025 - 2026-10-02 (EXCEXP_TLS_000JJKSK3).xlsx,Rebates,6562,TD Winners Liquidation June 2025
yoy,Fcst Inc Cases is not positive,Winners,NA-WINNERS,2025,2025,6320911764,6320911764,000IE2OY9,Closed,0.0,2025-06-20,2025-06-27,DR 2025 - 2026-10-02 (EXCEXP_TLS_000JJKSK3).xlsx,Rebates,6563,TD Winners Liquidation June 2025
yoy,Fcst Inc Cases is not positive,Sobeys Quebec,BT-SOBEYS QC MONTREAL,2026,2026,TDL,TDL CAN,000JIM4BO,Committed,0.0,2026-02-09,2026-02-09,DR 2026 - 2026-10-02 (EXCEXP_TLS_000JJKSJR).xlsx,Rebates,7,TD*Unrecoverable  $54.31 6/12CT 2026
yoy,Fcst Inc Cases is not positive,,BT-SOBEYS WEST,2026,2026,TDSHHB-12/425,HOT BOWLS 12/425GR,000JI5IRX,Closed,0.0,2026-03-02,2026-03-02,DR 2026 - 2026-10-02 (EXCEXP_TLS_000JJKSJR).xlsx,Rebates,9,TD Missed OI - Pricing Discrepancy Chili
yoy,Fcst Inc Cases is not positive,Costco,CG-COSTCO EAST,2026,2026,6320908885,TDL ORIGINAL BLEND 252/3 LB,000ITPJOP,Closed,0.0,2026-01-01,2026-08-27,DR 2026 - 2026-10-02 (EXCEXP_TLS_000JJKSJR).xlsx,Rebates,11,TD Costco East Pulsed 3LB Can Endcap-see notes for contracts
yoy,Fcst Inc Cases is not positive,Costco,CG-COSTCO WEST,2026,2026,6320908885,TDL ORIGINAL BLEND 252/3 LB,000ITPJO2,Closed,0.0,2026-01-01,2026-08-27,DR 2026 - 2026-10-02 (EXCEXP_TLS_000JJKSJR).xlsx,Rebates,13,TD Costco West Pulsed 3LB Can Endcap-see notes for contracts
yoy,Fcst Inc Cases is not positive,Loblaw,CG-LCL,2026,2026,TDSHSP-12/540,SOUPS 12/540ML,000JI9WIS,Committed,0.0,2026-09-08,2026-10-10,DR 2026 - 2026-10-02 (EXCEXP_TLS_000JJKSJR).xlsx,Rebates,15,TD LCL MRKT RTS + LOADED SOUP EDBB Q3 Wks 29-41
yoy,Fcst Inc Cases is not positive,Loblaw,CG-LCL,2026,2026,TDSHLS-12/540,LOADED SOUPS 12/540ML,000JI9WIS,Committed,0.0,2026-09-08,2026-10-10,DR 2026 - 2026-10-02 (EXCEXP_TLS_000JJKSJR).xlsx,Rebates,16,TD LCL MRKT RTS + LOADED SOUP EDBB Q3 Wks 29-41
yoy,Fcst Inc Cases is not positive,Loblaw,CG-LCL,2026,2026,TDSHSP-12/540,SOUPS 12/540ML,000JI9WJV,Committed,0.0,2026-09-08,2026-10-10,DR 2026 - 2026-10-02 (EXCEXP_TLS_000JJKSJR).xlsx,Rebates,18,TD LCL RCSS RTS + LOADED SOUP EDBB Wks 29-41
yoy,Fcst Inc Cases is not positive,Loblaw,CG-LCL,2026,2026,TDSHLS-12/540,LOADED SOUPS 12/540ML,000JI9WJV,Committed,0.0,2026-09-08,2026-10-10,DR 2026 - 2026-10-02 (EXCEXP_TLS_000JJKSJR).xlsx,Rebates,19,TD LCL RCSS RTS + LOADED SOUP EDBB Wks 29-41
yoy,Fcst Inc Cases is not positive,Loblaw,CG-LCL,2026,2026,TDSHSP-12/540,SOUPS 12/540ML,000JISOTF,Planned,0.0,2026-09-21,2026-12-31,DR 2026 - 2026-10-02 (EXCEXP_TLS_000JJKSJR).xlsx,Rebates,21,TD LCL DISCOUNT RTS EDBB Wks 39-53
yoy,Fcst Inc Cases is not positive,Loblaw,CG-LCL,2026,2026,6320920264,TDL CANDY CANE HOT CHOCOLATE 12/450 GR,000IVXC2X,Committed,0.0,2026-11-05,2026-12-02,DR 2026 - 2026-10-02 (EXCEXP_TLS_000JJKSJR).xlsx,Rebates,24,TD RCSS WK 45-48 HB- BigBrand
yoy,Fcst Inc Cases is not positive,Loblaw,CG-LCL,2026,2026,TDHB,HOT BEVERAGE,000IVXC2X,Committed,0.0,2026-11-05,2026-12-02,DR 2026 - 2026-10-02 (EXCEXP_TLS_000JJKSJR).xlsx,Rebates,25,TD RCSS WK 45-48 HB- BigBrand
yoy,Fcst Inc Cases is not positive,Loblaw,CG-LCL,2026,2026,TDHBHC-12/500,HB HOT CHOCOLATE 12/500GR,000IVXC2X,Committed,0.0,2026-11-05,2026-12-02,DR 2026 - 2026-10-02 (EXCEXP_TLS_000JJKSJR).xlsx,Rebates,26,TD RCSS WK 45-48 HB- BigBrand
yoy,Fcst Inc Cases is not positive,Loblaw,CG-LCL,2026,2026,6320923582,TDL ITALIAN WEDDING 12/540 ML,000IUB0ZR,Planned,0.0,2026-11-05,2026-12-09,DR 2026 - 2026-10-02 (EXCEXP_TLS_000JJKSJR).xlsx,Rebates,28,TD RCSS + RASS/DOM WK 45-48 SOUP - BigBrand
yoy,Fcst Inc Cases is not positive,Loblaw,CG-LCL,2026,2026,6320912804,TDL CREAM OF BROCCOLI 12/540 ML,000IUB0ZR,Planned,0.0,2026-11-05,2026-12-09,DR 2026 - 2026-10-02 (EXCEXP_TLS_000JJKSJR).xlsx,Rebates,29,TD RCSS + RASS/DOM WK 45-48 SOUP - BigBrand
yoy,Fcst Inc Cases is not positive,Loblaw,CG-LCL,2026,2026,6320912805,TDL CHICKEN NOODLE 12/540 ML,000IUB0ZR,Planned,0.0,2026-11-05,2026-12-09,DR 2026 - 2026-10-02 (EXCEXP_TLS_000JJKSJR).xlsx,Rebates,31,TD RCSS + RASS/DOM WK 45-48 SOUP - BigBrand
yoy,Fcst Inc Cases is not positive,Loblaw,CG-LCL,2026,2026,TDSHSP-12/540,SOUPS 12/540ML,000IUB0ZR,Planned,0.0,2026-11-05,2026-12-09,DR 2026 - 2026-10-02 (EXCEXP_TLS_000JJKSJR).xlsx,Rebates,32,TD RCSS + RASS/DOM WK 45-48 SOUP - BigBrand
yoy,Fcst Inc Cases is not positive,SDM,CG-SDM,2026,2026,TDSSKC-6/10,SS KCOMP 6/10CT,000IOS347,Committed,0.0,2026-02-28,2026-03-06,DR 2026 - 2026-10-02 (EXCEXP_TLS_000JJKSJR).xlsx,Rebates,98,TD SDM WK 9 Kcups 10/12ct ISF
yoy,Fcst Inc Cases is not positive,SDM,CG-SDM,2026,2026,TDSSKC-6/10,SS KCOMP 6/10CT,000IYNUSU,Committed,0.0,2026-03-14,2026-03-20,DR 2026 - 2026-10-02 (EXCEXP_TLS_000JJKSJR).xlsx,Rebates,112,TD SDM WK 11 Kcups 10/12ct ISF
yoy,Fcst Inc Cases is not positive,SDM,CG-SDM,2026,2026,TDSSKC-6/10,SS KCOMP 6/10CT,000J0SSEL,Committed,0.0,2026-03-28,2026-04-03,DR 2026 - 2026-10-02 (EXCEXP_TLS_000JJKSJR).xlsx,Rebates,126,TD SDM WK 13 Kcups 10/12ct ISF
yoy,Fcst Inc Cases is not positive,SDM,CG-SDM,2026,2026,TDSSKC-6/10,SS KCOMP 6/10CT,000J6O4SW,Committed,0.0,2026-05-23,2026-05-29,DR 2026 - 2026-10-02 (EXCEXP_TLS_000JJKSJR).xlsx,Rebates,171,TD SDM Wk 21 Kcups 10/12Ct ISF
yoy,Fcst Inc Cases is not positive,SDM,CG-SDM,2026,2026,TDSSKC-6/10,SS KCOMP 6/10CT,000J7O6OG,Committed,0.0,2026-06-06,2026-06-12,DR 2026 - 2026-10-02 (EXCEXP_TLS_000JJKSJR).xlsx,Rebates,185,TD SDM Wk 23 Kcups 10/12Ct ISF
yoy,Fcst Inc Cases is not positive,SDM,CG-SDM,2026,2026,TDSSKC-6/10,SS KCOMP 6/10CT,000J9FJYU,Committed,0.0,2026-06-20,2026-06-26,DR 2026 - 2026-10-02 (EXCEXP_TLS_000JJKSJR).xlsx,Rebates,192,TD SDM Wk 25 Kcups 10/12Ct ISF
yoy,Fcst Inc Cases is not positive,SDM,CG-SDM,2026,2026,TDSSKC-6/10,SS KCOMP 6/10CT,000JB0EIE,Committed,0.0,2026-07-04,2026-07-10,DR 2026 - 2026-10-02 (EXCEXP_TLS_000JJKSJR).xlsx,Rebates,203,TD SDM Wk 27 Kcups 10/12Ct ISF
yoy,Fcst Inc Cases is not positive,SDM,CG-SDM,2026,2026,TDSSKC-6/10,SS KCOMP 6/10CT,000JCHLH4,Committed,0.0,2026-07-18,2026-07-24,DR 2026 - 2026-10-02 (EXCEXP_TLS_000JJKSJR).xlsx,Rebates,210,TD SDM Wk 27 Kcups 10/12Ct ISF
yoy,Fcst Inc Cases is not positive,SDM,CG-SDM,2026,2026,TDSHSP-12/540,SOUPS 12/540ML,000JIS3LR,Planned,0.0,2026-09-21,2026-12-31,DR 2026 - 2026-10-02 (EXCEXP_TLS_000JJKSJR).xlsx,Rebates,224,TD SDM RTS + LOADED SOUP EDBB Wks 39-53
yoy,Fcst Inc Cases is not positive,SDM,CG-SDM,2026,2026,TDSHLS-12/540,LOADED SOUPS 12/540ML,000JIS3LR,Planned,0.0,2026-09-21,2026-12-31,DR 2026 - 2026-10-02 (EXCEXP_TLS_000JJKSJR).xlsx,Rebates,225,TD SDM RTS + LOADED SOUP EDBB Wks 39-53
yoy,Fcst Inc Cases is not positive,Sobeys Quebec,CG-SOBEY'S QUEBEC,2026,2026,TDSHSP-24/284,SOUPS 24/284ML,000IQ3QUT,Closed,0.0,2026-01-01,2026-01-28,DR 2026 - 2026-10-02 (EXCEXP_TLS_000JJKSJR).xlsx,Rebates,256,TD IGA AD  Jan 22-28  Soups 284ml
yoy,Fcst Inc Cases is not positive,Sobeys Quebec,CG-SOBEY'S QUEBEC,2026,2026,TDL,TDL CAN,000ITIX4J,Closed,0.0,2026-02-05,2026-02-11,DR 2026 - 2026-10-02 (EXCEXP_TLS_000JJKSJR).xlsx,Rebates,280,TD IGA  Flap Up Beverage AD 5 to 11 feb   HC Event Breakfast
yoy,Fcst Inc Cases is not positive,Sobeys Quebec,CG-SOBEY'S QUEBEC,2026,2026,6320912133,TDL ORG/DR KCUP DISPLAY 48/12 CT,000ITIV0R,Closed,0.0,2026-02-19,2026-02-25,DR 2026 - 2026-10-02 (EXCEXP_TLS_000JJKSJR).xlsx,Rebates,310,TD IGA AD & Booking Feb 19-25   300g Bags-Buying show price
yoy,Fcst Inc Cases is not positive,Sobeys Quebec,CG-SOBEY'S QUEBEC,2026,2026,TDL,TDL CAN,000J34387,Closed,0.0,2026-02-19,2026-04-08,DR 2026 - 2026-10-02 (EXCEXP_TLS_000JJKSJR).xlsx,Rebates,324,TD IGA Side Panel for Promo Feb 19-April 8
yoy,Fcst Inc Cases is not positive,Sobeys Quebec,CG-SOBEY'S QUEBEC,2026,2026,TDL,TDL CAN,000J5H5H4,Closed,0.0,2026-03-19,2026-03-25,DR 2026 - 2026-10-02 (EXCEXP_TLS_000JJKSJR).xlsx,Rebates,334,TD IGA AD  Mar 19-25  Scene points (price increase Agreement
yoy,Fcst Inc Cases is not positive,Sobeys Quebec,CG-SOBEY'S QUEBEC,2026,2026,TDL,TDL CAN,000J7SVIL,Closed,0.0,2026-04-09,2026-05-13,DR 2026 - 2026-10-02 (EXCEXP_TLS_000JJKSJR).xlsx,Rebates,368,TD IGA Side Panel for Promo April 9- May 13 Kcup 12
yoy,Fcst Inc Cases is not positive,Sobeys Quebec,CG-SOBEY'S QUEBEC,2026,2026,TDL,TDL CAN,000J5H5HE,Committed,0.0,2026-04-16,2026-04-22,DR 2026 - 2026-10-02 (EXCEXP_TLS_000JJKSJR).xlsx,Rebates,379,TD IGA AD  April 16-22 Scene points(price increase Agreement
yoy,Fcst Inc Cases is not positive,Sobeys Quebec,CG-SOBEY'S QUEBEC,2026,2026,TDL,TDL CAN,000ITIUBV,Closed,0.0,2026-05-01,2026-05-30,DR 2026 - 2026-10-02 (EXCEXP_TLS_000JJKSJR).xlsx,Rebates,400,TD SBYQ  Flap Up Beverage AD MAP WE March 5
yoy,Fcst Inc Cases is not positive,Sobeys Quebec,CG-SOBEY'S QUEBEC,2026,2026,TDL,TDL CAN,000ITIY69,Closed,0.0,2026-05-14,2026-07-08,DR 2026 - 2026-10-02 (EXCEXP_TLS_000JJKSJR).xlsx,Rebates,429,TD IGA Side Panel  2026 Promo May 14-July 8 300g  Org $29K
yoy,Fcst Inc Cases is not positive,Sobeys Quebec,CG-SOBEY'S QUEBEC,2026,2026,TDSSKC-6/10,SS KCOMP 6/10CT,000J8X0UQ,Committed,0.0,2026-06-04,2026-06-10,DR 2026 - 2026-10-02 (EXCEXP_TLS_000JJKSJR).xlsx,Rebates,464,TD Bonichoix BP June 4-10   12ct
yoy,Fcst Inc Cases is not positive,Sobeys Quebec,CG-SOBEY'S QUEBEC,2026,2026,TDL,TDL CAN,000ITIV2V,Committed,0.0,2026-07-09,2026-07-15,DR 2026 - 2026-10-02 (EXCEXP_TLS_000JJKSJR).xlsx,Rebates,521,TD IGA AD July 9-15  HC 10ct 12ct - Scene Points (price incr
yoy,Fcst Inc Cases is not positive,Sobeys Quebec,CG-SOBEY'S QUEBEC,2026,2026,TDSHSP-24/284,SOUPS 24/284ML,000ITIW24,Committed,0.0,2026-07-09,2026-08-26,DR 2026 - 2026-10-02 (EXCEXP_TLS_000JJKSJR).xlsx,Rebates,533,TD IGA EDLP July 9-Aug 26   Hot Bowls
yoy,Fcst Inc Cases is not positive,Sobeys Quebec,CG-SOBEY'S QUEBEC,2026,2026,TDL,TDL CAN,000ITISDH,Committed,0.0,2026-07-23,2026-07-29,DR 2026 - 2026-10-02 (EXCEXP_TLS_000JJKSJR).xlsx,Rebates,550,TD IGA AD  July 23-29  300gr Bags ( Scene points price incre
yoy,Fcst Inc Cases is not positive,Sobeys Quebec,CG-SOBEY'S QUEBEC,2026,2026,6320923343,TDL KCUP PUMPKIN SPICE SS 6/12 CT,000ITISJZ,Committed,0.0,2026-08-20,2026-08-26,DR 2026 - 2026-10-02 (EXCEXP_TLS_000JJKSJR).xlsx,Rebates,592,TD IGA AD & Booking  Aug 20-26   HC-10ct 12ct
yoy,Fcst Inc Cases is not positive,Sobeys Quebec,CG-SOBEY'S QUEBEC,2026,2026,TDL,TDL CAN,000IW11HO,Committed,0.0,2026-11-19,2026-11-25,DR 2026 - 2026-10-02 (EXCEXP_TLS_000JJKSJR).xlsx,Rebates,733,TD IGA  AD Nov 19-25   30ct Plus 100 Scene points per unit
yoy,Fcst Inc Cases is not positive,Sobeys ROC,CG-SOBEY'S ROC,2026,2026,TDRGSB-6/300,R&G SMALL BAG 6/300GR,000ISEXVR,Committed,0.0,2026-01-01,2026-01-14,DR 2026 - 2026-10-02 (EXCEXP_TLS_000JJKSJR).xlsx,Rebates,822,TD Freshco TH 300gm + Nespresso + FVC instore - PART 2
yoy,Fcst Inc Cases is not positive,Sobeys ROC,CG-SOBEY'S ROC,2026,2026,TDHBHC-36/500,HB HOT CHOCOLATE 36/500GR,000ISEXVR,Committed,0.0,2026-01-01,2026-01-14,DR 2026 - 2026-10-02 (EXCEXP_TLS_000JJKSJR).xlsx,Rebates,824,TD Freshco TH 300gm + Nespresso + FVC instore - PART 2
yoy,Fcst Inc Cases is not positive,Sobeys ROC,CG-SOBEY'S ROC,2026,2026,TDHBHC-12/500,HB HOT CHOCOLATE 12/500GR,000ISEXVR,Committed,0.0,2026-01-01,2026-01-14,DR 2026 - 2026-10-02 (EXCEXP_TLS_000JJKSJR).xlsx,Rebates,825,TD Freshco TH 300gm + Nespresso + FVC instore - PART 2
yoy,Fcst Inc Cases is not positive,Sobeys ROC,CG-SOBEY'S ROC,2026,2026,TDHBHC-12/450,HB HOT CHOCOLATE 12/450GR,000ISEXVR,Committed,0.0,2026-01-01,2026-01-14,DR 2026 - 2026-10-02 (EXCEXP_TLS_000JJKSJR).xlsx,Rebates,826,TD Freshco TH 300gm + Nespresso + FVC instore - PART 2
yoy,Fcst Inc Cases is not positive,Sobeys ROC,CG-SOBEY'S ROC,2026,2026,TDHBCAP-12/343,HB CAPPUCCINO 12/454GR,000ISEXVR,Committed,0.0,2026-01-01,2026-01-14,DR 2026 - 2026-10-02 (EXCEXP_TLS_000JJKSJR).xlsx,Rebates,827,TD Freshco TH 300gm + Nespresso + FVC instore - PART 2
yoy,Fcst Inc Cases is not positive,Sobeys ROC,CG-SOBEY'S ROC,2026,2026,TDRGSB-6/300,R&G SMALL BAG 6/300GR,000ISEW8Z,Committed,0.0,2026-01-01,2026-01-14,DR 2026 - 2026-10-02 (EXCEXP_TLS_000JJKSJR).xlsx,Rebates,835,TD Freshco NOV EVENT part 2
yoy,Fcst Inc Cases is not positive,Sobeys ROC,CG-SOBEY'S ROC,2026,2026,TDRGLB-6/652,R&G LARGE BAG 6/652GR,000HMCXGV,Committed,0.0,2026-01-01,2026-02-11,DR 2026 - 2026-10-02 (EXCEXP_TLS_000JJKSJR).xlsx,Rebates,847,TD Sobeys C8F25 Roast & Ground - Part 2
yoy,Fcst Inc Cases is not positive,Sobeys ROC,CG-SOBEY'S ROC,2026,2026,TDHBHC-36/500,HB HOT CHOCOLATE 36/500GR,000ISF2ZB,Committed,0.0,2026-01-15,2026-03-11,DR 2026 - 2026-10-02 (EXCEXP_TLS_000JJKSJR).xlsx,Rebates,855,TD Freshco Hot Chocolate
yoy,Fcst Inc Cases is not positive,Sobeys ROC,CG-SOBEY'S ROC,2026,2026,6320909463,TDL COFFEE FINE GRIND HALF DRP 126/930GR,000ISEWBL,Committed,0.0,2026-01-01,2026-12-31,DR 2026 - 2026-10-02 (EXCEXP_TLS_000JJKSJR).xlsx,Rebates,866,TD Sobeys ROC On-going DISPLAY ALLOWANCE
yoy,Fcst Inc Cases is not positive,Sobeys ROC,CG-SOBEY'S ROC,2026,2026,TDSSKC-48/12,SS KCOMP 48/12CT,000ISEWBL,Committed,0.0,2026-01-01,2026-12-31,DR 2026 - 2026-10-02 (EXCEXP_TLS_000JJKSJR).xlsx,Rebates,867,TD Sobeys ROC On-going DISPLAY ALLOWANCE
yoy,Fcst Inc Cases is not positive,Sobeys ROC,CG-SOBEY'S ROC,2026,2026,TDSSKC-16/30,SS KCOMP 16/30CT,000ISEWBL,Committed,0.0,2026-01-01,2026-12-31,DR 2026 - 2026-10-02 (EXCEXP_TLS_000JJKSJR).xlsx,Rebates,868,TD Sobeys ROC On-going DISPLAY ALLOWANCE
yoy,Fcst Inc Cases is not positive,Sobeys ROC,CG-SOBEY'S ROC,2026,2026,TDSSKC-145/30,SS KCOMP 145/30CT,000ISEWBL,Committed,0.0,2026-01-01,2026-12-31,DR 2026 - 2026-10-02 (EXCEXP_TLS_000JJKSJR).xlsx,Rebates,869,TD Sobeys ROC On-going DISPLAY ALLOWANCE
yoy,Fcst Inc Cases is not positive,Sobeys ROC,CG-SOBEY'S ROC,2026,2026,TDSHSP-192/540,SOUPS 192/540ML,000ISEWBL,Committed,0.0,2026-01-01,2026-12-31,DR 2026 - 2026-10-02 (EXCEXP_TLS_000JJKSJR).xlsx,Rebates,870,TD Sobeys ROC On-going DISPLAY ALLOWANCE
yoy,Fcst Inc Cases is not positive,Sobeys ROC,CG-SOBEY'S ROC,2026,2026,TDRGSB-48/300,R&G SMALL BAG 48/300GR,000ISEWBL,Committed,0.0,2026-01-01,2026-12-31,DR 2026 - 2026-10-02 (EXCEXP_TLS_000JJKSJR).xlsx,Rebates,871,TD Sobeys ROC On-going DISPLAY ALLOWANCE
yoy,Fcst Inc Cases is not positive,Sobeys ROC,CG-SOBEY'S ROC,2026,2026,TDRGLC-126/930,R&G LARGE CAN 126/930GR,000ISEWBL,Committed,0.0,2026-01-01,2026-12-31,DR 2026 - 2026-10-02 (EXCEXP_TLS_000JJKSJR).xlsx,Rebates,872,TD Sobeys ROC On-going DISPLAY ALLOWANCE
yoy,Fcst Inc Cases is not positive,Sobeys ROC,CG-SOBEY'S ROC,2026,2026,TDRGLC-126/930,R&G LARGE CAN 126/930GR,000ISEWBL,Committed,0.0,2026-01-01,2026-12-31,DR 2026 - 2026-10-02 (EXCEXP_TLS_000JJKSJR).xlsx,Rebates,873,TD Sobeys ROC On-going DISPLAY ALLOWANCE
yoy,Fcst Inc Cases is not positive,Sobeys ROC,CG-SOBEY'S ROC,2026,2026,TDNC-32/10,NCOMP 32/10CT,000ISEWBL,Committed,0.0,2026-01-01,2026-12-31,DR 2026 - 2026-10-02 (EXCEXP_TLS_000JJKSJR).xlsx,Rebates,874,TD Sobeys ROC On-going DISPLAY ALLOWANCE
yoy,Fcst Inc Cases is not positive,Sobeys ROC,CG-SOBEY'S ROC,2026,2026,TDIC-60/100,INSTANT COFFEE 60/100GR,000ISEWBL,Committed,0.0,2026-01-01,2026-12-31,DR 2026 - 2026-10-02 (EXCEXP_TLS_000JJKSJR).xlsx,Rebates,875,TD Sobeys ROC On-going DISPLAY ALLOWANCE
yoy,Fcst Inc Cases is not positive,Sobeys ROC,CG-SOBEY'S ROC,2026,2026,TDIC-36/100,INSTANT COFFEE 36/100GR,000ISEWBL,Committed,0.0,2026-01-01,2026-12-31,DR 2026 - 2026-10-02 (EXCEXP_TLS_000JJKSJR).xlsx,Rebates,876,TD Sobeys ROC On-going DISPLAY ALLOWANCE
yoy,Fcst Inc Cases is not positive,Sobeys ROC,CG-SOBEY'S ROC,2026,2026,TDIC-288/100,INSTANT COFFEE 288/100GR,000ISEWBL,Committed,0.0,2026-01-01,2026-12-31,DR 2026 - 2026-10-02 (EXCEXP_TLS_000JJKSJR).xlsx,Rebates,877,TD Sobeys ROC On-going DISPLAY ALLOWANCE
yoy,Fcst Inc Cases is not positive,Sobeys ROC,CG-SOBEY'S ROC,2026,2026,TDHBMX-48/10,HB MIX DISPLAYER 48/10EA,000ISEWBL,Committed,0.0,2026-01-01,2026-12-31,DR 2026 - 2026-10-02 (EXCEXP_TLS_000JJKSJR).xlsx,Rebates,878,TD Sobeys ROC On-going DISPLAY ALLOWANCE
yoy,Fcst Inc Cases is not positive,Sobeys ROC,CG-SOBEY'S ROC,2026,2026,TDHBMX-36/1,HB MIX DISPLAYER 36/1EA,000ISEWBL,Committed,0.0,2026-01-01,2026-12-31,DR 2026 - 2026-10-02 (EXCEXP_TLS_000JJKSJR).xlsx,Rebates,879,TD Sobeys ROC On-going DISPLAY ALLOWANCE
yoy,Fcst Inc Cases is not positive,Sobeys ROC,CG-SOBEY'S ROC,2026,2026,TDHBHC-36/500,HB HOT CHOCOLATE 36/500GR,000ISEWBL,Committed,0.0,2026-01-01,2026-12-31,DR 2026 - 2026-10-02 (EXCEXP_TLS_000JJKSJR).xlsx,Rebates,880,TD Sobeys ROC On-going DISPLAY ALLOWANCE
yoy,Fcst Inc Cases is not positive,Sobeys ROC,CG-SOBEY'S ROC,2026,2026,TDSSKC-6/12,SS KCOMP 6/12CT,000ISF5RE,Committed,0.0,2026-01-22,2026-01-28,DR 2026 - 2026-10-02 (EXCEXP_TLS_000JJKSJR).xlsx,Rebates,884,TD Wholesale P2 12ct & 300g Bags
yoy,Fcst Inc Cases is not positive,Sobeys ROC,CG-SOBEY'S ROC,2026,2026,TDRGSB-6/300,R&G SMALL BAG 6/300GR,000ISF5RE,Committed,0.0,2026-01-22,2026-01-28,DR 2026 - 2026-10-02 (EXCEXP_TLS_000JJKSJR).xlsx,Rebates,886,TD Wholesale P2 12ct & 300g Bags
yoy,Fcst Inc Cases is not positive,Sobeys ROC,CG-SOBEY'S ROC,2026,2026,TDDCR-6/750,CREAMER 6/750ML,000ISEYZX,Committed,0.0,2026-01-29,2026-02-04,DR 2026 - 2026-10-02 (EXCEXP_TLS_000JJKSJR).xlsx,Rebates,888,TD Wholesale  Creamers 750ml
yoy,Fcst Inc Cases is not positive,Sobeys ROC,CG-SOBEY'S ROC,2026,2026,TDSHSP-24/284,SOUPS 24/284ML,000ISF05N,Committed,0.0,2026-01-29,2026-02-04,DR 2026 - 2026-10-02 (EXCEXP_TLS_000JJKSJR).xlsx,Rebates,890,TD Sobeys C8 F26 Condensed Ad - Community
yoy,Fcst Inc Cases is not positive,Sobeys ROC,CG-SOBEY'S ROC,2026,2026,TDRGSB-6/300,R&G SMALL BAG 6/300GR,000ISEZHL,Committed,0.0,2026-02-12,2026-02-18,DR 2026 - 2026-10-02 (EXCEXP_TLS_000JJKSJR).xlsx,Rebates,892,TD Wholesale 300g Bags
yoy,Fcst Inc Cases is not positive,Sobeys ROC,CG-SOBEY'S ROC,2026,2026,TDSHSP-12/540,SOUPS 12/540ML,000ISF1WF,Committed,0.0,2026-02-12,2026-03-18,DR 2026 - 2026-10-02 (EXCEXP_TLS_000JJKSJR).xlsx,Rebates,896,TD Wholesale Soup & Chili
yoy,Fcst Inc Cases is not positive,Sobeys ROC,CG-SOBEY'S ROC,2026,2026,TDSHHB-12/425,HOT BOWLS 12/425GR,000ISF1WF,Committed,0.0,2026-02-12,2026-03-18,DR 2026 - 2026-10-02 (EXCEXP_TLS_000JJKSJR).xlsx,Rebates,897,TD Wholesale Soup & Chili
yoy,Fcst Inc Cases is not positive,Sobeys ROC,CG-SOBEY'S ROC,2026,2026,TDDCR-6/750,CREAMER 6/750ML,000ISEU2S,Committed,0.0,2026-02-12,2026-03-18,DR 2026 - 2026-10-02 (EXCEXP_TLS_000JJKSJR).xlsx,Rebates,905,TD Wholesale TH Creamers 750ml
yoy,Fcst Inc Cases is not positive,Sobeys ROC,CG-SOBEY'S ROC,2026,2026,TDHBHC-3/20,HB HOT CHOCOLATE 3/20CT,000ISF5U5,Committed,0.0,2026-02-12,2026-03-18,DR 2026 - 2026-10-02 (EXCEXP_TLS_000JJKSJR).xlsx,Rebates,914,TD Sobeys C9F25 Hot Beverage
yoy,Fcst Inc Cases is not positive,Sobeys ROC,CG-SOBEY'S ROC,2026,2026,TDNC-32/10,NCOMP 32/10CT,000ISF32H,Committed,0.0,2026-02-12,2026-03-18,DR 2026 - 2026-10-02 (EXCEXP_TLS_000JJKSJR).xlsx,Rebates,932,TD Sobeys C9F25 Instant Nespresso Tea + AD
yoy,Fcst Inc Cases is not positive,Sobeys ROC,CG-SOBEY'S ROC,2026,2026,TDIC-6/300,INSTANT COFFEE 6/300GR,000ISF32H,Committed,0.0,2026-02-12,2026-03-18,DR 2026 - 2026-10-02 (EXCEXP_TLS_000JJKSJR).xlsx,Rebates,935,TD Sobeys C9F25 Instant Nespresso Tea + AD
yoy,Fcst Inc Cases is not positive,Sobeys ROC,CG-SOBEY'S ROC,2026,2026,TDIC-36/100,INSTANT COFFEE 36/100GR,000ISF32H,Committed,0.0,2026-02-12,2026-03-18,DR 2026 - 2026-10-02 (EXCEXP_TLS_000JJKSJR).xlsx,Rebates,937,TD Sobeys C9F25 Instant Nespresso Tea + AD
yoy,Fcst Inc Cases is not positive,Sobeys ROC,CG-SOBEY'S ROC,2026,2026,TDTB-6/20,TEA BAG 6/20CT,000ISF30R,Committed,0.0,2026-02-12,2026-03-18,DR 2026 - 2026-10-02 (EXCEXP_TLS_000JJKSJR).xlsx,Rebates,941,TD Sobeys C9F25 Single Serve
yoy,Fcst Inc Cases is not positive,Sobeys ROC,CG-SOBEY'S ROC,2026,2026,6320918750,TDL ORG KCUP DISPLAY 16/30 CT,000ISF30R,Committed,0.0,2026-02-12,2026-03-18,DR 2026 - 2026-10-02 (EXCEXP_TLS_000JJKSJR).xlsx,Rebates,943,TD Sobeys C9F25 Single Serve
yoy,Fcst Inc Cases is not positive,Sobeys ROC,CG-SOBEY'S ROC,2026,2026,TDL,TDL CAN,000J3T3HP,Committed,0.0,2026-02-19,2026-03-25,DR 2026 - 2026-10-02 (EXCEXP_TLS_000JJKSJR).xlsx,Rebates,951,TD Sobeys C9F25 Regular Ad Fee Lumpsum
yoy,Fcst Inc Cases is not positive,Sobeys ROC,CG-SOBEY'S ROC,2026,2026,TDL,TDL CAN,000J3T3HK,Committed,0.0,2026-02-19,2026-03-25,DR 2026 - 2026-10-02 (EXCEXP_TLS_000JJKSJR).xlsx,Rebates,953,TD Sobeys C9F25 Gold Tribute Coffee Lumpsum
yoy,Fcst Inc Cases is not positive,Sobeys ROC,CG-SOBEY'S ROC,2026,2026,TDRGSB-6/300,R&G SMALL BAG 6/300GR,000ISF5SL,Committed,0.0,2026-02-26,2026-03-04,DR 2026 - 2026-10-02 (EXCEXP_TLS_000JJKSJR).xlsx,Rebates,955,TD Freshco Feb-March 300gm
yoy,Fcst Inc Cases is not positive,Sobeys ROC,CG-SOBEY'S ROC,2026,2026,TDSSKCC-4/24,SS KCOMP CAP 4/24CT,000ISF6T2,Committed,0.0,2026-03-05,2026-03-11,DR 2026 - 2026-10-02 (EXCEXP_TLS_000JJKSJR).xlsx,Rebates,957,TD Wholesale P4 LG Tin & 30ct
yoy,Fcst Inc Cases is not positive,Sobeys ROC,CG-SOBEY'S ROC,2026,2026,TDRGLB-6/2,R&G LARGE BAG 6/2LB,000ISF6T2,Committed,0.0,2026-03-05,2026-03-11,DR 2026 - 2026-10-02 (EXCEXP_TLS_000JJKSJR).xlsx,Rebates,960,TD Wholesale P4 LG Tin & 30ct
yoy,Fcst Inc Cases is not positive,Sobeys ROC,CG-SOBEY'S ROC,2026,2026,6320913827,TDL CN/COB/CR SOUP 1/2 DRP 192/540 ML,000ISF061,Committed,0.0,2026-03-19,2026-03-25,DR 2026 - 2026-10-02 (EXCEXP_TLS_000JJKSJR).xlsx,Rebates,964,TD Sobeys C9F25 Soup
yoy,Fcst Inc Cases is not positive,Sobeys ROC,CG-SOBEY'S ROC,2026,2026,TDSHSP-192/540,SOUPS 192/540ML,000ISF061,Committed,0.0,2026-03-19,2026-03-25,DR 2026 - 2026-10-02 (EXCEXP_TLS_000JJKSJR).xlsx,Rebates,965,TD Sobeys C9F25 Soup
yoy,Fcst Inc Cases is not positive,Sobeys ROC,CG-SOBEY'S ROC,2026,2026,TDSHSP-12/540,SOUPS 12/540ML,000ISF061,Committed,0.0,2026-03-19,2026-03-25,DR 2026 - 2026-10-02 (EXCEXP_TLS_000JJKSJR).xlsx,Rebates,966,TD Sobeys C9F25 Soup
yoy,Fcst Inc Cases is not positive,Sobeys ROC,CG-SOBEY'S ROC,2026,2026,TDSHSP-12/540,SOUPS 12/540ML,000ISF061,Committed,0.0,2026-03-19,2026-03-25,DR 2026 - 2026-10-02 (EXCEXP_TLS_000JJKSJR).xlsx,Rebates,967,TD Sobeys C9F25 Soup
yoy,Fcst Inc Cases is not positive,Sobeys ROC,CG-SOBEY'S ROC,2026,2026,TDSHSP-12/400,SOUPS 12/400ML,000ISF061,Committed,0.0,2026-03-19,2026-03-25,DR 2026 - 2026-10-02 (EXCEXP_TLS_000JJKSJR).xlsx,Rebates,968,TD Sobeys C9F25 Soup
yoy,Fcst Inc Cases is not positive,Sobeys ROC,CG-SOBEY'S ROC,2026,2026,TDSSTA-5/14,SS TASSIMO 5/14CT,000J3437D,Committed,0.0,2026-03-19,2026-03-25,DR 2026 - 2026-10-02 (EXCEXP_TLS_000JJKSJR).xlsx,Rebates,970,TD Sobeys C10F25 Tassimo 14ct
yoy,Fcst Inc Cases is not positive,Sobeys ROC,CG-SOBEY'S ROC,2026,2026,TDHBMX-4/24,HB MIX 4/24EA,000ISF4XW,Committed,0.0,2026-03-19,2026-04-29,DR 2026 - 2026-10-02 (EXCEXP_TLS_000JJKSJR).xlsx,Rebates,973,TD Sobeys C10F25 Hot Beverage
yoy,Fcst Inc Cases is not positive,Sobeys ROC,CG-SOBEY'S ROC,2026,2026,TDHBCAP-12/343,HB CAPPUCCINO 12/454GR,000ISF4XW,Committed,0.0,2026-03-19,2026-04-29,DR 2026 - 2026-10-02 (EXCEXP_TLS_000JJKSJR).xlsx,Rebates,976,TD Sobeys C10F25 Hot Beverage
yoy,Fcst Inc Cases is not positive,Sobeys ROC,CG-SOBEY'S ROC,2026,2026,TDSSKCC-4/24,SS KCOMP CAP 4/24CT,000ISF1XK,Committed,0.0,2026-03-19,2026-04-29,DR 2026 - 2026-10-02 (EXCEXP_TLS_000JJKSJR).xlsx,Rebates,979,TD Wholesale 930g LG Tin/30ct
yoy,Fcst Inc Cases is not positive,Sobeys ROC,CG-SOBEY'S ROC,2026,2026,TDRGSB-48/300,R&G SMALL BAG 48/300GR,000IYJI10,Committed,0.0,2026-03-19,2026-04-29,DR 2026 - 2026-10-02 (EXCEXP_TLS_000JJKSJR).xlsx,Rebates,985,TD Freshco R&G 300 G
yoy,Fcst Inc Cases is not positive,Sobeys ROC,CG-SOBEY'S ROC,2026,2026,TDSSKC-1/30,SS KCOMP 1/30CT,000J6XSFG,Planned,0.0,2026-03-19,2026-04-29,DR 2026 - 2026-10-02 (EXCEXP_TLS_000JJKSJR).xlsx,Rebates,995,TD Sobeys C10F25 LUMPSUM AD FEES (placeholder)
yoy,Fcst Inc Cases is not positive,Sobeys ROC,CG-SOBEY'S ROC,2026,2026,TDDCR-6/750,CREAMER 6/750ML,000ISEWDK,Committed,0.0,2026-04-09,2026-04-15,DR 2026 - 2026-10-02 (EXCEXP_TLS_000JJKSJR).xlsx,Rebates,999,TD Wholesale Creamers 750ml
yoy,Fcst Inc Cases is not positive,Sobeys ROC,CG-SOBEY'S ROC,2026,2026,TDSHSP-24/284,SOUPS 24/284ML,000IVV5Z3,Committed,0.0,2026-04-09,2026-04-15,DR 2026 - 2026-10-02 (EXCEXP_TLS_000JJKSJR).xlsx,Rebates,1001,TD Sobeys C10F25 Condensed Promo 1WK W/S 04-09
yoy,Fcst Inc Cases is not positive,Sobeys ROC,CG-SOBEY'S ROC,2026,2026,TDSSKC-6/12,SS KCOMP 6/12CT,000ISF1UD,Committed,0.0,2026-04-09,2026-04-15,DR 2026 - 2026-10-02 (EXCEXP_TLS_000JJKSJR).xlsx,Rebates,1004,TD Freshco TH Lg Tins & SS 1 week
yoy,Fcst Inc Cases is not positive,Sobeys ROC,CG-SOBEY'S ROC,2026,2026,TDSSKC-6/10,SS KCOMP 6/10CT,000ISF1UD,Committed,0.0,2026-04-09,2026-04-15,DR 2026 - 2026-10-02 (EXCEXP_TLS_000JJKSJR).xlsx,Rebates,1005,TD Freshco TH Lg Tins & SS 1 week
yoy,Fcst Inc Cases is not positive,Sobeys ROC,CG-SOBEY'S ROC,2026,2026,TDRGSB-6/300,R&G SMALL BAG 6/300GR,000ISEWAT,Committed,0.0,2026-05-21,2026-05-27,DR 2026 - 2026-10-02 (EXCEXP_TLS_000JJKSJR).xlsx,Rebates,1008,TD Wholesale 300g Bags
yoy,Fcst Inc Cases is not positive,Sobeys ROC,CG-SOBEY'S ROC,2026,2026,TDDCR-6/750,CREAMER 6/750ML,000ISF3UR,Committed,0.0,2026-04-30,2026-06-03,DR 2026 - 2026-10-02 (EXCEXP_TLS_000JJKSJR).xlsx,Rebates,1022,TD Wholesale TH Creamers 750ml
yoy,Fcst Inc Cases is not positive,Sobeys ROC,CG-SOBEY'S ROC,2026,2026,TDSSKC-6/12,SS KCOMP 6/12CT,000ISEXXD,Committed,0.0,2026-04-30,2026-07-01,DR 2026 - 2026-10-02 (EXCEXP_TLS_000JJKSJR).xlsx,Rebates,1036,TD Wholesale P5 Kcup 12ct
yoy,Fcst Inc Cases is not positive,Sobeys ROC,CG-SOBEY'S ROC,2026,2026,TDSSKC-6/10,SS KCOMP 6/10CT,000ISEXXD,Committed,0.0,2026-04-30,2026-07-01,DR 2026 - 2026-10-02 (EXCEXP_TLS_000JJKSJR).xlsx,Rebates,1038,TD Wholesale P5 Kcup 12ct
yoy,Fcst Inc Cases is not positive,Sobeys ROC,CG-SOBEY'S ROC,2026,2026,TDSSKC-6/10,SS KCOMP 6/10CT,000ISEXXD,Committed,0.0,2026-04-30,2026-07-01,DR 2026 - 2026-10-02 (EXCEXP_TLS_000JJKSJR).xlsx,Rebates,1039,TD Wholesale P5 Kcup 12ct
yoy,Fcst Inc Cases is not positive,Sobeys ROC,CG-SOBEY'S ROC,2026,2026,TDRGSB-6/300,R&G SMALL BAG 6/300GR,000JCNH7A,Committed,0.0,2026-05-01,2026-05-06,DR 2026 - 2026-10-02 (EXCEXP_TLS_000JJKSJR).xlsx,Rebates,1041,TD Sobeys ROC R&G 300GR LUMP SUM AD
yoy,Fcst Inc Cases is not positive,Sobeys ROC,CG-SOBEY'S ROC,2026,2026,TDSIC-12/470,SYRUPS 12/470ML,000J8X954,Committed,0.0,2026-05-14,2026-05-20,DR 2026 - 2026-10-02 (EXCEXP_TLS_000JJKSJR).xlsx,Rebates,1045,TD Sobeys C2F26 Syrups 1WK
yoy,Fcst Inc Cases is not positive,Sobeys ROC,CG-SOBEY'S ROC,2026,2026,TDRDIC-6/142,ICED COFFEE 6/1.42L,000J8X94W,Committed,0.0,2026-05-14,2026-05-27,DR 2026 - 2026-10-02 (EXCEXP_TLS_000JJKSJR).xlsx,Rebates,1047,TD Sobeys C2F26 RTD 1.42L
yoy,Fcst Inc Cases is not positive,Sobeys ROC,CG-SOBEY'S ROC,2026,2026,TDSIC-12/470,SYRUPS 12/470ML,000J8P2OQ,Committed,0.0,2026-05-20,2026-05-27,DR 2026 - 2026-10-02 (EXCEXP_TLS_000JJKSJR).xlsx,Rebates,1049,TD Sobeys C2F26 RTD & Syrups LS Tribute
yoy,Fcst Inc Cases is not positive,Sobeys ROC,CG-SOBEY'S ROC,2026,2026,TDRDIC-6/142,ICED COFFEE 6/1.42L,000J8P2OQ,Committed,0.0,2026-05-20,2026-05-27,DR 2026 - 2026-10-02 (EXCEXP_TLS_000JJKSJR).xlsx,Rebates,1050,TD Sobeys C2F26 RTD & Syrups LS Tribute
yoy,Fcst Inc Cases is not positive,Sobeys ROC,CG-SOBEY'S ROC,2026,2026,6320923230,TDL ICED COFFEE VANILLA EXTRACT 6/1.42 L,000J95ZLW,Committed,0.0,2026-05-28,2026-06-03,DR 2026 - 2026-10-02 (EXCEXP_TLS_000JJKSJR).xlsx,Rebates,1052,TD Freshco RTD 1.42L
yoy,Fcst Inc Cases is not positive,Sobeys ROC,CG-SOBEY'S ROC,2026,2026,6320923231,TDL ICED COFFEE CARAMEL EXTRACT 6/1.42 L,000J95ZLW,Committed,0.0,2026-05-28,2026-06-03,DR 2026 - 2026-10-02 (EXCEXP_TLS_000JJKSJR).xlsx,Rebates,1053,TD Freshco RTD 1.42L
yoy,Fcst Inc Cases is not positive,Sobeys ROC,CG-SOBEY'S ROC,2026,2026,6320923208,TDL ICED COFFEE BLACK EXTRACT 6/1.42 L,000J95ZLW,Committed,0.0,2026-05-28,2026-06-03,DR 2026 - 2026-10-02 (EXCEXP_TLS_000JJKSJR).xlsx,Rebates,1054,TD Freshco RTD 1.42L
yoy,Fcst Inc Cases is not positive,Sobeys ROC,CG-SOBEY'S ROC,2026,2026,TDSSKC-4/48,SS KCOMP 4/48CT,000JD91WK,Committed,0.0,2026-05-22,2026-05-29,DR 2026 - 2026-10-02 (EXCEXP_TLS_000JJKSJR).xlsx,Rebates,1056,TD Sobeys C2F26 lump sum ad 48ct
yoy,Fcst Inc Cases is not positive,Sobeys ROC,CG-SOBEY'S ROC,2026,2026,TDSIC-12/470,SYRUPS 12/470ML,000J6XSGC,Committed,0.0,2026-06-04,2026-06-10,DR 2026 - 2026-10-02 (EXCEXP_TLS_000JJKSJR).xlsx,Rebates,1059,TD Sobeys C2F26 Syrups 12/470ml
yoy,Fcst Inc Cases is not positive,Sobeys ROC,CG-SOBEY'S ROC,2026,2026,TDSSKC-6/10,SS KCOMP 6/10CT,000ISF1Z0,Committed,0.0,2026-06-04,2026-06-10,DR 2026 - 2026-10-02 (EXCEXP_TLS_000JJKSJR).xlsx,Rebates,1062,TD Freshco 300gr & SS 1 WK
yoy,Fcst Inc Cases is not positive,Sobeys ROC,CG-SOBEY'S ROC,2026,2026,TDIC-12/100,INSTANT COFFEE 12/100GR,000ISF5T5,Committed,0.0,2026-06-04,2026-07-08,DR 2026 - 2026-10-02 (EXCEXP_TLS_000JJKSJR).xlsx,Rebates,1067,TD Wholesale 30ct & instant 100gr
yoy,Fcst Inc Cases is not positive,Sobeys ROC,CG-SOBEY'S ROC,2026,2026,TDRGSC-6/640,R&G SMALL CAN 6/640GR,000ISEZ2N,Committed,0.0,2026-06-04,2026-07-08,DR 2026 - 2026-10-02 (EXCEXP_TLS_000JJKSJR).xlsx,Rebates,1071,TD Sobeys C2F26 Roast & Ground
yoy,Fcst Inc Cases is not positive,Sobeys ROC,CG-SOBEY'S ROC,2026,2026,TDRGSB-6/300,R&G SMALL BAG 6/300GR,000ISEZ2N,Committed,0.0,2026-06-04,2026-07-08,DR 2026 - 2026-10-02 (EXCEXP_TLS_000JJKSJR).xlsx,Rebates,1073,TD Sobeys C2F26 Roast & Ground
yoy,Fcst Inc Cases is not positive,Sobeys ROC,CG-SOBEY'S ROC,2026,2026,TDSSKC-1/30,SS KCOMP 1/30CT,000J6XSFN,Committed,0.0,2026-06-04,2026-07-08,DR 2026 - 2026-10-02 (EXCEXP_TLS_000JJKSJR).xlsx,Rebates,1077,TD Sobeys C2F26 GOLD PACKAGE
yoy,Fcst Inc Cases is not positive,Sobeys ROC,CG-SOBEY'S ROC,2026,2026,6320909463,TDL COFFEE FINE GRIND HALF DRP 126/930GR,000ISEVI4,Committed,0.0,2026-06-04,2026-07-08,DR 2026 - 2026-10-02 (EXCEXP_TLS_000JJKSJR).xlsx,Rebates,1080,"TD Sobeys C2F26 Instant, Nespr, Tassimo, 30ct & 300GR"
yoy,Fcst Inc Cases is not positive,Sobeys ROC,CG-SOBEY'S ROC,2026,2026,TDSSKC-4/30,SS KCOMP 4/30CT,000ISEVI4,Committed,0.0,2026-06-04,2026-07-08,DR 2026 - 2026-10-02 (EXCEXP_TLS_000JJKSJR).xlsx,Rebates,1084,"TD Sobeys C2F26 Instant, Nespr, Tassimo, 30ct & 300GR"
yoy,Fcst Inc Cases is not positive,Sobeys ROC,CG-SOBEY'S ROC,2026,2026,TDSSKC-4/30,SS KCOMP 4/30CT,000ISEVI4,Committed,0.0,2026-06-04,2026-07-08,DR 2026 - 2026-10-02 (EXCEXP_TLS_000JJKSJR).xlsx,Rebates,1085,"TD Sobeys C2F26 Instant, Nespr, Tassimo, 30ct & 300GR"
yoy,Fcst Inc Cases is not positive,Sobeys ROC,CG-SOBEY'S ROC,2026,2026,TDNC-10/10,NCOMP 10/10CT,000ISEVI4,Committed,0.0,2026-06-04,2026-07-08,DR 2026 - 2026-10-02 (EXCEXP_TLS_000JJKSJR).xlsx,Rebates,1087,"TD Sobeys C2F26 Instant, Nespr, Tassimo, 30ct & 300GR"
yoy,Fcst Inc Cases is not positive,Sobeys ROC,CG-SOBEY'S ROC,2026,2026,TDIC-6/300,INSTANT COFFEE 6/300GR,000ISEVI4,Committed,0.0,2026-06-04,2026-07-08,DR 2026 - 2026-10-02 (EXCEXP_TLS_000JJKSJR).xlsx,Rebates,1089,"TD Sobeys C2F26 Instant, Nespr, Tassimo, 30ct & 300GR"
yoy,Fcst Inc Cases is not positive,Sobeys ROC,CG-SOBEY'S ROC,2026,2026,6320923706,TDL COFFEE FINE GRIND 1/2 DRP 126/875 GR,000ISF6PO,Committed,0.0,2026-06-18,2026-08-12,DR 2026 - 2026-10-02 (EXCEXP_TLS_000JJKSJR).xlsx,Rebates,1092,TD Freshco TH 30ct/Lg Tins Summer Promo
yoy,Fcst Inc Cases is not positive,Sobeys ROC,CG-SOBEY'S ROC,2026,2026,TDSSKC-4/30,SS KCOMP 4/30CT,000ISF6PO,Committed,0.0,2026-06-18,2026-08-12,DR 2026 - 2026-10-02 (EXCEXP_TLS_000JJKSJR).xlsx,Rebates,1093,TD Freshco TH 30ct/Lg Tins Summer Promo
yoy,Fcst Inc Cases is not positive,Sobeys ROC,CG-SOBEY'S ROC,2026,2026,TDRDIC-6/142,ICED COFFEE 6/1.42L,000JC34FT,Committed,0.0,2026-06-11,2026-06-17,DR 2026 - 2026-10-02 (EXCEXP_TLS_000JJKSJR).xlsx,Rebates,1099,TD Sobeys C2F26 RTD 1.42L 1WK
yoy,Fcst Inc Cases is not positive,Sobeys ROC,CG-SOBEY'S ROC,2026,2026,TDRDIC-6/142,ICED COFFEE 6/1.42L,000JC2VDG,Committed,0.0,2026-06-18,2026-06-24,DR 2026 - 2026-10-02 (EXCEXP_TLS_000JJKSJR).xlsx,Rebates,1101,TD Sobeys C2F26 RTD 1.42L 1WK
yoy,Fcst Inc Cases is not positive,Sobeys ROC,CG-SOBEY'S ROC,2026,2026,TDSSKC-4/48,SS KCOMP 4/48CT,000J6XSG3,Committed,0.0,2026-06-18,2026-06-24,DR 2026 - 2026-10-02 (EXCEXP_TLS_000JJKSJR).xlsx,Rebates,1106,TD Sobeys C2F26 Single Serve 48CT
yoy,Fcst Inc Cases is not positive,Sobeys ROC,CG-SOBEY'S ROC,2026,2026,TDSIC-12/470,SYRUPS 12/470ML,000JCWSXF,Committed,0.0,2026-06-25,2026-07-01,DR 2026 - 2026-10-02 (EXCEXP_TLS_000JJKSJR).xlsx,Rebates,1109,TD Sobeys C3F26 Syrups 1WK
yoy,Fcst Inc Cases is not positive,Sobeys ROC,CG-SOBEY'S ROC,2026,2026,TDDCR-6/750,CREAMER 6/750ML,000ISF77L,Committed,0.0,2026-06-25,2026-07-01,DR 2026 - 2026-10-02 (EXCEXP_TLS_000JJKSJR).xlsx,Rebates,1111,TD Wholesale TH Creamers 750ml
yoy,Fcst Inc Cases is not positive,Sobeys ROC,CG-SOBEY'S ROC,2026,2026,TDRDIC-6/142,ICED COFFEE 6/1.42L,000JC2VD6,Committed,0.0,2026-07-02,2026-07-15,DR 2026 - 2026-10-02 (EXCEXP_TLS_000JJKSJR).xlsx,Rebates,1115,TD Sobeys C2F26 RTD 1.42L
yoy,Fcst Inc Cases is not positive,Sobeys ROC,CG-SOBEY'S ROC,2026,2026,TDL,TDL CAN,000J6XSFY,Committed,0.0,2026-07-09,2026-08-12,DR 2026 - 2026-10-02 (EXCEXP_TLS_000JJKSJR).xlsx,Rebates,1126,TD Sobeys C3F26 SILVER PACKAGE 75k IN LIEU OF 2025 LT CRC
yoy,Fcst Inc Cases is not positive,Sobeys ROC,CG-SOBEY'S ROC,2026,2026,TDTB-9/20,TEA BAG 9/20CT,000ISEVKS,Committed,0.0,2026-07-09,2026-08-12,DR 2026 - 2026-10-02 (EXCEXP_TLS_000JJKSJR).xlsx,Rebates,1130,TD Sobeys C3F26 Tea & Instant 100gr
yoy,Fcst Inc Cases is not positive,Sobeys ROC,CG-SOBEY'S ROC,2026,2026,TDIC-36/100,INSTANT COFFEE 36/100GR,000ISEVKS,Committed,0.0,2026-07-09,2026-08-12,DR 2026 - 2026-10-02 (EXCEXP_TLS_000JJKSJR).xlsx,Rebates,1133,TD Sobeys C3F26 Tea & Instant 100gr
yoy,Fcst Inc Cases is not positive,Sobeys ROC,CG-SOBEY'S ROC,2026,2026,TDL,TDL CAN,000JE6AHT,Committed,0.0,2026-07-09,2026-08-12,DR 2026 - 2026-10-02 (EXCEXP_TLS_000JJKSJR).xlsx,Rebates,1140,TD Sobeys C3F26 SILVER PACKAGE 60K IN LIEU OF 2025 LT CRC
yoy,Fcst Inc Cases is not positive,Sobeys ROC,CG-SOBEY'S ROC,2026,2026,TDRDIC-6/142,ICED COFFEE 6/1.42L,000JCZA1X,Committed,0.0,2026-07-09,2026-08-12,DR 2026 - 2026-10-02 (EXCEXP_TLS_000JJKSJR).xlsx,Rebates,1148,TD Sobeys C3F26 RTD 1.42L SILVER PACKAGE  75K
yoy,Fcst Inc Cases is not positive,Sobeys ROC,CG-SOBEY'S ROC,2026,2026,TDL,TDL CAN,000J732EE,Planned,0.0,2026-07-09,2026-08-12,DR 2026 - 2026-10-02 (EXCEXP_TLS_000JJKSJR).xlsx,Rebates,1159,TD Sobeys C3F26 TRIBUTE AD FEES
yoy,Fcst Inc Cases is not positive,Sobeys ROC,CG-SOBEY'S ROC,2026,2026,TDDCR-6/750,CREAMER 6/750ML,000ISEWD1,Committed,0.0,2026-07-30,2026-08-05,DR 2026 - 2026-10-02 (EXCEXP_TLS_000JJKSJR).xlsx,Rebates,1163,TD Wholesale TH Creamers 750ml
yoy,Fcst Inc Cases is not positive,Sobeys ROC,CG-SOBEY'S ROC,2026,2026,6320923704,TDL DARK ROAST CAN 6/825 GR,000JDDCMZ,Committed,0.0,2026-07-30,2026-08-05,DR 2026 - 2026-10-02 (EXCEXP_TLS_000JJKSJR).xlsx,Rebates,1167,TD Sobeys C3F26 Single Serve 30CT
yoy,Fcst Inc Cases is not positive,Sobeys ROC,CG-SOBEY'S ROC,2026,2026,6320923703,TDL COFFEE FINE GRIND CAN 6/875 GR,000JDDCMZ,Committed,0.0,2026-07-30,2026-08-05,DR 2026 - 2026-10-02 (EXCEXP_TLS_000JJKSJR).xlsx,Rebates,1168,TD Sobeys C3F26 Single Serve 30CT
yoy,Fcst Inc Cases is not positive,Sobeys ROC,CG-SOBEY'S ROC,2026,2026,TDL,TDL CAN,000ISF5SB,Planned,0.0,2026-08-01,2026-08-31,DR 2026 - 2026-10-02 (EXCEXP_TLS_000JJKSJR).xlsx,Rebates,1177,TD Sob National Golf
yoy,Fcst Inc Cases is not positive,Sobeys ROC,CG-SOBEY'S ROC,2026,2026,TDSSKC-4/48,SS KCOMP 4/48CT,000JE6AHB,Committed,0.0,2026-08-05,2026-08-12,DR 2026 - 2026-10-02 (EXCEXP_TLS_000JJKSJR).xlsx,Rebates,1179,TD Sobeys C3F26 K-cup 48CT LS AD FEES 15k IN LIEU OF 2025 LT
yoy,Fcst Inc Cases is not positive,Sobeys ROC,CG-SOBEY'S ROC,2026,2026,TDRGSB-6/300,R&G SMALL BAG 6/300GR,000J6XSFS,Committed,0.0,2026-08-13,2026-09-16,DR 2026 - 2026-10-02 (EXCEXP_TLS_000JJKSJR).xlsx,Rebates,1181,TD Sobeys C4F26 LS AD FEES 75k IN LIEU OF 2025 LT CRC
yoy,Fcst Inc Cases is not positive,Sobeys ROC,CG-SOBEY'S ROC,2026,2026,TDHBHC-36/500,HB HOT CHOCOLATE 36/500GR,000ISEX9E,Committed,0.0,2026-08-13,2026-09-16,DR 2026 - 2026-10-02 (EXCEXP_TLS_000JJKSJR).xlsx,Rebates,1194,TD Sobeys C4F26 Hot Beverage
yoy,Fcst Inc Cases is not positive,Sobeys ROC,CG-SOBEY'S ROC,2026,2026,TDNC-32/10,NCOMP 32/10CT,000ISF52K,Committed,0.0,2026-08-13,2026-09-16,DR 2026 - 2026-10-02 (EXCEXP_TLS_000JJKSJR).xlsx,Rebates,1199,TD Sobeys C4F26 Nespresso & Tassimo
yoy,Fcst Inc Cases is not positive,Sobeys ROC,CG-SOBEY'S ROC,2026,2026,TDRDIC-6/142,ICED COFFEE 6/1.42L,000JC7FTF,Committed,0.0,2026-08-13,2026-09-30,DR 2026 - 2026-10-02 (EXCEXP_TLS_000JJKSJR).xlsx,Rebates,1220,TD Freshco C4F26 RTD display 70k
yoy,Fcst Inc Cases is not positive,Sobeys ROC,CG-SOBEY'S ROC,2026,2026,TDL,TDL CAN,000ISF1WA,Planned,0.0,2026-08-07,2026-08-07,DR 2026 - 2026-10-02 (EXCEXP_TLS_000JJKSJR).xlsx,Rebates,1230,TD FRESHCO Golf Tournament
yoy,Fcst Inc Cases is not positive,Sobeys ROC,CG-SOBEY'S ROC,2026,2026,TDSSKC-6/12,SS KCOMP 6/12CT,000ISF6SX,Committed,0.0,2026-08-13,2026-09-30,DR 2026 - 2026-10-02 (EXCEXP_TLS_000JJKSJR).xlsx,Rebates,1238,TD Freshco TH Back School Event Lumpsum
yoy,Fcst Inc Cases is not positive,Sobeys ROC,CG-SOBEY'S ROC,2026,2026,TDDCR-6/750,CREAMER 6/750ML,000ISF77S,Committed,0.0,2026-08-27,2026-09-02,DR 2026 - 2026-10-02 (EXCEXP_TLS_000JJKSJR).xlsx,Rebates,1240,TD Wholesale TH Creamers 750ml
yoy,Fcst Inc Cases is not positive,Sobeys ROC,CG-SOBEY'S ROC,2026,2026,TDSSKC-1/30,SS KCOMP 1/30CT,000ISF3V2,Committed,0.0,2026-08-27,2026-09-02,DR 2026 - 2026-10-02 (EXCEXP_TLS_000JJKSJR).xlsx,Rebates,1244,TD Wholesale P9 30ct
yoy,Fcst Inc Cases is not positive,Sobeys ROC,CG-SOBEY'S ROC,2026,2026,TDTB-9/20,TEA BAG 9/20CT,000ISF6OS,Committed,0.0,2026-08-27,2026-09-02,DR 2026 - 2026-10-02 (EXCEXP_TLS_000JJKSJR).xlsx,Rebates,1246,TD Sobeys C4F26 Tea & Instant 100gr
yoy,Fcst Inc Cases is not positive,Sobeys ROC,CG-SOBEY'S ROC,2026,2026,TDSSKC-4/48,SS KCOMP 4/48CT,000JE6AHM,Committed,0.0,2026-09-09,2026-09-16,DR 2026 - 2026-10-02 (EXCEXP_TLS_000JJKSJR).xlsx,Rebates,1265,TD Sobeys C4F26 K-cup 48CT LS AD FEES 15k IN LIEU OF 2025 LT
yoy,Fcst Inc Cases is not positive,Sobeys ROC,CG-SOBEY'S ROC,2026,2026,TDDCR-6/750,CREAMER 6/750ML,000ISF780,Committed,0.0,2026-09-17,2026-10-21,DR 2026 - 2026-10-02 (EXCEXP_TLS_000JJKSJR).xlsx,Rebates,1272,TD Wholesale TH Creamers 750ml
yoy,Fcst Inc Cases is not positive,Sobeys ROC,CG-SOBEY'S ROC,2026,2026,TDIC-12/100,INSTANT COFFEE 12/100GR,000ISF1ZS,Committed,0.0,2026-09-17,2026-10-21,DR 2026 - 2026-10-02 (EXCEXP_TLS_000JJKSJR).xlsx,Rebates,1274,TD Wholesale  instant Jars 100g
yoy,Promo status outside dashboard methodology,Sobeys ROC,CG-SOBEY'S ROC,2026,2026,TDRGSB-6/300,R&G SMALL BAG 6/300GR,000JJ3LYK,Pending,0.0,2026-09-23,2026-10-21,DR 2026 - 2026-10-02 (EXCEXP_TLS_000JJKSJR).xlsx,Rebates,1305,TD Sobeys C5F26 Silver Package
yoy,Fcst Inc Cases is not positive,Sobeys ROC,CG-SOBEY'S ROC,2026,2026,6320923397,*TDL PKS/CMT/ORG KCUP DISPLAY 48/12CT,000ISF3XB,Planned,0.0,2026-09-25,2026-09-25,DR 2026 - 2026-10-02 (EXCEXP_TLS_000JJKSJR).xlsx,Rebates,1313,TD Sobeys C6 Clearout Funding BOI Displays
yoy,Fcst Inc Cases is not positive,Sobeys ROC,CG-SOBEY'S ROC,2026,2026,TDSHSP-192/540,SOUPS 192/540ML,000ISEZDJ,Planned,0.0,2026-10-14,2026-10-21,DR 2026 - 2026-10-02 (EXCEXP_TLS_000JJKSJR).xlsx,Rebates,1318,TD Sobeys C5F26 540ml BPG
yoy,Fcst Inc Cases is not positive,Sobeys ROC,CG-SOBEY'S ROC,2026,2026,TDSHHB-12/425,HOT BOWLS 12/425GR,000ISEZDJ,Planned,0.0,2026-10-14,2026-10-21,DR 2026 - 2026-10-02 (EXCEXP_TLS_000JJKSJR).xlsx,Rebates,1320,TD Sobeys C5F26 540ml BPG
yoy,Promo status outside dashboard methodology,Sobeys ROC,CG-SOBEY'S ROC,2026,2026,TDRGSB-6/300,R&G SMALL BAG 6/300GR,000JIJRUL,Pending,845.0,2026-10-22,2026-11-25,DR 2026 - 2026-10-02 (EXCEXP_TLS_000JJKSJR).xlsx,Rebates,1326,TD Sobeys C6F26 Roast & Ground 300gr
yoy,Promo status outside dashboard methodology,Sobeys ROC,CG-SOBEY'S ROC,2026,2026,TDRGSB-48/300,R&G SMALL BAG 48/300GR,000JIJRUL,Pending,0.0,2026-10-22,2026-11-25,DR 2026 - 2026-10-02 (EXCEXP_TLS_000JJKSJR).xlsx,Rebates,1327,TD Sobeys C6F26 Roast & Ground 300gr
yoy,Promo status outside dashboard methodology,Sobeys ROC,CG-SOBEY'S ROC,2026,2026,TDRGLC-6/930,R&G LARGE CAN 6/930GR,000JGL0RF,Pending,0.0,2026-10-22,2026-11-25,DR 2026 - 2026-10-02 (EXCEXP_TLS_000JJKSJR).xlsx,Rebates,1332,TD Sobeys C6F26 75k LS
yoy,Fcst Inc Cases is not positive,Sobeys ROC,CG-SOBEY'S ROC,2026,2026,TDSHSP,SOUPS,000J6XSHH,Committed,0.0,2026-10-22,2026-10-28,DR 2026 - 2026-10-02 (EXCEXP_TLS_000JJKSJR).xlsx,Rebates,1336,TD Sobeys C6F26 Silver package Soups 284ml
yoy,Fcst Inc Cases is not positive,Sobeys ROC,CG-SOBEY'S ROC,2026,2026,TDNC-32/10,NCOMP 32/10CT,000ISEZE5,Committed,0.0,2026-10-22,2026-11-25,DR 2026 - 2026-10-02 (EXCEXP_TLS_000JJKSJR).xlsx,Rebates,1356,TD Sobeys C6F26 Instant & Nespresso
yoy,Fcst Inc Cases is not positive,Sobeys ROC,CG-SOBEY'S ROC,2026,2026,TDPBM-6/322,BISCUIT MIX 6/322GR,000JF2950,Committed,0.0,2026-10-29,2026-11-25,DR 2026 - 2026-10-02 (EXCEXP_TLS_000JJKSJR).xlsx,Rebates,1373,TD Sobeys C6F26 Popeyes Biscuit
yoy,Promo status outside dashboard methodology,Sobeys ROC,CG-SOBEY'S ROC,2026,2026,TDRDIC-6/142,ICED COFFEE 6/1.42L,000JIMPQD,Pending,612.0,2026-10-22,2026-11-25,DR 2026 - 2026-10-02 (EXCEXP_TLS_000JJKSJR).xlsx,Rebates,1380,TD Sobeys C6F26 RTD 1.42L Community
yoy,Fcst Inc Cases is not positive,Sobeys ROC,CG-SOBEY'S ROC,2026,2026,TDL,TDL CAN,000ISEZF3,Planned,0.0,2026-10-31,2026-12-30,DR 2026 - 2026-10-02 (EXCEXP_TLS_000JJKSJR).xlsx,Rebates,1394,TD Sob ATL Gift Gala Sponsor
yoy,Promo status outside dashboard methodology,Sobeys ROC,CG-SOBEY'S ROC,2026,2026,TDSSKC-4/30,SS KCOMP 4/30CT,000JGL0S5,Pending,0.0,2026-11-12,2026-12-30,DR 2026 - 2026-10-02 (EXCEXP_TLS_000JJKSJR).xlsx,Rebates,1405,TD Freshco Holiday event LS
yoy,Fcst Inc Cases is not positive,Sobeys ROC,CG-SOBEY'S ROC,2026,2026,TDSSKC-16/30,SS KCOMP 16/30CT,000ISF1VH,Committed,0.0,2026-11-12,2026-12-31,DR 2026 - 2026-10-02 (EXCEXP_TLS_000JJKSJR).xlsx,Rebates,1408,TD Freshco TH 30ct/Large Tins Holiday event
yoy,Fcst Inc Cases is not positive,Sobeys ROC,CG-SOBEY'S ROC,2026,2026,TDPS-6/473,SAUCES 6/473ML,000JGSZSS,Committed,0.0,2026-11-20,2026-12-30,DR 2026 - 2026-10-02 (EXCEXP_TLS_000JJKSJR).xlsx,Rebates,1413,TD Sobeys C7F26 Popeyes Bronze Package Sauce
yoy,Fcst Inc Cases is not positive,Sobeys ROC,CG-SOBEY'S ROC,2026,2026,TDDCR-6/750,CREAMER 6/750ML,000ISEWBE,Planned,0.0,2026-11-27,2026-12-30,DR 2026 - 2026-10-02 (EXCEXP_TLS_000JJKSJR).xlsx,Rebates,1417,TD Wholesale TH Creamers 750ml
yoy,Promo status outside dashboard methodology,Sobeys ROC,CG-SOBEY'S ROC,2026,2026,TDRDIC-6/142,ICED COFFEE 6/1.42L,000JIMPQX,Pending,1300.0,2026-11-26,2026-12-31,DR 2026 - 2026-10-02 (EXCEXP_TLS_000JJKSJR).xlsx,Rebates,1419,TD Sobeys C7F26 RTD 1.42L
yoy,Promo status outside dashboard methodology,Sobeys ROC,CG-SOBEY'S ROC,2026,2026,TDSHSP-192/540,SOUPS 192/540ML,000JJ8Z8P,Pending,0.0,2026-01-01,2027-02-11,DR 2026 - 2026-10-02 (EXCEXP_TLS_000JJKSJR).xlsx,Rebates,1459,TD Sobeys C8F26 Soup 540ml & Chilli-No Volume yet
yoy,Promo status outside dashboard methodology,Sobeys ROC,CG-SOBEY'S ROC,2026,2026,TDSHSP-12/540,SOUPS 12/540ML,000JJ8Z8P,Pending,0.0,2026-01-01,2027-02-11,DR 2026 - 2026-10-02 (EXCEXP_TLS_000JJKSJR).xlsx,Rebates,1460,TD Sobeys C8F26 Soup 540ml & Chilli-No Volume yet
yoy,Promo status outside dashboard methodology,Sobeys ROC,CG-SOBEY'S ROC,2026,2026,TDSHHB-12/425,HOT BOWLS 12/425GR,000JJ8Z8P,Pending,0.0,2026-01-01,2027-02-11,DR 2026 - 2026-10-02 (EXCEXP_TLS_000JJKSJR).xlsx,Rebates,1461,TD Sobeys C8F26 Soup 540ml & Chilli-No Volume yet
yoy,Fcst Inc Cases is not positive,Amazon,NA-AMAZON CANADA,2026,2026,TDL,TDL CAN,000ITPMZC,Committed,0.0,2026-01-01,2026-01-31,DR 2026 - 2026-10-02 (EXCEXP_TLS_000JJKSJR).xlsx,Rebates,1463,TD 2026 Amzn B2B $50k Accrual - monthly payment January
yoy,Fcst Inc Cases is not positive,Amazon,NA-AMAZON CANADA,2026,2026,TDL,TDL CAN,000ITPMUK,Committed,0.0,2026-05-31,2026-12-30,DR 2026 - 2026-10-02 (EXCEXP_TLS_000JJKSJR).xlsx,Rebates,1465,TD 2026 Amzn Marketing Co-Op $100k annual
yoy,Fcst Inc Cases is not positive,Amazon,NA-AMAZON CANADA,2026,2026,TDTB-6/20,TEA BAG 6/20CT,000IWFCGD,Closed,0.0,2026-01-26,2026-01-26,DR 2026 - 2026-10-02 (EXCEXP_TLS_000JJKSJR).xlsx,Rebates,1467,TD 2026 Amzn Business - Jan Bulk Buy Offer - Kcup 12ct
yoy,Fcst Inc Cases is not positive,Amazon,NA-AMAZON CANADA,2026,2026,6320917204,TDL VANILLA BLACK TEA 6/20 CT,000IWFCGD,Closed,0.0,2026-01-26,2026-01-26,DR 2026 - 2026-10-02 (EXCEXP_TLS_000JJKSJR).xlsx,Rebates,1468,TD 2026 Amzn Business - Jan Bulk Buy Offer - Kcup 12ct
yoy,Fcst Inc Cases is not positive,Amazon,NA-AMAZON CANADA,2026,2026,6320915575,TDL POTATO BACON 12/540 ML,000IWFCGD,Closed,0.0,2026-01-26,2026-01-26,DR 2026 - 2026-10-02 (EXCEXP_TLS_000JJKSJR).xlsx,Rebates,1469,TD 2026 Amzn Business - Jan Bulk Buy Offer - Kcup 12ct
yoy,Fcst Inc Cases is not positive,Amazon,NA-AMAZON CANADA,2026,2026,6320918583,TDL NCOMP DECAF ESPRESSO JDE 10/10 CT,000IWFCGD,Closed,0.0,2026-01-26,2026-01-26,DR 2026 - 2026-10-02 (EXCEXP_TLS_000JJKSJR).xlsx,Rebates,1470,TD 2026 Amzn Business - Jan Bulk Buy Offer - Kcup 12ct
yoy,Fcst Inc Cases is not positive,Amazon,NA-AMAZON CANADA,2026,2026,6320919832,TDL NCOMP DARK LUNGO 10/10 CT,000IWFCGD,Closed,0.0,2026-01-26,2026-01-26,DR 2026 - 2026-10-02 (EXCEXP_TLS_000JJKSJR).xlsx,Rebates,1471,TD 2026 Amzn Business - Jan Bulk Buy Offer - Kcup 12ct
yoy,Fcst Inc Cases is not positive,Amazon,NA-AMAZON CANADA,2026,2026,6320918580,TDL NCOMP CLASSIC LUNGO JDE 10/10 CT,000IWFCGD,Closed,0.0,2026-01-26,2026-01-26,DR 2026 - 2026-10-02 (EXCEXP_TLS_000JJKSJR).xlsx,Rebates,1472,TD 2026 Amzn Business - Jan Bulk Buy Offer - Kcup 12ct
yoy,Fcst Inc Cases is not positive,Amazon,NA-AMAZON CANADA,2026,2026,6320919834,TDL NCOMP CARAMEL ESPRESSO JDE 10/10 CT,000IWFCGD,Closed,0.0,2026-01-26,2026-01-26,DR 2026 - 2026-10-02 (EXCEXP_TLS_000JJKSJR).xlsx,Rebates,1473,TD 2026 Amzn Business - Jan Bulk Buy Offer - Kcup 12ct
yoy,Fcst Inc Cases is not positive,Amazon,NA-AMAZON CANADA,2026,2026,6320918581,TDL NCOMP BRIGHT ESPRESSO JDE 10/10 CT,000IWFCGD,Closed,0.0,2026-01-26,2026-01-26,DR 2026 - 2026-10-02 (EXCEXP_TLS_000JJKSJR).xlsx,Rebates,1474,TD 2026 Amzn Business - Jan Bulk Buy Offer - Kcup 12ct
yoy,Fcst Inc Cases is not positive,Amazon,NA-AMAZON CANADA,2026,2026,6320918582,TDL NCOMP BOLD ESPRESSO JDE 10/10 CT,000IWFCGD,Closed,0.0,2026-01-26,2026-01-26,DR 2026 - 2026-10-02 (EXCEXP_TLS_000JJKSJR).xlsx,Rebates,1475,TD 2026 Amzn Business - Jan Bulk Buy Offer - Kcup 12ct
yoy,Fcst Inc Cases is not positive,Amazon,NA-AMAZON CANADA,2026,2026,6320919183,TDL MINESTRONE 12/540 ML,000IWFCGD,Closed,0.0,2026-01-26,2026-01-26,DR 2026 - 2026-10-02 (EXCEXP_TLS_000JJKSJR).xlsx,Rebates,1476,TD 2026 Amzn Business - Jan Bulk Buy Offer - Kcup 12ct
yoy,Fcst Inc Cases is not positive,Amazon,NA-AMAZON CANADA,2026,2026,6320911794,TDL INSTANT COFFEE LIGHT 12/100 GR,000IWFCGD,Closed,0.0,2026-01-26,2026-01-26,DR 2026 - 2026-10-02 (EXCEXP_TLS_000JJKSJR).xlsx,Rebates,1478,TD 2026 Amzn Business - Jan Bulk Buy Offer - Kcup 12ct
yoy,Fcst Inc Cases is not positive,Amazon,NA-AMAZON CANADA,2026,2026,6320911793,TDL INSTANT COFFEE DECAF 12/100 GR,000IWFCGD,Closed,0.0,2026-01-26,2026-01-26,DR 2026 - 2026-10-02 (EXCEXP_TLS_000JJKSJR).xlsx,Rebates,1479,TD 2026 Amzn Business - Jan Bulk Buy Offer - Kcup 12ct
yoy,Fcst Inc Cases is not positive,Amazon,NA-AMAZON CANADA,2026,2026,6320914642,TDL INSTANT COFFEE DARK 12/100 GR,000IWFCGD,Closed,0.0,2026-01-26,2026-01-26,DR 2026 - 2026-10-02 (EXCEXP_TLS_000JJKSJR).xlsx,Rebates,1480,TD 2026 Amzn Business - Jan Bulk Buy Offer - Kcup 12ct
yoy,Fcst Inc Cases is not positive,Amazon,NA-AMAZON CANADA,2026,2026,6320915074,TDL HOT CHOC / FV PACKET 4/24 EA,000IWFCGD,Closed,0.0,2026-01-26,2026-01-26,DR 2026 - 2026-10-02 (EXCEXP_TLS_000JJKSJR).xlsx,Rebates,1481,TD 2026 Amzn Business - Jan Bulk Buy Offer - Kcup 12ct
yoy,Fcst Inc Cases is not positive,Amazon,NA-AMAZON CANADA,2026,2026,6320914197,TDL GRANOLA BAR SALTED CARAMEL 12/5 EA,000IWFCGD,Closed,0.0,2026-01-26,2026-01-26,DR 2026 - 2026-10-02 (EXCEXP_TLS_000JJKSJR).xlsx,Rebates,1482,TD 2026 Amzn Business - Jan Bulk Buy Offer - Kcup 12ct
yoy,Fcst Inc Cases is not positive,Amazon,NA-AMAZON CANADA,2026,2026,6320916556,TDL GRANOLA BAR BLUEBERRY 12/5 EA,000IWFCGD,Closed,0.0,2026-01-26,2026-01-26,DR 2026 - 2026-10-02 (EXCEXP_TLS_000JJKSJR).xlsx,Rebates,1483,TD 2026 Amzn Business - Jan Bulk Buy Offer - Kcup 12ct
yoy,Fcst Inc Cases is not positive,Amazon,NA-AMAZON CANADA,2026,2026,6320914195,TDL GRANOLA BAR APPLE FRITTER 12/5 EA,000IWFCGD,Closed,0.0,2026-01-26,2026-01-26,DR 2026 - 2026-10-02 (EXCEXP_TLS_000JJKSJR).xlsx,Rebates,1484,TD 2026 Amzn Business - Jan Bulk Buy Offer - Kcup 12ct
yoy,Fcst Inc Cases is not positive,Amazon,NA-AMAZON CANADA,2026,2026,6320916881,TDL DOUBLE DOUBLE PACKET 5/8 EA,000IWFCGD,Closed,0.0,2026-01-26,2026-01-26,DR 2026 - 2026-10-02 (EXCEXP_TLS_000JJKSJR).xlsx,Rebates,1485,TD 2026 Amzn Business - Jan Bulk Buy Offer - Kcup 12ct
yoy,Fcst Inc Cases is not positive,Amazon,NA-AMAZON CANADA,2026,2026,6320919180,TDL CREAMY CHICKEN 12/540 ML,000IWFCGD,Closed,0.0,2026-01-26,2026-01-26,DR 2026 - 2026-10-02 (EXCEXP_TLS_000JJKSJR).xlsx,Rebates,1486,TD 2026 Amzn Business - Jan Bulk Buy Offer - Kcup 12ct
yoy,Fcst Inc Cases is not positive,Amazon,NA-AMAZON CANADA,2026,2026,6320917201,TDL BUTTERNUT SQUASH 12/540 ML,000IWFCGD,Closed,0.0,2026-01-26,2026-01-26,DR 2026 - 2026-10-02 (EXCEXP_TLS_000JJKSJR).xlsx,Rebates,1487,TD 2026 Amzn Business - Jan Bulk Buy Offer - Kcup 12ct
yoy,Fcst Inc Cases is not positive,Amazon,NA-AMAZON CANADA,2026,2026,6320922294,TDL BEEF BARLEY + VEGETABLES 12/540 ML,000IWFCGD,Closed,0.0,2026-01-26,2026-01-26,DR 2026 - 2026-10-02 (EXCEXP_TLS_000JJKSJR).xlsx,Rebates,1488,TD 2026 Amzn Business - Jan Bulk Buy Offer - Kcup 12ct
yoy,Fcst Inc Cases is not positive,Amazon,NA-AMAZON CANADA,2026,2026,TDL,TDL CAN,000ITPMY5,Committed,0.0,2026-01-31,2026-02-28,DR 2026 - 2026-10-02 (EXCEXP_TLS_000JJKSJR).xlsx,Rebates,1513,TD 2026 Amzn B2B $50k Accrual - monthly payment February
yoy,Fcst Inc Cases is not positive,Amazon,NA-AMAZON CANADA,2026,2026,TDTB-6/20,TEA BAG 6/20CT,000IWNXEA,Closed,0.0,2026-02-25,2026-02-25,DR 2026 - 2026-10-02 (EXCEXP_TLS_000JJKSJR).xlsx,Rebates,1515,TD 2026 Amzn Business - Feb Bulk Buy Offer- Tea
yoy,Fcst Inc Cases is not positive,Amazon,NA-AMAZON CANADA,2026,2026,6320917204,TDL VANILLA BLACK TEA 6/20 CT,000IWNXEA,Closed,0.0,2026-02-25,2026-02-25,DR 2026 - 2026-10-02 (EXCEXP_TLS_000JJKSJR).xlsx,Rebates,1516,TD 2026 Amzn Business - Feb Bulk Buy Offer- Tea
yoy,Fcst Inc Cases is not positive,Amazon,NA-AMAZON CANADA,2026,2026,6320915575,TDL POTATO BACON 12/540 ML,000IWNXEA,Closed,0.0,2026-02-25,2026-02-25,DR 2026 - 2026-10-02 (EXCEXP_TLS_000JJKSJR).xlsx,Rebates,1517,TD 2026 Amzn Business - Feb Bulk Buy Offer- Tea
yoy,Fcst Inc Cases is not positive,Amazon,NA-AMAZON CANADA,2026,2026,6320918583,TDL NCOMP DECAF ESPRESSO JDE 10/10 CT,000IWNXEA,Closed,0.0,2026-02-25,2026-02-25,DR 2026 - 2026-10-02 (EXCEXP_TLS_000JJKSJR).xlsx,Rebates,1518,TD 2026 Amzn Business - Feb Bulk Buy Offer- Tea
yoy,Fcst Inc Cases is not positive,Amazon,NA-AMAZON CANADA,2026,2026,6320919832,TDL NCOMP DARK LUNGO 10/10 CT,000IWNXEA,Closed,0.0,2026-02-25,2026-02-25,DR 2026 - 2026-10-02 (EXCEXP_TLS_000JJKSJR).xlsx,Rebates,1519,TD 2026 Amzn Business - Feb Bulk Buy Offer- Tea
yoy,Fcst Inc Cases is not positive,Amazon,NA-AMAZON CANADA,2026,2026,6320918580,TDL NCOMP CLASSIC LUNGO JDE 10/10 CT,000IWNXEA,Closed,0.0,2026-02-25,2026-02-25,DR 2026 - 2026-10-02 (EXCEXP_TLS_000JJKSJR).xlsx,Rebates,1520,TD 2026 Amzn Business - Feb Bulk Buy Offer- Tea
yoy,Fcst Inc Cases is not positive,Amazon,NA-AMAZON CANADA,2026,2026,6320919834,TDL NCOMP CARAMEL ESPRESSO JDE 10/10 CT,000IWNXEA,Closed,0.0,2026-02-25,2026-02-25,DR 2026 - 2026-10-02 (EXCEXP_TLS_000JJKSJR).xlsx,Rebates,1521,TD 2026 Amzn Business - Feb Bulk Buy Offer- Tea
yoy,Fcst Inc Cases is not positive,Amazon,NA-AMAZON CANADA,2026,2026,6320918581,TDL NCOMP BRIGHT ESPRESSO JDE 10/10 CT,000IWNXEA,Closed,0.0,2026-02-25,2026-02-25,DR 2026 - 2026-10-02 (EXCEXP_TLS_000JJKSJR).xlsx,Rebates,1522,TD 2026 Amzn Business - Feb Bulk Buy Offer- Tea
yoy,Fcst Inc Cases is not positive,Amazon,NA-AMAZON CANADA,2026,2026,6320918582,TDL NCOMP BOLD ESPRESSO JDE 10/10 CT,000IWNXEA,Closed,0.0,2026-02-25,2026-02-25,DR 2026 - 2026-10-02 (EXCEXP_TLS_000JJKSJR).xlsx,Rebates,1523,TD 2026 Amzn Business - Feb Bulk Buy Offer- Tea
yoy,Fcst Inc Cases is not positive,Amazon,NA-AMAZON CANADA,2026,2026,6320919183,TDL MINESTRONE 12/540 ML,000IWNXEA,Closed,0.0,2026-02-25,2026-02-25,DR 2026 - 2026-10-02 (EXCEXP_TLS_000JJKSJR).xlsx,Rebates,1524,TD 2026 Amzn Business - Feb Bulk Buy Offer- Tea
yoy,Fcst Inc Cases is not positive,Amazon,NA-AMAZON CANADA,2026,2026,6320911794,TDL INSTANT COFFEE LIGHT 12/100 GR,000IWNXEA,Closed,0.0,2026-02-25,2026-02-25,DR 2026 - 2026-10-02 (EXCEXP_TLS_000JJKSJR).xlsx,Rebates,1526,TD 2026 Amzn Business - Feb Bulk Buy Offer- Tea
yoy,Fcst Inc Cases is not positive,Amazon,NA-AMAZON CANADA,2026,2026,6320911793,TDL INSTANT COFFEE DECAF 12/100 GR,000IWNXEA,Closed,0.0,2026-02-25,2026-02-25,DR 2026 - 2026-10-02 (EXCEXP_TLS_000JJKSJR).xlsx,Rebates,1527,TD 2026 Amzn Business - Feb Bulk Buy Offer- Tea
yoy,Fcst Inc Cases is not positive,Amazon,NA-AMAZON CANADA,2026,2026,6320914642,TDL INSTANT COFFEE DARK 12/100 GR,000IWNXEA,Closed,0.0,2026-02-25,2026-02-25,DR 2026 - 2026-10-02 (EXCEXP_TLS_000JJKSJR).xlsx,Rebates,1528,TD 2026 Amzn Business - Feb Bulk Buy Offer- Tea
yoy,Fcst Inc Cases is not positive,Amazon,NA-AMAZON CANADA,2026,2026,6320915074,TDL HOT CHOC / FV PACKET 4/24 EA,000IWNXEA,Closed,0.0,2026-02-25,2026-02-25,DR 2026 - 2026-10-02 (EXCEXP_TLS_000JJKSJR).xlsx,Rebates,1529,TD 2026 Amzn Business - Feb Bulk Buy Offer- Tea
yoy,Fcst Inc Cases is not positive,Amazon,NA-AMAZON CANADA,2026,2026,6320914197,TDL GRANOLA BAR SALTED CARAMEL 12/5 EA,000IWNXEA,Closed,0.0,2026-02-25,2026-02-25,DR 2026 - 2026-10-02 (EXCEXP_TLS_000JJKSJR).xlsx,Rebates,1530,TD 2026 Amzn Business - Feb Bulk Buy Offer- Tea
yoy,Fcst Inc Cases is not positive,Amazon,NA-AMAZON CANADA,2026,2026,6320916556,TDL GRANOLA BAR BLUEBERRY 12/5 EA,000IWNXEA,Closed,0.0,2026-02-25,2026-02-25,DR 2026 - 2026-10-02 (EXCEXP_TLS_000JJKSJR).xlsx,Rebates,1531,TD 2026 Amzn Business - Feb Bulk Buy Offer- Tea
yoy,Fcst Inc Cases is not positive,Amazon,NA-AMAZON CANADA,2026,2026,6320914195,TDL GRANOLA BAR APPLE FRITTER 12/5 EA,000IWNXEA,Closed,0.0,2026-02-25,2026-02-25,DR 2026 - 2026-10-02 (EXCEXP_TLS_000JJKSJR).xlsx,Rebates,1532,TD 2026 Amzn Business - Feb Bulk Buy Offer- Tea
yoy,Fcst Inc Cases is not positive,Amazon,NA-AMAZON CANADA,2026,2026,6320916881,TDL DOUBLE DOUBLE PACKET 5/8 EA,000IWNXEA,Closed,0.0,2026-02-25,2026-02-25,DR 2026 - 2026-10-02 (EXCEXP_TLS_000JJKSJR).xlsx,Rebates,1533,TD 2026 Amzn Business - Feb Bulk Buy Offer- Tea
yoy,Fcst Inc Cases is not positive,Amazon,NA-AMAZON CANADA,2026,2026,6320919180,TDL CREAMY CHICKEN 12/540 ML,000IWNXEA,Closed,0.0,2026-02-25,2026-02-25,DR 2026 - 2026-10-02 (EXCEXP_TLS_000JJKSJR).xlsx,Rebates,1534,TD 2026 Amzn Business - Feb Bulk Buy Offer- Tea
yoy,Fcst Inc Cases is not positive,Amazon,NA-AMAZON CANADA,2026,2026,6320917201,TDL BUTTERNUT SQUASH 12/540 ML,000IWNXEA,Closed,0.0,2026-02-25,2026-02-25,DR 2026 - 2026-10-02 (EXCEXP_TLS_000JJKSJR).xlsx,Rebates,1535,TD 2026 Amzn Business - Feb Bulk Buy Offer- Tea
yoy,Fcst Inc Cases is not positive,Amazon,NA-AMAZON CANADA,2026,2026,6320922294,TDL BEEF BARLEY + VEGETABLES 12/540 ML,000IWNXEA,Closed,0.0,2026-02-25,2026-02-25,DR 2026 - 2026-10-02 (EXCEXP_TLS_000JJKSJR).xlsx,Rebates,1536,TD 2026 Amzn Business - Feb Bulk Buy Offer- Tea
yoy,Fcst Inc Cases is not positive,Amazon,NA-AMAZON CANADA,2026,2026,6320915575,TDL POTATO BACON 12/540 ML,000IW1257,Closed,0.0,2026-02-26,2026-02-26,DR 2026 - 2026-10-02 (EXCEXP_TLS_000JJKSJR).xlsx,Rebates,1540,TD 2026 Amzn Business - Feb Bulk Buy Offer
yoy,Fcst Inc Cases is not positive,Amazon,NA-AMAZON CANADA,2026,2026,6320914642,TDL INSTANT COFFEE DARK 12/100 GR,000IW1257,Closed,0.0,2026-02-26,2026-02-26,DR 2026 - 2026-10-02 (EXCEXP_TLS_000JJKSJR).xlsx,Rebates,1551,TD 2026 Amzn Business - Feb Bulk Buy Offer
yoy,Fcst Inc Cases is not positive,Amazon,NA-AMAZON CANADA,2026,2026,6320915074,TDL HOT CHOC / FV PACKET 4/24 EA,000IW1257,Closed,0.0,2026-02-26,2026-02-26,DR 2026 - 2026-10-02 (EXCEXP_TLS_000JJKSJR).xlsx,Rebates,1552,TD 2026 Amzn Business - Feb Bulk Buy Offer
yoy,Fcst Inc Cases is not positive,Amazon,NA-AMAZON CANADA,2026,2026,6320916556,TDL GRANOLA BAR BLUEBERRY 12/5 EA,000IW1257,Closed,0.0,2026-02-26,2026-02-26,DR 2026 - 2026-10-02 (EXCEXP_TLS_000JJKSJR).xlsx,Rebates,1554,TD 2026 Amzn Business - Feb Bulk Buy Offer
yoy,Fcst Inc Cases is not positive,Amazon,NA-AMAZON CANADA,2026,2026,6320919180,TDL CREAMY CHICKEN 12/540 ML,000IW1257,Closed,0.0,2026-02-26,2026-02-26,DR 2026 - 2026-10-02 (EXCEXP_TLS_000JJKSJR).xlsx,Rebates,1557,TD 2026 Amzn Business - Feb Bulk Buy Offer
yoy,Fcst Inc Cases is not positive,Amazon,NA-AMAZON CANADA,2026,2026,TDL,TDL CAN,000ITPMZ7,Committed,0.0,2026-02-28,2026-03-31,DR 2026 - 2026-10-02 (EXCEXP_TLS_000JJKSJR).xlsx,Rebates,1561,TD 2026 Amzn B2B $50k Accrual - monthly payment March
yoy,Fcst Inc Cases is not positive,Amazon,NA-AMAZON CANADA,2026,2026,TDL,TDL CAN,000ITPMZ2,Committed,0.0,2026-03-31,2026-04-30,DR 2026 - 2026-10-02 (EXCEXP_TLS_000JJKSJR).xlsx,Rebates,1570,TD 2026 Amzn B2B $50k Accrual - monthly payment April
yoy,Fcst Inc Cases is not positive,Amazon,NA-AMAZON CANADA,2026,2026,TDL,TDL CAN,000ITPNHX,Committed,0.0,2026-04-30,2026-05-31,DR 2026 - 2026-10-02 (EXCEXP_TLS_000JJKSJR).xlsx,Rebates,1576,TD 2026 Amzn B2B $50k Accrual - monthly payment May
yoy,Fcst Inc Cases is not positive,Amazon,NA-AMAZON CANADA,2026,2026,6320912804,TDL CREAM OF BROCCOLI 12/540 ML,000JFNTRU,Closed,0.0,2026-07-27,2026-07-27,DR 2026 - 2026-10-02 (EXCEXP_TLS_000JJKSJR).xlsx,Rebates,1614,TD 2026 Amzn - July 27 Bulk Buy
yoy,Fcst Inc Cases is not positive,Amazon,NA-AMAZON CANADA,2026,2026,6320911274,TDL VARIETY KCUP SS 4/30 CT,000JFOQSZ,Closed,0.0,2026-07-28,2026-07-28,DR 2026 - 2026-10-02 (EXCEXP_TLS_000JJKSJR).xlsx,Rebates,1622,TD 2026 Amzn - July 27 Bulk Buy
yoy,Fcst Inc Cases is not positive,Amazon,NA-AMAZON CANADA,2026,2026,6320911273,TDL ORIGINAL KCUP SS 4/30 CT,000JFOQSZ,Closed,0.0,2026-07-28,2026-07-28,DR 2026 - 2026-10-02 (EXCEXP_TLS_000JJKSJR).xlsx,Rebates,1623,TD 2026 Amzn - July 27 Bulk Buy
yoy,Fcst Inc Cases is not positive,Amazon,NA-AMAZON CANADA,2026,2026,6320918583,TDL NCOMP DECAF ESPRESSO JDE 10/10 CT,000JFOQSZ,Closed,0.0,2026-07-28,2026-07-28,DR 2026 - 2026-10-02 (EXCEXP_TLS_000JJKSJR).xlsx,Rebates,1624,TD 2026 Amzn - July 27 Bulk Buy
yoy,Fcst Inc Cases is not positive,Amazon,NA-AMAZON CANADA,2026,2026,6320914723,TDL KCUP ORIGINAL SS 4/48 CT,000JFOQSZ,Closed,0.0,2026-07-28,2026-07-28,DR 2026 - 2026-10-02 (EXCEXP_TLS_000JJKSJR).xlsx,Rebates,1629,TD 2026 Amzn - July 27 Bulk Buy
yoy,Fcst Inc Cases is not positive,Amazon,NA-AMAZON CANADA,2026,2026,6320912574,TDL KCUP ORANGE PEKOE TEA 4/30 CT,000JFOQSZ,Closed,0.0,2026-07-28,2026-07-28,DR 2026 - 2026-10-02 (EXCEXP_TLS_000JJKSJR).xlsx,Rebates,1630,TD 2026 Amzn - July 27 Bulk Buy
yoy,Fcst Inc Cases is not positive,Amazon,NA-AMAZON CANADA,2026,2026,6320916482,TDL KCUP MAPLE SS 6/12 CT,000JFOQSZ,Closed,0.0,2026-07-28,2026-07-28,DR 2026 - 2026-10-02 (EXCEXP_TLS_000JJKSJR).xlsx,Rebates,1631,TD 2026 Amzn - July 27 Bulk Buy
yoy,Fcst Inc Cases is not positive,Amazon,NA-AMAZON CANADA,2026,2026,6320911300,TDL KCUP HOT CHOC ORIGINAL SS 6/10 CT,000JFOQSZ,Closed,0.0,2026-07-28,2026-07-28,DR 2026 - 2026-10-02 (EXCEXP_TLS_000JJKSJR).xlsx,Rebates,1632,TD 2026 Amzn - July 27 Bulk Buy
yoy,Fcst Inc Cases is not positive,Amazon,NA-AMAZON CANADA,2026,2026,6320911855,TDL KCUP FRENCH VANILLA SS 6/12 CT,000JFOQSZ,Closed,0.0,2026-07-28,2026-07-28,DR 2026 - 2026-10-02 (EXCEXP_TLS_000JJKSJR).xlsx,Rebates,1634,TD 2026 Amzn - July 27 Bulk Buy
yoy,Fcst Inc Cases is not positive,Amazon,NA-AMAZON CANADA,2026,2026,6320914562,TDL KCUP FRENCH VANILLA 4/30 CT,000JFOQSZ,Closed,0.0,2026-07-28,2026-07-28,DR 2026 - 2026-10-02 (EXCEXP_TLS_000JJKSJR).xlsx,Rebates,1635,TD 2026 Amzn - July 27 Bulk Buy
yoy,Fcst Inc Cases is not positive,Amazon,NA-AMAZON CANADA,2026,2026,6320911851,TDL KCUP DARK ROAST SS 6/12 CT,000JFOQSZ,Closed,0.0,2026-07-28,2026-07-28,DR 2026 - 2026-10-02 (EXCEXP_TLS_000JJKSJR).xlsx,Rebates,1637,TD 2026 Amzn - July 27 Bulk Buy
yoy,Fcst Inc Cases is not positive,Amazon,NA-AMAZON CANADA,2026,2026,6320911853,TDL KCUP COLOMBIAN SS 6/12 CT,000JFOQSZ,Closed,0.0,2026-07-28,2026-07-28,DR 2026 - 2026-10-02 (EXCEXP_TLS_000JJKSJR).xlsx,Rebates,1639,TD 2026 Amzn - July 27 Bulk Buy
yoy,Fcst Inc Cases is not positive,Amazon,NA-AMAZON CANADA,2026,2026,6320911272,TDL KCUP CAPPUCCNO FRNCH VAN SS 6/10CT,000JFOQSZ,Closed,0.0,2026-07-28,2026-07-28,DR 2026 - 2026-10-02 (EXCEXP_TLS_000JJKSJR).xlsx,Rebates,1640,TD 2026 Amzn - July 27 Bulk Buy
yoy,Fcst Inc Cases is not positive,Amazon,NA-AMAZON CANADA,2026,2026,6320916559,TDL GRANOLA BAR CAFE MOCHA 12/5 EA,000JFOQSZ,Closed,0.0,2026-07-28,2026-07-28,DR 2026 - 2026-10-02 (EXCEXP_TLS_000JJKSJR).xlsx,Rebates,1641,TD 2026 Amzn - July 27 Bulk Buy
yoy,Fcst Inc Cases is not positive,Amazon,NA-AMAZON CANADA,2026,2026,6320911277,TDL DECAF KCUP SS 4/30 CT,000JFOQSZ,Closed,0.0,2026-07-28,2026-07-28,DR 2026 - 2026-10-02 (EXCEXP_TLS_000JJKSJR).xlsx,Rebates,1642,TD 2026 Amzn - July 27 Bulk Buy
yoy,Fcst Inc Cases is not positive,Amazon,NA-AMAZON CANADA,2026,2026,6320911276,TDL DARK ROAST KCUP SS 4/30 CT,000JFOQSZ,Closed,0.0,2026-07-28,2026-07-28,DR 2026 - 2026-10-02 (EXCEXP_TLS_000JJKSJR).xlsx,Rebates,1643,TD 2026 Amzn - July 27 Bulk Buy
yoy,Fcst Inc Cases is not positive,Amazon,NA-AMAZON CANADA,2026,2026,6320919087,TDL DARK ROAST BAG 6/652 GR,000JFOQSZ,Closed,0.0,2026-07-28,2026-07-28,DR 2026 - 2026-10-02 (EXCEXP_TLS_000JJKSJR).xlsx,Rebates,1644,TD 2026 Amzn - July 27 Bulk Buy
yoy,Fcst Inc Cases is not positive,Amazon,NA-AMAZON CANADA,2026,2026,6320917200,TDL CREAM OF MUSHROOM 12/540 ML,000JFOQSZ,Closed,0.0,2026-07-28,2026-07-28,DR 2026 - 2026-10-02 (EXCEXP_TLS_000JJKSJR).xlsx,Rebates,1645,TD 2026 Amzn - July 27 Bulk Buy
yoy,Fcst Inc Cases is not positive,Amazon,NA-AMAZON CANADA,2026,2026,6320912804,TDL CREAM OF BROCCOLI 12/540 ML,000JFOQSZ,Closed,0.0,2026-07-28,2026-07-28,DR 2026 - 2026-10-02 (EXCEXP_TLS_000JJKSJR).xlsx,Rebates,1646,TD 2026 Amzn - July 27 Bulk Buy
yoy,Fcst Inc Cases is not positive,Amazon,NA-AMAZON CANADA,2026,2026,6320912646,TDL CHAI TEA 6/20 CT,000JFOQSZ,Closed,0.0,2026-07-28,2026-07-28,DR 2026 - 2026-10-02 (EXCEXP_TLS_000JJKSJR).xlsx,Rebates,1648,TD 2026 Amzn - July 27 Bulk Buy
yoy,Fcst Inc Cases is not positive,Amazon,NA-AMAZON CANADA,2026,2026,6320909370,TDL CAPPUCCINO FRENCH VANILLA 12/454 GR,000JFOQSZ,Closed,0.0,2026-07-28,2026-07-28,DR 2026 - 2026-10-02 (EXCEXP_TLS_000JJKSJR).xlsx,Rebates,1649,TD 2026 Amzn - July 27 Bulk Buy
yoy,Fcst Inc Cases is not positive,Amazon,NA-AMAZON CANADA,2026,2026,6320920264,TDL CANDY CANE HOT CHOCOLATE 12/450 GR,000JFOQSZ,Closed,0.0,2026-07-28,2026-07-28,DR 2026 - 2026-10-02 (EXCEXP_TLS_000JJKSJR).xlsx,Rebates,1650,TD 2026 Amzn - July 27 Bulk Buy
yoy,Fcst Inc Cases is not positive,Amazon,NA-AMAZON CANADA,2026,2026,6320916882,TDL CAFE MOCHA PACKET 5/8 EA,000JFOQSZ,Closed,0.0,2026-07-28,2026-07-28,DR 2026 - 2026-10-02 (EXCEXP_TLS_000JJKSJR).xlsx,Rebates,1651,TD 2026 Amzn - July 27 Bulk Buy
yoy,Fcst Inc Cases is not positive,Amazon,NA-AMAZON CANADA,2026,2026,6320912645,TDL APPLE CINNAMON TEA 6/20 CT,000JFOQSZ,Closed,0.0,2026-07-28,2026-07-28,DR 2026 - 2026-10-02 (EXCEXP_TLS_000JJKSJR).xlsx,Rebates,1652,TD 2026 Amzn - July 27 Bulk Buy
yoy,Fcst Inc Cases is not positive,Amazon,NA-AMAZON CANADA,2026,2026,6320916482,TDL KCUP MAPLE SS 6/12 CT,000JFOQVN,Closed,0.0,2026-08-24,2026-08-24,DR 2026 - 2026-10-02 (EXCEXP_TLS_000JJKSJR).xlsx,Rebates,1664,TD 2026 Amzn - Aug 24 Bulk Buy
yoy,Fcst Inc Cases is not positive,Amazon,NA-AMAZON CANADA,2026,2026,6320911274,TDL VARIETY KCUP SS 4/30 CT,000JFPND8,Closed,0.0,2026-08-25,2026-08-25,DR 2026 - 2026-10-02 (EXCEXP_TLS_000JJKSJR).xlsx,Rebates,1687,TD 2026 Amzn - Aug 25 Bulk Buy
yoy,Fcst Inc Cases is not positive,Amazon,NA-AMAZON CANADA,2026,2026,6320911273,TDL ORIGINAL KCUP SS 4/30 CT,000JFPND8,Closed,0.0,2026-08-25,2026-08-25,DR 2026 - 2026-10-02 (EXCEXP_TLS_000JJKSJR).xlsx,Rebates,1688,TD 2026 Amzn - Aug 25 Bulk Buy
yoy,Fcst Inc Cases is not positive,Amazon,NA-AMAZON CANADA,2026,2026,6320918583,TDL NCOMP DECAF ESPRESSO JDE 10/10 CT,000JFPND8,Closed,0.0,2026-08-25,2026-08-25,DR 2026 - 2026-10-02 (EXCEXP_TLS_000JJKSJR).xlsx,Rebates,1689,TD 2026 Amzn - Aug 25 Bulk Buy
yoy,Fcst Inc Cases is not positive,Amazon,NA-AMAZON CANADA,2026,2026,6320911393,TDL KCUP TEA SS 6/12 CT,000JFPND8,Closed,0.0,2026-08-25,2026-08-25,DR 2026 - 2026-10-02 (EXCEXP_TLS_000JJKSJR).xlsx,Rebates,1693,TD 2026 Amzn - Aug 25 Bulk Buy
yoy,Fcst Inc Cases is not positive,Amazon,NA-AMAZON CANADA,2026,2026,6320914723,TDL KCUP ORIGINAL SS 4/48 CT,000JFPND8,Closed,0.0,2026-08-25,2026-08-25,DR 2026 - 2026-10-02 (EXCEXP_TLS_000JJKSJR).xlsx,Rebates,1695,TD 2026 Amzn - Aug 25 Bulk Buy
yoy,Fcst Inc Cases is not positive,Amazon,NA-AMAZON CANADA,2026,2026,6320912574,TDL KCUP ORANGE PEKOE TEA 4/30 CT,000JFPND8,Closed,0.0,2026-08-25,2026-08-25,DR 2026 - 2026-10-02 (EXCEXP_TLS_000JJKSJR).xlsx,Rebates,1696,TD 2026 Amzn - Aug 25 Bulk Buy
yoy,Fcst Inc Cases is not positive,Amazon,NA-AMAZON CANADA,2026,2026,6320916482,TDL KCUP MAPLE SS 6/12 CT,000JFPND8,Closed,0.0,2026-08-25,2026-08-25,DR 2026 - 2026-10-02 (EXCEXP_TLS_000JJKSJR).xlsx,Rebates,1697,TD 2026 Amzn - Aug 25 Bulk Buy
yoy,Fcst Inc Cases is not positive,Amazon,NA-AMAZON CANADA,2026,2026,6320911300,TDL KCUP HOT CHOC ORIGINAL SS 6/10 CT,000JFPND8,Closed,0.0,2026-08-25,2026-08-25,DR 2026 - 2026-10-02 (EXCEXP_TLS_000JJKSJR).xlsx,Rebates,1698,TD 2026 Amzn - Aug 25 Bulk Buy
yoy,Fcst Inc Cases is not positive,Amazon,NA-AMAZON CANADA,2026,2026,6320911855,TDL KCUP FRENCH VANILLA SS 6/12 CT,000JFPND8,Closed,0.0,2026-08-25,2026-08-25,DR 2026 - 2026-10-02 (EXCEXP_TLS_000JJKSJR).xlsx,Rebates,1700,TD 2026 Amzn - Aug 25 Bulk Buy
yoy,Fcst Inc Cases is not positive,Amazon,NA-AMAZON CANADA,2026,2026,6320914562,TDL KCUP FRENCH VANILLA 4/30 CT,000JFPND8,Closed,0.0,2026-08-25,2026-08-25,DR 2026 - 2026-10-02 (EXCEXP_TLS_000JJKSJR).xlsx,Rebates,1701,TD 2026 Amzn - Aug 25 Bulk Buy
yoy,Fcst Inc Cases is not positive,Amazon,NA-AMAZON CANADA,2026,2026,6320911851,TDL KCUP DARK ROAST SS 6/12 CT,000JFPND8,Closed,0.0,2026-08-25,2026-08-25,DR 2026 - 2026-10-02 (EXCEXP_TLS_000JJKSJR).xlsx,Rebates,1703,TD 2026 Amzn - Aug 25 Bulk Buy
yoy,Fcst Inc Cases is not positive,Amazon,NA-AMAZON CANADA,2026,2026,6320914724,TDL KCUP DARK ROAST SS 4/48 CT,000JFPND8,Closed,0.0,2026-08-25,2026-08-25,DR 2026 - 2026-10-02 (EXCEXP_TLS_000JJKSJR).xlsx,Rebates,1704,TD 2026 Amzn - Aug 25 Bulk Buy
yoy,Fcst Inc Cases is not positive,Amazon,NA-AMAZON CANADA,2026,2026,6320911853,TDL KCUP COLOMBIAN SS 6/12 CT,000JFPND8,Closed,0.0,2026-08-25,2026-08-25,DR 2026 - 2026-10-02 (EXCEXP_TLS_000JJKSJR).xlsx,Rebates,1705,TD 2026 Amzn - Aug 25 Bulk Buy
yoy,Fcst Inc Cases is not positive,Amazon,NA-AMAZON CANADA,2026,2026,6320911272,TDL KCUP CAPPUCCNO FRNCH VAN SS 6/10CT,000JFPND8,Closed,0.0,2026-08-25,2026-08-25,DR 2026 - 2026-10-02 (EXCEXP_TLS_000JJKSJR).xlsx,Rebates,1706,TD 2026 Amzn - Aug 25 Bulk Buy
yoy,Fcst Inc Cases is not positive,Amazon,NA-AMAZON CANADA,2026,2026,6320916559,TDL GRANOLA BAR CAFE MOCHA 12/5 EA,000JFPND8,Closed,0.0,2026-08-25,2026-08-25,DR 2026 - 2026-10-02 (EXCEXP_TLS_000JJKSJR).xlsx,Rebates,1707,TD 2026 Amzn - Aug 25 Bulk Buy
yoy,Fcst Inc Cases is not positive,Amazon,NA-AMAZON CANADA,2026,2026,6320911277,TDL DECAF KCUP SS 4/30 CT,000JFPND8,Closed,0.0,2026-08-25,2026-08-25,DR 2026 - 2026-10-02 (EXCEXP_TLS_000JJKSJR).xlsx,Rebates,1708,TD 2026 Amzn - Aug 25 Bulk Buy
yoy,Fcst Inc Cases is not positive,Amazon,NA-AMAZON CANADA,2026,2026,6320911276,TDL DARK ROAST KCUP SS 4/30 CT,000JFPND8,Closed,0.0,2026-08-25,2026-08-25,DR 2026 - 2026-10-02 (EXCEXP_TLS_000JJKSJR).xlsx,Rebates,1709,TD 2026 Amzn - Aug 25 Bulk Buy
yoy,Fcst Inc Cases is not positive,Amazon,NA-AMAZON CANADA,2026,2026,6320919087,TDL DARK ROAST BAG 6/652 GR,000JFPND8,Closed,0.0,2026-08-25,2026-08-25,DR 2026 - 2026-10-02 (EXCEXP_TLS_000JJKSJR).xlsx,Rebates,1710,TD 2026 Amzn - Aug 25 Bulk Buy
yoy,Fcst Inc Cases is not positive,Amazon,NA-AMAZON CANADA,2026,2026,6320917200,TDL CREAM OF MUSHROOM 12/540 ML,000JFPND8,Closed,0.0,2026-08-25,2026-08-25,DR 2026 - 2026-10-02 (EXCEXP_TLS_000JJKSJR).xlsx,Rebates,1711,TD 2026 Amzn - Aug 25 Bulk Buy
yoy,Fcst Inc Cases is not positive,Amazon,NA-AMAZON CANADA,2026,2026,6320912804,TDL CREAM OF BROCCOLI 12/540 ML,000JFPND8,Closed,0.0,2026-08-25,2026-08-25,DR 2026 - 2026-10-02 (EXCEXP_TLS_000JJKSJR).xlsx,Rebates,1712,TD 2026 Amzn - Aug 25 Bulk Buy
yoy,Fcst Inc Cases is not positive,Amazon,NA-AMAZON CANADA,2026,2026,6618809040,TDL COFFEE TASSIMO REG 5/14 CT,000JFPND8,Closed,0.0,2026-08-25,2026-08-25,DR 2026 - 2026-10-02 (EXCEXP_TLS_000JJKSJR).xlsx,Rebates,1713,TD 2026 Amzn - Aug 25 Bulk Buy
yoy,Fcst Inc Cases is not positive,Amazon,NA-AMAZON CANADA,2026,2026,6320912646,TDL CHAI TEA 6/20 CT,000JFPND8,Closed,0.0,2026-08-25,2026-08-25,DR 2026 - 2026-10-02 (EXCEXP_TLS_000JJKSJR).xlsx,Rebates,1714,TD 2026 Amzn - Aug 25 Bulk Buy
yoy,Fcst Inc Cases is not positive,Amazon,NA-AMAZON CANADA,2026,2026,6320909370,TDL CAPPUCCINO FRENCH VANILLA 12/454 GR,000JFPND8,Closed,0.0,2026-08-25,2026-08-25,DR 2026 - 2026-10-02 (EXCEXP_TLS_000JJKSJR).xlsx,Rebates,1715,TD 2026 Amzn - Aug 25 Bulk Buy
yoy,Fcst Inc Cases is not positive,Amazon,NA-AMAZON CANADA,2026,2026,6320920264,TDL CANDY CANE HOT CHOCOLATE 12/450 GR,000JFPND8,Closed,0.0,2026-08-25,2026-08-25,DR 2026 - 2026-10-02 (EXCEXP_TLS_000JJKSJR).xlsx,Rebates,1716,TD 2026 Amzn - Aug 25 Bulk Buy
yoy,Fcst Inc Cases is not positive,Amazon,NA-AMAZON CANADA,2026,2026,6320916882,TDL CAFE MOCHA PACKET 5/8 EA,000JFPND8,Closed,0.0,2026-08-25,2026-08-25,DR 2026 - 2026-10-02 (EXCEXP_TLS_000JJKSJR).xlsx,Rebates,1717,TD 2026 Amzn - Aug 25 Bulk Buy
yoy,Fcst Inc Cases is not positive,Amazon,NA-AMAZON CANADA,2026,2026,6320912645,TDL APPLE CINNAMON TEA 6/20 CT,000JFPND8,Closed,0.0,2026-08-25,2026-08-25,DR 2026 - 2026-10-02 (EXCEXP_TLS_000JJKSJR).xlsx,Rebates,1718,TD 2026 Amzn - Aug 25 Bulk Buy
yoy,Fcst Inc Cases is not positive,Amazon,NA-AMAZON CANADA,2026,2026,6320914723,TDL KCUP ORIGINAL SS 4/48 CT,000JGQLDT,Closed,0.0,2026-08-25,2026-08-25,DR 2026 - 2026-10-02 (EXCEXP_TLS_000JJKSJR).xlsx,Rebates,1723,TD 2026 Amzn - Aug 25 Bulk Buy 2
yoy,Fcst Inc Cases is not positive,Amazon,NA-AMAZON CANADA,2026,2026,6320911300,TDL KCUP HOT CHOC ORIGINAL SS 6/10 CT,000JGQLDT,Closed,0.0,2026-08-25,2026-08-25,DR 2026 - 2026-10-02 (EXCEXP_TLS_000JJKSJR).xlsx,Rebates,1724,TD 2026 Amzn - Aug 25 Bulk Buy 2
yoy,Fcst Inc Cases is not positive,Amazon,NA-AMAZON CANADA,2026,2026,6320919087,TDL DARK ROAST BAG 6/652 GR,000JGQLDT,Closed,0.0,2026-08-25,2026-08-25,DR 2026 - 2026-10-02 (EXCEXP_TLS_000JJKSJR).xlsx,Rebates,1731,TD 2026 Amzn - Aug 25 Bulk Buy 2
yoy,Fcst Inc Cases is not positive,Amazon,NA-AMAZON CANADA,2026,2026,6320917200,TDL CREAM OF MUSHROOM 12/540 ML,000JGQLDT,Closed,0.0,2026-08-25,2026-08-25,DR 2026 - 2026-10-02 (EXCEXP_TLS_000JJKSJR).xlsx,Rebates,1732,TD 2026 Amzn - Aug 25 Bulk Buy 2
yoy,Fcst Inc Cases is not positive,Amazon,NA-AMAZON CANADA,2026,2026,6320912804,TDL CREAM OF BROCCOLI 12/540 ML,000JGQLDT,Closed,0.0,2026-08-25,2026-08-25,DR 2026 - 2026-10-02 (EXCEXP_TLS_000JJKSJR).xlsx,Rebates,1733,TD 2026 Amzn - Aug 25 Bulk Buy 2
yoy,Fcst Inc Cases is not positive,Amazon,NA-AMAZON CANADA,2026,2026,6320912646,TDL CHAI TEA 6/20 CT,000JGQLDT,Closed,0.0,2026-08-25,2026-08-25,DR 2026 - 2026-10-02 (EXCEXP_TLS_000JJKSJR).xlsx,Rebates,1735,TD 2026 Amzn - Aug 25 Bulk Buy 2
yoy,Fcst Inc Cases is not positive,Amazon,NA-AMAZON CANADA,2026,2026,6320920264,TDL CANDY CANE HOT CHOCOLATE 12/450 GR,000JGQLDT,Closed,0.0,2026-08-25,2026-08-25,DR 2026 - 2026-10-02 (EXCEXP_TLS_000JJKSJR).xlsx,Rebates,1736,TD 2026 Amzn - Aug 25 Bulk Buy 2
yoy,Fcst Inc Cases is not positive,Amazon,NA-AMAZON CANADA,2026,2026,6320916882,TDL CAFE MOCHA PACKET 5/8 EA,000JGQLDT,Closed,0.0,2026-08-25,2026-08-25,DR 2026 - 2026-10-02 (EXCEXP_TLS_000JJKSJR).xlsx,Rebates,1737,TD 2026 Amzn - Aug 25 Bulk Buy 2
yoy,Fcst Inc Cases is not positive,Amazon,NA-AMAZON CANADA,2026,2026,6320912645,TDL APPLE CINNAMON TEA 6/20 CT,000JGQLDT,Closed,0.0,2026-08-25,2026-08-25,DR 2026 - 2026-10-02 (EXCEXP_TLS_000JJKSJR).xlsx,Rebates,1738,TD 2026 Amzn - Aug 25 Bulk Buy 2
yoy,Fcst Inc Cases is not positive,Amazon,NA-AMAZON CANADA,2026,2026,6320911393,TDL KCUP TEA SS 6/12 CT,000JFPNGV,Closed,0.0,2026-09-23,2026-09-23,DR 2026 - 2026-10-02 (EXCEXP_TLS_000JJKSJR).xlsx,Rebates,1749,TD 2026 Amzn - Sept 23 Bulk Buy
yoy,Fcst Inc Cases is not positive,Amazon,NA-AMAZON CANADA,2026,2026,6320911274,TDL VARIETY KCUP SS 4/30 CT,000JFPPOV,Closed,0.0,2026-09-24,2026-09-24,DR 2026 - 2026-10-02 (EXCEXP_TLS_000JJKSJR).xlsx,Rebates,1776,TD 2026 Amzn - Sept 24 Bulk Buy
yoy,Fcst Inc Cases is not positive,Amazon,NA-AMAZON CANADA,2026,2026,6320911273,TDL ORIGINAL KCUP SS 4/30 CT,000JFPPOV,Closed,0.0,2026-09-24,2026-09-24,DR 2026 - 2026-10-02 (EXCEXP_TLS_000JJKSJR).xlsx,Rebates,1777,TD 2026 Amzn - Sept 24 Bulk Buy
yoy,Fcst Inc Cases is not positive,Amazon,NA-AMAZON CANADA,2026,2026,6320918583,TDL NCOMP DECAF ESPRESSO JDE 10/10 CT,000JFPPOV,Closed,0.0,2026-09-24,2026-09-24,DR 2026 - 2026-10-02 (EXCEXP_TLS_000JJKSJR).xlsx,Rebates,1778,TD 2026 Amzn - Sept 24 Bulk Buy
yoy,Fcst Inc Cases is not positive,Amazon,NA-AMAZON CANADA,2026,2026,6320911393,TDL KCUP TEA SS 6/12 CT,000JFPPOV,Closed,0.0,2026-09-24,2026-09-24,DR 2026 - 2026-10-02 (EXCEXP_TLS_000JJKSJR).xlsx,Rebates,1782,TD 2026 Amzn - Sept 24 Bulk Buy
yoy,Fcst Inc Cases is not positive,Amazon,NA-AMAZON CANADA,2026,2026,6320914723,TDL KCUP ORIGINAL SS 4/48 CT,000JFPPOV,Closed,0.0,2026-09-24,2026-09-24,DR 2026 - 2026-10-02 (EXCEXP_TLS_000JJKSJR).xlsx,Rebates,1784,TD 2026 Amzn - Sept 24 Bulk Buy
yoy,Fcst Inc Cases is not positive,Amazon,NA-AMAZON CANADA,2026,2026,6320912574,TDL KCUP ORANGE PEKOE TEA 4/30 CT,000JFPPOV,Closed,0.0,2026-09-24,2026-09-24,DR 2026 - 2026-10-02 (EXCEXP_TLS_000JJKSJR).xlsx,Rebates,1785,TD 2026 Amzn - Sept 24 Bulk Buy
yoy,Fcst Inc Cases is not positive,Amazon,NA-AMAZON CANADA,2026,2026,6320916482,TDL KCUP MAPLE SS 6/12 CT,000JFPPOV,Closed,0.0,2026-09-24,2026-09-24,DR 2026 - 2026-10-02 (EXCEXP_TLS_000JJKSJR).xlsx,Rebates,1786,TD 2026 Amzn - Sept 24 Bulk Buy
yoy,Fcst Inc Cases is not positive,Amazon,NA-AMAZON CANADA,2026,2026,6320911300,TDL KCUP HOT CHOC ORIGINAL SS 6/10 CT,000JFPPOV,Closed,0.0,2026-09-24,2026-09-24,DR 2026 - 2026-10-02 (EXCEXP_TLS_000JJKSJR).xlsx,Rebates,1787,TD 2026 Amzn - Sept 24 Bulk Buy
yoy,Fcst Inc Cases is not positive,Amazon,NA-AMAZON CANADA,2026,2026,6320911855,TDL KCUP FRENCH VANILLA SS 6/12 CT,000JFPPOV,Closed,0.0,2026-09-24,2026-09-24,DR 2026 - 2026-10-02 (EXCEXP_TLS_000JJKSJR).xlsx,Rebates,1789,TD 2026 Amzn - Sept 24 Bulk Buy
yoy,Fcst Inc Cases is not positive,Amazon,NA-AMAZON CANADA,2026,2026,6320914562,TDL KCUP FRENCH VANILLA 4/30 CT,000JFPPOV,Closed,0.0,2026-09-24,2026-09-24,DR 2026 - 2026-10-02 (EXCEXP_TLS_000JJKSJR).xlsx,Rebates,1790,TD 2026 Amzn - Sept 24 Bulk Buy
yoy,Fcst Inc Cases is not positive,Amazon,NA-AMAZON CANADA,2026,2026,6320911851,TDL KCUP DARK ROAST SS 6/12 CT,000JFPPOV,Closed,0.0,2026-09-24,2026-09-24,DR 2026 - 2026-10-02 (EXCEXP_TLS_000JJKSJR).xlsx,Rebates,1792,TD 2026 Amzn - Sept 24 Bulk Buy
yoy,Fcst Inc Cases is not positive,Amazon,NA-AMAZON CANADA,2026,2026,6320914724,TDL KCUP DARK ROAST SS 4/48 CT,000JFPPOV,Closed,0.0,2026-09-24,2026-09-24,DR 2026 - 2026-10-02 (EXCEXP_TLS_000JJKSJR).xlsx,Rebates,1793,TD 2026 Amzn - Sept 24 Bulk Buy
yoy,Fcst Inc Cases is not positive,Amazon,NA-AMAZON CANADA,2026,2026,6320911853,TDL KCUP COLOMBIAN SS 6/12 CT,000JFPPOV,Closed,0.0,2026-09-24,2026-09-24,DR 2026 - 2026-10-02 (EXCEXP_TLS_000JJKSJR).xlsx,Rebates,1794,TD 2026 Amzn - Sept 24 Bulk Buy
yoy,Fcst Inc Cases is not positive,Amazon,NA-AMAZON CANADA,2026,2026,6320911272,TDL KCUP CAPPUCCNO FRNCH VAN SS 6/10CT,000JFPPOV,Closed,0.0,2026-09-24,2026-09-24,DR 2026 - 2026-10-02 (EXCEXP_TLS_000JJKSJR).xlsx,Rebates,1795,TD 2026 Amzn - Sept 24 Bulk Buy
yoy,Fcst Inc Cases is not positive,Amazon,NA-AMAZON CANADA,2026,2026,6320916559,TDL GRANOLA BAR CAFE MOCHA 12/5 EA,000JFPPOV,Closed,0.0,2026-09-24,2026-09-24,DR 2026 - 2026-10-02 (EXCEXP_TLS_000JJKSJR).xlsx,Rebates,1796,TD 2026 Amzn - Sept 24 Bulk Buy
yoy,Fcst Inc Cases is not positive,Amazon,NA-AMAZON CANADA,2026,2026,6320911277,TDL DECAF KCUP SS 4/30 CT,000JFPPOV,Closed,0.0,2026-09-24,2026-09-24,DR 2026 - 2026-10-02 (EXCEXP_TLS_000JJKSJR).xlsx,Rebates,1797,TD 2026 Amzn - Sept 24 Bulk Buy
yoy,Fcst Inc Cases is not positive,Amazon,NA-AMAZON CANADA,2026,2026,6320911276,TDL DARK ROAST KCUP SS 4/30 CT,000JFPPOV,Closed,0.0,2026-09-24,2026-09-24,DR 2026 - 2026-10-02 (EXCEXP_TLS_000JJKSJR).xlsx,Rebates,1798,TD 2026 Amzn - Sept 24 Bulk Buy
yoy,Fcst Inc Cases is not positive,Amazon,NA-AMAZON CANADA,2026,2026,6320919087,TDL DARK ROAST BAG 6/652 GR,000JFPPOV,Closed,0.0,2026-09-24,2026-09-24,DR 2026 - 2026-10-02 (EXCEXP_TLS_000JJKSJR).xlsx,Rebates,1799,TD 2026 Amzn - Sept 24 Bulk Buy
yoy,Fcst Inc Cases is not positive,Amazon,NA-AMAZON CANADA,2026,2026,6320917200,TDL CREAM OF MUSHROOM 12/540 ML,000JFPPOV,Closed,0.0,2026-09-24,2026-09-24,DR 2026 - 2026-10-02 (EXCEXP_TLS_000JJKSJR).xlsx,Rebates,1800,TD 2026 Amzn - Sept 24 Bulk Buy
yoy,Fcst Inc Cases is not positive,Amazon,NA-AMAZON CANADA,2026,2026,6320912804,TDL CREAM OF BROCCOLI 12/540 ML,000JFPPOV,Closed,0.0,2026-09-24,2026-09-24,DR 2026 - 2026-10-02 (EXCEXP_TLS_000JJKSJR).xlsx,Rebates,1801,TD 2026 Amzn - Sept 24 Bulk Buy
yoy,Fcst Inc Cases is not positive,Amazon,NA-AMAZON CANADA,2026,2026,6618809040,TDL COFFEE TASSIMO REG 5/14 CT,000JFPPOV,Closed,0.0,2026-09-24,2026-09-24,DR 2026 - 2026-10-02 (EXCEXP_TLS_000JJKSJR).xlsx,Rebates,1802,TD 2026 Amzn - Sept 24 Bulk Buy
yoy,Fcst Inc Cases is not positive,Amazon,NA-AMAZON CANADA,2026,2026,6320912646,TDL CHAI TEA 6/20 CT,000JFPPOV,Closed,0.0,2026-09-24,2026-09-24,DR 2026 - 2026-10-02 (EXCEXP_TLS_000JJKSJR).xlsx,Rebates,1803,TD 2026 Amzn - Sept 24 Bulk Buy
yoy,Fcst Inc Cases is not positive,Amazon,NA-AMAZON CANADA,2026,2026,6320909370,TDL CAPPUCCINO FRENCH VANILLA 12/454 GR,000JFPPOV,Closed,0.0,2026-09-24,2026-09-24,DR 2026 - 2026-10-02 (EXCEXP_TLS_000JJKSJR).xlsx,Rebates,1804,TD 2026 Amzn - Sept 24 Bulk Buy
yoy,Fcst Inc Cases is not positive,Amazon,NA-AMAZON CANADA,2026,2026,6320920264,TDL CANDY CANE HOT CHOCOLATE 12/450 GR,000JFPPOV,Closed,0.0,2026-09-24,2026-09-24,DR 2026 - 2026-10-02 (EXCEXP_TLS_000JJKSJR).xlsx,Rebates,1805,TD 2026 Amzn - Sept 24 Bulk Buy
yoy,Fcst Inc Cases is not positive,Amazon,NA-AMAZON CANADA,2026,2026,6320916882,TDL CAFE MOCHA PACKET 5/8 EA,000JFPPOV,Closed,0.0,2026-09-24,2026-09-24,DR 2026 - 2026-10-02 (EXCEXP_TLS_000JJKSJR).xlsx,Rebates,1806,TD 2026 Amzn - Sept 24 Bulk Buy
yoy,Fcst Inc Cases is not positive,Amazon,NA-AMAZON CANADA,2026,2026,6320912645,TDL APPLE CINNAMON TEA 6/20 CT,000JFPPOV,Closed,0.0,2026-09-24,2026-09-24,DR 2026 - 2026-10-02 (EXCEXP_TLS_000JJKSJR).xlsx,Rebates,1807,TD 2026 Amzn - Sept 24 Bulk Buy
yoy,Fcst Inc Cases is not positive,Amazon,NA-AMAZON CANADA,2026,2026,6320911300,TDL KCUP HOT CHOC ORIGINAL SS 6/10 CT,000JH0QDQ,Closed,0.0,2026-09-24,2026-09-24,DR 2026 - 2026-10-02 (EXCEXP_TLS_000JJKSJR).xlsx,Rebates,1814,TD 2026 Amzn - Sept 25 Bulk Buy 2
yoy,Fcst Inc Cases is not positive,Amazon,NA-AMAZON CANADA,2026,2026,6320919087,TDL DARK ROAST BAG 6/652 GR,000JH0QDQ,Closed,0.0,2026-09-24,2026-09-24,DR 2026 - 2026-10-02 (EXCEXP_TLS_000JJKSJR).xlsx,Rebates,1822,TD 2026 Amzn - Sept 25 Bulk Buy 2
yoy,Fcst Inc Cases is not positive,Amazon,NA-AMAZON CANADA,2026,2026,6320917200,TDL CREAM OF MUSHROOM 12/540 ML,000JH0QDQ,Closed,0.0,2026-09-24,2026-09-24,DR 2026 - 2026-10-02 (EXCEXP_TLS_000JJKSJR).xlsx,Rebates,1823,TD 2026 Amzn - Sept 25 Bulk Buy 2
yoy,Fcst Inc Cases is not positive,Amazon,NA-AMAZON CANADA,2026,2026,6320912646,TDL CHAI TEA 6/20 CT,000JH0QDQ,Closed,0.0,2026-09-24,2026-09-24,DR 2026 - 2026-10-02 (EXCEXP_TLS_000JJKSJR).xlsx,Rebates,1826,TD 2026 Amzn - Sept 25 Bulk Buy 2
yoy,Fcst Inc Cases is not positive,Amazon,NA-AMAZON CANADA,2026,2026,6320920264,TDL CANDY CANE HOT CHOCOLATE 12/450 GR,000JH0QDQ,Closed,0.0,2026-09-24,2026-09-24,DR 2026 - 2026-10-02 (EXCEXP_TLS_000JJKSJR).xlsx,Rebates,1827,TD 2026 Amzn - Sept 25 Bulk Buy 2
yoy,Fcst Inc Cases is not positive,Amazon,NA-AMAZON CANADA,2026,2026,6320916882,TDL CAFE MOCHA PACKET 5/8 EA,000JH0QDQ,Closed,0.0,2026-09-24,2026-09-24,DR 2026 - 2026-10-02 (EXCEXP_TLS_000JJKSJR).xlsx,Rebates,1828,TD 2026 Amzn - Sept 25 Bulk Buy 2
yoy,Fcst Inc Cases is not positive,Amazon,NA-AMAZON CANADA,2026,2026,6320912645,TDL APPLE CINNAMON TEA 6/20 CT,000JH0QDQ,Closed,0.0,2026-09-24,2026-09-24,DR 2026 - 2026-10-02 (EXCEXP_TLS_000JJKSJR).xlsx,Rebates,1829,TD 2026 Amzn - Sept 25 Bulk Buy 2
yoy,Fcst Inc Cases is not positive,Amazon,NA-AMAZON CANADA,2026,2026,6320911300,TDL KCUP HOT CHOC ORIGINAL SS 6/10 CT,000JH0QG4,Committed,0.0,2026-10-26,2026-10-26,DR 2026 - 2026-10-02 (EXCEXP_TLS_000JJKSJR).xlsx,Rebates,1838,TD 2026 Amzn - Oct 26 Bulk Buy 2
yoy,Fcst Inc Cases is not positive,Amazon,NA-AMAZON CANADA,2026,2026,6320917200,TDL CREAM OF MUSHROOM 12/540 ML,000JH0QG4,Committed,0.0,2026-10-26,2026-10-26,DR 2026 - 2026-10-02 (EXCEXP_TLS_000JJKSJR).xlsx,Rebates,1849,TD 2026 Amzn - Oct 26 Bulk Buy 2
yoy,Fcst Inc Cases is not positive,Amazon,NA-AMAZON CANADA,2026,2026,6320912646,TDL CHAI TEA 6/20 CT,000JH0QG4,Committed,0.0,2026-10-26,2026-10-26,DR 2026 - 2026-10-02 (EXCEXP_TLS_000JJKSJR).xlsx,Rebates,1852,TD 2026 Amzn - Oct 26 Bulk Buy 2
yoy,Fcst Inc Cases is not positive,Amazon,NA-AMAZON CANADA,2026,2026,6320920264,TDL CANDY CANE HOT CHOCOLATE 12/450 GR,000JH0QG4,Committed,0.0,2026-10-26,2026-10-26,DR 2026 - 2026-10-02 (EXCEXP_TLS_000JJKSJR).xlsx,Rebates,1853,TD 2026 Amzn - Oct 26 Bulk Buy 2
yoy,Fcst Inc Cases is not positive,Amazon,NA-AMAZON CANADA,2026,2026,6320916882,TDL CAFE MOCHA PACKET 5/8 EA,000JH0QG4,Committed,0.0,2026-10-26,2026-10-26,DR 2026 - 2026-10-02 (EXCEXP_TLS_000JJKSJR).xlsx,Rebates,1854,TD 2026 Amzn - Oct 26 Bulk Buy 2
yoy,Fcst Inc Cases is not positive,Amazon,NA-AMAZON CANADA,2026,2026,6320912645,TDL APPLE CINNAMON TEA 6/20 CT,000JH0QG4,Committed,0.0,2026-10-26,2026-10-26,DR 2026 - 2026-10-02 (EXCEXP_TLS_000JJKSJR).xlsx,Rebates,1855,TD 2026 Amzn - Oct 26 Bulk Buy 2
yoy,Fcst Inc Cases is not positive,Associated Grocers,NA-ASSOCIATED GROCERS,2026,2026,TDHBKC-6/10,HB KCOMP 6/10CT,000ITZNQ0,Closed,0.0,2026-03-29,2026-04-04,DR 2026 - 2026-10-02 (EXCEXP_TLS_000JJKSJR).xlsx,Rebates,1904,"TD - AG WEEK 14 AD 12CT PODS, 14 TASS, 10CT HC, 825G-875G TI"
yoy,Fcst Inc Cases is not positive,Atlantic Grocers,NA-ATLANTIC GROC,2026,2026,6320911393,TDL KCUP TEA SS 6/12 CT,000JHTYVE,Committed,0.0,2026-01-01,2026-12-31,DR 2026 - 2026-10-02 (EXCEXP_TLS_000JJKSJR).xlsx,Rebates,2027,TD Spoilage - Kcups BOI SS
yoy,Fcst Inc Cases is not positive,Atlantic Grocers,NA-ATLANTIC GROC,2026,2026,TDIC-12/100,INSTANT COFFEE 12/100GR,000ITZIYN,Committed,0.0,2026-06-04,2026-06-10,DR 2026 - 2026-10-02 (EXCEXP_TLS_000JJKSJR).xlsx,Rebates,2063,TD AGD Instant Coffee RPC
yoy,Fcst Inc Cases is not positive,Atlantic Grocers,NA-ATLANTIC GROC,2026,2026,TDSSKC-4/30,SS KCOMP 4/30CT,000ITZBMN,Committed,0.0,2026-08-13,2026-08-19,DR 2026 - 2026-10-02 (EXCEXP_TLS_000JJKSJR).xlsx,Rebates,2065,TD AGD Kcups 30ct RPC-  LS $500 Klondyke Days & Celebration
yoy,Fcst Inc Cases is not positive,Atlantic Grocers,NA-ATLANTIC GROC,2026,2026,TDSSKC-6/12,SS KCOMP 6/12CT,000ITYZLI,Committed,0.0,2026-09-30,2026-10-30,DR 2026 - 2026-10-02 (EXCEXP_TLS_000JJKSJR).xlsx,Rebates,2076,TD AGD - Wholesale Program 6/12ct Q4
yoy,Fcst Inc Cases is not positive,Atlantic Grocers,NA-ATLANTIC GROC,2026,2026,TDHBHC-12/500,HB HOT CHOCOLATE 12/500GR,000JDR220,Committed,0.0,2026-10-22,2026-10-28,DR 2026 - 2026-10-02 (EXCEXP_TLS_000JJKSJR).xlsx,Rebates,2083,TDL CANDY CANE HC 450g - GINGERBREAD K-CUPS 12CT-HC 500G
yoy,Fcst Inc Cases is not positive,Atlantic Grocers,NA-ATLANTIC GROC,2026,2026,TDSSKC-4/30,SS KCOMP 4/30CT,000ITZ1MQ,Planned,0.0,2026-11-11,2026-11-30,DR 2026 - 2026-10-02 (EXCEXP_TLS_000JJKSJR).xlsx,Rebates,2090,TD AGD 30Ct Kcup Powell's Anniversary Flyer Bronze Level
yoy,Fcst Inc Cases is not positive,Beaudry & Cadrin,NA-BEAUDRY & CADRIN,2026,2026,TDSSTA-5/14,SS TASSIMO 5/14CT,000ITZ72U,Closed,0.0,2026-01-01,2026-02-01,DR 2026 - 2026-10-02 (EXCEXP_TLS_000JJKSJR).xlsx,Rebates,2100,TD-B&C  Promo Spend Ends Feb 1
yoy,Fcst Inc Cases is not positive,Beaudry & Cadrin,NA-BEAUDRY & CADRIN,2026,2026,TDSSKC-6/12,SS KCOMP 6/12CT,000ITZ72U,Closed,0.0,2026-01-01,2026-02-01,DR 2026 - 2026-10-02 (EXCEXP_TLS_000JJKSJR).xlsx,Rebates,2101,TD-B&C  Promo Spend Ends Feb 1
yoy,Fcst Inc Cases is not positive,Beaudry & Cadrin,NA-BEAUDRY & CADRIN,2026,2026,TDSSKC-4/30,SS KCOMP 4/30CT,000ITZ72U,Closed,0.0,2026-01-01,2026-02-01,DR 2026 - 2026-10-02 (EXCEXP_TLS_000JJKSJR).xlsx,Rebates,2102,TD-B&C  Promo Spend Ends Feb 1
yoy,Fcst Inc Cases is not positive,Beaudry & Cadrin,NA-BEAUDRY & CADRIN,2026,2026,TDSHSP-12/540,SOUPS 12/540ML,000ITZ72U,Closed,0.0,2026-01-01,2026-02-01,DR 2026 - 2026-10-02 (EXCEXP_TLS_000JJKSJR).xlsx,Rebates,2103,TD-B&C  Promo Spend Ends Feb 1
yoy,Fcst Inc Cases is not positive,Beaudry & Cadrin,NA-BEAUDRY & CADRIN,2026,2026,TDRGSB-6/300,R&G SMALL BAG 6/300GR,000ITZ72U,Closed,0.0,2026-01-01,2026-02-01,DR 2026 - 2026-10-02 (EXCEXP_TLS_000JJKSJR).xlsx,Rebates,2104,TD-B&C  Promo Spend Ends Feb 1
yoy,Fcst Inc Cases is not positive,Beaudry & Cadrin,NA-BEAUDRY & CADRIN,2026,2026,TDRGLC-6/930,R&G LARGE CAN 6/930GR,000ITZ72U,Closed,0.0,2026-01-01,2026-02-01,DR 2026 - 2026-10-02 (EXCEXP_TLS_000JJKSJR).xlsx,Rebates,2105,TD-B&C  Promo Spend Ends Feb 1
yoy,Fcst Inc Cases is not positive,Beaudry & Cadrin,NA-BEAUDRY & CADRIN,2026,2026,TDIC-12/100,INSTANT COFFEE 12/100GR,000ITZ72U,Closed,0.0,2026-01-01,2026-02-01,DR 2026 - 2026-10-02 (EXCEXP_TLS_000JJKSJR).xlsx,Rebates,2106,TD-B&C  Promo Spend Ends Feb 1
yoy,Fcst Inc Cases is not positive,Beaudry & Cadrin,NA-BEAUDRY & CADRIN,2026,2026,TDGB-12/5/30,GRANOLA BAR 12/5/30GR,000ITZ72U,Closed,0.0,2026-01-01,2026-02-01,DR 2026 - 2026-10-02 (EXCEXP_TLS_000JJKSJR).xlsx,Rebates,2107,TD-B&C  Promo Spend Ends Feb 1
yoy,Fcst Inc Cases is not positive,Beaudry & Cadrin,NA-BEAUDRY & CADRIN,2026,2026,TDSSTA-5/14,SS TASSIMO 5/14CT,000J3Y846,Committed,0.0,2026-02-02,2026-12-31,DR 2026 - 2026-10-02 (EXCEXP_TLS_000JJKSJR).xlsx,Rebates,2109,TD-B&C  Promo Spend Ends Eff Feb 2
yoy,Fcst Inc Cases is not positive,Beaudry & Cadrin,NA-BEAUDRY & CADRIN,2026,2026,TDSSKC-6/12,SS KCOMP 6/12CT,000J3Y846,Committed,0.0,2026-02-02,2026-12-31,DR 2026 - 2026-10-02 (EXCEXP_TLS_000JJKSJR).xlsx,Rebates,2110,TD-B&C  Promo Spend Ends Eff Feb 2
yoy,Fcst Inc Cases is not positive,Beaudry & Cadrin,NA-BEAUDRY & CADRIN,2026,2026,TDSSKC-4/30,SS KCOMP 4/30CT,000J3Y846,Committed,0.0,2026-02-02,2026-12-31,DR 2026 - 2026-10-02 (EXCEXP_TLS_000JJKSJR).xlsx,Rebates,2111,TD-B&C  Promo Spend Ends Eff Feb 2
yoy,Fcst Inc Cases is not positive,Beaudry & Cadrin,NA-BEAUDRY & CADRIN,2026,2026,TDSHSP-12/540,SOUPS 12/540ML,000J3Y846,Committed,0.0,2026-02-02,2026-12-31,DR 2026 - 2026-10-02 (EXCEXP_TLS_000JJKSJR).xlsx,Rebates,2112,TD-B&C  Promo Spend Ends Eff Feb 2
yoy,Fcst Inc Cases is not positive,Beaudry & Cadrin,NA-BEAUDRY & CADRIN,2026,2026,TDRGSB-6/300,R&G SMALL BAG 6/300GR,000J3Y846,Committed,0.0,2026-02-02,2026-12-31,DR 2026 - 2026-10-02 (EXCEXP_TLS_000JJKSJR).xlsx,Rebates,2113,TD-B&C  Promo Spend Ends Eff Feb 2
yoy,Fcst Inc Cases is not positive,Beaudry & Cadrin,NA-BEAUDRY & CADRIN,2026,2026,TDRGLC-6/930,R&G LARGE CAN 6/930GR,000J3Y846,Committed,0.0,2026-02-02,2026-12-31,DR 2026 - 2026-10-02 (EXCEXP_TLS_000JJKSJR).xlsx,Rebates,2114,TD-B&C  Promo Spend Ends Eff Feb 2
yoy,Fcst Inc Cases is not positive,Beaudry & Cadrin,NA-BEAUDRY & CADRIN,2026,2026,TDIC-12/100,INSTANT COFFEE 12/100GR,000J3Y846,Committed,0.0,2026-02-02,2026-12-31,DR 2026 - 2026-10-02 (EXCEXP_TLS_000JJKSJR).xlsx,Rebates,2115,TD-B&C  Promo Spend Ends Eff Feb 2
yoy,Fcst Inc Cases is not positive,Beaudry & Cadrin,NA-BEAUDRY & CADRIN,2026,2026,TDGB-12/5/30,GRANOLA BAR 12/5/30GR,000J3Y846,Committed,0.0,2026-02-02,2026-12-31,DR 2026 - 2026-10-02 (EXCEXP_TLS_000JJKSJR).xlsx,Rebates,2116,TD-B&C  Promo Spend Ends Eff Feb 2
yoy,Fcst Inc Cases is not positive,Canadian Tire,NA-CANADIAN TIRE,2026,2026,TDIC-12/100,INSTANT COFFEE 12/100GR,000ITPKGF,Committed,0.0,2026-01-23,2026-01-29,DR 2026 - 2026-10-02 (EXCEXP_TLS_000JJKSJR).xlsx,Rebates,2120,TD - CTC Deal 104 - Instant 100G
yoy,Fcst Inc Cases is not positive,Canadian Tire,NA-CANADIAN TIRE,2026,2026,TDIC-12/100,INSTANT COFFEE 12/100GR,000ITPMYP,Committed,0.0,2026-02-27,2026-03-05,DR 2026 - 2026-10-02 (EXCEXP_TLS_000JJKSJR).xlsx,Rebates,2128,TD - CTC Deal 109 - Instant 100G
yoy,Promo status outside dashboard methodology,Canadian Tire,NA-CANADIAN TIRE,2026,2026,TDRGLC-6/930,R&G LARGE CAN 6/930GR,000JJHVU7,Pending,412.0,2026-12-24,2026-12-31,DR 2026 - 2026-10-02 (EXCEXP_TLS_000JJKSJR).xlsx,Rebates,2198,TD CTC Deal 327 R&G LgCan Flyer
yoy,Fcst Inc Cases is not positive,Chens,NA-CHENS ENT,2026,2026,TDHBHC-5/8,HB HOT CHOCOLATE 5/8CT,000ITZI5Y,Closed,0.0,2026-01-01,2026-01-24,DR 2026 - 2026-10-02 (EXCEXP_TLS_000JJKSJR).xlsx,Rebates,2203,TD- Chens Oct OI - Distributor Order Instant Bags Tea
yoy,Fcst Inc Cases is not positive,Chens,NA-CHENS ENT,2026,2026,TDHBCAP-5/8,HB CAPPUCCINO 5/8CT,000ITZI5Y,Closed,0.0,2026-01-01,2026-01-24,DR 2026 - 2026-10-02 (EXCEXP_TLS_000JJKSJR).xlsx,Rebates,2204,TD- Chens Oct OI - Distributor Order Instant Bags Tea
yoy,Fcst Inc Cases is not positive,Chens,NA-CHENS ENT,2026,2026,6320916881,TDL DOUBLE DOUBLE PACKET 5/8 EA,000ITZI63,Closed,0.0,2026-01-28,2026-02-04,DR 2026 - 2026-10-02 (EXCEXP_TLS_000JJKSJR).xlsx,Rebates,2208,TD- Chens Oct OI - Truckload Sale HC 500g 5/8ct
yoy,Fcst Inc Cases is not positive,Chens,NA-CHENS ENT,2026,2026,6320915305,TDL CAPPUCCINO FRENCH VAN PACKET 5/8 EA,000ITZI63,Closed,0.0,2026-01-28,2026-02-04,DR 2026 - 2026-10-02 (EXCEXP_TLS_000JJKSJR).xlsx,Rebates,2209,TD- Chens Oct OI - Truckload Sale HC 500g 5/8ct
yoy,Fcst Inc Cases is not positive,Chens,NA-CHENS ENT,2026,2026,6320916882,TDL CAFE MOCHA PACKET 5/8 EA,000ITZI63,Closed,0.0,2026-01-28,2026-02-04,DR 2026 - 2026-10-02 (EXCEXP_TLS_000JJKSJR).xlsx,Rebates,2210,TD- Chens Oct OI - Truckload Sale HC 500g 5/8ct
yoy,Fcst Inc Cases is not positive,Chens,NA-CHENS ENT,2026,2026,TDRGSB-6/300,R&G SMALL BAG 6/300GR,000ITZI63,Closed,0.0,2026-01-28,2026-02-04,DR 2026 - 2026-10-02 (EXCEXP_TLS_000JJKSJR).xlsx,Rebates,2211,TD- Chens Oct OI - Truckload Sale HC 500g 5/8ct
yoy,Fcst Inc Cases is not positive,Chens,NA-CHENS ENT,2026,2026,TDIC-12/100,INSTANT COFFEE 12/100GR,000ITZI63,Closed,0.0,2026-01-28,2026-02-04,DR 2026 - 2026-10-02 (EXCEXP_TLS_000JJKSJR).xlsx,Rebates,2212,TD- Chens Oct OI - Truckload Sale HC 500g 5/8ct
yoy,Fcst Inc Cases is not positive,Chens,NA-CHENS ENT,2026,2026,TDHBHC-5/8,HB HOT CHOCOLATE 5/8CT,000ITZI63,Closed,0.0,2026-01-28,2026-02-04,DR 2026 - 2026-10-02 (EXCEXP_TLS_000JJKSJR).xlsx,Rebates,2213,TD- Chens Oct OI - Truckload Sale HC 500g 5/8ct
yoy,Fcst Inc Cases is not positive,Chens,NA-CHENS ENT,2026,2026,TDHBHC-12/500,HB HOT CHOCOLATE 12/500GR,000ITZI63,Closed,0.0,2026-01-28,2026-02-04,DR 2026 - 2026-10-02 (EXCEXP_TLS_000JJKSJR).xlsx,Rebates,2214,TD- Chens Oct OI - Truckload Sale HC 500g 5/8ct
yoy,Fcst Inc Cases is not positive,Chens,NA-CHENS ENT,2026,2026,TDTB-6/20,TEA BAG 6/20CT,000ITZF9T,Closed,0.0,2026-02-06,2026-02-20,DR 2026 - 2026-10-02 (EXCEXP_TLS_000JJKSJR).xlsx,Rebates,2216,TD- Chens Oct OI - Truckload Sale HC 500g 5/8ct
yoy,Fcst Inc Cases is not positive,Chens,NA-CHENS ENT,2026,2026,TDIC-12/100,INSTANT COFFEE 12/100GR,000ITZF9T,Closed,0.0,2026-02-06,2026-02-20,DR 2026 - 2026-10-02 (EXCEXP_TLS_000JJKSJR).xlsx,Rebates,2217,TD- Chens Oct OI - Truckload Sale HC 500g 5/8ct
yoy,Fcst Inc Cases is not positive,Chens,NA-CHENS ENT,2026,2026,TDHBHC-5/8,HB HOT CHOCOLATE 5/8CT,000ITZF9T,Closed,0.0,2026-02-06,2026-02-20,DR 2026 - 2026-10-02 (EXCEXP_TLS_000JJKSJR).xlsx,Rebates,2218,TD- Chens Oct OI - Truckload Sale HC 500g 5/8ct
yoy,Fcst Inc Cases is not positive,Chens,NA-CHENS ENT,2026,2026,TDHBCAP-5/8,HB CAPPUCCINO 5/8CT,000ITZF9T,Closed,0.0,2026-02-06,2026-02-20,DR 2026 - 2026-10-02 (EXCEXP_TLS_000JJKSJR).xlsx,Rebates,2219,TD- Chens Oct OI - Truckload Sale HC 500g 5/8ct
yoy,Fcst Inc Cases is not positive,Chens,NA-CHENS ENT,2026,2026,TDHBCAP-12/343,HB CAPPUCCINO 12/454GR,000ITZF9T,Closed,0.0,2026-02-06,2026-02-20,DR 2026 - 2026-10-02 (EXCEXP_TLS_000JJKSJR).xlsx,Rebates,2220,TD- Chens Oct OI - Truckload Sale HC 500g 5/8ct
yoy,Fcst Inc Cases is not positive,Chens,NA-CHENS ENT,2026,2026,TDTB-6/20,TEA BAG 6/20CT,000ITZFB5,Closed,0.0,2026-03-25,2026-04-05,DR 2026 - 2026-10-02 (EXCEXP_TLS_000JJKSJR).xlsx,Rebates,2222,TD- Chens Wholesaler pricing HC 500g 5/8ct Instant soups tea
yoy,Fcst Inc Cases is not positive,Chens,NA-CHENS ENT,2026,2026,TDSHSP-12/540,SOUPS 12/540ML,000ITZFB5,Closed,0.0,2026-03-25,2026-04-05,DR 2026 - 2026-10-02 (EXCEXP_TLS_000JJKSJR).xlsx,Rebates,2223,TD- Chens Wholesaler pricing HC 500g 5/8ct Instant soups tea
yoy,Fcst Inc Cases is not positive,Chens,NA-CHENS ENT,2026,2026,TDIC-12/100,INSTANT COFFEE 12/100GR,000ITZFB5,Closed,0.0,2026-03-25,2026-04-05,DR 2026 - 2026-10-02 (EXCEXP_TLS_000JJKSJR).xlsx,Rebates,2224,TD- Chens Wholesaler pricing HC 500g 5/8ct Instant soups tea
yoy,Fcst Inc Cases is not positive,Chens,NA-CHENS ENT,2026,2026,TDHBHC-5/8,HB HOT CHOCOLATE 5/8CT,000ITZFB5,Closed,0.0,2026-03-25,2026-04-05,DR 2026 - 2026-10-02 (EXCEXP_TLS_000JJKSJR).xlsx,Rebates,2225,TD- Chens Wholesaler pricing HC 500g 5/8ct Instant soups tea
yoy,Fcst Inc Cases is not positive,Chens,NA-CHENS ENT,2026,2026,TDHBCAP-5/8,HB CAPPUCCINO 5/8CT,000ITZFB5,Closed,0.0,2026-03-25,2026-04-05,DR 2026 - 2026-10-02 (EXCEXP_TLS_000JJKSJR).xlsx,Rebates,2226,TD- Chens Wholesaler pricing HC 500g 5/8ct Instant soups tea
yoy,Fcst Inc Cases is not positive,Chens,NA-CHENS ENT,2026,2026,TDTB-6/20,TEA BAG 6/20CT,000JDJ19S,Closed,0.0,2026-03-26,2026-03-26,DR 2026 - 2026-10-02 (EXCEXP_TLS_000JJKSJR).xlsx,Rebates,2228,TD Missed OI - Wholesaler HC 500g 5/8ct Instant soups tea
yoy,Fcst Inc Cases is not positive,Chens,NA-CHENS ENT,2026,2026,TDSHSP-12/540,SOUPS 12/540ML,000JDJ19S,Closed,0.0,2026-03-26,2026-03-26,DR 2026 - 2026-10-02 (EXCEXP_TLS_000JJKSJR).xlsx,Rebates,2229,TD Missed OI - Wholesaler HC 500g 5/8ct Instant soups tea
yoy,Fcst Inc Cases is not positive,Chens,NA-CHENS ENT,2026,2026,TDIC-12/100,INSTANT COFFEE 12/100GR,000JDJ19S,Closed,0.0,2026-03-26,2026-03-26,DR 2026 - 2026-10-02 (EXCEXP_TLS_000JJKSJR).xlsx,Rebates,2230,TD Missed OI - Wholesaler HC 500g 5/8ct Instant soups tea
yoy,Fcst Inc Cases is not positive,Chens,NA-CHENS ENT,2026,2026,TDHBHC-5/8,HB HOT CHOCOLATE 5/8CT,000JDJ19S,Closed,0.0,2026-03-26,2026-03-26,DR 2026 - 2026-10-02 (EXCEXP_TLS_000JJKSJR).xlsx,Rebates,2231,TD Missed OI - Wholesaler HC 500g 5/8ct Instant soups tea
yoy,Fcst Inc Cases is not positive,Chens,NA-CHENS ENT,2026,2026,TDHBCAP-5/8,HB CAPPUCCINO 5/8CT,000JDJ19S,Closed,0.0,2026-03-26,2026-03-26,DR 2026 - 2026-10-02 (EXCEXP_TLS_000JJKSJR).xlsx,Rebates,2232,TD Missed OI - Wholesaler HC 500g 5/8ct Instant soups tea
yoy,Fcst Inc Cases is not positive,Chens,NA-CHENS ENT,2026,2026,TDIC-12/100,INSTANT COFFEE 12/100GR,000ITZDMS,Closed,0.0,2026-05-14,2026-06-04,DR 2026 - 2026-10-02 (EXCEXP_TLS_000JJKSJR).xlsx,Rebates,2236,TD- Chens June Bulk Buy on Wholesaler OI
yoy,Fcst Inc Cases is not positive,Chens,NA-CHENS ENT,2026,2026,TDHBHC-5/8,HB HOT CHOCOLATE 5/8CT,000ITZDMS,Closed,0.0,2026-05-14,2026-06-04,DR 2026 - 2026-10-02 (EXCEXP_TLS_000JJKSJR).xlsx,Rebates,2237,TD- Chens June Bulk Buy on Wholesaler OI
yoy,Fcst Inc Cases is not positive,Chens,NA-CHENS ENT,2026,2026,TDHBCAP-5/8,HB CAPPUCCINO 5/8CT,000ITZDMS,Closed,0.0,2026-05-14,2026-06-04,DR 2026 - 2026-10-02 (EXCEXP_TLS_000JJKSJR).xlsx,Rebates,2238,TD- Chens June Bulk Buy on Wholesaler OI
yoy,Fcst Inc Cases is not positive,Chens,NA-CHENS ENT,2026,2026,TDRGSB-6/300,R&G SMALL BAG 6/300GR,000ITZI7P,Closed,0.0,2026-06-03,2026-06-15,DR 2026 - 2026-10-02 (EXCEXP_TLS_000JJKSJR).xlsx,Rebates,2240,TD- Chens June Bulk Buy on Wholesaler OI
yoy,Fcst Inc Cases is not positive,Chens,NA-CHENS ENT,2026,2026,TDHBCAP-12/343,HB CAPPUCCINO 12/454GR,000ITZI7P,Closed,0.0,2026-06-03,2026-06-15,DR 2026 - 2026-10-02 (EXCEXP_TLS_000JJKSJR).xlsx,Rebates,2241,TD- Chens June Bulk Buy on Wholesaler OI
yoy,Fcst Inc Cases is not positive,Chens,NA-CHENS ENT,2026,2026,TDTB-6/20,TEA BAG 6/20CT,000ITZ752,Closed,0.0,2026-06-30,2026-07-10,DR 2026 - 2026-10-02 (EXCEXP_TLS_000JJKSJR).xlsx,Rebates,2243,TD- Chens July Bulk Buy on Wholesaler OI
yoy,Fcst Inc Cases is not positive,Chens,NA-CHENS ENT,2026,2026,TDIC-12/100,INSTANT COFFEE 12/100GR,000ITZ752,Closed,0.0,2026-06-30,2026-07-10,DR 2026 - 2026-10-02 (EXCEXP_TLS_000JJKSJR).xlsx,Rebates,2244,TD- Chens July Bulk Buy on Wholesaler OI
yoy,Fcst Inc Cases is not positive,Chens,NA-CHENS ENT,2026,2026,TDHBHC-5/8,HB HOT CHOCOLATE 5/8CT,000ITZ752,Closed,0.0,2026-06-30,2026-07-10,DR 2026 - 2026-10-02 (EXCEXP_TLS_000JJKSJR).xlsx,Rebates,2245,TD- Chens July Bulk Buy on Wholesaler OI
yoy,Fcst Inc Cases is not positive,Chens,NA-CHENS ENT,2026,2026,TDHBCAP-5/8,HB CAPPUCCINO 5/8CT,000ITZ752,Closed,0.0,2026-06-30,2026-07-10,DR 2026 - 2026-10-02 (EXCEXP_TLS_000JJKSJR).xlsx,Rebates,2246,TD- Chens July Bulk Buy on Wholesaler OI
yoy,Fcst Inc Cases is not positive,Chens,NA-CHENS ENT,2026,2026,TDRGSB-6/300,R&G SMALL BAG 6/300GR,000ITZ2DC,Closed,0.0,2026-08-19,2026-09-23,DR 2026 - 2026-10-02 (EXCEXP_TLS_000JJKSJR).xlsx,Rebates,2248,TD- Chens Aug Bulk Buy on Wholesaler OI
yoy,Fcst Inc Cases is not positive,Chens,NA-CHENS ENT,2026,2026,TDIC-12/100,INSTANT COFFEE 12/100GR,000ITZ2DC,Closed,0.0,2026-08-19,2026-09-23,DR 2026 - 2026-10-02 (EXCEXP_TLS_000JJKSJR).xlsx,Rebates,2249,TD- Chens Aug Bulk Buy on Wholesaler OI
yoy,Fcst Inc Cases is not positive,Chens,NA-CHENS ENT,2026,2026,TDHBHC-5/8,HB HOT CHOCOLATE 5/8CT,000ITZ2DC,Closed,0.0,2026-08-19,2026-09-23,DR 2026 - 2026-10-02 (EXCEXP_TLS_000JJKSJR).xlsx,Rebates,2250,TD- Chens Aug Bulk Buy on Wholesaler OI
yoy,Fcst Inc Cases is not positive,Chens,NA-CHENS ENT,2026,2026,TDHBCAP-5/8,HB CAPPUCCINO 5/8CT,000ITZ2DC,Closed,0.0,2026-08-19,2026-09-23,DR 2026 - 2026-10-02 (EXCEXP_TLS_000JJKSJR).xlsx,Rebates,2251,TD- Chens Aug Bulk Buy on Wholesaler OI
yoy,Fcst Inc Cases is not positive,Chens,NA-CHENS ENT,2026,2026,TDHBCAP-12/343,HB CAPPUCCINO 12/454GR,000ITZ2DP,Closed,0.0,2026-09-04,2026-09-20,DR 2026 - 2026-10-02 (EXCEXP_TLS_000JJKSJR).xlsx,Rebates,2254,TD- Chens Wholesale OI Two TL 12/500g HC split order Nov/Jan
yoy,Fcst Inc Cases is not positive,Chens,NA-CHENS ENT,2026,2026,TDTB-6/20,TEA BAG 6/20CT,000ITZILV,Committed,0.0,2026-09-24,2026-10-19,DR 2026 - 2026-10-02 (EXCEXP_TLS_000JJKSJR).xlsx,Rebates,2256,TD- Chens Sep Bulk Buy on Wholesaler OI
yoy,Fcst Inc Cases is not positive,Chens,NA-CHENS ENT,2026,2026,TDRGSB-6/300,R&G SMALL BAG 6/300GR,000ITZILV,Committed,0.0,2026-09-24,2026-10-19,DR 2026 - 2026-10-02 (EXCEXP_TLS_000JJKSJR).xlsx,Rebates,2257,TD- Chens Sep Bulk Buy on Wholesaler OI
yoy,Fcst Inc Cases is not positive,Chens,NA-CHENS ENT,2026,2026,TDIC-12/100,INSTANT COFFEE 12/100GR,000ITZILV,Committed,0.0,2026-09-24,2026-10-19,DR 2026 - 2026-10-02 (EXCEXP_TLS_000JJKSJR).xlsx,Rebates,2258,TD- Chens Sep Bulk Buy on Wholesaler OI
yoy,Fcst Inc Cases is not positive,Chens,NA-CHENS ENT,2026,2026,TDHBHC-5/8,HB HOT CHOCOLATE 5/8CT,000ITZILV,Committed,0.0,2026-09-24,2026-10-19,DR 2026 - 2026-10-02 (EXCEXP_TLS_000JJKSJR).xlsx,Rebates,2259,TD- Chens Sep Bulk Buy on Wholesaler OI
yoy,Fcst Inc Cases is not positive,Chens,NA-CHENS ENT,2026,2026,TDHBCAP-5/8,HB CAPPUCCINO 5/8CT,000ITZILV,Committed,0.0,2026-09-24,2026-10-19,DR 2026 - 2026-10-02 (EXCEXP_TLS_000JJKSJR).xlsx,Rebates,2260,TD- Chens Sep Bulk Buy on Wholesaler OI
yoy,Fcst Inc Cases is not positive,CJR Wholesale,NA-CJR WHOLESALE,2026,2026,TDSSTA-5/14,SS TASSIMO 5/14CT,000ITZEW1,Committed,0.0,2026-03-04,2026-04-27,DR 2026 - 2026-10-02 (EXCEXP_TLS_000JJKSJR).xlsx,Rebates,2264,TD CJR 6/300g Bag Coffee Promo
yoy,Fcst Inc Cases is not positive,Cold Star Solutions,NA-COLD STAR SOLUTIONS,2026,2026,TDTB-6/20,TEA BAG 6/20CT,000ITZBNJ,Closed,0.0,2026-01-01,2026-01-31,DR 2026 - 2026-10-02 (EXCEXP_TLS_000JJKSJR).xlsx,Rebates,2293,TD-ColdStar On-going promos (Catalogue) Coop Ends Jan 31
yoy,Fcst Inc Cases is not positive,Cold Star Solutions,NA-COLD STAR SOLUTIONS,2026,2026,TDSSKC-4/30,SS KCOMP 4/30CT,000ITZBNJ,Closed,0.0,2026-01-01,2026-01-31,DR 2026 - 2026-10-02 (EXCEXP_TLS_000JJKSJR).xlsx,Rebates,2295,TD-ColdStar On-going promos (Catalogue) Coop Ends Jan 31
yoy,Fcst Inc Cases is not positive,Cold Star Solutions,NA-COLD STAR SOLUTIONS,2026,2026,TDSHSP-24/284,SOUPS 24/284ML,000ITZBNJ,Closed,0.0,2026-01-01,2026-01-31,DR 2026 - 2026-10-02 (EXCEXP_TLS_000JJKSJR).xlsx,Rebates,2296,TD-ColdStar On-going promos (Catalogue) Coop Ends Jan 31
yoy,Fcst Inc Cases is not positive,Cold Star Solutions,NA-COLD STAR SOLUTIONS,2026,2026,TDHBHC-4/20,HB HOT CHOCOLATE 4/20CT,000ITZBNJ,Closed,0.0,2026-01-01,2026-01-31,DR 2026 - 2026-10-02 (EXCEXP_TLS_000JJKSJR).xlsx,Rebates,2303,TD-ColdStar On-going promos (Catalogue) Coop Ends Jan 31
yoy,Fcst Inc Cases is not positive,Cold Star Solutions,NA-COLD STAR SOLUTIONS,2026,2026,TDTB-6/20,TEA BAG 6/20CT,000J5CXME,Committed,0.0,2026-02-01,2026-12-31,DR 2026 - 2026-10-02 (EXCEXP_TLS_000JJKSJR).xlsx,Rebates,2308,TD-ColdStar On-going promos (Catalogue) Coop Eff Feb 1
yoy,Fcst Inc Cases is not positive,Cold Star Solutions,NA-COLD STAR SOLUTIONS,2026,2026,TDSSKC-6/12,SS KCOMP 6/12CT,000J5CXME,Committed,0.0,2026-02-01,2026-12-31,DR 2026 - 2026-10-02 (EXCEXP_TLS_000JJKSJR).xlsx,Rebates,2309,TD-ColdStar On-going promos (Catalogue) Coop Eff Feb 1
yoy,Fcst Inc Cases is not positive,Cold Star Solutions,NA-COLD STAR SOLUTIONS,2026,2026,TDSSKC-4/30,SS KCOMP 4/30CT,000J5CXME,Committed,0.0,2026-02-01,2026-12-31,DR 2026 - 2026-10-02 (EXCEXP_TLS_000JJKSJR).xlsx,Rebates,2310,TD-ColdStar On-going promos (Catalogue) Coop Eff Feb 1
yoy,Fcst Inc Cases is not positive,Cold Star Solutions,NA-COLD STAR SOLUTIONS,2026,2026,TDSHSP-24/284,SOUPS 24/284ML,000J5CXME,Committed,0.0,2026-02-01,2026-12-31,DR 2026 - 2026-10-02 (EXCEXP_TLS_000JJKSJR).xlsx,Rebates,2311,TD-ColdStar On-going promos (Catalogue) Coop Eff Feb 1
yoy,Fcst Inc Cases is not positive,Cold Star Solutions,NA-COLD STAR SOLUTIONS,2026,2026,TDSHSP-12/540,SOUPS 12/540ML,000J5CXME,Committed,0.0,2026-02-01,2026-12-31,DR 2026 - 2026-10-02 (EXCEXP_TLS_000JJKSJR).xlsx,Rebates,2312,TD-ColdStar On-going promos (Catalogue) Coop Eff Feb 1
yoy,Fcst Inc Cases is not positive,Cold Star Solutions,NA-COLD STAR SOLUTIONS,2026,2026,TDRGSB-6/300,R&G SMALL BAG 6/300GR,000J5CXME,Committed,0.0,2026-02-01,2026-12-31,DR 2026 - 2026-10-02 (EXCEXP_TLS_000JJKSJR).xlsx,Rebates,2313,TD-ColdStar On-going promos (Catalogue) Coop Eff Feb 1
yoy,Fcst Inc Cases is not positive,Cold Star Solutions,NA-COLD STAR SOLUTIONS,2026,2026,TDRGLC-6/930,R&G LARGE CAN 6/930GR,000J5CXME,Committed,0.0,2026-02-01,2026-12-31,DR 2026 - 2026-10-02 (EXCEXP_TLS_000JJKSJR).xlsx,Rebates,2314,TD-ColdStar On-going promos (Catalogue) Coop Eff Feb 1
yoy,Fcst Inc Cases is not positive,Cold Star Solutions,NA-COLD STAR SOLUTIONS,2026,2026,TDRGLB-6/2,R&G LARGE BAG 6/2LB,000J5CXME,Committed,0.0,2026-02-01,2026-12-31,DR 2026 - 2026-10-02 (EXCEXP_TLS_000JJKSJR).xlsx,Rebates,2315,TD-ColdStar On-going promos (Catalogue) Coop Eff Feb 1
yoy,Fcst Inc Cases is not positive,Cold Star Solutions,NA-COLD STAR SOLUTIONS,2026,2026,TDIC-12/100,INSTANT COFFEE 12/100GR,000J5CXME,Committed,0.0,2026-02-01,2026-12-31,DR 2026 - 2026-10-02 (EXCEXP_TLS_000JJKSJR).xlsx,Rebates,2316,TD-ColdStar On-going promos (Catalogue) Coop Eff Feb 1
yoy,Fcst Inc Cases is not positive,Cold Star Solutions,NA-COLD STAR SOLUTIONS,2026,2026,TDSHHB-12/425,HOT BOWLS 12/425GR,000J5CXME,Committed,0.0,2026-02-01,2026-12-31,DR 2026 - 2026-10-02 (EXCEXP_TLS_000JJKSJR).xlsx,Rebates,2317,TD-ColdStar On-going promos (Catalogue) Coop Eff Feb 1
yoy,Fcst Inc Cases is not positive,Cold Star Solutions,NA-COLD STAR SOLUTIONS,2026,2026,TDHBHC-4/20,HB HOT CHOCOLATE 4/20CT,000J5CXME,Committed,0.0,2026-02-01,2026-12-31,DR 2026 - 2026-10-02 (EXCEXP_TLS_000JJKSJR).xlsx,Rebates,2318,TD-ColdStar On-going promos (Catalogue) Coop Eff Feb 1
yoy,Fcst Inc Cases is not positive,Cold Star Solutions,NA-COLD STAR SOLUTIONS,2026,2026,TDHBHC-12/500,HB HOT CHOCOLATE 12/500GR,000J5CXME,Committed,0.0,2026-02-01,2026-12-31,DR 2026 - 2026-10-02 (EXCEXP_TLS_000JJKSJR).xlsx,Rebates,2319,TD-ColdStar On-going promos (Catalogue) Coop Eff Feb 1
yoy,Fcst Inc Cases is not positive,Cold Star Solutions,NA-COLD STAR SOLUTIONS,2026,2026,TDHBCAP-5/8,HB CAPPUCCINO 5/8CT,000J5CXME,Committed,0.0,2026-02-01,2026-12-31,DR 2026 - 2026-10-02 (EXCEXP_TLS_000JJKSJR).xlsx,Rebates,2320,TD-ColdStar On-going promos (Catalogue) Coop Eff Feb 1
yoy,Fcst Inc Cases is not positive,Cold Star Solutions,NA-COLD STAR SOLUTIONS,2026,2026,TDGB-12/5/30,GRANOLA BAR 12/5/30GR,000J5CXME,Committed,0.0,2026-02-01,2026-12-31,DR 2026 - 2026-10-02 (EXCEXP_TLS_000JJKSJR).xlsx,Rebates,2321,TD-ColdStar On-going promos (Catalogue) Coop Eff Feb 1
yoy,Fcst Inc Cases is not positive,Costco,NA-COSTCO,2026,2026,6320908885,TDL ORIGINAL BLEND 252/3 LB,000ITPJP9,Committed,0.0,2026-01-01,2026-12-30,DR 2026 - 2026-10-02 (EXCEXP_TLS_000JJKSJR).xlsx,Rebates,2323,TD Costco Demo Funds
yoy,Fcst Inc Cases is not positive,Costco,NA-COSTCO,2026,2026,6320915282,TDL HOT CHOC / FV PACKET 256/30 EA,000ITPJP9,Committed,0.0,2026-01-01,2026-12-30,DR 2026 - 2026-10-02 (EXCEXP_TLS_000JJKSJR).xlsx,Rebates,2324,TD Costco Demo Funds
yoy,Fcst Inc Cases is not positive,Costco,NA-COSTCO,2026,2026,6320911511,TDL ORIGINAL KCUP SS 1/80 CT,000ITPKB8,Committed,0.0,2026-01-01,2026-12-30,DR 2026 - 2026-10-02 (EXCEXP_TLS_000JJKSJR).xlsx,Rebates,2326,TD Costco 2026  Connection Fees
yoy,Fcst Inc Cases is not positive,Costco,NA-COSTCO,2026,2026,6320916636,TDL KCUP STEEPED TEA ORANGE PEKOE 1/72CT,000ITPKB8,Committed,0.0,2026-01-01,2026-12-30,DR 2026 - 2026-10-02 (EXCEXP_TLS_000JJKSJR).xlsx,Rebates,2327,TD Costco 2026  Connection Fees
yoy,Fcst Inc Cases is not positive,Costco,NA-COSTCO,2026,2026,TDRGLC-252/3,R&G LARGE CAN 252/3LB,000ITPKB8,Committed,0.0,2026-01-01,2026-12-30,DR 2026 - 2026-10-02 (EXCEXP_TLS_000JJKSJR).xlsx,Rebates,2328,TD Costco 2026  Connection Fees
yoy,Fcst Inc Cases is not positive,Costco,NA-COSTCO,2026,2026,6320908885,TDL ORIGINAL BLEND 252/3 LB,000ITPJNE,Committed,0.0,2026-01-01,2026-12-31,DR 2026 - 2026-10-02 (EXCEXP_TLS_000JJKSJR).xlsx,Rebates,2330,TD Costco.ca 3LB Can E-Mail Blast
yoy,Fcst Inc Cases is not positive,Costco,NA-COSTCO,2026,2026,TDSSKC-1/80,SS KCOMP 1/80CT,000ITPJNQ,Committed,0.0,2026-01-01,2026-12-31,DR 2026 - 2026-10-02 (EXCEXP_TLS_000JJKSJR).xlsx,Rebates,2332,TD Costco Pulsed Single Serve Endcap-see notes for contracts
yoy,Fcst Inc Cases is not positive,Costco,NA-COSTCO,2026,2026,TDSSKC-1/80,SS KCOMP 1/80CT,000J0O9H7,Committed,0.0,2026-01-09,2026-01-11,DR 2026 - 2026-10-02 (EXCEXP_TLS_000JJKSJR).xlsx,Rebates,2334,TD Costco KCUP 80CT 2025 Winter TPD 3-Day Extension Maritime
yoy,Fcst Inc Cases is not positive,Costco,NA-COSTCO,2026,2026,TDSSKC-1/80,SS KCOMP 1/80CT,000ITPJLW,Closed,0.0,2026-02-16,2026-03-01,DR 2026 - 2026-10-02 (EXCEXP_TLS_000JJKSJR).xlsx,Rebates,2343,TD Costco 80CT SS TPD Q1
yoy,Fcst Inc Cases is not positive,Costco,NA-COSTCO,2026,2026,TDSSKC-1/80,SS KCOMP 1/80CT,000ITPJLW,Closed,0.0,2026-02-16,2026-03-01,DR 2026 - 2026-10-02 (EXCEXP_TLS_000JJKSJR).xlsx,Rebates,2344,TD Costco 80CT SS TPD Q1
yoy,Fcst Inc Cases is not positive,Costco,NA-COSTCO,2026,2026,TDSSKC-1/80,SS KCOMP 1/80CT,000ITPJLW,Closed,0.0,2026-02-16,2026-03-01,DR 2026 - 2026-10-02 (EXCEXP_TLS_000JJKSJR).xlsx,Rebates,2345,TD Costco 80CT SS TPD Q1
yoy,Fcst Inc Cases is not positive,Costco,NA-COSTCO,2026,2026,6320911511,TDL ORIGINAL KCUP SS 1/80 CT,000J7WXRJ,Committed,0.0,2026-03-06,2026-03-08,DR 2026 - 2026-10-02 (EXCEXP_TLS_000JJKSJR).xlsx,Rebates,2347,TD Costco 80CT SS TPD Q1 (3-day)
yoy,Fcst Inc Cases is not positive,Costco,NA-COSTCO,2026,2026,6320924954,TDL COLOMBIAN KCUP SS 1/80 CT,000JD60CC,Committed,0.0,2026-04-28,2026-05-31,DR 2026 - 2026-10-02 (EXCEXP_TLS_000JJKSJR).xlsx,Rebates,2351,TD Costco SS TPD Columbian Hangover
yoy,Fcst Inc Cases is not positive,Costco,NA-COSTCO,2026,2026,6320908885,TDL ORIGINAL BLEND 252/3 LB,000J8TDWH,Committed,0.0,2026-05-04,2026-05-10,DR 2026 - 2026-10-02 (EXCEXP_TLS_000JJKSJR).xlsx,Rebates,2353,TD Costco 1.3KG 1-Week TPD
yoy,Fcst Inc Cases is not positive,Costco,NA-COSTCO,2026,2026,TDSSKC-1/80,SS KCOMP 1/80CT,000J732D3,Closed,0.0,2026-05-25,2026-06-07,DR 2026 - 2026-10-02 (EXCEXP_TLS_000JJKSJR).xlsx,Rebates,2359,TD Costco 80CT SS TPD Q2 (May)
yoy,Fcst Inc Cases is not positive,Costco,NA-COSTCO,2026,2026,6320908885,TDL ORIGINAL BLEND 252/3 LB,000JEGR7H,Committed,0.0,2026-06-04,2026-06-05,DR 2026 - 2026-10-02 (EXCEXP_TLS_000JJKSJR).xlsx,Rebates,2361,TD Costco Newfoundland 3LB June 2-Day TPD
yoy,Fcst Inc Cases is not positive,Costco,NA-COSTCO,2026,2026,TDSSKC-1/80,SS KCOMP 1/80CT,000ITPJJQ,Committed,0.0,2026-07-06,2026-07-23,DR 2026 - 2026-10-02 (EXCEXP_TLS_000JJKSJR).xlsx,Rebates,2367,TD Costco 80CT SS TPD Q2
yoy,Fcst Inc Cases is not positive,Costco,NA-COSTCO,2026,2026,TDSSKC-1/80,SS KCOMP 1/80CT,000ITPJMN,Committed,0.0,2026-08-31,2026-09-13,DR 2026 - 2026-10-02 (EXCEXP_TLS_000JJKSJR).xlsx,Rebates,2377,TD Costco 80CT SS TPD Q3
yoy,Fcst Inc Cases is not positive,Costco,NA-COSTCO,2026,2026,TDSSKC-1/80,SS KCOMP 1/80CT,000ITPJMN,Committed,0.0,2026-08-31,2026-09-13,DR 2026 - 2026-10-02 (EXCEXP_TLS_000JJKSJR).xlsx,Rebates,2378,TD Costco 80CT SS TPD Q3
yoy,Fcst Inc Cases is not positive,Costco,NA-COSTCO,2026,2026,6320911511,TDL ORIGINAL KCUP SS 1/80 CT,000JIDO4C,Planned,0.0,2026-09-29,2026-09-29,DR 2026 - 2026-10-02 (EXCEXP_TLS_000JJKSJR).xlsx,Rebates,2380,TD Costco Buy More Save More
yoy,Fcst Inc Cases is not positive,Costco,NA-COSTCO,2026,2026,6320915282,TDL HOT CHOC / FV PACKET 256/30 EA,000ITPJLE,Planned,0.0,2026-11-09,2026-11-22,DR 2026 - 2026-10-02 (EXCEXP_TLS_000JJKSJR).xlsx,Rebates,2382,TD Costco National FVHC TPD
yoy,Fcst Inc Cases is not positive,Costco,NA-COSTCO,2026,2026,6320911274,TDL VARIETY KCUP SS 4/30 CT,000ITPJPH,Planned,0.0,2026-11-24,2026-12-07,DR 2026 - 2026-10-02 (EXCEXP_TLS_000JJKSJR).xlsx,Rebates,2387,TD Costco.ca TPD Q4
yoy,Fcst Inc Cases is not positive,Costco,NA-COSTCO,2026,2026,6320916636,TDL KCUP STEEPED TEA ORANGE PEKOE 1/72CT,000ITPJPH,Planned,0.0,2026-11-24,2026-12-07,DR 2026 - 2026-10-02 (EXCEXP_TLS_000JJKSJR).xlsx,Rebates,2388,TD Costco.ca TPD Q4
yoy,Fcst Inc Cases is not positive,Costco,NA-COSTCO,2026,2026,6320911272,TDL KCUP CAPPUCCNO FRNCH VAN SS 6/10CT,000ITPJPH,Planned,0.0,2026-11-24,2026-12-07,DR 2026 - 2026-10-02 (EXCEXP_TLS_000JJKSJR).xlsx,Rebates,2389,TD Costco.ca TPD Q4
yoy,Fcst Inc Cases is not positive,Costco,NA-COSTCO,2026,2026,TDNC-1/60,NCOMP 1/60CT,000ITPJPH,Planned,0.0,2026-11-24,2026-12-07,DR 2026 - 2026-10-02 (EXCEXP_TLS_000JJKSJR).xlsx,Rebates,2390,TD Costco.ca TPD Q4
yoy,Fcst Inc Cases is not positive,Costco,NA-COSTCO,2026,2026,TDSSKC-1/80,SS KCOMP 1/80CT,000ITPJKI,Planned,0.0,2026-12-08,2026-12-22,DR 2026 - 2026-10-02 (EXCEXP_TLS_000JJKSJR).xlsx,Rebates,2396,TD Costco 80CT SS TPD Q4
yoy,Fcst Inc Cases is not positive,Dist Benmar,NA-DIST BENMAR,2026,2026,TDSSTA-5/14,SS TASSIMO 5/14CT,000ITZNL0,Closed,0.0,2026-01-01,2026-01-31,DR 2026 - 2026-10-02 (EXCEXP_TLS_000JJKSJR).xlsx,Rebates,2398,TD Ben-Mar annual rebates Ends Jan 31
yoy,Fcst Inc Cases is not positive,Dist Benmar,NA-DIST BENMAR,2026,2026,TDSSKC-6/12,SS KCOMP 6/12CT,000ITZNL0,Closed,0.0,2026-01-01,2026-01-31,DR 2026 - 2026-10-02 (EXCEXP_TLS_000JJKSJR).xlsx,Rebates,2399,TD Ben-Mar annual rebates Ends Jan 31
yoy,Fcst Inc Cases is not positive,Dist Benmar,NA-DIST BENMAR,2026,2026,TDSSKC-4/30,SS KCOMP 4/30CT,000ITZNL0,Closed,0.0,2026-01-01,2026-01-31,DR 2026 - 2026-10-02 (EXCEXP_TLS_000JJKSJR).xlsx,Rebates,2400,TD Ben-Mar annual rebates Ends Jan 31
yoy,Fcst Inc Cases is not positive,Dist Benmar,NA-DIST BENMAR,2026,2026,TDSSKC-4/30,SS KCOMP 4/30CT,000ITZNL0,Closed,0.0,2026-01-01,2026-01-31,DR 2026 - 2026-10-02 (EXCEXP_TLS_000JJKSJR).xlsx,Rebates,2401,TD Ben-Mar annual rebates Ends Jan 31
yoy,Fcst Inc Cases is not positive,Dist Benmar,NA-DIST BENMAR,2026,2026,TDSHSP-12/540,SOUPS 12/540ML,000ITZNL0,Closed,0.0,2026-01-01,2026-01-31,DR 2026 - 2026-10-02 (EXCEXP_TLS_000JJKSJR).xlsx,Rebates,2402,TD Ben-Mar annual rebates Ends Jan 31
yoy,Fcst Inc Cases is not positive,Dist Benmar,NA-DIST BENMAR,2026,2026,TDRGSB-6/300,R&G SMALL BAG 6/300GR,000ITZNL0,Closed,0.0,2026-01-01,2026-01-31,DR 2026 - 2026-10-02 (EXCEXP_TLS_000JJKSJR).xlsx,Rebates,2403,TD Ben-Mar annual rebates Ends Jan 31
yoy,Fcst Inc Cases is not positive,Dist Benmar,NA-DIST BENMAR,2026,2026,TDRGLC-6/930,R&G LARGE CAN 6/930GR,000ITZNL0,Closed,0.0,2026-01-01,2026-01-31,DR 2026 - 2026-10-02 (EXCEXP_TLS_000JJKSJR).xlsx,Rebates,2404,TD Ben-Mar annual rebates Ends Jan 31
yoy,Fcst Inc Cases is not positive,Dist Benmar,NA-DIST BENMAR,2026,2026,TDIC-12/100,INSTANT COFFEE 12/100GR,000ITZNL0,Closed,0.0,2026-01-01,2026-01-31,DR 2026 - 2026-10-02 (EXCEXP_TLS_000JJKSJR).xlsx,Rebates,2405,TD Ben-Mar annual rebates Ends Jan 31
yoy,Fcst Inc Cases is not positive,Dist Benmar,NA-DIST BENMAR,2026,2026,TDSHHB-12/425,HOT BOWLS 12/425GR,000ITZNL0,Closed,0.0,2026-01-01,2026-01-31,DR 2026 - 2026-10-02 (EXCEXP_TLS_000JJKSJR).xlsx,Rebates,2406,TD Ben-Mar annual rebates Ends Jan 31
yoy,Fcst Inc Cases is not positive,Dist Benmar,NA-DIST BENMAR,2026,2026,TDHBHC-12/500,HB HOT CHOCOLATE 12/500GR,000ITZNL0,Closed,0.0,2026-01-01,2026-01-31,DR 2026 - 2026-10-02 (EXCEXP_TLS_000JJKSJR).xlsx,Rebates,2407,TD Ben-Mar annual rebates Ends Jan 31
yoy,Fcst Inc Cases is not positive,Dist Benmar,NA-DIST BENMAR,2026,2026,TDGB-12/5/30,GRANOLA BAR 12/5/30GR,000ITZNL0,Closed,0.0,2026-01-01,2026-01-31,DR 2026 - 2026-10-02 (EXCEXP_TLS_000JJKSJR).xlsx,Rebates,2408,TD Ben-Mar annual rebates Ends Jan 31
yoy,Fcst Inc Cases is not positive,Dist Benmar,NA-DIST BENMAR,2026,2026,TDSSKC-6/12,SS KCOMP 6/12CT,000J3YBB7,Committed,0.0,2026-02-01,2026-12-30,DR 2026 - 2026-10-02 (EXCEXP_TLS_000JJKSJR).xlsx,Rebates,2411,TD Ben-Mar annual rebates Eff Feb 1 PI
yoy,Fcst Inc Cases is not positive,Dist Benmar,NA-DIST BENMAR,2026,2026,TDSSKC-4/30,SS KCOMP 4/30CT,000J3YBB7,Committed,0.0,2026-02-01,2026-12-30,DR 2026 - 2026-10-02 (EXCEXP_TLS_000JJKSJR).xlsx,Rebates,2412,TD Ben-Mar annual rebates Eff Feb 1 PI
yoy,Fcst Inc Cases is not positive,Dist Benmar,NA-DIST BENMAR,2026,2026,TDSHSP-12/540,SOUPS 12/540ML,000J3YBB7,Committed,0.0,2026-02-01,2026-12-30,DR 2026 - 2026-10-02 (EXCEXP_TLS_000JJKSJR).xlsx,Rebates,2413,TD Ben-Mar annual rebates Eff Feb 1 PI
yoy,Fcst Inc Cases is not positive,Dist Benmar,NA-DIST BENMAR,2026,2026,TDRGSB-6/300,R&G SMALL BAG 6/300GR,000J3YBB7,Committed,0.0,2026-02-01,2026-12-30,DR 2026 - 2026-10-02 (EXCEXP_TLS_000JJKSJR).xlsx,Rebates,2414,TD Ben-Mar annual rebates Eff Feb 1 PI
yoy,Fcst Inc Cases is not positive,Dist Benmar,NA-DIST BENMAR,2026,2026,TDRGLC-6/930,R&G LARGE CAN 6/930GR,000J3YBB7,Committed,0.0,2026-02-01,2026-12-30,DR 2026 - 2026-10-02 (EXCEXP_TLS_000JJKSJR).xlsx,Rebates,2415,TD Ben-Mar annual rebates Eff Feb 1 PI
yoy,Fcst Inc Cases is not positive,Dist Benmar,NA-DIST BENMAR,2026,2026,TDIC-12/100,INSTANT COFFEE 12/100GR,000J3YBB7,Committed,0.0,2026-02-01,2026-12-30,DR 2026 - 2026-10-02 (EXCEXP_TLS_000JJKSJR).xlsx,Rebates,2416,TD Ben-Mar annual rebates Eff Feb 1 PI
yoy,Fcst Inc Cases is not positive,Dist Benmar,NA-DIST BENMAR,2026,2026,TDSHHB-12/425,HOT BOWLS 12/425GR,000J3YBB7,Committed,0.0,2026-02-01,2026-12-30,DR 2026 - 2026-10-02 (EXCEXP_TLS_000JJKSJR).xlsx,Rebates,2417,TD Ben-Mar annual rebates Eff Feb 1 PI
yoy,Fcst Inc Cases is not positive,Dist Benmar,NA-DIST BENMAR,2026,2026,TDHBHC-12/500,HB HOT CHOCOLATE 12/500GR,000J3YBB7,Committed,0.0,2026-02-01,2026-12-30,DR 2026 - 2026-10-02 (EXCEXP_TLS_000JJKSJR).xlsx,Rebates,2418,TD Ben-Mar annual rebates Eff Feb 1 PI
yoy,Fcst Inc Cases is not positive,Dist Benmar,NA-DIST BENMAR,2026,2026,TDGB-12/5/30,GRANOLA BAR 12/5/30GR,000J3YBB7,Committed,0.0,2026-02-01,2026-12-30,DR 2026 - 2026-10-02 (EXCEXP_TLS_000JJKSJR).xlsx,Rebates,2419,TD Ben-Mar annual rebates Eff Feb 1 PI
yoy,Fcst Inc Cases is not positive,Dist Benmar,NA-DIST BENMAR,2026,2026,TDSSKC-6/12,SS KCOMP 6/12CT,000ITZ2DK,Committed,0.0,2026-02-01,2026-12-31,DR 2026 - 2026-10-02 (EXCEXP_TLS_000JJKSJR).xlsx,Rebates,2421,TD- BenMar Bulk Rate net of Ann. Rates -depends on order qty
yoy,Fcst Inc Cases is not positive,Dist Benmar,NA-DIST BENMAR,2026,2026,TDSSKC-4/30,SS KCOMP 4/30CT,000ITZ2DK,Committed,0.0,2026-02-01,2026-12-31,DR 2026 - 2026-10-02 (EXCEXP_TLS_000JJKSJR).xlsx,Rebates,2422,TD- BenMar Bulk Rate net of Ann. Rates -depends on order qty
yoy,Fcst Inc Cases is not positive,Dist Benmar,NA-DIST BENMAR,2026,2026,TDRGSB-6/300,R&G SMALL BAG 6/300GR,000ITZ2DK,Committed,0.0,2026-02-01,2026-12-31,DR 2026 - 2026-10-02 (EXCEXP_TLS_000JJKSJR).xlsx,Rebates,2423,TD- BenMar Bulk Rate net of Ann. Rates -depends on order qty
yoy,Fcst Inc Cases is not positive,Dist Benmar,NA-DIST BENMAR,2026,2026,TDRGLC-6/930,R&G LARGE CAN 6/930GR,000ITZ2DK,Committed,0.0,2026-02-01,2026-12-31,DR 2026 - 2026-10-02 (EXCEXP_TLS_000JJKSJR).xlsx,Rebates,2424,TD- BenMar Bulk Rate net of Ann. Rates -depends on order qty
yoy,Fcst Inc Cases is not positive,Dist Benmar,NA-DIST BENMAR,2026,2026,TDRGLC-6/930,R&G LARGE CAN 6/930GR,000ITZ2DK,Committed,0.0,2026-02-01,2026-12-31,DR 2026 - 2026-10-02 (EXCEXP_TLS_000JJKSJR).xlsx,Rebates,2425,TD- BenMar Bulk Rate net of Ann. Rates -depends on order qty
yoy,Fcst Inc Cases is not positive,Fed Coop,NA-FED CO-OP,2026,2026,TDSSTA-5/14,SS TASSIMO 5/14CT,000JB0FUX,Closed,0.0,2026-01-01,2026-01-05,DR 2026 - 2026-10-02 (EXCEXP_TLS_000JJKSJR).xlsx,Rebates,2427,TD Price Drop Week 50-53 Pt2
yoy,Fcst Inc Cases is not positive,Fed Coop,NA-FED CO-OP,2026,2026,TDIC-12/100,INSTANT COFFEE 12/100GR,000JB0FUX,Closed,0.0,2026-01-01,2026-01-05,DR 2026 - 2026-10-02 (EXCEXP_TLS_000JJKSJR).xlsx,Rebates,2428,TD Price Drop Week 50-53 Pt2
yoy,Fcst Inc Cases is not positive,Fed Coop,NA-FED CO-OP,2026,2026,TDSHHB-12/425,HOT BOWLS 12/425GR,000JB0FUX,Closed,0.0,2026-01-01,2026-01-05,DR 2026 - 2026-10-02 (EXCEXP_TLS_000JJKSJR).xlsx,Rebates,2429,TD Price Drop Week 50-53 Pt2
yoy,Fcst Inc Cases is not positive,Fed Coop,NA-FED CO-OP,2026,2026,6320923707,TDL COFFEE FINE/DARK 1/2 DRP 126/1 EA,000J433WO,Committed,0.0,2026-02-01,2026-12-31,DR 2026 - 2026-10-02 (EXCEXP_TLS_000JJKSJR).xlsx,Rebates,2439,TD FCL 15% OI Disp Eff. Feb 1
yoy,Fcst Inc Cases is not positive,Fed Coop,NA-FED CO-OP,2026,2026,TDSSKC-16/30,SS KCOMP 16/30CT,000J433WO,Committed,0.0,2026-02-01,2026-12-31,DR 2026 - 2026-10-02 (EXCEXP_TLS_000JJKSJR).xlsx,Rebates,2440,TD FCL 15% OI Disp Eff. Feb 1
yoy,Fcst Inc Cases is not positive,Fed Coop,NA-FED CO-OP,2026,2026,TDSSKC-145/30,SS KCOMP 145/30CT,000J433WO,Committed,0.0,2026-02-01,2026-12-31,DR 2026 - 2026-10-02 (EXCEXP_TLS_000JJKSJR).xlsx,Rebates,2441,TD FCL 15% OI Disp Eff. Feb 1
yoy,Fcst Inc Cases is not positive,Fed Coop,NA-FED CO-OP,2026,2026,TDSHSP-288/540,SOUPS 288/540ML,000J433WO,Committed,0.0,2026-02-01,2026-12-31,DR 2026 - 2026-10-02 (EXCEXP_TLS_000JJKSJR).xlsx,Rebates,2442,TD FCL 15% OI Disp Eff. Feb 1
yoy,Fcst Inc Cases is not positive,Fed Coop,NA-FED CO-OP,2026,2026,TDSHHB-12/425,HOT BOWLS 12/425GR,000J6OUU6,Closed,0.0,2026-04-16,2026-05-06,DR 2026 - 2026-10-02 (EXCEXP_TLS_000JJKSJR).xlsx,Rebates,2465,TD PRICE DROP 516   - CHILE
yoy,Fcst Inc Cases is not positive,Fed Coop,NA-FED CO-OP,2026,2026,6320911393,TDL KCUP TEA SS 6/12 CT,000ITP8SQ,Closed,0.0,2026-05-07,2026-05-27,DR 2026 - 2026-10-02 (EXCEXP_TLS_000JJKSJR).xlsx,Rebates,2467,TD Price Drop wk 19 HC10ct 12ct ncomp FVC Tass
yoy,Fcst Inc Cases is not positive,Fed Coop,NA-FED CO-OP,2026,2026,TDSSKC-16/30,SS KCOMP 16/30CT,000JCUO5D,Closed,0.0,2026-04-20,2026-05-10,DR 2026 - 2026-10-02 (EXCEXP_TLS_000JJKSJR).xlsx,Rebates,2478,TD FCL Temp Additional OI 16/30
yoy,Fcst Inc Cases is not positive,Fed Coop,NA-FED CO-OP,2026,2026,TDSHSP-12/540,SOUPS 12/540ML,000JBBU6F,Committed,0.0,2026-06-25,2026-07-01,DR 2026 - 2026-10-02 (EXCEXP_TLS_000JJKSJR).xlsx,Rebates,2489,TD WK 26 Flyer Soup/Chili
yoy,Fcst Inc Cases is not positive,Fed Coop,NA-FED CO-OP,2026,2026,TDSHHB-12/425,HOT BOWLS 12/425GR,000JBBU6F,Committed,0.0,2026-06-25,2026-07-01,DR 2026 - 2026-10-02 (EXCEXP_TLS_000JJKSJR).xlsx,Rebates,2491,TD WK 26 Flyer Soup/Chili
yoy,Fcst Inc Cases is not positive,Fed Coop,NA-FED CO-OP,2026,2026,6320911274,TDL VARIETY KCUP SS 4/30 CT,000ITPAQT,Committed,0.0,2026-07-02,2026-07-08,DR 2026 - 2026-10-02 (EXCEXP_TLS_000JJKSJR).xlsx,Rebates,2495,TD WK 27 Flyer Tins 2lb 4/30ct 4/24ct FVC 6/640g
yoy,Fcst Inc Cases is not positive,Fed Coop,NA-FED CO-OP,2026,2026,6320911273,TDL ORIGINAL KCUP SS 4/30 CT,000ITPAQT,Committed,0.0,2026-07-02,2026-07-08,DR 2026 - 2026-10-02 (EXCEXP_TLS_000JJKSJR).xlsx,Rebates,2497,TD WK 27 Flyer Tins 2lb 4/30ct 4/24ct FVC 6/640g
yoy,Fcst Inc Cases is not positive,Fed Coop,NA-FED CO-OP,2026,2026,6320912574,TDL KCUP ORANGE PEKOE TEA 4/30 CT,000ITPAQT,Committed,0.0,2026-07-02,2026-07-08,DR 2026 - 2026-10-02 (EXCEXP_TLS_000JJKSJR).xlsx,Rebates,2499,TD WK 27 Flyer Tins 2lb 4/30ct 4/24ct FVC 6/640g
yoy,Fcst Inc Cases is not positive,Fed Coop,NA-FED CO-OP,2026,2026,6320914562,TDL KCUP FRENCH VANILLA 4/30 CT,000ITPAQT,Committed,0.0,2026-07-02,2026-07-08,DR 2026 - 2026-10-02 (EXCEXP_TLS_000JJKSJR).xlsx,Rebates,2501,TD WK 27 Flyer Tins 2lb 4/30ct 4/24ct FVC 6/640g
yoy,Fcst Inc Cases is not positive,Fed Coop,NA-FED CO-OP,2026,2026,6320911277,TDL DECAF KCUP SS 4/30 CT,000ITPAQT,Committed,0.0,2026-07-02,2026-07-08,DR 2026 - 2026-10-02 (EXCEXP_TLS_000JJKSJR).xlsx,Rebates,2503,TD WK 27 Flyer Tins 2lb 4/30ct 4/24ct FVC 6/640g
yoy,Fcst Inc Cases is not positive,Fed Coop,NA-FED CO-OP,2026,2026,6320911276,TDL DARK ROAST KCUP SS 4/30 CT,000ITPAQT,Committed,0.0,2026-07-02,2026-07-08,DR 2026 - 2026-10-02 (EXCEXP_TLS_000JJKSJR).xlsx,Rebates,2505,TD WK 27 Flyer Tins 2lb 4/30ct 4/24ct FVC 6/640g
yoy,Fcst Inc Cases is not positive,Fed Coop,NA-FED CO-OP,2026,2026,6320911275,TDL COLOMBIAN KCUP SS 4/30 CT,000ITPAQT,Committed,0.0,2026-07-02,2026-07-08,DR 2026 - 2026-10-02 (EXCEXP_TLS_000JJKSJR).xlsx,Rebates,2507,TD WK 27 Flyer Tins 2lb 4/30ct 4/24ct FVC 6/640g
yoy,Fcst Inc Cases is not positive,Fed Coop,NA-FED CO-OP,2026,2026,TDSSKCC-4/24,SS KCOMP CAP 4/24CT,000ITPAQT,Committed,0.0,2026-07-02,2026-07-08,DR 2026 - 2026-10-02 (EXCEXP_TLS_000JJKSJR).xlsx,Rebates,2511,TD WK 27 Flyer Tins 2lb 4/30ct 4/24ct FVC 6/640g
yoy,Fcst Inc Cases is not positive,Fed Coop,NA-FED CO-OP,2026,2026,TDRGLC-6/930,R&G LARGE CAN 6/930GR,000ITPAQT,Committed,0.0,2026-07-02,2026-07-08,DR 2026 - 2026-10-02 (EXCEXP_TLS_000JJKSJR).xlsx,Rebates,2513,TD WK 27 Flyer Tins 2lb 4/30ct 4/24ct FVC 6/640g
yoy,Fcst Inc Cases is not positive,Fed Coop,NA-FED CO-OP,2026,2026,TDRGLB-6/2,R&G LARGE BAG 6/2LB,000ITPAQT,Committed,0.0,2026-07-02,2026-07-08,DR 2026 - 2026-10-02 (EXCEXP_TLS_000JJKSJR).xlsx,Rebates,2515,TD WK 27 Flyer Tins 2lb 4/30ct 4/24ct FVC 6/640g
yoy,Fcst Inc Cases is not positive,Fed Coop,NA-FED CO-OP,2026,2026,TDRDIC-6/142,ICED COFFEE 6/1.42L,000JDPWKL,Committed,0.0,2026-07-09,2026-07-29,DR 2026 - 2026-10-02 (EXCEXP_TLS_000JJKSJR).xlsx,Rebates,2518,TD Price Drop WK28 Iced Coffee
yoy,Fcst Inc Cases is not positive,Fed Coop,NA-FED CO-OP,2026,2026,TDSHSP-12/540,SOUPS 12/540ML,000ITPAS7,Committed,0.0,2026-07-16,2026-07-22,DR 2026 - 2026-10-02 (EXCEXP_TLS_000JJKSJR).xlsx,Rebates,2520,TD WK 29 Flyer Soup 540ML
yoy,Fcst Inc Cases is not positive,Fed Coop,NA-FED CO-OP,2026,2026,TDSSKC-4/30,SS KCOMP 4/30CT,000ITPAVG,Committed,0.0,2026-08-13,2026-09-16,DR 2026 - 2026-10-02 (EXCEXP_TLS_000JJKSJR).xlsx,Rebates,2532,TD WK 34-38 BTS Large tin
yoy,Fcst Inc Cases is not positive,Fed Coop,NA-FED CO-OP,2026,2026,TDSHSP-12/540,SOUPS 12/540ML,000ITPAUT,Committed,0.0,2026-08-13,2026-09-16,DR 2026 - 2026-10-02 (EXCEXP_TLS_000JJKSJR).xlsx,Rebates,2536,TD BTS WK 33-37 Flyer Soup
yoy,Fcst Inc Cases is not positive,Fed Coop,NA-FED CO-OP,2026,2026,TDSHSP-12/540,SOUPS 12/540ML,000ITPAUT,Committed,0.0,2026-08-13,2026-09-16,DR 2026 - 2026-10-02 (EXCEXP_TLS_000JJKSJR).xlsx,Rebates,2537,TD BTS WK 33-37 Flyer Soup
yoy,Fcst Inc Cases is not positive,Fed Coop,NA-FED CO-OP,2026,2026,TDSHSP-12/540,SOUPS 12/540ML,000JJ8HCU,Planned,0.0,2026-11-12,2026-11-18,DR 2026 - 2026-10-02 (EXCEXP_TLS_000JJKSJR).xlsx,Rebates,2581,TD WK 48 Flyer CHILI/LOADED/SOUPS
yoy,Fcst Inc Cases is not positive,Fed Coop,NA-FED CO-OP,2026,2026,TDSHHB-12/425,HOT BOWLS 12/425GR,000JJ8HCU,Planned,0.0,2026-11-12,2026-11-18,DR 2026 - 2026-10-02 (EXCEXP_TLS_000JJKSJR).xlsx,Rebates,2583,TD WK 48 Flyer CHILI/LOADED/SOUPS
yoy,Fcst Inc Cases is not positive,Fed Coop,NA-FED CO-OP,2026,2026,TDSSKC-4/30,SS KCOMP 4/30CT,000JJF865,Committed,0.0,2026-12-03,2026-12-16,DR 2026 - 2026-10-02 (EXCEXP_TLS_000JJKSJR).xlsx,Rebates,2606,TD WK 49-50 Festive Flyer Kcup 30Ct
yoy,Fcst Inc Cases is not positive,FKK Wholesale,NA-FKK WHSL,2026,2026,TDRGSB-6/300,R&G SMALL BAG 6/300GR,000JAM6UZ,Closed,0.0,2026-03-25,2026-04-10,DR 2026 - 2026-10-02 (EXCEXP_TLS_000JJKSJR).xlsx,Rebates,2609,TD - FKK Wholesaler bulk buy OI
yoy,Fcst Inc Cases is not positive,FKK Wholesale,NA-FKK WHSL,2026,2026,TDSSKC-6/12,SS KCOMP 6/12CT,000JHAK7P,Closed,0.0,2026-08-11,2026-08-21,DR 2026 - 2026-10-02 (EXCEXP_TLS_000JJKSJR).xlsx,Rebates,2611,TD - FKK Wholesaler bulk buy OI
yoy,Fcst Inc Cases is not positive,FKK Wholesale,NA-FKK WHSL,2026,2026,TDSSKC-6/10,SS KCOMP 6/10CT,000JHAK7P,Closed,0.0,2026-08-11,2026-08-21,DR 2026 - 2026-10-02 (EXCEXP_TLS_000JJKSJR).xlsx,Rebates,2612,TD - FKK Wholesaler bulk buy OI
yoy,Fcst Inc Cases is not positive,FKK Wholesale,NA-FKK WHSL,2026,2026,TDRGSB-6/300,R&G SMALL BAG 6/300GR,000JHAK7P,Closed,0.0,2026-08-11,2026-08-21,DR 2026 - 2026-10-02 (EXCEXP_TLS_000JJKSJR).xlsx,Rebates,2613,TD - FKK Wholesaler bulk buy OI
yoy,Fcst Inc Cases is not positive,FKK Wholesale,NA-FKK WHSL,2026,2026,TDHBHC-6/10,HB HOT CHOCOLATE 6/10CT,000JHAK7P,Closed,0.0,2026-08-11,2026-08-21,DR 2026 - 2026-10-02 (EXCEXP_TLS_000JJKSJR).xlsx,Rebates,2614,TD - FKK Wholesaler bulk buy OI
yoy,Fcst Inc Cases is not positive,Giant Tiger,NA-GIANT TIGER,2026,2026,TDSHHB-12/425,HOT BOWLS 12/425GR,000ITPJ35,Closed,0.0,2026-01-01,2026-06-30,DR 2026 - 2026-10-02 (EXCEXP_TLS_000JJKSJR).xlsx,Rebates,2634,TD GT East/West cost Gap Chili
yoy,Fcst Inc Cases is not positive,Giant Tiger,NA-GIANT TIGER,2026,2026,TDNC-10/10,NCOMP 10/10CT,000J2UO1K,Committed,0.0,2026-01-01,2026-12-31,DR 2026 - 2026-10-02 (EXCEXP_TLS_000JJKSJR).xlsx,Rebates,2636,TD NESPRESSO OFF INVOICE
yoy,Fcst Inc Cases is not positive,Giant Tiger,NA-GIANT TIGER,2026,2026,TDSHSP-12/540,SOUPS 12/540ML,000ITPH27,Committed,0.0,2026-01-01,2026-12-31,DR 2026 - 2026-10-02 (EXCEXP_TLS_000JJKSJR).xlsx,Rebates,2638,TD GT East/West cost Gap Soup
yoy,Fcst Inc Cases is not positive,Giant Tiger,NA-GIANT TIGER,2026,2026,TDSHSP-12/400,SOUPS 12/400ML,000ITPBW2,Closed,0.0,2026-01-07,2026-01-13,DR 2026 - 2026-10-02 (EXCEXP_TLS_000JJKSJR).xlsx,Rebates,2643,TD GT January  SOUP Flyer
yoy,Fcst Inc Cases is not positive,Giant Tiger,NA-GIANT TIGER,2026,2026,TDSSKC-6/12,SS KCOMP 6/12CT,000ITPGSV,Closed,0.0,2026-02-01,2026-02-28,DR 2026 - 2026-10-02 (EXCEXP_TLS_000JJKSJR).xlsx,Rebates,2653,TD Giant Tiger Monthly promotion
yoy,Fcst Inc Cases is not positive,Giant Tiger,NA-GIANT TIGER,2026,2026,TDSSKC-6/10,SS KCOMP 6/10CT,000ITPGSV,Closed,0.0,2026-02-01,2026-02-28,DR 2026 - 2026-10-02 (EXCEXP_TLS_000JJKSJR).xlsx,Rebates,2654,TD Giant Tiger Monthly promotion
yoy,Fcst Inc Cases is not positive,Giant Tiger,NA-GIANT TIGER,2026,2026,TDSSKC-4/30,SS KCOMP 4/30CT,000ITPGSV,Closed,0.0,2026-02-01,2026-02-28,DR 2026 - 2026-10-02 (EXCEXP_TLS_000JJKSJR).xlsx,Rebates,2655,TD Giant Tiger Monthly promotion
yoy,Fcst Inc Cases is not positive,Giant Tiger,NA-GIANT TIGER,2026,2026,TDRGSB-6/300,R&G SMALL BAG 6/300GR,000ITPGSV,Closed,0.0,2026-02-01,2026-02-28,DR 2026 - 2026-10-02 (EXCEXP_TLS_000JJKSJR).xlsx,Rebates,2656,TD Giant Tiger Monthly promotion
yoy,Fcst Inc Cases is not positive,Giant Tiger,NA-GIANT TIGER,2026,2026,TDRGLC-6/930,R&G LARGE CAN 6/930GR,000ITPGSV,Closed,0.0,2026-02-01,2026-02-28,DR 2026 - 2026-10-02 (EXCEXP_TLS_000JJKSJR).xlsx,Rebates,2657,TD Giant Tiger Monthly promotion
yoy,Fcst Inc Cases is not positive,Giant Tiger,NA-GIANT TIGER,2026,2026,TDIC-12/100,INSTANT COFFEE 12/100GR,000ITPGSV,Closed,0.0,2026-02-01,2026-02-28,DR 2026 - 2026-10-02 (EXCEXP_TLS_000JJKSJR).xlsx,Rebates,2658,TD Giant Tiger Monthly promotion
yoy,Fcst Inc Cases is not positive,Giant Tiger,NA-GIANT TIGER,2026,2026,TDSSKC-6/12,SS KCOMP 6/12CT,000ITPI9K,Closed,0.0,2026-02-02,2026-03-30,DR 2026 - 2026-10-02 (EXCEXP_TLS_000JJKSJR).xlsx,Rebates,2664,TD GIANT TIGER PRICE INCREASE PROTECTION
yoy,Fcst Inc Cases is not positive,Giant Tiger,NA-GIANT TIGER,2026,2026,TDSSKC-6/10,SS KCOMP 6/10CT,000ITPI9K,Closed,0.0,2026-02-02,2026-03-30,DR 2026 - 2026-10-02 (EXCEXP_TLS_000JJKSJR).xlsx,Rebates,2665,TD GIANT TIGER PRICE INCREASE PROTECTION
yoy,Fcst Inc Cases is not positive,Giant Tiger,NA-GIANT TIGER,2026,2026,TDSSKC-4/30,SS KCOMP 4/30CT,000ITPI9K,Closed,0.0,2026-02-02,2026-03-30,DR 2026 - 2026-10-02 (EXCEXP_TLS_000JJKSJR).xlsx,Rebates,2666,TD GIANT TIGER PRICE INCREASE PROTECTION
yoy,Fcst Inc Cases is not positive,Giant Tiger,NA-GIANT TIGER,2026,2026,TDSHSP-12/540,SOUPS 12/540ML,000ITPI9K,Closed,0.0,2026-02-02,2026-03-30,DR 2026 - 2026-10-02 (EXCEXP_TLS_000JJKSJR).xlsx,Rebates,2667,TD GIANT TIGER PRICE INCREASE PROTECTION
yoy,Fcst Inc Cases is not positive,Giant Tiger,NA-GIANT TIGER,2026,2026,TDRGSB-6/300,R&G SMALL BAG 6/300GR,000ITPI9K,Closed,0.0,2026-02-02,2026-03-30,DR 2026 - 2026-10-02 (EXCEXP_TLS_000JJKSJR).xlsx,Rebates,2668,TD GIANT TIGER PRICE INCREASE PROTECTION
yoy,Fcst Inc Cases is not positive,Giant Tiger,NA-GIANT TIGER,2026,2026,6320911393,TDL KCUP TEA SS 6/12 CT,000ITPH5L,Committed,0.0,2026-03-02,2026-04-05,DR 2026 - 2026-10-02 (EXCEXP_TLS_000JJKSJR).xlsx,Rebates,2673,TD GT HOT CHOCOLATE/SS KCOMP 6/12CT March ISF
yoy,Fcst Inc Cases is not positive,Giant Tiger,NA-GIANT TIGER,2026,2026,6320916881,TDL DOUBLE DOUBLE PACKET 5/8 EA,000ITPH5L,Committed,0.0,2026-03-02,2026-04-05,DR 2026 - 2026-10-02 (EXCEXP_TLS_000JJKSJR).xlsx,Rebates,2674,TD GT HOT CHOCOLATE/SS KCOMP 6/12CT March ISF
yoy,Fcst Inc Cases is not positive,Giant Tiger,NA-GIANT TIGER,2026,2026,6320915305,TDL CAPPUCCINO FRENCH VAN PACKET 5/8 EA,000ITPH5L,Committed,0.0,2026-03-02,2026-04-05,DR 2026 - 2026-10-02 (EXCEXP_TLS_000JJKSJR).xlsx,Rebates,2675,TD GT HOT CHOCOLATE/SS KCOMP 6/12CT March ISF
yoy,Fcst Inc Cases is not positive,Giant Tiger,NA-GIANT TIGER,2026,2026,6320920264,TDL CANDY CANE HOT CHOCOLATE 12/450 GR,000ITPH5L,Committed,0.0,2026-03-02,2026-04-05,DR 2026 - 2026-10-02 (EXCEXP_TLS_000JJKSJR).xlsx,Rebates,2676,TD GT HOT CHOCOLATE/SS KCOMP 6/12CT March ISF
yoy,Fcst Inc Cases is not positive,Giant Tiger,NA-GIANT TIGER,2026,2026,TDHBHC-12/450,HB HOT CHOCOLATE 12/450GR,000ITPH5L,Committed,0.0,2026-03-02,2026-04-05,DR 2026 - 2026-10-02 (EXCEXP_TLS_000JJKSJR).xlsx,Rebates,2682,TD GT HOT CHOCOLATE/SS KCOMP 6/12CT March ISF
yoy,Fcst Inc Cases is not positive,Giant Tiger,NA-GIANT TIGER,2026,2026,TDSSKC-6/12,SS KCOMP 6/12CT,000ITPICX,Closed,0.0,2026-03-01,2026-03-31,DR 2026 - 2026-10-02 (EXCEXP_TLS_000JJKSJR).xlsx,Rebates,2684,TD Giant Tiger Monthly promotion
yoy,Fcst Inc Cases is not positive,Giant Tiger,NA-GIANT TIGER,2026,2026,TDSSKC-6/10,SS KCOMP 6/10CT,000ITPICX,Closed,0.0,2026-03-01,2026-03-31,DR 2026 - 2026-10-02 (EXCEXP_TLS_000JJKSJR).xlsx,Rebates,2685,TD Giant Tiger Monthly promotion
yoy,Fcst Inc Cases is not positive,Giant Tiger,NA-GIANT TIGER,2026,2026,TDSSKC-4/30,SS KCOMP 4/30CT,000ITPICX,Closed,0.0,2026-03-01,2026-03-31,DR 2026 - 2026-10-02 (EXCEXP_TLS_000JJKSJR).xlsx,Rebates,2686,TD Giant Tiger Monthly promotion
yoy,Fcst Inc Cases is not positive,Giant Tiger,NA-GIANT TIGER,2026,2026,TDRGSB-6/300,R&G SMALL BAG 6/300GR,000ITPICX,Closed,0.0,2026-03-01,2026-03-31,DR 2026 - 2026-10-02 (EXCEXP_TLS_000JJKSJR).xlsx,Rebates,2687,TD Giant Tiger Monthly promotion
yoy,Fcst Inc Cases is not positive,Giant Tiger,NA-GIANT TIGER,2026,2026,TDRGLC-6/930,R&G LARGE CAN 6/930GR,000ITPICX,Closed,0.0,2026-03-01,2026-03-31,DR 2026 - 2026-10-02 (EXCEXP_TLS_000JJKSJR).xlsx,Rebates,2688,TD Giant Tiger Monthly promotion
yoy,Fcst Inc Cases is not positive,Giant Tiger,NA-GIANT TIGER,2026,2026,TDIC-12/100,INSTANT COFFEE 12/100GR,000ITPICX,Closed,0.0,2026-03-01,2026-03-31,DR 2026 - 2026-10-02 (EXCEXP_TLS_000JJKSJR).xlsx,Rebates,2689,TD Giant Tiger Monthly promotion
yoy,Fcst Inc Cases is not positive,Giant Tiger,NA-GIANT TIGER,2026,2026,TDSSKC-6/12,SS KCOMP 6/12CT,000ITPIYP,Closed,0.0,2026-04-01,2026-06-30,DR 2026 - 2026-10-02 (EXCEXP_TLS_000JJKSJR).xlsx,Rebates,2694,TD Giant Tiger Ongoing BB (was Monthly Promo)
yoy,Fcst Inc Cases is not positive,Giant Tiger,NA-GIANT TIGER,2026,2026,TDSSKC-4/30,SS KCOMP 4/30CT,000ITPIYP,Closed,0.0,2026-04-01,2026-06-30,DR 2026 - 2026-10-02 (EXCEXP_TLS_000JJKSJR).xlsx,Rebates,2695,TD Giant Tiger Ongoing BB (was Monthly Promo)
yoy,Fcst Inc Cases is not positive,Giant Tiger,NA-GIANT TIGER,2026,2026,TDRGSB-6/300,R&G SMALL BAG 6/300GR,000ITPIYP,Closed,0.0,2026-04-01,2026-06-30,DR 2026 - 2026-10-02 (EXCEXP_TLS_000JJKSJR).xlsx,Rebates,2696,TD Giant Tiger Ongoing BB (was Monthly Promo)
yoy,Fcst Inc Cases is not positive,Giant Tiger,NA-GIANT TIGER,2026,2026,TDRGLC-6/930,R&G LARGE CAN 6/930GR,000ITPIYP,Closed,0.0,2026-04-01,2026-06-30,DR 2026 - 2026-10-02 (EXCEXP_TLS_000JJKSJR).xlsx,Rebates,2697,TD Giant Tiger Ongoing BB (was Monthly Promo)
yoy,Fcst Inc Cases is not positive,Giant Tiger,NA-GIANT TIGER,2026,2026,6320912138,TDL ORIGINAL COFFEE DISPLAY 48/300 GR,000J3YBAN,Committed,0.0,2026-06-01,2026-06-30,DR 2026 - 2026-10-02 (EXCEXP_TLS_000JJKSJR).xlsx,Rebates,2709,TD GIANT TIGER TIMBITS SOCCER
yoy,Fcst Inc Cases is not positive,Giant Tiger,NA-GIANT TIGER,2026,2026,TDSHHB-12/425,HOT BOWLS 12/425GR,000JE19WN,Committed,0.0,2026-05-18,2026-12-31,DR 2026 - 2026-10-02 (EXCEXP_TLS_000JJKSJR).xlsx,Rebates,2711,TD GT East/West cost Gap Chili
yoy,Fcst Inc Cases is not positive,Giant Tiger,NA-GIANT TIGER,2026,2026,TDSSKC-6/12,SS KCOMP 6/12CT,000ITPGR2,Committed,0.0,2026-07-01,2026-09-30,DR 2026 - 2026-10-02 (EXCEXP_TLS_000JJKSJR).xlsx,Rebates,2728,TD Giant Tiger Ongoing BB (was Monthly)
yoy,Fcst Inc Cases is not positive,Giant Tiger,NA-GIANT TIGER,2026,2026,TDSSKC-4/30,SS KCOMP 4/30CT,000ITPGR2,Committed,0.0,2026-07-01,2026-09-30,DR 2026 - 2026-10-02 (EXCEXP_TLS_000JJKSJR).xlsx,Rebates,2729,TD Giant Tiger Ongoing BB (was Monthly)
yoy,Fcst Inc Cases is not positive,Giant Tiger,NA-GIANT TIGER,2026,2026,TDRGSB-6/300,R&G SMALL BAG 6/300GR,000ITPGR2,Committed,0.0,2026-07-01,2026-09-30,DR 2026 - 2026-10-02 (EXCEXP_TLS_000JJKSJR).xlsx,Rebates,2730,TD Giant Tiger Ongoing BB (was Monthly)
yoy,Fcst Inc Cases is not positive,Giant Tiger,NA-GIANT TIGER,2026,2026,TDRGLC-6/930,R&G LARGE CAN 6/930GR,000ITPGR2,Committed,0.0,2026-07-01,2026-09-30,DR 2026 - 2026-10-02 (EXCEXP_TLS_000JJKSJR).xlsx,Rebates,2731,TD Giant Tiger Ongoing BB (was Monthly)
yoy,Fcst Inc Cases is not positive,Giant Tiger,NA-GIANT TIGER,2026,2026,6320913827,TDL CN/COB/CR SOUP 1/2 DRP 192/540 ML,000ITPGP0,Committed,0.0,2026-08-12,2026-08-18,DR 2026 - 2026-10-02 (EXCEXP_TLS_000JJKSJR).xlsx,Rebates,2737,TD Soup September Flyer
yoy,Fcst Inc Cases is not positive,Giant Tiger,NA-GIANT TIGER,2026,2026,TDHBHC-12/450,HB HOT CHOCOLATE 12/450GR,000ITPJJ7,Committed,0.0,2026-10-14,2026-10-20,DR 2026 - 2026-10-02 (EXCEXP_TLS_000JJKSJR).xlsx,Rebates,2755,TD GT Hot Chocolate Soup October Flyer
yoy,Fcst Inc Cases is not positive,Giant Tiger,NA-GIANT TIGER,2026,2026,TDSSKC-6/12,SS KCOMP 6/12CT,000ITPGRZ,Committed,0.0,2026-10-01,2026-12-31,DR 2026 - 2026-10-02 (EXCEXP_TLS_000JJKSJR).xlsx,Rebates,2760,TD Giant Tiger Ongoing BB (was Monthly)
yoy,Fcst Inc Cases is not positive,Giant Tiger,NA-GIANT TIGER,2026,2026,TDSSKC-4/30,SS KCOMP 4/30CT,000ITPGRZ,Committed,0.0,2026-10-01,2026-12-31,DR 2026 - 2026-10-02 (EXCEXP_TLS_000JJKSJR).xlsx,Rebates,2761,TD Giant Tiger Ongoing BB (was Monthly)
yoy,Fcst Inc Cases is not positive,Giant Tiger,NA-GIANT TIGER,2026,2026,TDRGSB-6/300,R&G SMALL BAG 6/300GR,000ITPGRZ,Committed,0.0,2026-10-01,2026-12-31,DR 2026 - 2026-10-02 (EXCEXP_TLS_000JJKSJR).xlsx,Rebates,2762,TD Giant Tiger Ongoing BB (was Monthly)
yoy,Fcst Inc Cases is not positive,Giant Tiger,NA-GIANT TIGER,2026,2026,TDRGLC-6/930,R&G LARGE CAN 6/930GR,000ITPGRZ,Committed,0.0,2026-10-01,2026-12-31,DR 2026 - 2026-10-02 (EXCEXP_TLS_000JJKSJR).xlsx,Rebates,2763,TD Giant Tiger Ongoing BB (was Monthly)
yoy,Fcst Inc Cases is not positive,Giant Tiger,NA-GIANT TIGER,2026,2026,TDHBHC-12/450,HB HOT CHOCOLATE 12/450GR,000ITPGPG,Committed,0.0,2026-11-02,2026-11-29,DR 2026 - 2026-10-02 (EXCEXP_TLS_000JJKSJR).xlsx,Rebates,2767,TD GT Hot Chocolat November ISF
yoy,Fcst Inc Cases is not positive,Giant Tiger,NA-GIANT TIGER,2026,2026,TDHBHC-12/450,HB HOT CHOCOLATE 12/450GR,000JJAQZ8,Committed,0.0,2026-12-09,2026-12-15,DR 2026 - 2026-10-02 (EXCEXP_TLS_000JJKSJR).xlsx,Rebates,2776,TD GT Hot Chocolat Decmebr flyer
yoy,Fcst Inc Cases is not positive,Home Hardware,NA-HOME HARDWARE,2026,2026,TDSSKC-48/12,SS KCOMP 48/12CT,000ITZNHX,Closed,0.0,2026-01-01,2026-01-31,DR 2026 - 2026-10-02 (EXCEXP_TLS_000JJKSJR).xlsx,Rebates,2801,TD HH LTO Display Allowance  OI Ends Jan 31
yoy,Fcst Inc Cases is not positive,Home Hardware,NA-HOME HARDWARE,2026,2026,6320908231,TDL ORIGINAL 6/300 GR,000JIMF4F,Committed,0.0,2026-09-01,2026-12-31,DR 2026 - 2026-10-02 (EXCEXP_TLS_000JJKSJR).xlsx,Rebates,2805,TD HH Sell Sheets Printing Cost LS $323
yoy,Fcst Inc Cases is not positive,Island Grocers,NA-ISLAND IND BG,2026,2026,TDSSKC-6/12,SS KCOMP 6/12CT,000ITZ3MT,Committed,0.0,2026-05-30,2026-06-28,DR 2026 - 2026-10-02 (EXCEXP_TLS_000JJKSJR).xlsx,Rebates,2807,TD IIBG Canada Day Tribute Ad Lump Sum
yoy,Fcst Inc Cases is not positive,Island Grocers,NA-ISLAND IND BG,2026,2026,TDSHSP-12/540,SOUPS 12/540ML,000ITZ3MT,Committed,0.0,2026-05-30,2026-06-28,DR 2026 - 2026-10-02 (EXCEXP_TLS_000JJKSJR).xlsx,Rebates,2808,TD IIBG Canada Day Tribute Ad Lump Sum
yoy,Fcst Inc Cases is not positive,Island Grocers,NA-ISLAND IND BG,2026,2026,TDRGSB-6/300,R&G SMALL BAG 6/300GR,000ITZ3MT,Committed,0.0,2026-05-30,2026-06-28,DR 2026 - 2026-10-02 (EXCEXP_TLS_000JJKSJR).xlsx,Rebates,2809,TD IIBG Canada Day Tribute Ad Lump Sum
yoy,Fcst Inc Cases is not positive,Island Grocers,NA-ISLAND IND BG,2026,2026,TDGB-12/5/30,GRANOLA BAR 12/5/30GR,000ITZ3MT,Committed,0.0,2026-05-30,2026-06-28,DR 2026 - 2026-10-02 (EXCEXP_TLS_000JJKSJR).xlsx,Rebates,2810,TD IIBG Canada Day Tribute Ad Lump Sum
yoy,Fcst Inc Cases is not positive,Island Grocers,NA-ISLAND IND BG,2026,2026,TDHBHC-12/500,HB HOT CHOCOLATE 12/500GR,000ITZ4UN,Committed,0.0,2026-10-13,2026-11-10,DR 2026 - 2026-10-02 (EXCEXP_TLS_000JJKSJR).xlsx,Rebates,2816,TD IIBG Anniversary Flyer - Oct 18 - Nov 15 Lump Sum
yoy,Fcst Inc Cases is not positive,JB Hand,NA-J B HAND,2026,2026,TDSSKC-6/12,SS KCOMP 6/12CT,000ITZ7NT,Committed,0.0,2026-05-31,2026-06-29,DR 2026 - 2026-10-02 (EXCEXP_TLS_000JJKSJR).xlsx,Rebates,2818,TD JB HAND - SPRING INTO SAVINGS EVENT
yoy,Fcst Inc Cases is not positive,JB Hand,NA-J B HAND,2026,2026,TDSSKC-4/30,SS KCOMP 4/30CT,000ITZ7NT,Committed,0.0,2026-05-31,2026-06-29,DR 2026 - 2026-10-02 (EXCEXP_TLS_000JJKSJR).xlsx,Rebates,2819,TD JB HAND - SPRING INTO SAVINGS EVENT
yoy,Fcst Inc Cases is not positive,Jean Coutu,NA-JEAN COUTU,2026,2026,TDSSTA-5/14,SS TASSIMO 5/14CT,000ITZER8,Closed,0.0,2026-04-01,2026-04-27,DR 2026 - 2026-10-02 (EXCEXP_TLS_000JJKSJR).xlsx,Rebates,2832,"TD JC R&G 300g/KCUP 10- 12ct, Tass Discs, Inst 100g Friendly"
yoy,Fcst Inc Cases is not positive,Jean Coutu,NA-JEAN COUTU,2026,2026,TDRGSB-6/300,R&G SMALL BAG 6/300GR,000ITZERT,Committed,0.0,2026-07-22,2026-08-17,DR 2026 - 2026-10-02 (EXCEXP_TLS_000JJKSJR).xlsx,Rebates,2863,TD JC Instant 100g  R&G 300g Friendly price
yoy,Fcst Inc Cases is not positive,Jean Coutu,NA-JEAN COUTU,2026,2026,TDSSTA-5/14,SS TASSIMO 5/14CT,000ITZIV7,Committed,0.0,2026-09-16,2026-10-12,DR 2026 - 2026-10-02 (EXCEXP_TLS_000JJKSJR).xlsx,Rebates,2870,"TD JC R&G 300g/ KCUP 10-12ct,Tass Discs, Inst 100g Freindly"
yoy,Fcst Inc Cases is not positive,Loblaw,NA-LOBLAWS,2026,2026,6320915305,TDL CAPPUCCINO FRENCH VAN PACKET 5/8 EA,000IZZLPG,Committed,0.0,2026-01-01,2026-01-14,DR 2026 - 2026-10-02 (EXCEXP_TLS_000JJKSJR).xlsx,Rebates,2902,TD LCL RCSS WK 1-2 HC 500gr/HC 8Ct + Sachets 8Ct ISF
yoy,Fcst Inc Cases is not positive,Loblaw,NA-LOBLAWS,2026,2026,TDSHSP-12/540,SOUPS 12/540ML,000IZH61N,Committed,0.0,2026-01-01,2026-02-25,DR 2026 - 2026-10-02 (EXCEXP_TLS_000JJKSJR).xlsx,Rebates,2906,TD LCL MKT WK 1-6 RTS Soups Q1 18x18 Bin Program
yoy,Fcst Inc Cases is not positive,Loblaw,NA-LOBLAWS,2026,2026,TDHBCAP-5/8,HB CAPPUCCINO 5/8CT,000J2UMKC,Committed,0.0,2026-01-29,2026-02-11,DR 2026 - 2026-10-02 (EXCEXP_TLS_000JJKSJR).xlsx,Rebates,2933,TD LCL MKT Wk 6 HC 500gr/HC 8ct + Sachets 8ct IP
yoy,Fcst Inc Cases is not positive,Loblaw,NA-LOBLAWS,2026,2026,TDHBHC-5/8,HB HOT CHOCOLATE 5/8CT,000J0ODBA,Committed,0.0,2026-01-29,2026-02-25,DR 2026 - 2026-10-02 (EXCEXP_TLS_000JJKSJR).xlsx,Rebates,2935,TD LCL MAXI Wk 5-8 HC 500gr/HC 8ct + Sachets 8ct ISF
yoy,Fcst Inc Cases is not positive,Loblaw,NA-LOBLAWS,2026,2026,TDHBHC-12/500,HB HOT CHOCOLATE 12/500GR,000J0ODBA,Committed,0.0,2026-01-29,2026-02-25,DR 2026 - 2026-10-02 (EXCEXP_TLS_000JJKSJR).xlsx,Rebates,2936,TD LCL MAXI Wk 5-8 HC 500gr/HC 8ct + Sachets 8ct ISF
yoy,Fcst Inc Cases is not positive,Loblaw,NA-LOBLAWS,2026,2026,TDHBCAP-5/8,HB CAPPUCCINO 5/8CT,000J0ODBA,Committed,0.0,2026-01-29,2026-02-25,DR 2026 - 2026-10-02 (EXCEXP_TLS_000JJKSJR).xlsx,Rebates,2937,TD LCL MAXI Wk 5-8 HC 500gr/HC 8ct + Sachets 8ct ISF
yoy,Fcst Inc Cases is not positive,Loblaw,NA-LOBLAWS,2026,2026,TDHBHC-12/500,HB HOT CHOCOLATE 12/500GR,000ISOIT2,Committed,0.0,2026-02-12,2026-02-18,DR 2026 - 2026-10-02 (EXCEXP_TLS_000JJKSJR).xlsx,Rebates,2954,TD LCL AI Banner WK 7 HC 500gr + Packet 8ct IP
yoy,Fcst Inc Cases is not positive,Loblaw,NA-LOBLAWS,2026,2026,TDSHSP-12/540,SOUPS 12/540ML,000J2UMO6,Committed,0.0,2026-02-19,2026-03-04,DR 2026 - 2026-10-02 (EXCEXP_TLS_000JJKSJR).xlsx,Rebates,2965,TD LCL NF Wk 9 RTS Soup + Chili ISF
yoy,Fcst Inc Cases is not positive,Loblaw,NA-LOBLAWS,2026,2026,6320923630,TDL COB/CN/IW SOUP 1/2 DRP 288/540 ML,000IZH61D,Committed,0.0,2026-02-19,2026-03-25,DR 2026 - 2026-10-02 (EXCEXP_TLS_000JJKSJR).xlsx,Rebates,2969,TD LCL RCSS RUTW Wk 9-12 Condens + RTS Soup DRP + Chili (IP)
yoy,Fcst Inc Cases is not positive,Loblaw,NA-LOBLAWS,2026,2026,TDSHSP-24/284,SOUPS 24/284ML,000IZH61D,Committed,0.0,2026-02-19,2026-03-25,DR 2026 - 2026-10-02 (EXCEXP_TLS_000JJKSJR).xlsx,Rebates,2970,TD LCL RCSS RUTW Wk 9-12 Condens + RTS Soup DRP + Chili (IP)
yoy,Fcst Inc Cases is not positive,Loblaw,NA-LOBLAWS,2026,2026,TDSHSP-24/284,SOUPS 24/284ML,000IZH61D,Committed,0.0,2026-02-19,2026-03-25,DR 2026 - 2026-10-02 (EXCEXP_TLS_000JJKSJR).xlsx,Rebates,2971,TD LCL RCSS RUTW Wk 9-12 Condens + RTS Soup DRP + Chili (IP)
yoy,Fcst Inc Cases is not positive,Loblaw,NA-LOBLAWS,2026,2026,TDSHHB-12/425,HOT BOWLS 12/425GR,000IZH61D,Committed,0.0,2026-02-19,2026-03-25,DR 2026 - 2026-10-02 (EXCEXP_TLS_000JJKSJR).xlsx,Rebates,2972,TD LCL RCSS RUTW Wk 9-12 Condens + RTS Soup DRP + Chili (IP)
yoy,Fcst Inc Cases is not positive,Loblaw,NA-LOBLAWS,2026,2026,TDSHSP-12/540,SOUPS 12/540ML,000J15RAS,Committed,0.0,2026-02-26,2026-04-22,DR 2026 - 2026-10-02 (EXCEXP_TLS_000JJKSJR).xlsx,Rebates,2978,TD LCL RASS/DOM WK 9-16 RTS Soup IP + DMAP
yoy,Fcst Inc Cases is not positive,Loblaw,NA-LOBLAWS,2026,2026,6320911300,TDL KCUP HOT CHOC ORIGINAL SS 6/10 CT,000J2Z427,Committed,0.0,2026-03-26,2026-04-01,DR 2026 - 2026-10-02 (EXCEXP_TLS_000JJKSJR).xlsx,Rebates,2989,TD LCL MAXI WK 13 Kcup 12ct IP
yoy,Fcst Inc Cases is not positive,Loblaw,NA-LOBLAWS,2026,2026,TDRDIC-6/142,ICED COFFEE 6/1.42L,000JHIVWB,Committed,0.0,2026-07-23,2026-12-31,DR 2026 - 2026-10-02 (EXCEXP_TLS_000JJKSJR).xlsx,Rebates,3046,TD LCL MRKT RCSS RTD EDBB Wks 30-52
yoy,Fcst Inc Cases is not positive,Loblaw,NA-LOBLAWS,2026,2026,TDRDIC-6/142,ICED COFFEE 6/1.42L,000JHJZMV,Committed,0.0,2026-07-25,2026-12-31,DR 2026 - 2026-10-02 (EXCEXP_TLS_000JJKSJR).xlsx,Rebates,3048,TD LCL MAXI RTD EDBB Wks 30-52
yoy,Fcst Inc Cases is not positive,Loblaw,NA-LOBLAWS,2026,2026,TDRDIC-6/142,ICED COFFEE 6/1.42L,000JHJZN2,Committed,0.0,2026-07-25,2026-12-31,DR 2026 - 2026-10-02 (EXCEXP_TLS_000JJKSJR).xlsx,Rebates,3050,TD LCL NF RTD EDBB Wks 30-52
yoy,Fcst Inc Cases is not positive,Loblaw,NA-LOBLAWS,2026,2026,TDSIC-12/470,SYRUPS 12/470ML,000JHASM7,Committed,0.0,2026-07-19,2026-08-15,DR 2026 - 2026-10-02 (EXCEXP_TLS_000JJKSJR).xlsx,Rebates,3052,TD LCL HD Wks 24-28 Syrups Digital Coupons
yoy,Fcst Inc Cases is not positive,Loblaw,NA-LOBLAWS,2026,2026,TDSHSP-12/540,SOUPS 12/540ML,000JGVGX3,Closed,0.0,2026-07-19,2026-09-08,DR 2026 - 2026-10-02 (EXCEXP_TLS_000JJKSJR).xlsx,Rebates,3054,TD LCL MRKT RTS + LOADED SOUP EDBB Q3 Wks 29-41
yoy,Fcst Inc Cases is not positive,Loblaw,NA-LOBLAWS,2026,2026,TDSHLS-12/540,LOADED SOUPS 12/540ML,000JGVGX3,Closed,0.0,2026-07-19,2026-09-08,DR 2026 - 2026-10-02 (EXCEXP_TLS_000JJKSJR).xlsx,Rebates,3055,TD LCL MRKT RTS + LOADED SOUP EDBB Q3 Wks 29-41
yoy,Fcst Inc Cases is not positive,Loblaw,NA-LOBLAWS,2026,2026,TDSHSP-12/540,SOUPS 12/540ML,000JGVGY5,Closed,0.0,2026-07-19,2026-09-08,DR 2026 - 2026-10-02 (EXCEXP_TLS_000JJKSJR).xlsx,Rebates,3057,TD LCL RCSS RTS + LOADED SOUP EDBB Wks 29-41
yoy,Fcst Inc Cases is not positive,Loblaw,NA-LOBLAWS,2026,2026,TDSHLS-12/540,LOADED SOUPS 12/540ML,000JGVGY5,Closed,0.0,2026-07-19,2026-09-08,DR 2026 - 2026-10-02 (EXCEXP_TLS_000JJKSJR).xlsx,Rebates,3058,TD LCL RCSS RTS + LOADED SOUP EDBB Wks 29-41
yoy,Fcst Inc Cases is not positive,Loblaw,NA-LOBLAWS,2026,2026,TDSHSP-12/540,SOUPS 12/540ML,000JDWKE5,Committed,0.0,2026-09-10,2026-11-04,DR 2026 - 2026-10-02 (EXCEXP_TLS_000JJKSJR).xlsx,Rebates,3123,TD LCL RASS/DOM WK 37-44 RTS Soups Cycle 5 18x18 Bin Program
yoy,Fcst Inc Cases is not positive,Loblaw,NA-LOBLAWS,2026,2026,TDSHSP-24/284,SOUPS 24/284ML,000ISORJO,Planned,0.0,2026-09-07,2026-10-03,DR 2026 - 2026-10-02 (EXCEXP_TLS_000JJKSJR).xlsx,Rebates,3125,TD LCL NF Wk 50-53 Soups Profit Gap (Front End)
yoy,Fcst Inc Cases is not positive,Loblaw,NA-LOBLAWS,2026,2026,TDSHSP-12/540,SOUPS 12/540ML,000ISORJO,Planned,0.0,2026-09-07,2026-10-03,DR 2026 - 2026-10-02 (EXCEXP_TLS_000JJKSJR).xlsx,Rebates,3126,TD LCL NF Wk 50-53 Soups Profit Gap (Front End)
yoy,Fcst Inc Cases is not positive,Loblaw,NA-LOBLAWS,2026,2026,6320925770,TDL LOADED CHICKEN NOODLE 12/540ML,000ISOQEQ,Committed,0.0,2026-09-13,2026-10-10,DR 2026 - 2026-10-02 (EXCEXP_TLS_000JJKSJR).xlsx,Rebates,3134,LCL MRKT WK 37 Omni Placement Loaded Chicken Noodle Soup
yoy,Fcst Inc Cases is not positive,Loblaw,NA-LOBLAWS,2026,2026,TDSHLS-12/540,LOADED SOUPS 12/540ML,000JHF10B,Committed,0.0,2026-10-15,2026-11-04,DR 2026 - 2026-10-02 (EXCEXP_TLS_000JJKSJR).xlsx,Rebates,3184,TD LCL FORTINOS WK 42-44 RTS + Loaded Soup ISF
yoy,Promo status outside dashboard methodology,Loblaw,NA-LOBLAWS,2026,2026,TDRDIC-6/142,ICED COFFEE 6/1.42L,000JI3FHL,Pending,0.0,2026-10-29,2026-11-04,DR 2026 - 2026-10-02 (EXCEXP_TLS_000JJKSJR).xlsx,Rebates,3211,TD LCL MAXI WK 44 RTD Inside
yoy,Fcst Inc Cases is not positive,Loblaw,NA-LOBLAWS,2026,2026,6320909069,TDL HOT CHOCOLATE 12/500 GR,000IUB10O,Planned,0.0,2026-11-03,2026-11-28,DR 2026 - 2026-10-02 (EXCEXP_TLS_000JJKSJR).xlsx,Rebates,3238,TD LCL RCSS HotChoc 500g Wk 45-52 Profit Panel
yoy,Fcst Inc Cases is not positive,Loblaw,NA-LOBLAWS,2026,2026,6320920672,TDL ORG/CANDY HOT CHOC DISPLAY 36/500 GR,000IU2N8H,Planned,0.0,2026-11-06,2026-12-10,DR 2026 - 2026-10-02 (EXCEXP_TLS_000JJKSJR).xlsx,Rebates,3253,TD MRKT WK 45-49 TIMH HOT CHOC CANDY CANE PPK
yoy,Fcst Inc Cases is not positive,Loblaw,NA-LOBLAWS,2026,2026,6320920672,TDL ORG/CANDY HOT CHOC DISPLAY 36/500 GR,000IU2N8H,Planned,0.0,2026-11-06,2026-12-10,DR 2026 - 2026-10-02 (EXCEXP_TLS_000JJKSJR).xlsx,Rebates,3254,TD MRKT WK 45-49 TIMH HOT CHOC CANDY CANE PPK
yoy,Fcst Inc Cases is not positive,Loblaw,NA-LOBLAWS,2026,2026,TDSHSP-12/540,SOUPS 12/540ML,000J1525Z,Planned,0.0,2026-12-03,2026-12-09,DR 2026 - 2026-10-02 (EXCEXP_TLS_000JJKSJR).xlsx,Rebates,3292,TD LCL RASS/DOM WK 49 RTS Soup IP
yoy,Fcst Inc Cases is not positive,Loblaw,NA-LOBLAWS,2026,2026,6320920672,TDL ORG/CANDY HOT CHOC DISPLAY 36/500 GR,000IU2NAV,Planned,0.0,2026-12-11,2026-12-31,DR 2026 - 2026-10-02 (EXCEXP_TLS_000JJKSJR).xlsx,Rebates,3317,TD MRKT WK 50-53 TIMH HOT CHOC CANDY CANE PPK
yoy,Fcst Inc Cases is not positive,Loblaw,NA-LOBLAWS,2026,2026,6320920672,TDL ORG/CANDY HOT CHOC DISPLAY 36/500 GR,000IU2NAV,Planned,0.0,2026-12-11,2026-12-31,DR 2026 - 2026-10-02 (EXCEXP_TLS_000JJKSJR).xlsx,Rebates,3318,TD MRKT WK 50-53 TIMH HOT CHOC CANDY CANE PPK
yoy,Fcst Inc Cases is not positive,Loblaw,NA-LOBLAWS,2026,2026,TDSHSP-12/540,SOUPS 12/540ML,000IU2OAB,Planned,0.0,2026-12-10,2026-12-16,DR 2026 - 2026-10-02 (EXCEXP_TLS_000JJKSJR).xlsx,Rebates,3331,TD LCL RASS/DOM WK 50 RTS Soup ISF
yoy,Fcst Inc Cases is not positive,Loblaw,NA-LOBLAWS,2026,2026,TDSHSP-12/540,SOUPS 12/540ML,000J15RAI,Planned,0.0,2026-12-24,2026-12-30,DR 2026 - 2026-10-02 (EXCEXP_TLS_000JJKSJR).xlsx,Rebates,3340,TD LCL RASS/DOM WK 52 RTS Soup ISF
yoy,Fcst Inc Cases is not positive,London Drugs,NA-LONDON DRUGS,2026,2026,6320912803,TDL BEEF CHILI 12/425 GR,000ITZNT6,Closed,0.0,2026-01-01,2026-01-25,DR 2026 - 2026-10-02 (EXCEXP_TLS_000JJKSJR).xlsx,Rebates,3350,TD - JAN MANAGERS SPECIAL
yoy,Fcst Inc Cases is not positive,London Drugs,NA-LONDON DRUGS,2026,2026,TDSHSP-12/540,SOUPS 12/540ML,000ITZNT6,Closed,0.0,2026-01-01,2026-01-25,DR 2026 - 2026-10-02 (EXCEXP_TLS_000JJKSJR).xlsx,Rebates,3351,TD - JAN MANAGERS SPECIAL
yoy,Fcst Inc Cases is not positive,London Drugs,NA-LONDON DRUGS,2026,2026,TDNC-10/10,NCOMP 10/10CT,000ITZ4PP,Closed,0.0,2026-01-01,2026-01-25,DR 2026 - 2026-10-02 (EXCEXP_TLS_000JJKSJR).xlsx,Rebates,3353,TD - JAN MANAGERS SPECIAL * Pt2
yoy,Fcst Inc Cases is not positive,London Drugs,NA-LONDON DRUGS,2026,2026,TDIC-12/100,INSTANT COFFEE 12/100GR,000ITZ4PP,Closed,0.0,2026-01-01,2026-01-25,DR 2026 - 2026-10-02 (EXCEXP_TLS_000JJKSJR).xlsx,Rebates,3354,TD - JAN MANAGERS SPECIAL * Pt2
yoy,Fcst Inc Cases is not positive,London Drugs,NA-LONDON DRUGS,2026,2026,TDHBHC-12/500,HB HOT CHOCOLATE 12/500GR,000ITZ4PP,Closed,0.0,2026-01-01,2026-01-25,DR 2026 - 2026-10-02 (EXCEXP_TLS_000JJKSJR).xlsx,Rebates,3355,TD - JAN MANAGERS SPECIAL * Pt2
yoy,Fcst Inc Cases is not positive,London Drugs,NA-LONDON DRUGS,2026,2026,TDHBHC-12/500,HB HOT CHOCOLATE 12/500GR,000ITZ4PP,Closed,0.0,2026-01-01,2026-01-25,DR 2026 - 2026-10-02 (EXCEXP_TLS_000JJKSJR).xlsx,Rebates,3356,TD - JAN MANAGERS SPECIAL * Pt2
yoy,Fcst Inc Cases is not positive,London Drugs,NA-LONDON DRUGS,2026,2026,TDL,TDL CAN,000ITZPYW,Closed,0.0,2026-01-28,2026-02-22,DR 2026 - 2026-10-02 (EXCEXP_TLS_000JJKSJR).xlsx,Rebates,3358,TD - FEB MANAGERS SPECIAL
yoy,Fcst Inc Cases is not positive,London Drugs,NA-LONDON DRUGS,2026,2026,TDL,TDL CAN,000ITZETS,Closed,0.0,2026-01-28,2026-02-23,DR 2026 - 2026-10-02 (EXCEXP_TLS_000JJKSJR).xlsx,Rebates,3361,TD - FEB SOUPS MANAGERS SPECIAL
yoy,Fcst Inc Cases is not positive,London Drugs,NA-LONDON DRUGS,2026,2026,TDL,TDL CAN,000ITYY7J,Closed,0.0,2026-02-06,2026-02-11,DR 2026 - 2026-10-02 (EXCEXP_TLS_000JJKSJR).xlsx,Rebates,3365,TD - FEB 6 FLYER
yoy,Fcst Inc Cases is not positive,London Drugs,NA-LONDON DRUGS,2026,2026,TDNC-10/10,NCOMP 10/10CT,000ITYY7J,Closed,0.0,2026-02-06,2026-02-11,DR 2026 - 2026-10-02 (EXCEXP_TLS_000JJKSJR).xlsx,Rebates,3366,TD - FEB 6 FLYER
yoy,Fcst Inc Cases is not positive,London Drugs,NA-LONDON DRUGS,2026,2026,TDL,TDL CAN,000ITZAZ9,Closed,0.0,2026-02-20,2026-02-25,DR 2026 - 2026-10-02 (EXCEXP_TLS_000JJKSJR).xlsx,Rebates,3368,TD - FEB 20 FLYER
yoy,Fcst Inc Cases is not positive,London Drugs,NA-LONDON DRUGS,2026,2026,TDSSKC-4/30,SS KCOMP 4/30CT,000ITZAZ9,Closed,0.0,2026-02-20,2026-02-25,DR 2026 - 2026-10-02 (EXCEXP_TLS_000JJKSJR).xlsx,Rebates,3369,TD - FEB 20 FLYER
yoy,Fcst Inc Cases is not positive,London Drugs,NA-LONDON DRUGS,2026,2026,TDRGSB-6/300,R&G SMALL BAG 6/300GR,000ITZAZ9,Closed,0.0,2026-02-20,2026-02-25,DR 2026 - 2026-10-02 (EXCEXP_TLS_000JJKSJR).xlsx,Rebates,3370,TD - FEB 20 FLYER
yoy,Fcst Inc Cases is not positive,London Drugs,NA-LONDON DRUGS,2026,2026,TDRGLB-6/652,R&G LARGE BAG 6/652GR,000ITZAZ9,Closed,0.0,2026-02-20,2026-02-25,DR 2026 - 2026-10-02 (EXCEXP_TLS_000JJKSJR).xlsx,Rebates,3372,TD - FEB 20 FLYER
yoy,Fcst Inc Cases is not positive,London Drugs,NA-LONDON DRUGS,2026,2026,TDL,TDL CAN,000ITZCBY,Committed,0.0,2026-02-25,2026-03-22,DR 2026 - 2026-10-02 (EXCEXP_TLS_000JJKSJR).xlsx,Rebates,3374,TD - MARCH MANAGERS SPECIAL
yoy,Fcst Inc Cases is not positive,London Drugs,NA-LONDON DRUGS,2026,2026,TDRGLB-6/652,R&G LARGE BAG 6/652GR,000ITZCBY,Committed,0.0,2026-02-25,2026-03-22,DR 2026 - 2026-10-02 (EXCEXP_TLS_000JJKSJR).xlsx,Rebates,3379,TD - MARCH MANAGERS SPECIAL
yoy,Fcst Inc Cases is not positive,London Drugs,NA-LONDON DRUGS,2026,2026,TDNC-10/10,NCOMP 10/10CT,000ITZCBY,Committed,0.0,2026-02-25,2026-03-22,DR 2026 - 2026-10-02 (EXCEXP_TLS_000JJKSJR).xlsx,Rebates,3380,TD - MARCH MANAGERS SPECIAL
yoy,Fcst Inc Cases is not positive,London Drugs,NA-LONDON DRUGS,2026,2026,TDIC-12/100,INSTANT COFFEE 12/100GR,000ITZCBY,Committed,0.0,2026-02-25,2026-03-22,DR 2026 - 2026-10-02 (EXCEXP_TLS_000JJKSJR).xlsx,Rebates,3381,TD - MARCH MANAGERS SPECIAL
yoy,Fcst Inc Cases is not positive,London Drugs,NA-LONDON DRUGS,2026,2026,TDHBHC-12/500,HB HOT CHOCOLATE 12/500GR,000ITZCBY,Committed,0.0,2026-02-25,2026-03-22,DR 2026 - 2026-10-02 (EXCEXP_TLS_000JJKSJR).xlsx,Rebates,3382,TD - MARCH MANAGERS SPECIAL
yoy,Fcst Inc Cases is not positive,London Drugs,NA-LONDON DRUGS,2026,2026,TDL,TDL CAN,000ITZCBJ,Committed,0.0,2026-03-13,2026-03-18,DR 2026 - 2026-10-02 (EXCEXP_TLS_000JJKSJR).xlsx,Rebates,3384,TD MARCH 13 FLYER
yoy,Fcst Inc Cases is not positive,London Drugs,NA-LONDON DRUGS,2026,2026,TDSHSP-12/540,SOUPS 12/540ML,000ITZCMN,Closed,0.0,2026-03-13,2026-03-28,DR 2026 - 2026-10-02 (EXCEXP_TLS_000JJKSJR).xlsx,Rebates,3388,TD MARCH 13 FLYER SOUPS/CHILI
yoy,Fcst Inc Cases is not positive,London Drugs,NA-LONDON DRUGS,2026,2026,TDL,TDL CAN,000ITZ453,Closed,0.0,2026-03-01,2026-03-30,DR 2026 - 2026-10-02 (EXCEXP_TLS_000JJKSJR).xlsx,Rebates,3391,TD - MARCH POWER END
yoy,Product cannot be mapped to an MPG pack size,London Drugs,NA-LONDON DRUGS,2026,2026,TDL,TDL CAN,000ITYZM1,Closed,40.0,2026-03-20,2026-03-25,DR 2026 - 2026-10-02 (EXCEXP_TLS_000JJKSJR).xlsx,Rebates,3395,TD - MARCH 20 FLYER
yoy,Fcst Inc Cases is not positive,London Drugs,NA-LONDON DRUGS,2026,2026,TDRGLC-6/930,R&G LARGE CAN 6/930GR,000ITYZM1,Closed,0.0,2026-03-20,2026-03-25,DR 2026 - 2026-10-02 (EXCEXP_TLS_000JJKSJR).xlsx,Rebates,3397,TD - MARCH 20 FLYER
yoy,Fcst Inc Cases is not positive,London Drugs,NA-LONDON DRUGS,2026,2026,TDSHSP-12/540,SOUPS 12/540ML,000ITZ0Z4,Committed,0.0,2026-03-25,2026-04-19,DR 2026 - 2026-10-02 (EXCEXP_TLS_000JJKSJR).xlsx,Rebates,3401,TD APRIL MANAGERS SOUPS/CHILI
yoy,Fcst Inc Cases is not positive,London Drugs,NA-LONDON DRUGS,2026,2026,TDL,TDL CAN,000ITZQFW,Committed,0.0,2026-03-25,2026-04-19,DR 2026 - 2026-10-02 (EXCEXP_TLS_000JJKSJR).xlsx,Rebates,3403,TD APRIL MANAGERS SPECIAL
yoy,Fcst Inc Cases is not positive,London Drugs,NA-LONDON DRUGS,2026,2026,TDRGLC-6/930,R&G LARGE CAN 6/930GR,000ITZQFW,Committed,0.0,2026-03-25,2026-04-19,DR 2026 - 2026-10-02 (EXCEXP_TLS_000JJKSJR).xlsx,Rebates,3405,TD APRIL MANAGERS SPECIAL
yoy,Fcst Inc Cases is not positive,London Drugs,NA-LONDON DRUGS,2026,2026,TDL,TDL CAN,000ITZPKR,Closed,0.0,2026-04-03,2026-04-08,DR 2026 - 2026-10-02 (EXCEXP_TLS_000JJKSJR).xlsx,Rebates,3408,TD - APRIL 3 FLYER
yoy,Fcst Inc Cases is not positive,London Drugs,NA-LONDON DRUGS,2026,2026,TDRGLB-6/652,R&G LARGE BAG 6/652GR,000ITZPKR,Closed,0.0,2026-04-03,2026-04-08,DR 2026 - 2026-10-02 (EXCEXP_TLS_000JJKSJR).xlsx,Rebates,3409,TD - APRIL 3 FLYER
yoy,Fcst Inc Cases is not positive,London Drugs,NA-LONDON DRUGS,2026,2026,TDL,TDL CAN,000ITZ0AX,Closed,0.0,2026-05-01,2026-05-06,DR 2026 - 2026-10-02 (EXCEXP_TLS_000JJKSJR).xlsx,Rebates,3411,TD - MAY 1  FLYER
yoy,Fcst Inc Cases is not positive,London Drugs,NA-LONDON DRUGS,2026,2026,TDL,TDL CAN,000ITZ9NK,Committed,0.0,2026-04-22,2026-05-24,DR 2026 - 2026-10-02 (EXCEXP_TLS_000JJKSJR).xlsx,Rebates,3414,TD MAY MANAGERS SPECIAL
yoy,Fcst Inc Cases is not positive,London Drugs,NA-LONDON DRUGS,2026,2026,TDSSKC-4/48,SS KCOMP 4/48CT,000ITZ9NK,Committed,0.0,2026-04-22,2026-05-24,DR 2026 - 2026-10-02 (EXCEXP_TLS_000JJKSJR).xlsx,Rebates,3416,TD MAY MANAGERS SPECIAL
yoy,Fcst Inc Cases is not positive,London Drugs,NA-LONDON DRUGS,2026,2026,TDNC-10/10,NCOMP 10/10CT,000ITZ9NK,Committed,0.0,2026-04-22,2026-05-24,DR 2026 - 2026-10-02 (EXCEXP_TLS_000JJKSJR).xlsx,Rebates,3418,TD MAY MANAGERS SPECIAL
yoy,Fcst Inc Cases is not positive,London Drugs,NA-LONDON DRUGS,2026,2026,TDIC-12/100,INSTANT COFFEE 12/100GR,000ITZ9NK,Committed,0.0,2026-04-22,2026-05-24,DR 2026 - 2026-10-02 (EXCEXP_TLS_000JJKSJR).xlsx,Rebates,3419,TD MAY MANAGERS SPECIAL
yoy,Fcst Inc Cases is not positive,London Drugs,NA-LONDON DRUGS,2026,2026,TDL,TDL CAN,000ITZHEE,Committed,0.0,2026-05-15,2026-05-20,DR 2026 - 2026-10-02 (EXCEXP_TLS_000JJKSJR).xlsx,Rebates,3422,TD - MAY 15 FLYER SOUPS/CHILI
yoy,Fcst Inc Cases is not positive,London Drugs,NA-LONDON DRUGS,2026,2026,TDL,TDL CAN,000IVQZEN,Closed,0.0,2026-05-01,2026-05-31,DR 2026 - 2026-10-02 (EXCEXP_TLS_000JJKSJR).xlsx,Rebates,3426,TD - MAY POWER END
yoy,Fcst Inc Cases is not positive,London Drugs,NA-LONDON DRUGS,2026,2026,TDSHHB-12/425,HOT BOWLS 12/425GR,000ITYY5O,Committed,0.0,2026-05-27,2026-06-29,DR 2026 - 2026-10-02 (EXCEXP_TLS_000JJKSJR).xlsx,Rebates,3431,TD JUNE MANAGERS SPECIAL
yoy,Fcst Inc Cases is not positive,London Drugs,NA-LONDON DRUGS,2026,2026,TDHBHC-6/1.5,HB HOT CHOCOLATE 6/1.5KG,000ITYY5O,Committed,0.0,2026-05-27,2026-06-29,DR 2026 - 2026-10-02 (EXCEXP_TLS_000JJKSJR).xlsx,Rebates,3433,TD JUNE MANAGERS SPECIAL
yoy,Fcst Inc Cases is not positive,London Drugs,NA-LONDON DRUGS,2026,2026,TDL,TDL CAN,000IVQZFC,Committed,0.0,2026-06-01,2026-06-11,DR 2026 - 2026-10-02 (EXCEXP_TLS_000JJKSJR).xlsx,Rebates,3436,TD JUNE 5 FLYER
yoy,Fcst Inc Cases is not positive,London Drugs,NA-LONDON DRUGS,2026,2026,TDL,TDL CAN,000ITZHF1,Committed,0.0,2026-06-25,2026-07-19,DR 2026 - 2026-10-02 (EXCEXP_TLS_000JJKSJR).xlsx,Rebates,3439,TD JULY MANAGERS SPECIAL
yoy,Fcst Inc Cases is not positive,London Drugs,NA-LONDON DRUGS,2026,2026,TDNC-10/10,NCOMP 10/10CT,000ITZHF1,Committed,0.0,2026-06-25,2026-07-19,DR 2026 - 2026-10-02 (EXCEXP_TLS_000JJKSJR).xlsx,Rebates,3445,TD JULY MANAGERS SPECIAL
yoy,Fcst Inc Cases is not positive,London Drugs,NA-LONDON DRUGS,2026,2026,TDL,TDL CAN,000JI96A8,Committed,0.0,2026-06-19,2026-06-25,DR 2026 - 2026-10-02 (EXCEXP_TLS_000JJKSJR).xlsx,Rebates,3449,TD JUNE 19 FLYER
yoy,Fcst Inc Cases is not positive,London Drugs,NA-LONDON DRUGS,2026,2026,TDRGSB-6/300,R&G SMALL BAG 6/300GR,000ITZGR3,Committed,0.0,2026-07-10,2026-07-15,DR 2026 - 2026-10-02 (EXCEXP_TLS_000JJKSJR).xlsx,Rebates,3452,TD JULY 10 FLYER
yoy,Fcst Inc Cases is not positive,London Drugs,NA-LONDON DRUGS,2026,2026,TDL,TDL CAN,000ITZDN3,Committed,0.0,2026-07-22,2026-08-23,DR 2026 - 2026-10-02 (EXCEXP_TLS_000JJKSJR).xlsx,Rebates,3455,TD AUGUST MANAGERS SPECIAL
yoy,Fcst Inc Cases is not positive,London Drugs,NA-LONDON DRUGS,2026,2026,TDL,TDL CAN,000ITZOGI,Committed,0.0,2026-08-27,2026-09-21,DR 2026 - 2026-10-02 (EXCEXP_TLS_000JJKSJR).xlsx,Rebates,3465,TD SEPTEMBER MANAGERS SPECIAL
yoy,Fcst Inc Cases is not positive,London Drugs,NA-LONDON DRUGS,2026,2026,TDL,TDL CAN,000ITYY6V,Committed,0.0,2026-08-31,2026-09-30,DR 2026 - 2026-10-02 (EXCEXP_TLS_000JJKSJR).xlsx,Rebates,3473,TD - SEPTEMBER DISPLAY
yoy,Fcst Inc Cases is not positive,London Drugs,NA-LONDON DRUGS,2026,2026,TDL,TDL CAN,000ITZ0Y7,Committed,0.0,2026-09-18,2026-09-23,DR 2026 - 2026-10-02 (EXCEXP_TLS_000JJKSJR).xlsx,Rebates,3477,TD SEPT 18 FLYER
yoy,Fcst Inc Cases is not positive,London Drugs,NA-LONDON DRUGS,2026,2026,TDL,TDL CAN,000ITZFTR,Committed,0.0,2026-09-11,2026-09-16,DR 2026 - 2026-10-02 (EXCEXP_TLS_000JJKSJR).xlsx,Rebates,3480,TD - SEPTEMBER 11 FLYER
yoy,Fcst Inc Cases is not positive,London Drugs,NA-LONDON DRUGS,2026,2026,TDSSKC-4/30,SS KCOMP 4/30CT,000ITZGOL,Committed,0.0,2026-09-23,2026-10-18,DR 2026 - 2026-10-02 (EXCEXP_TLS_000JJKSJR).xlsx,Rebates,3486,TD - OCTOBER MANAGERS SPECIAL
yoy,Fcst Inc Cases is not positive,London Drugs,NA-LONDON DRUGS,2026,2026,TDRGSB-6/300,R&G SMALL BAG 6/300GR,000ITZGOL,Committed,0.0,2026-09-23,2026-10-18,DR 2026 - 2026-10-02 (EXCEXP_TLS_000JJKSJR).xlsx,Rebates,3487,TD - OCTOBER MANAGERS SPECIAL
yoy,Fcst Inc Cases is not positive,London Drugs,NA-LONDON DRUGS,2026,2026,TDRGLC-6/930,R&G LARGE CAN 6/930GR,000IXOHM2,Committed,0.0,2026-10-02,2026-10-07,DR 2026 - 2026-10-02 (EXCEXP_TLS_000JJKSJR).xlsx,Rebates,3491,TD - OCTOBER 7 FLYER
yoy,Fcst Inc Cases is not positive,London Drugs,NA-LONDON DRUGS,2026,2026,TDHBHC-12/500,HB HOT CHOCOLATE 12/500GR,000ITZLRT,Committed,0.0,2026-10-31,2026-11-29,DR 2026 - 2026-10-02 (EXCEXP_TLS_000JJKSJR).xlsx,Rebates,3496,TD NOVEMBER  DISPLAY
yoy,Fcst Inc Cases is not positive,London Drugs,NA-LONDON DRUGS,2026,2026,TDHBHC-12/450,HB HOT CHOCOLATE 12/450GR,000ITZLRT,Committed,0.0,2026-10-31,2026-11-29,DR 2026 - 2026-10-02 (EXCEXP_TLS_000JJKSJR).xlsx,Rebates,3497,TD NOVEMBER  DISPLAY
yoy,Fcst Inc Cases is not positive,London Drugs,NA-LONDON DRUGS,2026,2026,TDL,TDL CAN,000ITZQEM,Committed,0.0,2026-11-13,2026-11-18,DR 2026 - 2026-10-02 (EXCEXP_TLS_000JJKSJR).xlsx,Rebates,3500,TD NOV 13 FLYER
yoy,Fcst Inc Cases is not positive,London Drugs,NA-LONDON DRUGS,2026,2026,TDL,TDL CAN,000ITZ88A,Committed,0.0,2026-11-25,2026-12-27,DR 2026 - 2026-10-02 (EXCEXP_TLS_000JJKSJR).xlsx,Rebates,3505,TD DECEMBER MANAGERS SPECIAL
yoy,Fcst Inc Cases is not positive,London Drugs,NA-LONDON DRUGS,2026,2026,TDL,TDL CAN,000ITZDQQ,Committed,0.0,2026-11-29,2026-12-31,DR 2026 - 2026-10-02 (EXCEXP_TLS_000JJKSJR).xlsx,Rebates,3511,TD DECEMBER POWER END
yoy,Fcst Inc Cases is not positive,London Drugs,NA-LONDON DRUGS,2026,2026,TDHBHC-12/500,HB HOT CHOCOLATE 12/500GR,000ITZ7MR,Committed,0.0,2026-12-11,2026-12-23,DR 2026 - 2026-10-02 (EXCEXP_TLS_000JJKSJR).xlsx,Rebates,3515,TD DECEMBER 13 FLYER
yoy,Fcst Inc Cases is not positive,London Drugs,NA-LONDON DRUGS,2026,2026,TDHBHC-12/450,HB HOT CHOCOLATE 12/450GR,000ITZ7MR,Committed,0.0,2026-12-11,2026-12-23,DR 2026 - 2026-10-02 (EXCEXP_TLS_000JJKSJR).xlsx,Rebates,3516,TD DECEMBER 13 FLYER
yoy,Fcst Inc Cases is not positive,London Drugs,NA-LONDON DRUGS,2026,2026,TDL,TDL CAN,000IXOHN7,Committed,0.0,2026-12-18,2026-12-24,DR 2026 - 2026-10-02 (EXCEXP_TLS_000JJKSJR).xlsx,Rebates,3519,TD DECEMBER 18 FLYER
yoy,Fcst Inc Cases is not positive,Longos,NA-LONGOS,2026,2026,6320911393,TDL KCUP TEA SS 6/12 CT,000ITZ7M2,Committed,0.0,2026-04-08,2026-04-22,DR 2026 - 2026-10-02 (EXCEXP_TLS_000JJKSJR).xlsx,Rebates,3529,TD -LONGOS TPR BAGS & 12ct & NCC +End Cap Display/Flyer
yoy,Fcst Inc Cases is not positive,Longos,NA-LONGOS,2026,2026,TDL,TDL CAN,000ITZ7M2,Committed,0.0,2026-04-08,2026-04-22,DR 2026 - 2026-10-02 (EXCEXP_TLS_000JJKSJR).xlsx,Rebates,3530,TD -LONGOS TPR BAGS & 12ct & NCC +End Cap Display/Flyer
yoy,Fcst Inc Cases is not positive,Longos,NA-LONGOS,2026,2026,TDL,TDL CAN,000ITZ75H,Planned,0.0,2026-10-29,2026-12-01,DR 2026 - 2026-10-02 (EXCEXP_TLS_000JJKSJR).xlsx,Rebates,3546,"TD -LONGOS TPR Lrg Tin & 30ct, HC & FVC +End Cap Display/Fly"
yoy,Fcst Inc Cases is not positive,McKesson,NA-MCKESSON,2026,2026,TDIC-12/100,INSTANT COFFEE 12/100GR,000J1J7SY,Closed,0.0,2026-02-27,2026-03-05,DR 2026 - 2026-10-02 (EXCEXP_TLS_000JJKSJR).xlsx,Rebates,3572,TD REXALL 1 WEEK  EVENT 24926 Instant
yoy,Fcst Inc Cases is not positive,McKesson,NA-MCKESSON,2026,2026,TDRGSB-6/300,R&G SMALL BAG 6/300GR,000ITZGUA,Closed,0.0,2026-03-13,2026-03-19,DR 2026 - 2026-10-02 (EXCEXP_TLS_000JJKSJR).xlsx,Rebates,3574,TD Rexall SO FRONT PAGE EVENT 25124 6/300g 6/12ct
yoy,Fcst Inc Cases is not positive,McKesson,NA-MCKESSON,2026,2026,TDIC-12/100,INSTANT COFFEE 12/100GR,000ITZFSK,Closed,0.0,2026-04-03,2026-04-09,DR 2026 - 2026-10-02 (EXCEXP_TLS_000JJKSJR).xlsx,Rebates,3588,TD REXALL Flyer April 3-9
yoy,Fcst Inc Cases is not positive,McKesson,NA-MCKESSON,2026,2026,TDRGSB-6/300,R&G SMALL BAG 6/300GR,000ITYZLN,Closed,0.0,2026-04-17,2026-04-23,DR 2026 - 2026-10-02 (EXCEXP_TLS_000JJKSJR).xlsx,Rebates,3590,TD REXALL 1 WEEK  EVENT 20427
yoy,Fcst Inc Cases is not positive,McKesson,NA-MCKESSON,2026,2026,TDIC-12/12,INSTANT COFFEE 12/12CT,000ITYZLN,Closed,0.0,2026-04-17,2026-04-23,DR 2026 - 2026-10-02 (EXCEXP_TLS_000JJKSJR).xlsx,Rebates,3591,TD REXALL 1 WEEK  EVENT 20427
yoy,Fcst Inc Cases is not positive,McKesson,NA-MCKESSON,2026,2026,TDRGSB-6/300,R&G SMALL BAG 6/300GR,000J7WXO8,Committed,0.0,2026-04-24,2026-04-30,DR 2026 - 2026-10-02 (EXCEXP_TLS_000JJKSJR).xlsx,Rebates,3600,TD REXALL 1 WEEK  EVENT 20427
yoy,Fcst Inc Cases is not positive,McKesson,NA-MCKESSON,2026,2026,TDSSKC-6/12,SS KCOMP 6/12CT,000J7WXOG,Closed,0.0,2026-04-24,2026-05-21,DR 2026 - 2026-10-02 (EXCEXP_TLS_000JJKSJR).xlsx,Rebates,3602,TD REXALL 4 WEEKS EVENT
yoy,Fcst Inc Cases is not positive,McKesson,NA-MCKESSON,2026,2026,TDIC-12/100,INSTANT COFFEE 12/100GR,000JFS2BY,Committed,0.0,2026-05-07,2026-06-10,DR 2026 - 2026-10-02 (EXCEXP_TLS_000JJKSJR).xlsx,Rebates,3607,TD UNIPRIX INSTANT - EDLP phase 204
yoy,Fcst Inc Cases is not positive,McKesson,NA-MCKESSON,2026,2026,TDRGSB-6/300,R&G SMALL BAG 6/300GR,000ITZEVC,Closed,0.0,2026-05-08,2026-05-14,DR 2026 - 2026-10-02 (EXCEXP_TLS_000JJKSJR).xlsx,Rebates,3610,TD REXALL 1 WEEK  EVENT 20726
yoy,Fcst Inc Cases is not positive,McKesson,NA-MCKESSON,2026,2026,TDRGSB-6/300,R&G SMALL BAG 6/300GR,000JDG5VO,Committed,0.0,2026-06-05,2026-06-11,DR 2026 - 2026-10-02 (EXCEXP_TLS_000JJKSJR).xlsx,Rebates,3622,TD REXALL 1 WEEK  EVENT 21127
yoy,Fcst Inc Cases is not positive,McKesson,NA-MCKESSON,2026,2026,TDL,TDL CAN,000ITZQHS,Committed,0.0,2026-06-30,2026-10-27,DR 2026 - 2026-10-02 (EXCEXP_TLS_000JJKSJR).xlsx,Rebates,3633,TD 6 Retail Banner Digital Promo
yoy,Fcst Inc Cases is not positive,McKesson,NA-MCKESSON,2026,2026,TDSSKC-6/10,SS KCOMP 6/10CT,000ITZQHS,Committed,0.0,2026-06-30,2026-10-27,DR 2026 - 2026-10-02 (EXCEXP_TLS_000JJKSJR).xlsx,Rebates,3637,TD 6 Retail Banner Digital Promo
yoy,Fcst Inc Cases is not positive,McKesson,NA-MCKESSON,2026,2026,TDRGSB-6/300,R&G SMALL BAG 6/300GR,000ITZQHS,Committed,0.0,2026-06-30,2026-10-27,DR 2026 - 2026-10-02 (EXCEXP_TLS_000JJKSJR).xlsx,Rebates,3639,TD 6 Retail Banner Digital Promo
yoy,Fcst Inc Cases is not positive,McKesson,NA-MCKESSON,2026,2026,TDHBHC-12/500,HB HOT CHOCOLATE 12/500GR,000ITZQHS,Committed,0.0,2026-06-30,2026-10-27,DR 2026 - 2026-10-02 (EXCEXP_TLS_000JJKSJR).xlsx,Rebates,3643,TD 6 Retail Banner Digital Promo
yoy,Fcst Inc Cases is not positive,McKesson,NA-MCKESSON,2026,2026,TDRGSB-6/300,R&G SMALL BAG 6/300GR,000ITZHE8,Committed,0.0,2026-07-03,2026-07-09,DR 2026 - 2026-10-02 (EXCEXP_TLS_000JJKSJR).xlsx,Rebates,3652,TD Rexall SO Flyer 21526
yoy,Fcst Inc Cases is not positive,McKesson,NA-MCKESSON,2026,2026,TDIC-12/100,INSTANT COFFEE 12/100GR,000JJ8HBK,Committed,0.0,2026-07-08,2026-07-14,DR 2026 - 2026-10-02 (EXCEXP_TLS_000JJKSJR).xlsx,Rebates,3654,TD Rexall SO june  EVENT
yoy,Fcst Inc Cases is not positive,McKesson,NA-MCKESSON,2026,2026,TDIC-12/100,INSTANT COFFEE 12/100GR,000JDG5VV,Committed,0.0,2026-07-10,2026-07-16,DR 2026 - 2026-10-02 (EXCEXP_TLS_000JJKSJR).xlsx,Rebates,3656,TD Rexall SO JULY EVENT 21427
yoy,Fcst Inc Cases is not positive,McKesson,NA-MCKESSON,2026,2026,TDTB-6/20,TEA BAG 6/20CT,000JHJ29W,Committed,0.0,2026-07-24,2026-08-20,DR 2026 - 2026-10-02 (EXCEXP_TLS_000JJKSJR).xlsx,Rebates,3664,TD Rexall TEA In-store
yoy,Fcst Inc Cases is not positive,McKesson,NA-MCKESSON,2026,2026,TDIC-12/100,INSTANT COFFEE 12/100GR,000JHJ29H,Committed,0.0,2026-07-31,2026-08-13,DR 2026 - 2026-10-02 (EXCEXP_TLS_000JJKSJR).xlsx,Rebates,3673,TD REXALL INSTANT FLYER
yoy,Fcst Inc Cases is not positive,McKesson,NA-MCKESSON,2026,2026,6320912133,TDL ORG/DR KCUP DISPLAY 48/12 CT,000ITZ1NU,Committed,0.0,2026-08-28,2026-10-10,DR 2026 - 2026-10-02 (EXCEXP_TLS_000JJKSJR).xlsx,Rebates,3675,TD PHARMACHOICE TRADE SHOW (Ship #2)
yoy,Fcst Inc Cases is not positive,McKesson,NA-MCKESSON,2026,2026,6320912112,TDL INSTANT COFFEE MEDIUM DISPLY36/100GR,000ITZ1NU,Committed,0.0,2026-08-28,2026-10-10,DR 2026 - 2026-10-02 (EXCEXP_TLS_000JJKSJR).xlsx,Rebates,3676,TD PHARMACHOICE TRADE SHOW (Ship #2)
yoy,Fcst Inc Cases is not positive,McKesson,NA-MCKESSON,2026,2026,6320917215,TDL GRANOLA BAR BC/DC/SC DISP 56/5 EA,000ITZ1NU,Committed,0.0,2026-08-28,2026-10-10,DR 2026 - 2026-10-02 (EXCEXP_TLS_000JJKSJR).xlsx,Rebates,3678,TD PHARMACHOICE TRADE SHOW (Ship #2)
yoy,Fcst Inc Cases is not positive,McKesson,NA-MCKESSON,2026,2026,TDRGSB-6/300,R&G SMALL BAG 6/300GR,000ITZDPC,Committed,0.0,2026-08-21,2026-08-23,DR 2026 - 2026-10-02 (EXCEXP_TLS_000JJKSJR).xlsx,Rebates,3682,TD Rexall SO Flyer 300G Event 022273 days event
yoy,Fcst Inc Cases is not positive,McKesson,NA-MCKESSON,2026,2026,TDSSKC-6/12,SS KCOMP 6/12CT,000ITZ4T0,Committed,0.0,2026-08-21,2026-08-23,DR 2026 - 2026-10-02 (EXCEXP_TLS_000JJKSJR).xlsx,Rebates,3684,TD REXALL SO event 22227 3 days event
yoy,Fcst Inc Cases is not positive,McKesson,NA-MCKESSON,2026,2026,TDSHSP-12/540,SOUPS 12/540ML,000JHJ29O,Committed,0.0,2026-10-28,2026-12-01,DR 2026 - 2026-10-02 (EXCEXP_TLS_000JJKSJR).xlsx,Rebates,3686,TD REXALL In-Store - Soups
yoy,Fcst Inc Cases is not positive,McKesson,NA-MCKESSON,2026,2026,TDSSKC-6/12,SS KCOMP 6/12CT,000JFOSJ8,Committed,0.0,2026-08-24,2026-08-27,DR 2026 - 2026-10-02 (EXCEXP_TLS_000JJKSJR).xlsx,Rebates,3688,TD Rexall 4 day event
yoy,Fcst Inc Cases is not positive,McKesson,NA-MCKESSON,2026,2026,TDRGSB-6/300,R&G SMALL BAG 6/300GR,000JFOSJ8,Committed,0.0,2026-08-24,2026-08-27,DR 2026 - 2026-10-02 (EXCEXP_TLS_000JJKSJR).xlsx,Rebates,3689,TD Rexall 4 day event
yoy,Fcst Inc Cases is not positive,McKesson,NA-MCKESSON,2026,2026,TDIC-12/100,INSTANT COFFEE 12/100GR,000ITZFSD,Committed,0.0,2026-08-28,2026-09-03,DR 2026 - 2026-10-02 (EXCEXP_TLS_000JJKSJR).xlsx,Rebates,3694,TD REXALL SOEvent 02227
yoy,Fcst Inc Cases is not positive,McKesson,NA-MCKESSON,2026,2026,TDRGSB-6/300,R&G SMALL BAG 6/300GR,000ITZ9LJ,Committed,0.0,2026-10-02,2026-10-08,DR 2026 - 2026-10-02 (EXCEXP_TLS_000JJKSJR).xlsx,Rebates,3707,TD REXALL SO FLYER BAGS 6/300GR 22827
yoy,Fcst Inc Cases is not positive,McKesson,NA-MCKESSON,2026,2026,TDSSKC-6/12,SS KCOMP 6/12CT,000ITZGU2,Committed,0.0,2026-10-02,2026-10-08,DR 2026 - 2026-10-02 (EXCEXP_TLS_000JJKSJR).xlsx,Rebates,3709,TD REXALL SO FLYER PP 22827
yoy,Fcst Inc Cases is not positive,McKesson,NA-MCKESSON,2026,2026,TDSSKC-6/12,SS KCOMP 6/12CT,000JI70CL,Committed,0.0,2026-11-13,2026-11-19,DR 2026 - 2026-10-02 (EXCEXP_TLS_000JJKSJR).xlsx,Rebates,3725,TD REXALL SO FLYER  November Event
yoy,Fcst Inc Cases is not positive,McKesson,NA-MCKESSON,2026,2026,TDRGSB-6/300,R&G SMALL BAG 6/300GR,000JI70CL,Committed,0.0,2026-11-13,2026-11-19,DR 2026 - 2026-10-02 (EXCEXP_TLS_000JJKSJR).xlsx,Rebates,3726,TD REXALL SO FLYER  November Event
yoy,Fcst Inc Cases is not positive,McKesson,NA-MCKESSON,2026,2026,TDSSKC-6/12,SS KCOMP 6/12CT,000ITZ7LW,Committed,0.0,2026-11-27,2026-12-03,DR 2026 - 2026-10-02 (EXCEXP_TLS_000JJKSJR).xlsx,Rebates,3728,TD REXALL SO FLYER BAGS 6/300GR Dec  EVENT 23623
yoy,Fcst Inc Cases is not positive,McKesson,NA-MCKESSON,2026,2026,TDRGSB-6/300,R&G SMALL BAG 6/300GR,000ITZ7LW,Committed,0.0,2026-11-27,2026-12-03,DR 2026 - 2026-10-02 (EXCEXP_TLS_000JJKSJR).xlsx,Rebates,3729,TD REXALL SO FLYER BAGS 6/300GR Dec  EVENT 23623
yoy,Fcst Inc Cases is not positive,Metro Ontario,NA-METRO ONTARIO,2026,2026,TDSSKC-4/48,SS KCOMP 4/48CT,000HSK4D5,Committed,0.0,2026-01-01,2026-01-17,DR 2026 - 2026-10-02 (EXCEXP_TLS_000JJKSJR).xlsx,Rebates,3778,TD - MO 48ct TPR AD -K-Cup P4
yoy,Fcst Inc Cases is not positive,Metro Ontario,NA-METRO ONTARIO,2026,2026,TDTB-6/20,TEA BAG 6/20CT,000ITO21M,Committed,0.0,2026-01-01,2026-12-31,DR 2026 - 2026-10-02 (EXCEXP_TLS_000JJKSJR).xlsx,Rebates,3780,TD - MO Delists/Markdowns
yoy,Fcst Inc Cases is not positive,Metro Ontario,NA-METRO ONTARIO,2026,2026,TDSSTA-5/14,SS TASSIMO 5/14CT,000ITO21M,Committed,0.0,2026-01-01,2026-12-31,DR 2026 - 2026-10-02 (EXCEXP_TLS_000JJKSJR).xlsx,Rebates,3781,TD - MO Delists/Markdowns
yoy,Fcst Inc Cases is not positive,Metro Ontario,NA-METRO ONTARIO,2026,2026,TDSSKC-6/12,SS KCOMP 6/12CT,000ITO21M,Committed,0.0,2026-01-01,2026-12-31,DR 2026 - 2026-10-02 (EXCEXP_TLS_000JJKSJR).xlsx,Rebates,3782,TD - MO Delists/Markdowns
yoy,Fcst Inc Cases is not positive,Metro Ontario,NA-METRO ONTARIO,2026,2026,TDSSKC-6/10,SS KCOMP 6/10CT,000ITO21M,Committed,0.0,2026-01-01,2026-12-31,DR 2026 - 2026-10-02 (EXCEXP_TLS_000JJKSJR).xlsx,Rebates,3783,TD - MO Delists/Markdowns
yoy,Fcst Inc Cases is not positive,Metro Ontario,NA-METRO ONTARIO,2026,2026,TDSSKC-4/48,SS KCOMP 4/48CT,000ITO21M,Committed,0.0,2026-01-01,2026-12-31,DR 2026 - 2026-10-02 (EXCEXP_TLS_000JJKSJR).xlsx,Rebates,3784,TD - MO Delists/Markdowns
yoy,Fcst Inc Cases is not positive,Metro Ontario,NA-METRO ONTARIO,2026,2026,TDSSKC-4/30,SS KCOMP 4/30CT,000ITO21M,Committed,0.0,2026-01-01,2026-12-31,DR 2026 - 2026-10-02 (EXCEXP_TLS_000JJKSJR).xlsx,Rebates,3785,TD - MO Delists/Markdowns
yoy,Fcst Inc Cases is not positive,Metro Ontario,NA-METRO ONTARIO,2026,2026,TDSHSP-12/540,SOUPS 12/540ML,000ITO21M,Committed,0.0,2026-01-01,2026-12-31,DR 2026 - 2026-10-02 (EXCEXP_TLS_000JJKSJR).xlsx,Rebates,3786,TD - MO Delists/Markdowns
yoy,Fcst Inc Cases is not positive,Metro Ontario,NA-METRO ONTARIO,2026,2026,TDSHSP-12/400,SOUPS 12/400ML,000ITO21M,Committed,0.0,2026-01-01,2026-12-31,DR 2026 - 2026-10-02 (EXCEXP_TLS_000JJKSJR).xlsx,Rebates,3787,TD - MO Delists/Markdowns
yoy,Fcst Inc Cases is not positive,Metro Ontario,NA-METRO ONTARIO,2026,2026,TDPS-6/473,SAUCES 6/473ML,000ITO21M,Committed,0.0,2026-01-01,2026-12-31,DR 2026 - 2026-10-02 (EXCEXP_TLS_000JJKSJR).xlsx,Rebates,3788,TD - MO Delists/Markdowns
yoy,Fcst Inc Cases is not positive,Metro Ontario,NA-METRO ONTARIO,2026,2026,TDRGSC-6/640,R&G SMALL CAN 6/640GR,000ITO21M,Committed,0.0,2026-01-01,2026-12-31,DR 2026 - 2026-10-02 (EXCEXP_TLS_000JJKSJR).xlsx,Rebates,3789,TD - MO Delists/Markdowns
yoy,Fcst Inc Cases is not positive,Metro Ontario,NA-METRO ONTARIO,2026,2026,TDRGSB-6/300,R&G SMALL BAG 6/300GR,000ITO21M,Committed,0.0,2026-01-01,2026-12-31,DR 2026 - 2026-10-02 (EXCEXP_TLS_000JJKSJR).xlsx,Rebates,3790,TD - MO Delists/Markdowns
yoy,Fcst Inc Cases is not positive,Metro Ontario,NA-METRO ONTARIO,2026,2026,TDNC-10/10,NCOMP 10/10CT,000ITO21M,Committed,0.0,2026-01-01,2026-12-31,DR 2026 - 2026-10-02 (EXCEXP_TLS_000JJKSJR).xlsx,Rebates,3791,TD - MO Delists/Markdowns
yoy,Fcst Inc Cases is not positive,Metro Ontario,NA-METRO ONTARIO,2026,2026,TDIC-12/100,INSTANT COFFEE 12/100GR,000ITO21M,Committed,0.0,2026-01-01,2026-12-31,DR 2026 - 2026-10-02 (EXCEXP_TLS_000JJKSJR).xlsx,Rebates,3792,TD - MO Delists/Markdowns
yoy,Fcst Inc Cases is not positive,Metro Ontario,NA-METRO ONTARIO,2026,2026,TDSHHB-12/425,HOT BOWLS 12/425GR,000ITO21M,Committed,0.0,2026-01-01,2026-12-31,DR 2026 - 2026-10-02 (EXCEXP_TLS_000JJKSJR).xlsx,Rebates,3793,TD - MO Delists/Markdowns
yoy,Fcst Inc Cases is not positive,Metro Ontario,NA-METRO ONTARIO,2026,2026,TDHBHC-6/10,HB HOT CHOCOLATE 6/10CT,000ITO21M,Committed,0.0,2026-01-01,2026-12-31,DR 2026 - 2026-10-02 (EXCEXP_TLS_000JJKSJR).xlsx,Rebates,3794,TD - MO Delists/Markdowns
yoy,Fcst Inc Cases is not positive,Metro Ontario,NA-METRO ONTARIO,2026,2026,TDHBHC-5/8,HB HOT CHOCOLATE 5/8CT,000ITO21M,Committed,0.0,2026-01-01,2026-12-31,DR 2026 - 2026-10-02 (EXCEXP_TLS_000JJKSJR).xlsx,Rebates,3795,TD - MO Delists/Markdowns
yoy,Fcst Inc Cases is not positive,Metro Ontario,NA-METRO ONTARIO,2026,2026,TDHBHC-12/450,HB HOT CHOCOLATE 12/450GR,000ITO21M,Committed,0.0,2026-01-01,2026-12-31,DR 2026 - 2026-10-02 (EXCEXP_TLS_000JJKSJR).xlsx,Rebates,3796,TD - MO Delists/Markdowns
yoy,Fcst Inc Cases is not positive,Metro Ontario,NA-METRO ONTARIO,2026,2026,TDL,TDL CAN,000ITO3D9,Committed,0.0,2026-01-01,2026-12-31,DR 2026 - 2026-10-02 (EXCEXP_TLS_000JJKSJR).xlsx,Rebates,3798,TD Metro Bnr 1.77% Rate (58% of total) Harm/LS
yoy,Fcst Inc Cases is not positive,Metro Ontario,NA-METRO ONTARIO,2026,2026,TDTB-6/20,TEA BAG 6/20CT,000IYJHYT,Committed,0.0,2026-01-15,2026-01-24,DR 2026 - 2026-10-02 (EXCEXP_TLS_000JJKSJR).xlsx,Rebates,3804,TD Metro Bnr Tea P5 - 5K LS
yoy,Fcst Inc Cases is not positive,Metro Ontario,NA-METRO ONTARIO,2026,2026,TDHBHC-12/500,HB HOT CHOCOLATE 12/500GR,000ITO1ZQ,Committed,0.0,2026-01-15,2026-03-11,DR 2026 - 2026-10-02 (EXCEXP_TLS_000JJKSJR).xlsx,Rebates,3812,TD MO Metro  TPR - Hot Choc PPK Displayer P5 & P6
yoy,Fcst Inc Cases is not positive,Metro Ontario,NA-METRO ONTARIO,2026,2026,TDHBHC-12/450,HB HOT CHOCOLATE 12/450GR,000ITO1ZQ,Committed,0.0,2026-01-15,2026-03-11,DR 2026 - 2026-10-02 (EXCEXP_TLS_000JJKSJR).xlsx,Rebates,3813,TD MO Metro  TPR - Hot Choc PPK Displayer P5 & P6
yoy,Fcst Inc Cases is not positive,Metro Ontario,NA-METRO ONTARIO,2026,2026,TDHBCAP-12/343,HB CAPPUCCINO 12/454GR,000ITO1ZQ,Committed,0.0,2026-01-15,2026-03-11,DR 2026 - 2026-10-02 (EXCEXP_TLS_000JJKSJR).xlsx,Rebates,3814,TD MO Metro  TPR - Hot Choc PPK Displayer P5 & P6
yoy,Fcst Inc Cases is not positive,Metro Ontario,NA-METRO ONTARIO,2026,2026,TDSHSP-12/540,SOUPS 12/540ML,000JEWDY0,Committed,0.0,2026-01-29,2026-02-07,DR 2026 - 2026-10-02 (EXCEXP_TLS_000JJKSJR).xlsx,Rebates,3816,TD FBasics Soups P5
yoy,Fcst Inc Cases is not positive,Metro Ontario,NA-METRO ONTARIO,2026,2026,TDSHSP-12/540,SOUPS 12/540ML,000JEWDY0,Committed,0.0,2026-01-29,2026-02-07,DR 2026 - 2026-10-02 (EXCEXP_TLS_000JJKSJR).xlsx,Rebates,3817,TD FBasics Soups P5
yoy,Fcst Inc Cases is not positive,Metro Ontario,NA-METRO ONTARIO,2026,2026,TDNC-10/10,NCOMP 10/10CT,000ITO0VE,Committed,0.0,2026-02-12,2026-03-11,DR 2026 - 2026-10-02 (EXCEXP_TLS_000JJKSJR).xlsx,Rebates,3826,"TD MO - TH HC -FV 454g- NCOMP 10/10, INST 100G ISF P6"
yoy,Fcst Inc Cases is not positive,Metro Ontario,NA-METRO ONTARIO,2026,2026,TDIC-12/100,INSTANT COFFEE 12/100GR,000ITO0VE,Committed,0.0,2026-02-12,2026-03-11,DR 2026 - 2026-10-02 (EXCEXP_TLS_000JJKSJR).xlsx,Rebates,3827,"TD MO - TH HC -FV 454g- NCOMP 10/10, INST 100G ISF P6"
yoy,Fcst Inc Cases is not positive,Metro Ontario,NA-METRO ONTARIO,2026,2026,TDHBHC-12/500,HB HOT CHOCOLATE 12/500GR,000ITO0VE,Committed,0.0,2026-02-12,2026-03-11,DR 2026 - 2026-10-02 (EXCEXP_TLS_000JJKSJR).xlsx,Rebates,3828,"TD MO - TH HC -FV 454g- NCOMP 10/10, INST 100G ISF P6"
yoy,Fcst Inc Cases is not positive,Metro Ontario,NA-METRO ONTARIO,2026,2026,TDSSKC-6/12,SS KCOMP 6/12CT,000ITO0XQ,Committed,0.0,2026-02-12,2026-03-11,DR 2026 - 2026-10-02 (EXCEXP_TLS_000JJKSJR).xlsx,Rebates,3830,TD FB Feb Front End Program K- Cups 12ct/inst Coffee 100g P6
yoy,Fcst Inc Cases is not positive,Metro Ontario,NA-METRO ONTARIO,2026,2026,TDSSKC-6/12,SS KCOMP 6/12CT,000ITO0XQ,Committed,0.0,2026-02-12,2026-03-11,DR 2026 - 2026-10-02 (EXCEXP_TLS_000JJKSJR).xlsx,Rebates,3831,TD FB Feb Front End Program K- Cups 12ct/inst Coffee 100g P6
yoy,Fcst Inc Cases is not positive,Metro Ontario,NA-METRO ONTARIO,2026,2026,TDSHSP-24/284,SOUPS 24/284ML,000ITO3HC,Committed,0.0,2026-02-26,2026-03-11,DR 2026 - 2026-10-02 (EXCEXP_TLS_000JJKSJR).xlsx,Rebates,3833,TD - MO - TPR P6 SOUP - CHILLI & 284ML TRIBUTE AD
yoy,Fcst Inc Cases is not positive,Metro Ontario,NA-METRO ONTARIO,2026,2026,TDSHSP-12/540,SOUPS 12/540ML,000ITO3HC,Committed,0.0,2026-02-26,2026-03-11,DR 2026 - 2026-10-02 (EXCEXP_TLS_000JJKSJR).xlsx,Rebates,3834,TD - MO - TPR P6 SOUP - CHILLI & 284ML TRIBUTE AD
yoy,Fcst Inc Cases is not positive,Metro Ontario,NA-METRO ONTARIO,2026,2026,TDSHSP-12/540,SOUPS 12/540ML,000ITO3HC,Committed,0.0,2026-02-26,2026-03-11,DR 2026 - 2026-10-02 (EXCEXP_TLS_000JJKSJR).xlsx,Rebates,3836,TD - MO - TPR P6 SOUP - CHILLI & 284ML TRIBUTE AD
yoy,Fcst Inc Cases is not positive,Metro Ontario,NA-METRO ONTARIO,2026,2026,TDRGLC-6/930,R&G LARGE CAN 6/930GR,000JE05P9,Committed,0.0,2026-03-12,2026-03-18,DR 2026 - 2026-10-02 (EXCEXP_TLS_000JJKSJR).xlsx,Rebates,3838,TD - FB Large Tin 1wk P7
yoy,Fcst Inc Cases is not positive,Metro Ontario,NA-METRO ONTARIO,2026,2026,TDSSTA-5/14,SS TASSIMO 5/14CT,000JE00EJ,Committed,0.0,2026-03-12,2026-04-08,DR 2026 - 2026-10-02 (EXCEXP_TLS_000JJKSJR).xlsx,Rebates,3840,"TD - MO Soup, Inst 300gr, Tassimo 14ct TPR  P7"
yoy,Fcst Inc Cases is not positive,Metro Ontario,NA-METRO ONTARIO,2026,2026,TDSHSP-12/540,SOUPS 12/540ML,000JE00EJ,Committed,0.0,2026-03-12,2026-04-08,DR 2026 - 2026-10-02 (EXCEXP_TLS_000JJKSJR).xlsx,Rebates,3841,"TD - MO Soup, Inst 300gr, Tassimo 14ct TPR  P7"
yoy,Fcst Inc Cases is not positive,Metro Ontario,NA-METRO ONTARIO,2026,2026,TDIC-6/300,INSTANT COFFEE 6/300GR,000JE00EJ,Committed,0.0,2026-03-12,2026-04-08,DR 2026 - 2026-10-02 (EXCEXP_TLS_000JJKSJR).xlsx,Rebates,3842,"TD - MO Soup, Inst 300gr, Tassimo 14ct TPR  P7"
yoy,Fcst Inc Cases is not positive,Metro Ontario,NA-METRO ONTARIO,2026,2026,TDSHHB-12/425,HOT BOWLS 12/425GR,000JE00EJ,Committed,0.0,2026-03-12,2026-04-08,DR 2026 - 2026-10-02 (EXCEXP_TLS_000JJKSJR).xlsx,Rebates,3843,"TD - MO Soup, Inst 300gr, Tassimo 14ct TPR  P7"
yoy,Fcst Inc Cases is not positive,Metro Ontario,NA-METRO ONTARIO,2026,2026,TDSSKC-4/30,SS KCOMP 4/30CT,000ITO3I9,Committed,0.0,2026-03-12,2026-04-08,DR 2026 - 2026-10-02 (EXCEXP_TLS_000JJKSJR).xlsx,Rebates,3845,TD FB March Front End Program- P7
yoy,Fcst Inc Cases is not positive,Metro Ontario,NA-METRO ONTARIO,2026,2026,TDSSKC-4/30,SS KCOMP 4/30CT,000ITO3I9,Committed,0.0,2026-03-12,2026-04-08,DR 2026 - 2026-10-02 (EXCEXP_TLS_000JJKSJR).xlsx,Rebates,3846,TD FB March Front End Program- P7
yoy,Fcst Inc Cases is not positive,Metro Ontario,NA-METRO ONTARIO,2026,2026,TDSHHB-12/425,HOT BOWLS 12/425GR,000ITO3I9,Committed,0.0,2026-03-12,2026-04-08,DR 2026 - 2026-10-02 (EXCEXP_TLS_000JJKSJR).xlsx,Rebates,3848,TD FB March Front End Program- P7
yoy,Fcst Inc Cases is not positive,Metro Ontario,NA-METRO ONTARIO,2026,2026,TDHBCAP-12/343,HB CAPPUCCINO 12/454GR,000ITO3I9,Committed,0.0,2026-03-12,2026-04-08,DR 2026 - 2026-10-02 (EXCEXP_TLS_000JJKSJR).xlsx,Rebates,3849,TD FB March Front End Program- P7
yoy,Fcst Inc Cases is not positive,Metro Ontario,NA-METRO ONTARIO,2026,2026,TDSSKC-6/10,SS KCOMP 6/10CT,000ITO3CN,Committed,0.0,2026-04-09,2026-04-15,DR 2026 - 2026-10-02 (EXCEXP_TLS_000JJKSJR).xlsx,Rebates,3854,TD MO Metro 300g & K-CUP 12CT TPR P8
yoy,Fcst Inc Cases is not positive,Metro Ontario,NA-METRO ONTARIO,2026,2026,TDSSKC-6/10,SS KCOMP 6/10CT,000ITO3HW,Committed,0.0,2026-04-09,2026-05-06,DR 2026 - 2026-10-02 (EXCEXP_TLS_000JJKSJR).xlsx,Rebates,3867,TD - FB KCUP 12/10CT 300G 4WK P8
yoy,Fcst Inc Cases is not positive,Metro Ontario,NA-METRO ONTARIO,2026,2026,6320911272,TDL KCUP CAPPUCCNO FRNCH VAN SS 6/10CT,000JCYCO9,Committed,0.0,2026-04-16,2026-05-13,DR 2026 - 2026-10-02 (EXCEXP_TLS_000JJKSJR).xlsx,Rebates,3874,TD MO Metro Kcups & Soup 284ml Inventory clear DS
yoy,Fcst Inc Cases is not positive,Metro Ontario,NA-METRO ONTARIO,2026,2026,6320923234,TDL KCUP BOI VANILLA SS 6/10 CT,000JCYCO9,Committed,0.0,2026-04-16,2026-05-13,DR 2026 - 2026-10-02 (EXCEXP_TLS_000JJKSJR).xlsx,Rebates,3875,TD MO Metro Kcups & Soup 284ml Inventory clear DS
yoy,Fcst Inc Cases is not positive,Metro Ontario,NA-METRO ONTARIO,2026,2026,6320923233,TDL KCUP BOI MEDIUM SS 6/10 CT,000JCYCO9,Committed,0.0,2026-04-16,2026-05-13,DR 2026 - 2026-10-02 (EXCEXP_TLS_000JJKSJR).xlsx,Rebates,3876,TD MO Metro Kcups & Soup 284ml Inventory clear DS
yoy,Fcst Inc Cases is not positive,Metro Ontario,NA-METRO ONTARIO,2026,2026,TDSSKC-4/30,SS KCOMP 4/30CT,000ITO0U3,Committed,0.0,2026-05-01,2026-05-28,DR 2026 - 2026-10-02 (EXCEXP_TLS_000JJKSJR).xlsx,Rebates,3884,TD FB KCUP 30CT WOWZA TPR AD P9
yoy,Fcst Inc Cases is not positive,Metro Ontario,NA-METRO ONTARIO,2026,2026,TDSSKC-6/10,SS KCOMP 6/10CT,000JAWJZG,Committed,0.0,2026-05-07,2026-05-13,DR 2026 - 2026-10-02 (EXCEXP_TLS_000JJKSJR).xlsx,Rebates,3888,TD MO Metro 300g & SS 12CT TPR P9
yoy,Fcst Inc Cases is not positive,Metro Ontario,NA-METRO ONTARIO,2026,2026,TDTB-6/20,TEA BAG 6/20CT,000ITO0TN,Committed,0.0,2026-06-04,2026-07-01,DR 2026 - 2026-10-02 (EXCEXP_TLS_000JJKSJR).xlsx,Rebates,3912,"TD MO Metro Kcups, HC, Inst 100gr, Ncomp, 300gr, CS 284 P10"
yoy,Fcst Inc Cases is not positive,Metro Ontario,NA-METRO ONTARIO,2026,2026,TDSIC-12/470,SYRUPS 12/470ML,000ITO0TN,Committed,0.0,2026-06-04,2026-07-01,DR 2026 - 2026-10-02 (EXCEXP_TLS_000JJKSJR).xlsx,Rebates,3914,"TD MO Metro Kcups, HC, Inst 100gr, Ncomp, 300gr, CS 284 P10"
yoy,Fcst Inc Cases is not positive,Metro Ontario,NA-METRO ONTARIO,2026,2026,TDSIC-12/470,SYRUPS 12/470ML,000ITO0TN,Committed,0.0,2026-06-04,2026-07-01,DR 2026 - 2026-10-02 (EXCEXP_TLS_000JJKSJR).xlsx,Rebates,3915,"TD MO Metro Kcups, HC, Inst 100gr, Ncomp, 300gr, CS 284 P10"
yoy,Fcst Inc Cases is not positive,Metro Ontario,NA-METRO ONTARIO,2026,2026,TDSSKC-6/10,SS KCOMP 6/10CT,000ITO0TN,Committed,0.0,2026-06-04,2026-07-01,DR 2026 - 2026-10-02 (EXCEXP_TLS_000JJKSJR).xlsx,Rebates,3917,"TD MO Metro Kcups, HC, Inst 100gr, Ncomp, 300gr, CS 284 P10"
yoy,Fcst Inc Cases is not positive,Metro Ontario,NA-METRO ONTARIO,2026,2026,TDRGSB-6/300,R&G SMALL BAG 6/300GR,000JDDCLU,Committed,0.0,2026-05-29,2026-07-01,DR 2026 - 2026-10-02 (EXCEXP_TLS_000JJKSJR).xlsx,Rebates,3926,TD MO Soccer program P10 300gr
yoy,Fcst Inc Cases is not positive,Metro Ontario,NA-METRO ONTARIO,2026,2026,TDSSKC-6/12,SS KCOMP 6/12CT,000ITO1ZC,Committed,0.0,2026-05-28,2026-07-04,DR 2026 - 2026-10-02 (EXCEXP_TLS_000JJKSJR).xlsx,Rebates,3932,TD FB P10 (4Wks) SS KCOMP 12/10/48CT + R&G SmBag 300g ISF
yoy,Fcst Inc Cases is not positive,Metro Ontario,NA-METRO ONTARIO,2026,2026,TDSSKC-6/10,SS KCOMP 6/10CT,000ITO1ZC,Committed,0.0,2026-05-28,2026-07-04,DR 2026 - 2026-10-02 (EXCEXP_TLS_000JJKSJR).xlsx,Rebates,3933,TD FB P10 (4Wks) SS KCOMP 12/10/48CT + R&G SmBag 300g ISF
yoy,Fcst Inc Cases is not positive,Metro Ontario,NA-METRO ONTARIO,2026,2026,TDSHSP-12/540,SOUPS 12/540ML,000ITO1ZC,Committed,0.0,2026-05-28,2026-07-04,DR 2026 - 2026-10-02 (EXCEXP_TLS_000JJKSJR).xlsx,Rebates,3935,TD FB P10 (4Wks) SS KCOMP 12/10/48CT + R&G SmBag 300g ISF
yoy,Fcst Inc Cases is not positive,Metro Ontario,NA-METRO ONTARIO,2026,2026,TDRGSB-6/300,R&G SMALL BAG 6/300GR,000ITO1ZC,Committed,0.0,2026-05-28,2026-07-04,DR 2026 - 2026-10-02 (EXCEXP_TLS_000JJKSJR).xlsx,Rebates,3936,TD FB P10 (4Wks) SS KCOMP 12/10/48CT + R&G SmBag 300g ISF
yoy,Fcst Inc Cases is not positive,Metro Ontario,NA-METRO ONTARIO,2026,2026,TDRGSB-48/300,R&G SMALL BAG 48/300GR,000ITO1ZC,Committed,0.0,2026-05-28,2026-07-04,DR 2026 - 2026-10-02 (EXCEXP_TLS_000JJKSJR).xlsx,Rebates,3938,TD FB P10 (4Wks) SS KCOMP 12/10/48CT + R&G SmBag 300g ISF
yoy,Fcst Inc Cases is not positive,Metro Ontario,NA-METRO ONTARIO,2026,2026,TDSHHB-12/425,HOT BOWLS 12/425GR,000ITO1ZC,Committed,0.0,2026-05-28,2026-07-04,DR 2026 - 2026-10-02 (EXCEXP_TLS_000JJKSJR).xlsx,Rebates,3939,TD FB P10 (4Wks) SS KCOMP 12/10/48CT + R&G SmBag 300g ISF
yoy,Fcst Inc Cases is not positive,Metro Ontario,NA-METRO ONTARIO,2026,2026,TDSHSP-12/540,SOUPS 12/540ML,000ITO2TM,Committed,0.0,2026-06-11,2026-07-08,DR 2026 - 2026-10-02 (EXCEXP_TLS_000JJKSJR).xlsx,Rebates,3942,TD FBasics Soups - Wowza Ad P9
yoy,Fcst Inc Cases is not positive,Metro Ontario,NA-METRO ONTARIO,2026,2026,TDSHHB-12/425,HOT BOWLS 12/425GR,000ITO2TM,Committed,0.0,2026-06-11,2026-07-08,DR 2026 - 2026-10-02 (EXCEXP_TLS_000JJKSJR).xlsx,Rebates,3943,TD FBasics Soups - Wowza Ad P9
yoy,Fcst Inc Cases is not positive,Metro Ontario,NA-METRO ONTARIO,2026,2026,TDRGSC-6/640,R&G SMALL CAN 6/640GR,000ITO102,Committed,0.0,2026-06-18,2026-06-24,DR 2026 - 2026-10-02 (EXCEXP_TLS_000JJKSJR).xlsx,Rebates,3945,TD - MO 930g/640g/907g TPR P10
yoy,Fcst Inc Cases is not positive,Metro Ontario,NA-METRO ONTARIO,2026,2026,TDRGLC-6/930,R&G LARGE CAN 6/930GR,000ITO102,Committed,0.0,2026-06-18,2026-06-24,DR 2026 - 2026-10-02 (EXCEXP_TLS_000JJKSJR).xlsx,Rebates,3946,TD - MO 930g/640g/907g TPR P10
yoy,Fcst Inc Cases is not positive,Metro Ontario,NA-METRO ONTARIO,2026,2026,TDRGLB-6/2,R&G LARGE BAG 6/2LB,000ITO102,Committed,0.0,2026-06-18,2026-06-24,DR 2026 - 2026-10-02 (EXCEXP_TLS_000JJKSJR).xlsx,Rebates,3947,TD - MO 930g/640g/907g TPR P10
yoy,Fcst Inc Cases is not positive,Metro Ontario,NA-METRO ONTARIO,2026,2026,TDRGLC-6/930,R&G LARGE CAN 6/930GR,000JB0FF6,Committed,0.0,2026-07-02,2026-07-08,DR 2026 - 2026-10-02 (EXCEXP_TLS_000JJKSJR).xlsx,Rebates,3951,TD - FB Large Tin 1wk P11
yoy,Fcst Inc Cases is not positive,Metro Ontario,NA-METRO ONTARIO,2026,2026,TDSSKC-6/10,SS KCOMP 6/10CT,000JAX0U8,Committed,0.0,2026-07-02,2026-07-29,DR 2026 - 2026-10-02 (EXCEXP_TLS_000JJKSJR).xlsx,Rebates,3956,"TD MO Metro Kcups, HC, Inst 300gr, Tassi, 300gr, Soup P11"
yoy,Fcst Inc Cases is not positive,Metro Ontario,NA-METRO ONTARIO,2026,2026,TDSHHB-12/425,HOT BOWLS 12/425GR,000JB0FD3,Committed,0.0,2026-07-02,2026-07-29,DR 2026 - 2026-10-02 (EXCEXP_TLS_000JJKSJR).xlsx,Rebates,3965,TD FBasics Soups 4wk  - Ad P11
yoy,Fcst Inc Cases is not positive,Metro Ontario,NA-METRO ONTARIO,2026,2026,TDL,TDL CAN,000ITO0X8,Committed,0.0,2026-06-27,2026-07-27,DR 2026 - 2026-10-02 (EXCEXP_TLS_000JJKSJR).xlsx,Rebates,3971,TD MO Golf Tournament 2026 $5k
yoy,Fcst Inc Cases is not positive,Metro Ontario,NA-METRO ONTARIO,2026,2026,TDL,TDL CAN,000JCN51W,Planned,0.0,2026-07-01,2026-10-01,DR 2026 - 2026-10-02 (EXCEXP_TLS_000JJKSJR).xlsx,Rebates,3973,TD MO LS FEE PLACEHOLDER FOR TDL CAN
yoy,Fcst Inc Cases is not positive,Metro Ontario,NA-METRO ONTARIO,2026,2026,TDSSKC-6/30,SS KCOMP 6/30CT,000JB0R06,Planned,0.0,2026-07-24,2026-08-30,DR 2026 - 2026-10-02 (EXCEXP_TLS_000JJKSJR).xlsx,Rebates,3981,TD FB Lump Sum P12
yoy,Fcst Inc Cases is not positive,Metro Ontario,NA-METRO ONTARIO,2026,2026,TDSSKC-6/10,SS KCOMP 6/10CT,000JB0FDJ,Committed,0.0,2026-07-30,2026-08-26,DR 2026 - 2026-10-02 (EXCEXP_TLS_000JJKSJR).xlsx,Rebates,3991,TD FB 12/10CT 48CT 300g Chilli 4wk P12
yoy,Fcst Inc Cases is not positive,Metro Ontario,NA-METRO ONTARIO,2026,2026,6320926000,TDL PKS/ORG KCUP DISPLAY 48/12CT,000JCE2XB,Committed,0.0,2026-07-30,2026-08-26,DR 2026 - 2026-10-02 (EXCEXP_TLS_000JJKSJR).xlsx,Rebates,3996,TD Metro P12 K-cup Pumpkin Spice SCO
yoy,Fcst Inc Cases is not positive,Metro Ontario,NA-METRO ONTARIO,2026,2026,6320923343,TDL KCUP PUMPKIN SPICE SS 6/12 CT,000JCE2XB,Committed,0.0,2026-07-30,2026-08-26,DR 2026 - 2026-10-02 (EXCEXP_TLS_000JJKSJR).xlsx,Rebates,3998,TD Metro P12 K-cup Pumpkin Spice SCO
yoy,Fcst Inc Cases is not positive,Metro Ontario,NA-METRO ONTARIO,2026,2026,TDSSKC-6/10,SS KCOMP 6/10CT,000JB0K8P,Committed,0.0,2026-07-30,2026-08-26,DR 2026 - 2026-10-02 (EXCEXP_TLS_000JJKSJR).xlsx,Rebates,4003,TD MO Metro 300g & SS 12CT TPR P12
yoy,Fcst Inc Cases is not positive,Metro Ontario,NA-METRO ONTARIO,2026,2026,TDPS-6/473,SAUCES 6/473ML,000JG6G02,Committed,0.0,2026-08-13,2026-08-19,DR 2026 - 2026-10-02 (EXCEXP_TLS_000JJKSJR).xlsx,Rebates,4013,TD MO P12 Popeyes Sauces 473ml & Biscuits 322gr
yoy,Fcst Inc Cases is not positive,Metro Ontario,NA-METRO ONTARIO,2026,2026,TDPBM-6/322,BISCUIT MIX 6/322GR,000JG6G02,Committed,0.0,2026-08-13,2026-08-19,DR 2026 - 2026-10-02 (EXCEXP_TLS_000JJKSJR).xlsx,Rebates,4015,TD MO P12 Popeyes Sauces 473ml & Biscuits 322gr
yoy,Fcst Inc Cases is not positive,Metro Ontario,NA-METRO ONTARIO,2026,2026,TDSHHB-12/425,HOT BOWLS 12/425GR,000JB0FEP,Committed,0.0,2026-08-13,2026-09-09,DR 2026 - 2026-10-02 (EXCEXP_TLS_000JJKSJR).xlsx,Rebates,4020,TD FBasics Soups - Ad P13
yoy,Fcst Inc Cases is not positive,Metro Ontario,NA-METRO ONTARIO,2026,2026,TDSSKC-6/30,SS KCOMP 6/30CT,000JB0PTY,Planned,0.0,2026-08-21,2026-09-24,DR 2026 - 2026-10-02 (EXCEXP_TLS_000JJKSJR).xlsx,Rebates,4032,TD FB Lump Sum P13
yoy,Fcst Inc Cases is not positive,Metro Ontario,NA-METRO ONTARIO,2026,2026,6320923343,TDL KCUP PUMPKIN SPICE SS 6/12 CT,000JEEIRN,Committed,0.0,2026-08-27,2026-09-30,DR 2026 - 2026-10-02 (EXCEXP_TLS_000JJKSJR).xlsx,Rebates,4046,TD Metro P13 K-cup Pumpkin Spice SCO
yoy,Fcst Inc Cases is not positive,Metro Ontario,NA-METRO ONTARIO,2026,2026,TDSSKC-6/12,SS KCOMP 6/12CT,000ITO3DQ,Planned,0.0,2026-09-17,2026-09-23,DR 2026 - 2026-10-02 (EXCEXP_TLS_000JJKSJR).xlsx,Rebates,4055,TD MO 12ct KCups & 300g Bundled PPK AD 13
yoy,Fcst Inc Cases is not positive,Metro Ontario,NA-METRO ONTARIO,2026,2026,TDSSKC-6/12,SS KCOMP 6/12CT,000ITO3H2,Planned,0.0,2026-09-24,2026-09-30,DR 2026 - 2026-10-02 (EXCEXP_TLS_000JJKSJR).xlsx,Rebates,4060,TD MO 300g & KCups 12 ct TPR P1 Wk2 - Coffee Day
yoy,Fcst Inc Cases is not positive,Metro Ontario,NA-METRO ONTARIO,2026,2026,TDSSKC-6/10,SS KCOMP 6/10CT,000ITO3H2,Planned,0.0,2026-09-24,2026-09-30,DR 2026 - 2026-10-02 (EXCEXP_TLS_000JJKSJR).xlsx,Rebates,4061,TD MO 300g & KCups 12 ct TPR P1 Wk2 - Coffee Day
yoy,Fcst Inc Cases is not positive,Metro Ontario,NA-METRO ONTARIO,2026,2026,TDSSKC-6/10,SS KCOMP 6/10CT,000JB0FFP,Planned,0.0,2026-09-25,2026-10-22,DR 2026 - 2026-10-02 (EXCEXP_TLS_000JJKSJR).xlsx,Rebates,4068,TD FB 12/10CT 48CT 300g Chilli 4wk P1
yoy,Fcst Inc Cases is not positive,Metro Ontario,NA-METRO ONTARIO,2026,2026,TDSSKC-6/30,SS KCOMP 6/30CT,000JB0PU3,Planned,0.0,2026-09-25,2026-10-22,DR 2026 - 2026-10-02 (EXCEXP_TLS_000JJKSJR).xlsx,Rebates,4073,TD FB Lump Sum P1
yoy,Fcst Inc Cases is not positive,Metro Ontario,NA-METRO ONTARIO,2026,2026,TDSSKC-6/10,SS KCOMP 6/10CT,000JB0KAS,Planned,0.0,2026-10-22,2026-10-29,DR 2026 - 2026-10-02 (EXCEXP_TLS_000JJKSJR).xlsx,Rebates,4092,TD MO Metro 300g & SS 12CT TPR P2
yoy,Fcst Inc Cases is not positive,Metro Ontario,NA-METRO ONTARIO,2026,2026,TDSHSP-24/284,SOUPS 24/284ML,000ITO7EX,Planned,0.0,2026-11-12,2026-11-18,DR 2026 - 2026-10-02 (EXCEXP_TLS_000JJKSJR).xlsx,Rebates,4117,TD MO - Condensed New Product Tribute
yoy,Fcst Inc Cases is not positive,Metro Ontario,NA-METRO ONTARIO,2026,2026,TDSSKC-6/10,SS KCOMP 6/10CT,000JB0E3A,Planned,0.0,2026-11-20,2026-11-26,DR 2026 - 2026-10-02 (EXCEXP_TLS_000JJKSJR).xlsx,Rebates,4125,TD MO Metro 300g & GBR SS 12CT TPR P3
yoy,Fcst Inc Cases is not positive,Metro Ontario,NA-METRO ONTARIO,2026,2026,TDSSKC-6/10,SS KCOMP 6/10CT,000JB0PSH,Planned,0.0,2026-11-20,2026-12-17,DR 2026 - 2026-10-02 (EXCEXP_TLS_000JJKSJR).xlsx,Rebates,4129,TD FB 12/10CT 48CT 300g Chilli 4wk P3
yoy,Fcst Inc Cases is not positive,Metro Quebec,NA-METRO QUEBEC,2026,2026,TDSHSP-12/400,SOUPS 12/400ML,000JD94O6,Closed,0.0,2026-01-01,2026-03-31,DR 2026 - 2026-10-02 (EXCEXP_TLS_000JJKSJR).xlsx,Rebates,4171,TD Metro Q  12/400ML Soup delist cost Q1/26 extension
yoy,Fcst Inc Cases is not positive,Metro Quebec,NA-METRO QUEBEC,2026,2026,TDSSKC-6/12,SS KCOMP 6/12CT,000JGBWR0,Committed,0.0,2026-01-01,2026-12-31,DR 2026 - 2026-10-02 (EXCEXP_TLS_000JJKSJR).xlsx,Rebates,4173,TD Metro Q 2026 Coffee delist cost
yoy,Fcst Inc Cases is not positive,Metro Quebec,NA-METRO QUEBEC,2026,2026,TDSSKC-6/10,SS KCOMP 6/10CT,000JGBWR0,Committed,0.0,2026-01-01,2026-12-31,DR 2026 - 2026-10-02 (EXCEXP_TLS_000JJKSJR).xlsx,Rebates,4174,TD Metro Q 2026 Coffee delist cost
yoy,Fcst Inc Cases is not positive,Metro Quebec,NA-METRO QUEBEC,2026,2026,TDNC-10/10,NCOMP 10/10CT,000JGBWR0,Committed,0.0,2026-01-01,2026-12-31,DR 2026 - 2026-10-02 (EXCEXP_TLS_000JJKSJR).xlsx,Rebates,4175,TD Metro Q 2026 Coffee delist cost
yoy,Fcst Inc Cases is not positive,Metro Quebec,NA-METRO QUEBEC,2026,2026,TDSSKC-6/12,SS KCOMP 6/12CT,000JADZN1,Closed,0.0,2026-02-05,2026-03-11,DR 2026 - 2026-10-02 (EXCEXP_TLS_000JJKSJR).xlsx,Rebates,4180,TD Richelieu  HC 500g  Kcup 12ct  Nesp Tass EDLP Feb 5-Mar11
yoy,Fcst Inc Cases is not positive,Metro Quebec,NA-METRO QUEBEC,2026,2026,TDSSKC-6/12,SS KCOMP 6/12CT,000ITOR3U,Closed,0.0,2026-02-05,2026-03-11,DR 2026 - 2026-10-02 (EXCEXP_TLS_000JJKSJR).xlsx,Rebates,4187,TD Metro Nespresso Tassimo 12ct HC 500g  EDLP BASE Auto dist
yoy,Fcst Inc Cases is not positive,Metro Quebec,NA-METRO QUEBEC,2026,2026,6320912139,TDL ORG/DR COFFEE DISPLAY 48/300 GR,000ITOPBC,Closed,0.0,2026-02-26,2026-03-04,DR 2026 - 2026-10-02 (EXCEXP_TLS_000JJKSJR).xlsx,Rebates,4202,"TD Metro QC  Kcup 10ct, 12ct, R&G 300g Feb 26 RUTW"
yoy,Fcst Inc Cases is not positive,Metro Quebec,NA-METRO QUEBEC,2026,2026,TDSSTA-5/14,SS TASSIMO 5/14CT,000ITOPBC,Closed,0.0,2026-02-26,2026-03-04,DR 2026 - 2026-10-02 (EXCEXP_TLS_000JJKSJR).xlsx,Rebates,4204,"TD Metro QC  Kcup 10ct, 12ct, R&G 300g Feb 26 RUTW"
yoy,Fcst Inc Cases is not positive,Metro Quebec,NA-METRO QUEBEC,2026,2026,TDSSKC-6/10,SS KCOMP 6/10CT,000J9F820,Closed,0.0,2026-04-09,2026-04-15,DR 2026 - 2026-10-02 (EXCEXP_TLS_000JJKSJR).xlsx,Rebates,4243,TD Richelieu Kcup 12ct  minor
yoy,Fcst Inc Cases is not positive,Metro Quebec,NA-METRO QUEBEC,2026,2026,TDNC-10/10,NCOMP 10/10CT,000J1J7T5,Closed,0.0,2026-04-23,2026-06-03,DR 2026 - 2026-10-02 (EXCEXP_TLS_000JJKSJR).xlsx,Rebates,4247,TD Metro QC Instant 100g & 300g EDLP
yoy,Fcst Inc Cases is not positive,Metro Quebec,NA-METRO QUEBEC,2026,2026,TDSHSP-12/540,SOUPS 12/540ML,000ITOPEJ,Closed,0.0,2026-04-30,2026-06-12,DR 2026 - 2026-10-02 (EXCEXP_TLS_000JJKSJR).xlsx,Rebates,4251,TD Metro QC  Soups 540 ml  EDLP BASE VENTE DISTR
yoy,Fcst Inc Cases is not positive,Metro Quebec,NA-METRO QUEBEC,2026,2026,TDSIC-12/470,SYRUPS 12/470ML,000J7JJ0G,Closed,0.0,2026-06-04,2026-08-12,DR 2026 - 2026-10-02 (EXCEXP_TLS_000JJKSJR).xlsx,Rebates,4293,TD Metro QC  Kcup 10-12 Tass HC 500gr  R&G 300g FV Capp 454g
yoy,Fcst Inc Cases is not positive,Metro Quebec,NA-METRO QUEBEC,2026,2026,TDSHSP-12/540,SOUPS 12/540ML,000ITOP8E,Committed,0.0,2026-08-20,2026-10-07,DR 2026 - 2026-10-02 (EXCEXP_TLS_000JJKSJR).xlsx,Rebates,4330,TD Metro QC  Soups 540 ml   EDLP BASE VENTE DISTR
yoy,Fcst Inc Cases is not positive,Metro Quebec,NA-METRO QUEBEC,2026,2026,TDHBHC-12/500,HB HOT CHOCOLATE 12/500GR,000ITOQHD,Committed,0.0,2026-10-01,2026-11-18,DR 2026 - 2026-10-02 (EXCEXP_TLS_000JJKSJR).xlsx,Rebates,4340,"TD Metro QC Hot Choc 500g, FVC 454g, Hot Choc CC Shipper EDL"
yoy,Fcst Inc Cases is not positive,Metro Quebec,NA-METRO QUEBEC,2026,2026,6320920672,TDL ORG/CANDY HOT CHOC DISPLAY 36/500 GR,000JE7XVY,Committed,0.0,2026-10-29,2026-11-26,DR 2026 - 2026-10-02 (EXCEXP_TLS_000JJKSJR).xlsx,Rebates,4364,TD Super C Hot choc 500g LTO Candycane shipper EDLP w points
yoy,Fcst Inc Cases is not positive,Metro Quebec,NA-METRO QUEBEC,2026,2026,6320912139,TDL ORG/DR COFFEE DISPLAY 48/300 GR,000IVMCR4,Committed,0.0,2026-10-29,2026-11-04,DR 2026 - 2026-10-02 (EXCEXP_TLS_000JJKSJR).xlsx,Rebates,4370,"TD Super C Kcup  10-12ct, R&G 300g, Shipper Gingerbread LTO"
yoy,Fcst Inc Cases is not positive,Metro Quebec,NA-METRO QUEBEC,2026,2026,6320925369,TDL GBR/ORG KCUP DISPLAY 48/12CT,000IVMCR4,Committed,0.0,2026-10-29,2026-11-04,DR 2026 - 2026-10-02 (EXCEXP_TLS_000JJKSJR).xlsx,Rebates,4371,"TD Super C Kcup  10-12ct, R&G 300g, Shipper Gingerbread LTO"
yoy,Fcst Inc Cases is not positive,Metro Quebec,NA-METRO QUEBEC,2026,2026,6320912139,TDL ORG/DR COFFEE DISPLAY 48/300 GR,000ITORRB,Planned,0.0,2026-12-03,2026-12-10,DR 2026 - 2026-10-02 (EXCEXP_TLS_000JJKSJR).xlsx,Rebates,4405,"TD Super C Kcup 10-12ct, R&G 300g, Tassimo TBC"
yoy,Fcst Inc Cases is not positive,Metro Quebec,NA-METRO QUEBEC,2026,2026,TDRGSB-6/300,R&G SMALL BAG 6/300GR,000JHCNK6,Planned,0.0,2026-12-03,2026-12-10,DR 2026 - 2026-10-02 (EXCEXP_TLS_000JJKSJR).xlsx,Rebates,4415,TD Super C R&G SMALL 6/300g Lump Sum Display
yoy,Fcst Inc Cases is not positive,Northwest Company,NA-NORTHWEST COMPANY,2026,2026,TDSHSP-12/400,SOUPS 12/400ML,000ITZ8D0,Closed,0.0,2026-01-07,2026-01-13,DR 2026 - 2026-10-02 (EXCEXP_TLS_000JJKSJR).xlsx,Rebates,4425,TD - GT Soup Jan 7-13
yoy,Fcst Inc Cases is not positive,Northwest Company,NA-NORTHWEST COMPANY,2026,2026,TDHBHC-12/450,HB HOT CHOCOLATE 12/450GR,000J0G650,Closed,0.0,2026-01-21,2026-01-27,DR 2026 - 2026-10-02 (EXCEXP_TLS_000JJKSJR).xlsx,Rebates,4430,TD  GT Hot Choc Jan Flyer
yoy,Fcst Inc Cases is not positive,Northwest Company,NA-NORTHWEST COMPANY,2026,2026,TDSSKC-6/12,SS KCOMP 6/12CT,000ITZF88,Closed,0.0,2026-01-01,2026-01-31,DR 2026 - 2026-10-02 (EXCEXP_TLS_000JJKSJR).xlsx,Rebates,4432,TD NWC GT Monthly promotion
yoy,Fcst Inc Cases is not positive,Northwest Company,NA-NORTHWEST COMPANY,2026,2026,TDSSKC-6/10,SS KCOMP 6/10CT,000ITZF88,Closed,0.0,2026-01-01,2026-01-31,DR 2026 - 2026-10-02 (EXCEXP_TLS_000JJKSJR).xlsx,Rebates,4433,TD NWC GT Monthly promotion
yoy,Fcst Inc Cases is not positive,Northwest Company,NA-NORTHWEST COMPANY,2026,2026,TDSSKC-4/30,SS KCOMP 4/30CT,000ITZF88,Closed,0.0,2026-01-01,2026-01-31,DR 2026 - 2026-10-02 (EXCEXP_TLS_000JJKSJR).xlsx,Rebates,4434,TD NWC GT Monthly promotion
yoy,Fcst Inc Cases is not positive,Northwest Company,NA-NORTHWEST COMPANY,2026,2026,TDRGSB-6/300,R&G SMALL BAG 6/300GR,000ITZF88,Closed,0.0,2026-01-01,2026-01-31,DR 2026 - 2026-10-02 (EXCEXP_TLS_000JJKSJR).xlsx,Rebates,4435,TD NWC GT Monthly promotion
yoy,Fcst Inc Cases is not positive,Northwest Company,NA-NORTHWEST COMPANY,2026,2026,TDRGLC-6/930,R&G LARGE CAN 6/930GR,000ITZF88,Closed,0.0,2026-01-01,2026-01-31,DR 2026 - 2026-10-02 (EXCEXP_TLS_000JJKSJR).xlsx,Rebates,4436,TD NWC GT Monthly promotion
yoy,Fcst Inc Cases is not positive,Northwest Company,NA-NORTHWEST COMPANY,2026,2026,TDIC-12/100,INSTANT COFFEE 12/100GR,000ITZF88,Closed,0.0,2026-01-01,2026-01-31,DR 2026 - 2026-10-02 (EXCEXP_TLS_000JJKSJR).xlsx,Rebates,4437,TD NWC GT Monthly promotion
yoy,Fcst Inc Cases is not positive,Northwest Company,NA-NORTHWEST COMPANY,2026,2026,TDSHHB-12/425,HOT BOWLS 12/425GR,000ITZ7R5,Closed,0.0,2026-01-01,2026-06-08,DR 2026 - 2026-10-02 (EXCEXP_TLS_000JJKSJR).xlsx,Rebates,4439,TD - GT East/West Price Protection Chili
yoy,Fcst Inc Cases is not positive,Northwest Company,NA-NORTHWEST COMPANY,2026,2026,TDSHSP-12/540,SOUPS 12/540ML,000ITYZ30,Committed,0.0,2026-01-01,2026-06-15,DR 2026 - 2026-10-02 (EXCEXP_TLS_000JJKSJR).xlsx,Rebates,4441,TD NWC GT East/West cost Gap Soup Ends Jun 15
yoy,Fcst Inc Cases is not positive,Northwest Company,NA-NORTHWEST COMPANY,2026,2026,TDSHHB-12/425,HOT BOWLS 12/425GR,000ITYZ30,Committed,0.0,2026-01-01,2026-06-15,DR 2026 - 2026-10-02 (EXCEXP_TLS_000JJKSJR).xlsx,Rebates,4442,TD NWC GT East/West cost Gap Soup Ends Jun 15
yoy,Fcst Inc Cases is not positive,Northwest Company,NA-NORTHWEST COMPANY,2026,2026,TDHBHC-12/450,HB HOT CHOCOLATE 12/450GR,000ITZF7S,Closed,0.0,2026-02-18,2026-02-24,DR 2026 - 2026-10-02 (EXCEXP_TLS_000JJKSJR).xlsx,Rebates,4449,TD  GT Hot Choc Jan
yoy,Fcst Inc Cases is not positive,Northwest Company,NA-NORTHWEST COMPANY,2026,2026,TDSSKC-6/12,SS KCOMP 6/12CT,000ITZ1SS,Closed,0.0,2026-02-01,2026-02-28,DR 2026 - 2026-10-02 (EXCEXP_TLS_000JJKSJR).xlsx,Rebates,4451,TD NWC GT Monthly promotion
yoy,Fcst Inc Cases is not positive,Northwest Company,NA-NORTHWEST COMPANY,2026,2026,TDSSKC-6/10,SS KCOMP 6/10CT,000ITZ1SS,Closed,0.0,2026-02-01,2026-02-28,DR 2026 - 2026-10-02 (EXCEXP_TLS_000JJKSJR).xlsx,Rebates,4452,TD NWC GT Monthly promotion
yoy,Fcst Inc Cases is not positive,Northwest Company,NA-NORTHWEST COMPANY,2026,2026,TDSSKC-4/30,SS KCOMP 4/30CT,000ITZ1SS,Closed,0.0,2026-02-01,2026-02-28,DR 2026 - 2026-10-02 (EXCEXP_TLS_000JJKSJR).xlsx,Rebates,4453,TD NWC GT Monthly promotion
yoy,Fcst Inc Cases is not positive,Northwest Company,NA-NORTHWEST COMPANY,2026,2026,TDRGSB-6/300,R&G SMALL BAG 6/300GR,000ITZ1SS,Closed,0.0,2026-02-01,2026-02-28,DR 2026 - 2026-10-02 (EXCEXP_TLS_000JJKSJR).xlsx,Rebates,4454,TD NWC GT Monthly promotion
yoy,Fcst Inc Cases is not positive,Northwest Company,NA-NORTHWEST COMPANY,2026,2026,TDRGLC-6/930,R&G LARGE CAN 6/930GR,000ITZ1SS,Closed,0.0,2026-02-01,2026-02-28,DR 2026 - 2026-10-02 (EXCEXP_TLS_000JJKSJR).xlsx,Rebates,4455,TD NWC GT Monthly promotion
yoy,Fcst Inc Cases is not positive,Northwest Company,NA-NORTHWEST COMPANY,2026,2026,TDIC-12/100,INSTANT COFFEE 12/100GR,000ITZ1SS,Closed,0.0,2026-02-01,2026-02-28,DR 2026 - 2026-10-02 (EXCEXP_TLS_000JJKSJR).xlsx,Rebates,4456,TD NWC GT Monthly promotion
yoy,Fcst Inc Cases is not positive,Northwest Company,NA-NORTHWEST COMPANY,2026,2026,TDSSKC-6/12,SS KCOMP 6/12CT,000ITZ5TY,Committed,0.0,2026-02-02,2026-03-15,DR 2026 - 2026-10-02 (EXCEXP_TLS_000JJKSJR).xlsx,Rebates,4461,TD NWC GIANT TIGER PRICE INCREASE PROTECTION
yoy,Fcst Inc Cases is not positive,Northwest Company,NA-NORTHWEST COMPANY,2026,2026,TDSSKC-6/10,SS KCOMP 6/10CT,000ITZ5TY,Committed,0.0,2026-02-02,2026-03-15,DR 2026 - 2026-10-02 (EXCEXP_TLS_000JJKSJR).xlsx,Rebates,4462,TD NWC GIANT TIGER PRICE INCREASE PROTECTION
yoy,Fcst Inc Cases is not positive,Northwest Company,NA-NORTHWEST COMPANY,2026,2026,TDSSKC-4/30,SS KCOMP 4/30CT,000ITZ5TY,Committed,0.0,2026-02-02,2026-03-15,DR 2026 - 2026-10-02 (EXCEXP_TLS_000JJKSJR).xlsx,Rebates,4463,TD NWC GIANT TIGER PRICE INCREASE PROTECTION
yoy,Fcst Inc Cases is not positive,Northwest Company,NA-NORTHWEST COMPANY,2026,2026,TDRGSB-6/300,R&G SMALL BAG 6/300GR,000ITZ5TY,Committed,0.0,2026-02-02,2026-03-15,DR 2026 - 2026-10-02 (EXCEXP_TLS_000JJKSJR).xlsx,Rebates,4464,TD NWC GIANT TIGER PRICE INCREASE PROTECTION
yoy,Fcst Inc Cases is not positive,Northwest Company,NA-NORTHWEST COMPANY,2026,2026,TDSSKC-6/12,SS KCOMP 6/12CT,000ITZ5QW,Closed,0.0,2026-03-01,2026-03-31,DR 2026 - 2026-10-02 (EXCEXP_TLS_000JJKSJR).xlsx,Rebates,4470,TD NWC GT Monthly promotion
yoy,Fcst Inc Cases is not positive,Northwest Company,NA-NORTHWEST COMPANY,2026,2026,TDSSKC-6/10,SS KCOMP 6/10CT,000ITZ5QW,Closed,0.0,2026-03-01,2026-03-31,DR 2026 - 2026-10-02 (EXCEXP_TLS_000JJKSJR).xlsx,Rebates,4471,TD NWC GT Monthly promotion
yoy,Fcst Inc Cases is not positive,Northwest Company,NA-NORTHWEST COMPANY,2026,2026,TDSSKC-4/30,SS KCOMP 4/30CT,000ITZ5QW,Closed,0.0,2026-03-01,2026-03-31,DR 2026 - 2026-10-02 (EXCEXP_TLS_000JJKSJR).xlsx,Rebates,4472,TD NWC GT Monthly promotion
yoy,Fcst Inc Cases is not positive,Northwest Company,NA-NORTHWEST COMPANY,2026,2026,TDRGSB-6/300,R&G SMALL BAG 6/300GR,000ITZ5QW,Closed,0.0,2026-03-01,2026-03-31,DR 2026 - 2026-10-02 (EXCEXP_TLS_000JJKSJR).xlsx,Rebates,4473,TD NWC GT Monthly promotion
yoy,Fcst Inc Cases is not positive,Northwest Company,NA-NORTHWEST COMPANY,2026,2026,TDRGLC-6/930,R&G LARGE CAN 6/930GR,000ITZ5QW,Closed,0.0,2026-03-01,2026-03-31,DR 2026 - 2026-10-02 (EXCEXP_TLS_000JJKSJR).xlsx,Rebates,4474,TD NWC GT Monthly promotion
yoy,Fcst Inc Cases is not positive,Northwest Company,NA-NORTHWEST COMPANY,2026,2026,TDIC-12/100,INSTANT COFFEE 12/100GR,000ITZ5QW,Closed,0.0,2026-03-01,2026-03-31,DR 2026 - 2026-10-02 (EXCEXP_TLS_000JJKSJR).xlsx,Rebates,4475,TD NWC GT Monthly promotion
yoy,Product cannot be mapped to an MPG pack size,Northwest Company,NA-NORTHWEST COMPANY,2026,2026,TDL,TDL CAN,000IXIII8,Committed,1.0,2026-03-01,2026-03-31,DR 2026 - 2026-10-02 (EXCEXP_TLS_000JJKSJR).xlsx,Rebates,4477,TD-NCR Quarterly Endcap Payment
yoy,Fcst Inc Cases is not positive,Northwest Company,NA-NORTHWEST COMPANY,2026,2026,TDHBHC-12/450,HB HOT CHOCOLATE 12/450GR,000ITZ71J,Committed,0.0,2026-03-02,2026-04-05,DR 2026 - 2026-10-02 (EXCEXP_TLS_000JJKSJR).xlsx,Rebates,4481,TD NWC GT HOT CHOCOLATE/SS KCOMP 6/12CT March ISF
yoy,Fcst Inc Cases is not positive,Northwest Company,NA-NORTHWEST COMPANY,2026,2026,6320911393,TDL KCUP TEA SS 6/12 CT,000J0G634,Closed,0.0,2026-03-02,2026-04-05,DR 2026 - 2026-10-02 (EXCEXP_TLS_000JJKSJR).xlsx,Rebates,4483,"TD -GT  FVC 12/454, 12ct/10ct, HC March  ISF"
yoy,Product cannot be mapped to an MPG pack size,Northwest Company,NA-NORTHWEST COMPANY,2026,2026,TDL,TDL CAN,000IXIIIF,Committed,1.0,2026-04-01,2026-06-30,DR 2026 - 2026-10-02 (EXCEXP_TLS_000JJKSJR).xlsx,Rebates,4499,TD-NCR Quarterly Endcap Payment
yoy,Fcst Inc Cases is not positive,Northwest Company,NA-NORTHWEST COMPANY,2026,2026,TDSSKC-6/12,SS KCOMP 6/12CT,000ITYZ3A,Committed,0.0,2026-04-01,2026-06-30,DR 2026 - 2026-10-02 (EXCEXP_TLS_000JJKSJR).xlsx,Rebates,4501,TD NWC GT Ongoing BB (was Monthly)
yoy,Fcst Inc Cases is not positive,Northwest Company,NA-NORTHWEST COMPANY,2026,2026,TDSSKC-4/30,SS KCOMP 4/30CT,000ITYZ3A,Committed,0.0,2026-04-01,2026-06-30,DR 2026 - 2026-10-02 (EXCEXP_TLS_000JJKSJR).xlsx,Rebates,4502,TD NWC GT Ongoing BB (was Monthly)
yoy,Fcst Inc Cases is not positive,Northwest Company,NA-NORTHWEST COMPANY,2026,2026,TDRGSB-6/300,R&G SMALL BAG 6/300GR,000ITYZ3A,Committed,0.0,2026-04-01,2026-06-30,DR 2026 - 2026-10-02 (EXCEXP_TLS_000JJKSJR).xlsx,Rebates,4503,TD NWC GT Ongoing BB (was Monthly)
yoy,Fcst Inc Cases is not positive,Northwest Company,NA-NORTHWEST COMPANY,2026,2026,TDSHSP-12/540,SOUPS 12/540ML,000JEJJP7,Committed,0.0,2026-06-16,2026-12-31,DR 2026 - 2026-10-02 (EXCEXP_TLS_000JJKSJR).xlsx,Rebates,4528,TD NWC GT East/West cost Gap Soup Eff Jun 16
yoy,Fcst Inc Cases is not positive,Northwest Company,NA-NORTHWEST COMPANY,2026,2026,TDSHHB-12/425,HOT BOWLS 12/425GR,000JEJJP7,Committed,0.0,2026-06-16,2026-12-31,DR 2026 - 2026-10-02 (EXCEXP_TLS_000JJKSJR).xlsx,Rebates,4529,TD NWC GT East/West cost Gap Soup Eff Jun 16
yoy,Fcst Inc Cases is not positive,Northwest Company,NA-NORTHWEST COMPANY,2026,2026,TDL,TDL CAN,000JDU0J4,Committed,0.0,2026-07-01,2026-09-30,DR 2026 - 2026-10-02 (EXCEXP_TLS_000JJKSJR).xlsx,Rebates,4533,TD-NCR Quarterly Endcap Payment
yoy,Product cannot be mapped to an MPG pack size,Northwest Company,NA-NORTHWEST COMPANY,2026,2026,TDL,TDL CAN,000JDU0JA,Committed,1.0,2026-10-01,2026-12-31,DR 2026 - 2026-10-02 (EXCEXP_TLS_000JJKSJR).xlsx,Rebates,4571,TD-NCR Quarterly Endcap Payment
yoy,Fcst Inc Cases is not positive,Northwest Company,NA-NORTHWEST COMPANY,2026,2026,6320923343,TDL KCUP PUMPKIN SPICE SS 6/12 CT,000JJ0NNT,Committed,0.0,2026-11-01,2026-12-31,DR 2026 - 2026-10-02 (EXCEXP_TLS_000JJKSJR).xlsx,Rebates,4584,TD-NCR ISF PKS Markdown
yoy,Fcst Inc Cases is not positive,PFG,NA-PATTISON FOOD GROUP,2026,2026,TDHBHC-5/8,HB HOT CHOCOLATE 5/8CT,000J7SVI8,Closed,0.0,2026-01-18,2026-02-14,DR 2026 - 2026-10-02 (EXCEXP_TLS_000JJKSJR).xlsx,Rebates,4630,TD GM ISF WK5-8 8CT SACHET
yoy,Fcst Inc Cases is not positive,PFG,NA-PATTISON FOOD GROUP,2026,2026,TDSSKC-6/12,SS KCOMP 6/12CT,000IVREDB,Closed,0.0,2026-03-05,2026-03-11,DR 2026 - 2026-10-02 (EXCEXP_TLS_000JJKSJR).xlsx,Rebates,4659,"TD SOF WK 10 TRIBUTE AD LUMP SUM 300G, 825-875G, 12CT, 30CT"
yoy,Fcst Inc Cases is not positive,PFG,NA-PATTISON FOOD GROUP,2026,2026,TDSSKC-4/30,SS KCOMP 4/30CT,000IVREDB,Closed,0.0,2026-03-05,2026-03-11,DR 2026 - 2026-10-02 (EXCEXP_TLS_000JJKSJR).xlsx,Rebates,4660,"TD SOF WK 10 TRIBUTE AD LUMP SUM 300G, 825-875G, 12CT, 30CT"
yoy,Fcst Inc Cases is not positive,PFG,NA-PATTISON FOOD GROUP,2026,2026,TDRGSB-6/300,R&G SMALL BAG 6/300GR,000IVREDB,Closed,0.0,2026-03-05,2026-03-11,DR 2026 - 2026-10-02 (EXCEXP_TLS_000JJKSJR).xlsx,Rebates,4661,"TD SOF WK 10 TRIBUTE AD LUMP SUM 300G, 825-875G, 12CT, 30CT"
yoy,Fcst Inc Cases is not positive,PFG,NA-PATTISON FOOD GROUP,2026,2026,TDRGLC-6/930,R&G LARGE CAN 6/930GR,000IVREDB,Closed,0.0,2026-03-05,2026-03-11,DR 2026 - 2026-10-02 (EXCEXP_TLS_000JJKSJR).xlsx,Rebates,4662,"TD SOF WK 10 TRIBUTE AD LUMP SUM 300G, 825-875G, 12CT, 30CT"
yoy,Fcst Inc Cases is not positive,PFG,NA-PATTISON FOOD GROUP,2026,2026,TDRGLB-6/2,R&G LARGE BAG 6/2LB,000IVREDB,Closed,0.0,2026-03-05,2026-03-11,DR 2026 - 2026-10-02 (EXCEXP_TLS_000JJKSJR).xlsx,Rebates,4663,"TD SOF WK 10 TRIBUTE AD LUMP SUM 300G, 825-875G, 12CT, 30CT"
yoy,Fcst Inc Cases is not positive,PFG,NA-PATTISON FOOD GROUP,2026,2026,TDHBHC-12/500,HB HOT CHOCOLATE 12/500GR,000IVREDB,Closed,0.0,2026-03-05,2026-03-11,DR 2026 - 2026-10-02 (EXCEXP_TLS_000JJKSJR).xlsx,Rebates,4664,"TD SOF WK 10 TRIBUTE AD LUMP SUM 300G, 825-875G, 12CT, 30CT"
yoy,Fcst Inc Cases is not positive,PFG,NA-PATTISON FOOD GROUP,2026,2026,TDHBCAP-12/343,HB CAPPUCCINO 12/454GR,000IVREDB,Closed,0.0,2026-03-05,2026-03-11,DR 2026 - 2026-10-02 (EXCEXP_TLS_000JJKSJR).xlsx,Rebates,4665,"TD SOF WK 10 TRIBUTE AD LUMP SUM 300G, 825-875G, 12CT, 30CT"
yoy,Fcst Inc Cases is not positive,PFG,NA-PATTISON FOOD GROUP,2026,2026,TDSHHB-12/425,HOT BOWLS 12/425GR,000JEI13Z,Closed,0.0,2026-03-26,2026-04-08,DR 2026 - 2026-10-02 (EXCEXP_TLS_000JJKSJR).xlsx,Rebates,4679,"TD GM ISF WK 13-14 8CT SACHET, CHILLI 425G"
yoy,Fcst Inc Cases is not positive,PFG,NA-PATTISON FOOD GROUP,2026,2026,TDSSKC-4/30,SS KCOMP 4/30CT,000IVREIJ,Closed,0.0,2026-04-16,2026-04-29,DR 2026 - 2026-10-02 (EXCEXP_TLS_000JJKSJR).xlsx,Rebates,4702,TD SOF WEEK 16-17  ISF 30CT 48CT PODS
yoy,Fcst Inc Cases is not positive,PFG,NA-PATTISON FOOD GROUP,2026,2026,TDHBHC-5/8,HB HOT CHOCOLATE 5/8CT,000J7WXON,Closed,0.0,2026-05-21,2026-05-27,DR 2026 - 2026-10-02 (EXCEXP_TLS_000JJKSJR).xlsx,Rebates,4717,TD GM 21-22 CAPP SACKET 8CT
yoy,Fcst Inc Cases is not positive,PFG,NA-PATTISON FOOD GROUP,2026,2026,TDHBHC-5/8,HB HOT CHOCOLATE 5/8CT,000J7WXOX,Committed,0.0,2026-06-01,2026-07-04,DR 2026 - 2026-10-02 (EXCEXP_TLS_000JJKSJR).xlsx,Rebates,4746,TD GM ISF WK 25-28 8CT SACHET
yoy,Fcst Inc Cases is not positive,PFG,NA-PATTISON FOOD GROUP,2026,2026,TDSHSP-12/540,SOUPS 12/540ML,000J8PJO0,Committed,0.0,2026-06-26,2026-07-09,DR 2026 - 2026-10-02 (EXCEXP_TLS_000JJKSJR).xlsx,Rebates,4755,"TD GM WEEK 27-28 AD 300G, 540ML SOUP"
yoy,Fcst Inc Cases is not positive,PFG,NA-PATTISON FOOD GROUP,2026,2026,TDSIC-12/470,SYRUPS 12/470ML,000JHAK62,Committed,0.0,2026-07-09,2026-07-25,DR 2026 - 2026-10-02 (EXCEXP_TLS_000JJKSJR).xlsx,Rebates,4772,"TD BLD WEEK 28 ISF 470ML SYRUPS, 10CT NESPRESSO, 100G INSTAN"
yoy,Fcst Inc Cases is not positive,PFG,NA-PATTISON FOOD GROUP,2026,2026,TDNC-10/10,NCOMP 10/10CT,000JHAK62,Committed,0.0,2026-07-09,2026-07-25,DR 2026 - 2026-10-02 (EXCEXP_TLS_000JJKSJR).xlsx,Rebates,4773,"TD BLD WEEK 28 ISF 470ML SYRUPS, 10CT NESPRESSO, 100G INSTAN"
yoy,Fcst Inc Cases is not positive,PFG,NA-PATTISON FOOD GROUP,2026,2026,TDIC-12/100,INSTANT COFFEE 12/100GR,000JHAK62,Committed,0.0,2026-07-09,2026-07-25,DR 2026 - 2026-10-02 (EXCEXP_TLS_000JJKSJR).xlsx,Rebates,4774,"TD BLD WEEK 28 ISF 470ML SYRUPS, 10CT NESPRESSO, 100G INSTAN"
yoy,Fcst Inc Cases is not positive,PFG,NA-PATTISON FOOD GROUP,2026,2026,TDSSKC-4/48,SS KCOMP 4/48CT,000JHT5N6,Committed,0.0,2026-07-09,2026-07-29,DR 2026 - 2026-10-02 (EXCEXP_TLS_000JJKSJR).xlsx,Rebates,4776,TD BLD WEEK 28-30 ISF 48CT PODS
yoy,Fcst Inc Cases is not positive,PFG,NA-PATTISON FOOD GROUP,2026,2026,TDSSKC-4/30,SS KCOMP 4/30CT,000JHT5NN,Committed,0.0,2026-07-30,2026-08-12,DR 2026 - 2026-10-02 (EXCEXP_TLS_000JJKSJR).xlsx,Rebates,4799,"TD BLD WEEK 31-32 ISF 30CT PODS, 2LB"
yoy,Fcst Inc Cases is not positive,PFG,NA-PATTISON FOOD GROUP,2026,2026,TDRGLB-6/2,R&G LARGE BAG 6/2LB,000JHT5NN,Committed,0.0,2026-07-30,2026-08-12,DR 2026 - 2026-10-02 (EXCEXP_TLS_000JJKSJR).xlsx,Rebates,4800,"TD BLD WEEK 31-32 ISF 30CT PODS, 2LB"
yoy,Fcst Inc Cases is not positive,PFG,NA-PATTISON FOOD GROUP,2026,2026,TDSSKC-4/30,SS KCOMP 4/30CT,000IVRJV4,Committed,0.0,2026-08-06,2026-09-16,DR 2026 - 2026-10-02 (EXCEXP_TLS_000JJKSJR).xlsx,Rebates,4812,"TD SOF WEEK 32-37 ISF BACK TO SCHOOL PROMO LUMP SUM 10CT, 30"
yoy,Fcst Inc Cases is not positive,PFG,NA-PATTISON FOOD GROUP,2026,2026,TDRGSB-6/300,R&G SMALL BAG 6/300GR,000IVRJV4,Committed,0.0,2026-08-06,2026-09-16,DR 2026 - 2026-10-02 (EXCEXP_TLS_000JJKSJR).xlsx,Rebates,4813,"TD SOF WEEK 32-37 ISF BACK TO SCHOOL PROMO LUMP SUM 10CT, 30"
yoy,Fcst Inc Cases is not positive,PFG,NA-PATTISON FOOD GROUP,2026,2026,TDRGLC-6/930,R&G LARGE CAN 6/930GR,000IVRJV4,Committed,0.0,2026-08-06,2026-09-16,DR 2026 - 2026-10-02 (EXCEXP_TLS_000JJKSJR).xlsx,Rebates,4814,"TD SOF WEEK 32-37 ISF BACK TO SCHOOL PROMO LUMP SUM 10CT, 30"
yoy,Fcst Inc Cases is not positive,PFG,NA-PATTISON FOOD GROUP,2026,2026,TDNC-10/10,NCOMP 10/10CT,000IVRJV4,Committed,0.0,2026-08-06,2026-09-16,DR 2026 - 2026-10-02 (EXCEXP_TLS_000JJKSJR).xlsx,Rebates,4815,"TD SOF WEEK 32-37 ISF BACK TO SCHOOL PROMO LUMP SUM 10CT, 30"
yoy,Fcst Inc Cases is not positive,PFG,NA-PATTISON FOOD GROUP,2026,2026,TDSSKC-4/48,SS KCOMP 4/48CT,000JHT5NZ,Committed,0.0,2026-08-13,2026-08-19,DR 2026 - 2026-10-02 (EXCEXP_TLS_000JJKSJR).xlsx,Rebates,4819,TD BLD WEEK 33 AD 48CT PODS
yoy,Fcst Inc Cases is not positive,PFG,NA-PATTISON FOOD GROUP,2026,2026,TDSIC-12/470,SYRUPS 12/470ML,000JHT5O9,Committed,0.0,2026-08-13,2026-08-19,DR 2026 - 2026-10-02 (EXCEXP_TLS_000JJKSJR).xlsx,Rebates,4821,"TD BLD WK 33 ISF 300G, 12CT PODS, 100G INST, 10CT NES,470ML"
yoy,Fcst Inc Cases is not positive,PFG,NA-PATTISON FOOD GROUP,2026,2026,TDSSKC-6/12,SS KCOMP 6/12CT,000JHT5O9,Committed,0.0,2026-08-13,2026-08-19,DR 2026 - 2026-10-02 (EXCEXP_TLS_000JJKSJR).xlsx,Rebates,4822,"TD BLD WK 33 ISF 300G, 12CT PODS, 100G INST, 10CT NES,470ML"
yoy,Fcst Inc Cases is not positive,PFG,NA-PATTISON FOOD GROUP,2026,2026,TDRGSB-6/300,R&G SMALL BAG 6/300GR,000JHT5O9,Committed,0.0,2026-08-13,2026-08-19,DR 2026 - 2026-10-02 (EXCEXP_TLS_000JJKSJR).xlsx,Rebates,4823,"TD BLD WK 33 ISF 300G, 12CT PODS, 100G INST, 10CT NES,470ML"
yoy,Fcst Inc Cases is not positive,PFG,NA-PATTISON FOOD GROUP,2026,2026,TDNC-10/10,NCOMP 10/10CT,000JHT5O9,Committed,0.0,2026-08-13,2026-08-19,DR 2026 - 2026-10-02 (EXCEXP_TLS_000JJKSJR).xlsx,Rebates,4824,"TD BLD WK 33 ISF 300G, 12CT PODS, 100G INST, 10CT NES,470ML"
yoy,Fcst Inc Cases is not positive,PFG,NA-PATTISON FOOD GROUP,2026,2026,TDIC-12/100,INSTANT COFFEE 12/100GR,000JHT5O9,Committed,0.0,2026-08-13,2026-08-19,DR 2026 - 2026-10-02 (EXCEXP_TLS_000JJKSJR).xlsx,Rebates,4825,"TD BLD WK 33 ISF 300G, 12CT PODS, 100G INST, 10CT NES,470ML"
yoy,Fcst Inc Cases is not positive,PFG,NA-PATTISON FOOD GROUP,2026,2026,TDSIC-12/470,SYRUPS 12/470ML,000JHTYTT,Committed,0.0,2026-08-20,2026-08-26,DR 2026 - 2026-10-02 (EXCEXP_TLS_000JJKSJR).xlsx,Rebates,4831,"TD BLD WEEK 34 ISF 300G, 12CT PODS, 100G INSTANT, 10CT NESPR"
yoy,Fcst Inc Cases is not positive,PFG,NA-PATTISON FOOD GROUP,2026,2026,TDSSKC-6/12,SS KCOMP 6/12CT,000JHTYTT,Committed,0.0,2026-08-20,2026-08-26,DR 2026 - 2026-10-02 (EXCEXP_TLS_000JJKSJR).xlsx,Rebates,4832,"TD BLD WEEK 34 ISF 300G, 12CT PODS, 100G INSTANT, 10CT NESPR"
yoy,Fcst Inc Cases is not positive,PFG,NA-PATTISON FOOD GROUP,2026,2026,TDSSKC-4/48,SS KCOMP 4/48CT,000JHTYTT,Committed,0.0,2026-08-20,2026-08-26,DR 2026 - 2026-10-02 (EXCEXP_TLS_000JJKSJR).xlsx,Rebates,4833,"TD BLD WEEK 34 ISF 300G, 12CT PODS, 100G INSTANT, 10CT NESPR"
yoy,Fcst Inc Cases is not positive,PFG,NA-PATTISON FOOD GROUP,2026,2026,TDRGSB-6/300,R&G SMALL BAG 6/300GR,000JHTYTT,Committed,0.0,2026-08-20,2026-08-26,DR 2026 - 2026-10-02 (EXCEXP_TLS_000JJKSJR).xlsx,Rebates,4834,"TD BLD WEEK 34 ISF 300G, 12CT PODS, 100G INSTANT, 10CT NESPR"
yoy,Fcst Inc Cases is not positive,PFG,NA-PATTISON FOOD GROUP,2026,2026,TDNC-10/10,NCOMP 10/10CT,000JHTYTT,Committed,0.0,2026-08-20,2026-08-26,DR 2026 - 2026-10-02 (EXCEXP_TLS_000JJKSJR).xlsx,Rebates,4835,"TD BLD WEEK 34 ISF 300G, 12CT PODS, 100G INSTANT, 10CT NESPR"
yoy,Fcst Inc Cases is not positive,PFG,NA-PATTISON FOOD GROUP,2026,2026,TDIC-12/100,INSTANT COFFEE 12/100GR,000JHTYTT,Committed,0.0,2026-08-20,2026-08-26,DR 2026 - 2026-10-02 (EXCEXP_TLS_000JJKSJR).xlsx,Rebates,4836,"TD BLD WEEK 34 ISF 300G, 12CT PODS, 100G INSTANT, 10CT NESPR"
yoy,Fcst Inc Cases is not positive,PFG,NA-PATTISON FOOD GROUP,2026,2026,TDRGLC-6/930,R&G LARGE CAN 6/930GR,000JHT5MZ,Committed,0.0,2026-08-27,2026-09-02,DR 2026 - 2026-10-02 (EXCEXP_TLS_000JJKSJR).xlsx,Rebates,4841,TD BLD WEEK 35 AD 825G-875G TINS
yoy,Fcst Inc Cases is not positive,PFG,NA-PATTISON FOOD GROUP,2026,2026,TDRGLC-6/930,R&G LARGE CAN 6/930GR,000JHT5ME,Committed,0.0,2026-09-03,2026-09-23,DR 2026 - 2026-10-02 (EXCEXP_TLS_000JJKSJR).xlsx,Rebates,4846,TD BLD WEEK 36-38 ISF 825G-875G TINS
yoy,Fcst Inc Cases is not positive,PFG,NA-PATTISON FOOD GROUP,2026,2026,TDHBCAP-12/343,HB CAPPUCCINO 12/454GR,000JHT5ML,Committed,0.0,2026-09-03,2026-09-23,DR 2026 - 2026-10-02 (EXCEXP_TLS_000JJKSJR).xlsx,Rebates,4850,"TD SOF WEEK 36-38  ISF 454G FVC, 500G HC"
yoy,Fcst Inc Cases is not positive,PFG,NA-PATTISON FOOD GROUP,2026,2026,TDHBHC-5/8,HB HOT CHOCOLATE 5/8CT,000J95ZLE,Committed,0.0,2026-09-04,2026-09-17,DR 2026 - 2026-10-02 (EXCEXP_TLS_000JJKSJR).xlsx,Rebates,4852,TD GM WEEK 37-38 AD SACHETS
yoy,Fcst Inc Cases is not positive,PFG,NA-PATTISON FOOD GROUP,2026,2026,TDSSKC-4/30,SS KCOMP 4/30CT,000JHTYUK,Committed,0.0,2026-09-24,2026-09-30,DR 2026 - 2026-10-02 (EXCEXP_TLS_000JJKSJR).xlsx,Rebates,4865,TD BLD WEEK 39 AD 30CT PODS
yoy,Fcst Inc Cases is not positive,PFG,NA-PATTISON FOOD GROUP,2026,2026,TDSIC-12/470,SYRUPS 12/470ML,000JHT5L1,Committed,0.0,2026-09-24,2026-09-30,DR 2026 - 2026-10-02 (EXCEXP_TLS_000JJKSJR).xlsx,Rebates,4867,"TD BLD WEEK 39 ISF 300G, 12CT, 100G INST, 10CT NESPR, 30CT"
yoy,Fcst Inc Cases is not positive,PFG,NA-PATTISON FOOD GROUP,2026,2026,TDSSKC-6/12,SS KCOMP 6/12CT,000JHT5L1,Committed,0.0,2026-09-24,2026-09-30,DR 2026 - 2026-10-02 (EXCEXP_TLS_000JJKSJR).xlsx,Rebates,4868,"TD BLD WEEK 39 ISF 300G, 12CT, 100G INST, 10CT NESPR, 30CT"
yoy,Fcst Inc Cases is not positive,PFG,NA-PATTISON FOOD GROUP,2026,2026,TDRGSB-6/300,R&G SMALL BAG 6/300GR,000JHT5L1,Committed,0.0,2026-09-24,2026-09-30,DR 2026 - 2026-10-02 (EXCEXP_TLS_000JJKSJR).xlsx,Rebates,4869,"TD BLD WEEK 39 ISF 300G, 12CT, 100G INST, 10CT NESPR, 30CT"
yoy,Fcst Inc Cases is not positive,PFG,NA-PATTISON FOOD GROUP,2026,2026,TDRGLB-6/2,R&G LARGE BAG 6/2LB,000JHT5L1,Committed,0.0,2026-09-24,2026-09-30,DR 2026 - 2026-10-02 (EXCEXP_TLS_000JJKSJR).xlsx,Rebates,4870,"TD BLD WEEK 39 ISF 300G, 12CT, 100G INST, 10CT NESPR, 30CT"
yoy,Fcst Inc Cases is not positive,PFG,NA-PATTISON FOOD GROUP,2026,2026,TDNC-10/10,NCOMP 10/10CT,000JHT5L1,Committed,0.0,2026-09-24,2026-09-30,DR 2026 - 2026-10-02 (EXCEXP_TLS_000JJKSJR).xlsx,Rebates,4871,"TD BLD WEEK 39 ISF 300G, 12CT, 100G INST, 10CT NESPR, 30CT"
yoy,Fcst Inc Cases is not positive,PFG,NA-PATTISON FOOD GROUP,2026,2026,TDIC-12/100,INSTANT COFFEE 12/100GR,000JHT5L1,Committed,0.0,2026-09-24,2026-09-30,DR 2026 - 2026-10-02 (EXCEXP_TLS_000JJKSJR).xlsx,Rebates,4872,"TD BLD WEEK 39 ISF 300G, 12CT, 100G INST, 10CT NESPR, 30CT"
yoy,Fcst Inc Cases is not positive,PFG,NA-PATTISON FOOD GROUP,2026,2026,TDHBHC-12/500,HB HOT CHOCOLATE 12/500GR,000JHT5L1,Committed,0.0,2026-09-24,2026-09-30,DR 2026 - 2026-10-02 (EXCEXP_TLS_000JJKSJR).xlsx,Rebates,4873,"TD BLD WEEK 39 ISF 300G, 12CT, 100G INST, 10CT NESPR, 30CT"
yoy,Fcst Inc Cases is not positive,PFG,NA-PATTISON FOOD GROUP,2026,2026,TDHBCAP-12/343,HB CAPPUCCINO 12/454GR,000JHT5L1,Committed,0.0,2026-09-24,2026-09-30,DR 2026 - 2026-10-02 (EXCEXP_TLS_000JJKSJR).xlsx,Rebates,4874,"TD BLD WEEK 39 ISF 300G, 12CT, 100G INST, 10CT NESPR, 30CT"
yoy,Fcst Inc Cases is not positive,PFG,NA-PATTISON FOOD GROUP,2026,2026,TDSSKC-4/30,SS KCOMP 4/30CT,000JIM4DH,Committed,0.0,2026-09-10,2026-10-07,DR 2026 - 2026-10-02 (EXCEXP_TLS_000JJKSJR).xlsx,Rebates,4879,TD SOF WEEK 37-40 ISF 12CT PODS & 30CT PODS
yoy,Fcst Inc Cases is not positive,PFG,NA-PATTISON FOOD GROUP,2026,2026,TDRGLB-6/2,R&G LARGE BAG 6/2LB,000JHT5JJ,Committed,0.0,2026-10-01,2026-10-07,DR 2026 - 2026-10-02 (EXCEXP_TLS_000JJKSJR).xlsx,Rebates,4883,TD SOF WEEK 40  ISF 2LB
yoy,Fcst Inc Cases is not positive,PFG,NA-PATTISON FOOD GROUP,2026,2026,TDSIC-12/470,SYRUPS 12/470ML,000JHT5JQ,Committed,0.0,2026-10-01,2026-10-14,DR 2026 - 2026-10-02 (EXCEXP_TLS_000JJKSJR).xlsx,Rebates,4885,"TD BLD WEEK 40-41 ISF 300G, 6/12CT 12/100G 10/10CT  470ML SY"
yoy,Fcst Inc Cases is not positive,PFG,NA-PATTISON FOOD GROUP,2026,2026,TDSSKC-6/12,SS KCOMP 6/12CT,000JHT5JQ,Committed,0.0,2026-10-01,2026-10-14,DR 2026 - 2026-10-02 (EXCEXP_TLS_000JJKSJR).xlsx,Rebates,4886,"TD BLD WEEK 40-41 ISF 300G, 6/12CT 12/100G 10/10CT  470ML SY"
yoy,Fcst Inc Cases is not positive,PFG,NA-PATTISON FOOD GROUP,2026,2026,TDSSKC-4/30,SS KCOMP 4/30CT,000JHT5JQ,Committed,0.0,2026-10-01,2026-10-14,DR 2026 - 2026-10-02 (EXCEXP_TLS_000JJKSJR).xlsx,Rebates,4887,"TD BLD WEEK 40-41 ISF 300G, 6/12CT 12/100G 10/10CT  470ML SY"
yoy,Fcst Inc Cases is not positive,PFG,NA-PATTISON FOOD GROUP,2026,2026,TDRGSB-6/300,R&G SMALL BAG 6/300GR,000JHT5JQ,Committed,0.0,2026-10-01,2026-10-14,DR 2026 - 2026-10-02 (EXCEXP_TLS_000JJKSJR).xlsx,Rebates,4888,"TD BLD WEEK 40-41 ISF 300G, 6/12CT 12/100G 10/10CT  470ML SY"
yoy,Fcst Inc Cases is not positive,PFG,NA-PATTISON FOOD GROUP,2026,2026,TDRGLB-6/2,R&G LARGE BAG 6/2LB,000JHT5JQ,Committed,0.0,2026-10-01,2026-10-14,DR 2026 - 2026-10-02 (EXCEXP_TLS_000JJKSJR).xlsx,Rebates,4889,"TD BLD WEEK 40-41 ISF 300G, 6/12CT 12/100G 10/10CT  470ML SY"
yoy,Fcst Inc Cases is not positive,PFG,NA-PATTISON FOOD GROUP,2026,2026,TDNC-10/10,NCOMP 10/10CT,000JHT5JQ,Committed,0.0,2026-10-01,2026-10-14,DR 2026 - 2026-10-02 (EXCEXP_TLS_000JJKSJR).xlsx,Rebates,4890,"TD BLD WEEK 40-41 ISF 300G, 6/12CT 12/100G 10/10CT  470ML SY"
yoy,Fcst Inc Cases is not positive,PFG,NA-PATTISON FOOD GROUP,2026,2026,TDIC-12/100,INSTANT COFFEE 12/100GR,000JHT5JQ,Committed,0.0,2026-10-01,2026-10-14,DR 2026 - 2026-10-02 (EXCEXP_TLS_000JJKSJR).xlsx,Rebates,4891,"TD BLD WEEK 40-41 ISF 300G, 6/12CT 12/100G 10/10CT  470ML SY"
yoy,Fcst Inc Cases is not positive,PFG,NA-PATTISON FOOD GROUP,2026,2026,TDHBHC-12/500,HB HOT CHOCOLATE 12/500GR,000JHT5JQ,Committed,0.0,2026-10-01,2026-10-14,DR 2026 - 2026-10-02 (EXCEXP_TLS_000JJKSJR).xlsx,Rebates,4892,"TD BLD WEEK 40-41 ISF 300G, 6/12CT 12/100G 10/10CT  470ML SY"
yoy,Fcst Inc Cases is not positive,PFG,NA-PATTISON FOOD GROUP,2026,2026,TDHBCAP-12/343,HB CAPPUCCINO 12/454GR,000JHT5JQ,Committed,0.0,2026-10-01,2026-10-14,DR 2026 - 2026-10-02 (EXCEXP_TLS_000JJKSJR).xlsx,Rebates,4893,"TD BLD WEEK 40-41 ISF 300G, 6/12CT 12/100G 10/10CT  470ML SY"
yoy,Fcst Inc Cases is not positive,PFG,NA-PATTISON FOOD GROUP,2026,2026,TDSSKC-6/12,SS KCOMP 6/12CT,000IVRJWA,Committed,0.0,2026-10-22,2026-10-28,DR 2026 - 2026-10-02 (EXCEXP_TLS_000JJKSJR).xlsx,Rebates,4922,"TD SOF WK 43 TRIBUTE AD LUMP SUM 300G, 825-875G, 12CT, 30CT"
yoy,Fcst Inc Cases is not positive,PFG,NA-PATTISON FOOD GROUP,2026,2026,TDSSKC-4/30,SS KCOMP 4/30CT,000IVRJWA,Committed,0.0,2026-10-22,2026-10-28,DR 2026 - 2026-10-02 (EXCEXP_TLS_000JJKSJR).xlsx,Rebates,4923,"TD SOF WK 43 TRIBUTE AD LUMP SUM 300G, 825-875G, 12CT, 30CT"
yoy,Fcst Inc Cases is not positive,PFG,NA-PATTISON FOOD GROUP,2026,2026,TDSHSP-12/540,SOUPS 12/540ML,000IVRJWA,Committed,0.0,2026-10-22,2026-10-28,DR 2026 - 2026-10-02 (EXCEXP_TLS_000JJKSJR).xlsx,Rebates,4924,"TD SOF WK 43 TRIBUTE AD LUMP SUM 300G, 825-875G, 12CT, 30CT"
yoy,Fcst Inc Cases is not positive,PFG,NA-PATTISON FOOD GROUP,2026,2026,TDRGSB-6/300,R&G SMALL BAG 6/300GR,000IVRJWA,Committed,0.0,2026-10-22,2026-10-28,DR 2026 - 2026-10-02 (EXCEXP_TLS_000JJKSJR).xlsx,Rebates,4925,"TD SOF WK 43 TRIBUTE AD LUMP SUM 300G, 825-875G, 12CT, 30CT"
yoy,Fcst Inc Cases is not positive,PFG,NA-PATTISON FOOD GROUP,2026,2026,TDRGLC-6/930,R&G LARGE CAN 6/930GR,000IVRJWA,Committed,0.0,2026-10-22,2026-10-28,DR 2026 - 2026-10-02 (EXCEXP_TLS_000JJKSJR).xlsx,Rebates,4926,"TD SOF WK 43 TRIBUTE AD LUMP SUM 300G, 825-875G, 12CT, 30CT"
yoy,Fcst Inc Cases is not positive,PFG,NA-PATTISON FOOD GROUP,2026,2026,TDRGLC-6/930,R&G LARGE CAN 6/930GR,000JHT5IW,Committed,0.0,2026-10-22,2026-10-28,DR 2026 - 2026-10-02 (EXCEXP_TLS_000JJKSJR).xlsx,Rebates,4928,TD BLD WEEK 43 AD 825G-875G TINS
yoy,Fcst Inc Cases is not positive,PFG,NA-PATTISON FOOD GROUP,2026,2026,TDSSKC-4/30,SS KCOMP 4/30CT,000JHT5IO,Committed,0.0,2026-10-29,2026-11-04,DR 2026 - 2026-10-02 (EXCEXP_TLS_000JJKSJR).xlsx,Rebates,4937,TD BLD WEEK 44 AD 30CT PODS
yoy,Fcst Inc Cases is not positive,PFG,NA-PATTISON FOOD GROUP,2026,2026,TDRGSB-6/300,R&G SMALL BAG 6/300GR,000JHT5HV,Committed,0.0,2026-11-05,2026-11-11,DR 2026 - 2026-10-02 (EXCEXP_TLS_000JJKSJR).xlsx,Rebates,4945,TD BLD WEEK 45 ISF 300G
yoy,Fcst Inc Cases is not positive,PFG,NA-PATTISON FOOD GROUP,2026,2026,TDSIC-12/470,SYRUPS 12/470ML,000JHRP9F,Committed,0.0,2026-11-05,2026-11-11,DR 2026 - 2026-10-02 (EXCEXP_TLS_000JJKSJR).xlsx,Rebates,4947,"TD BLD WEEK 45 AD 12CT PODS, 454G FVC, 10CT NESPRESSO, 470ML"
yoy,Fcst Inc Cases is not positive,PFG,NA-PATTISON FOOD GROUP,2026,2026,TDSSKC-6/12,SS KCOMP 6/12CT,000JHRP9F,Committed,0.0,2026-11-05,2026-11-11,DR 2026 - 2026-10-02 (EXCEXP_TLS_000JJKSJR).xlsx,Rebates,4948,"TD BLD WEEK 45 AD 12CT PODS, 454G FVC, 10CT NESPRESSO, 470ML"
yoy,Fcst Inc Cases is not positive,PFG,NA-PATTISON FOOD GROUP,2026,2026,TDNC-10/10,NCOMP 10/10CT,000JHRP9F,Committed,0.0,2026-11-05,2026-11-11,DR 2026 - 2026-10-02 (EXCEXP_TLS_000JJKSJR).xlsx,Rebates,4949,"TD BLD WEEK 45 AD 12CT PODS, 454G FVC, 10CT NESPRESSO, 470ML"
yoy,Fcst Inc Cases is not positive,PFG,NA-PATTISON FOOD GROUP,2026,2026,TDHBCAP-12/343,HB CAPPUCCINO 12/454GR,000JHRP9F,Committed,0.0,2026-11-05,2026-11-11,DR 2026 - 2026-10-02 (EXCEXP_TLS_000JJKSJR).xlsx,Rebates,4950,"TD BLD WEEK 45 AD 12CT PODS, 454G FVC, 10CT NESPRESSO, 470ML"
yoy,Fcst Inc Cases is not positive,PFG,NA-PATTISON FOOD GROUP,2026,2026,TDIC-12/100,INSTANT COFFEE 12/100GR,000JHT5I1,Committed,0.0,2026-11-05,2026-11-25,DR 2026 - 2026-10-02 (EXCEXP_TLS_000JJKSJR).xlsx,Rebates,4956,TD BLD WEEK 45-47 ISF100G INSTANT
yoy,Fcst Inc Cases is not positive,PFG,NA-PATTISON FOOD GROUP,2026,2026,TDSSKC-6/12,SS KCOMP 6/12CT,000JHRPA2,Committed,0.0,2026-11-12,2026-11-18,DR 2026 - 2026-10-02 (EXCEXP_TLS_000JJKSJR).xlsx,Rebates,4964,"TD BLD WEEK 46 ISF 12CT PODS, 454G FVC, 10CT NESPRESSO, 470M"
yoy,Fcst Inc Cases is not positive,PFG,NA-PATTISON FOOD GROUP,2026,2026,TDHBCAP-12/343,HB CAPPUCCINO 12/454GR,000JHRPA2,Committed,0.0,2026-11-12,2026-11-18,DR 2026 - 2026-10-02 (EXCEXP_TLS_000JJKSJR).xlsx,Rebates,4965,"TD BLD WEEK 46 ISF 12CT PODS, 454G FVC, 10CT NESPRESSO, 470M"
yoy,Fcst Inc Cases is not positive,PFG,NA-PATTISON FOOD GROUP,2026,2026,TDRGSB-6/300,R&G SMALL BAG 6/300GR,000JHRPAX,Committed,0.0,2026-11-12,2026-11-18,DR 2026 - 2026-10-02 (EXCEXP_TLS_000JJKSJR).xlsx,Rebates,4969,TD BLD WEEK 46 AD 300G
yoy,Fcst Inc Cases is not positive,PFG,NA-PATTISON FOOD GROUP,2026,2026,TDSIC-12/470,SYRUPS 12/470ML,000JHRP8X,Committed,0.0,2026-11-12,2026-11-25,DR 2026 - 2026-10-02 (EXCEXP_TLS_000JJKSJR).xlsx,Rebates,4973,"TD BLD WEEK 46-47 ISF 48CT PODS, 10CT NESPRESSO, 470ML SYRUP"
yoy,Fcst Inc Cases is not positive,PFG,NA-PATTISON FOOD GROUP,2026,2026,TDSSKC-48/10,SS KCOMP 48/10CT,000JHRP8X,Committed,0.0,2026-11-12,2026-11-25,DR 2026 - 2026-10-02 (EXCEXP_TLS_000JJKSJR).xlsx,Rebates,4974,"TD BLD WEEK 46-47 ISF 48CT PODS, 10CT NESPRESSO, 470ML SYRUP"
yoy,Fcst Inc Cases is not positive,PFG,NA-PATTISON FOOD GROUP,2026,2026,TDNC-10/10,NCOMP 10/10CT,000JHRP8X,Committed,0.0,2026-11-12,2026-11-25,DR 2026 - 2026-10-02 (EXCEXP_TLS_000JJKSJR).xlsx,Rebates,4975,"TD BLD WEEK 46-47 ISF 48CT PODS, 10CT NESPRESSO, 470ML SYRUP"
yoy,Fcst Inc Cases is not positive,PFG,NA-PATTISON FOOD GROUP,2026,2026,TDHBHC-12/500,HB HOT CHOCOLATE 12/500GR,000JHQ591,Committed,0.0,2026-11-19,2026-11-25,DR 2026 - 2026-10-02 (EXCEXP_TLS_000JJKSJR).xlsx,Rebates,4979,TD BLD WEEK 47 AD 500G HOT CHOCOLATE
yoy,Fcst Inc Cases is not positive,PFG,NA-PATTISON FOOD GROUP,2026,2026,TDRGSB-6/300,R&G SMALL BAG 6/300GR,000JHQ598,Committed,0.0,2026-11-19,2026-11-25,DR 2026 - 2026-10-02 (EXCEXP_TLS_000JJKSJR).xlsx,Rebates,4981,TD BLD WEEK 47 ISF 300G
yoy,Fcst Inc Cases is not positive,PFG,NA-PATTISON FOOD GROUP,2026,2026,TDRGLC-6/930,R&G LARGE CAN 6/930GR,000JHQ59O,Committed,0.0,2026-11-19,2026-12-02,DR 2026 - 2026-10-02 (EXCEXP_TLS_000JJKSJR).xlsx,Rebates,4985,TD BLD WEEK 47-48 ISF 825G-875G TINS
yoy,Fcst Inc Cases is not positive,PFG,NA-PATTISON FOOD GROUP,2026,2026,TDHBHC-12/500,HB HOT CHOCOLATE 12/500GR,000JHQ59V,Committed,0.0,2026-11-26,2026-12-16,DR 2026 - 2026-10-02 (EXCEXP_TLS_000JJKSJR).xlsx,Rebates,4997,TD BLD WEEK 48-50 ISF 500G HOT CHOCOLATE
yoy,Fcst Inc Cases is not positive,PFG,NA-PATTISON FOOD GROUP,2026,2026,TDSIC-12/470,SYRUPS 12/470ML,000JHRP7Z,Committed,0.0,2026-12-03,2026-12-09,DR 2026 - 2026-10-02 (EXCEXP_TLS_000JJKSJR).xlsx,Rebates,5003,"TD BLD WEEK 49 ISF 100G INSTANT, 10CT NESPRESSO, 470ML SYRUP"
yoy,Fcst Inc Cases is not positive,PFG,NA-PATTISON FOOD GROUP,2026,2026,TDNC-10/10,NCOMP 10/10CT,000JHRP7Z,Committed,0.0,2026-12-03,2026-12-09,DR 2026 - 2026-10-02 (EXCEXP_TLS_000JJKSJR).xlsx,Rebates,5004,"TD BLD WEEK 49 ISF 100G INSTANT, 10CT NESPRESSO, 470ML SYRUP"
yoy,Fcst Inc Cases is not positive,PFG,NA-PATTISON FOOD GROUP,2026,2026,TDIC-12/100,INSTANT COFFEE 12/100GR,000JHRP7Z,Committed,0.0,2026-12-03,2026-12-09,DR 2026 - 2026-10-02 (EXCEXP_TLS_000JJKSJR).xlsx,Rebates,5005,"TD BLD WEEK 49 ISF 100G INSTANT, 10CT NESPRESSO, 470ML SYRUP"
yoy,Fcst Inc Cases is not positive,PFG,NA-PATTISON FOOD GROUP,2026,2026,TDSSKC-6/12,SS KCOMP 6/12CT,000JHRP8G,Committed,0.0,2026-12-03,2026-12-09,DR 2026 - 2026-10-02 (EXCEXP_TLS_000JJKSJR).xlsx,Rebates,5007,"TD BLD WEEK 49-50 ISF 12CT PODS, 454G FVC, 2LB WB"
yoy,Fcst Inc Cases is not positive,PFG,NA-PATTISON FOOD GROUP,2026,2026,TDRGLB-6/2,R&G LARGE BAG 6/2LB,000JHRP8G,Committed,0.0,2026-12-03,2026-12-09,DR 2026 - 2026-10-02 (EXCEXP_TLS_000JJKSJR).xlsx,Rebates,5008,"TD BLD WEEK 49-50 ISF 12CT PODS, 454G FVC, 2LB WB"
yoy,Fcst Inc Cases is not positive,PFG,NA-PATTISON FOOD GROUP,2026,2026,TDHBCAP-12/343,HB CAPPUCCINO 12/454GR,000JHRP8G,Committed,0.0,2026-12-03,2026-12-09,DR 2026 - 2026-10-02 (EXCEXP_TLS_000JJKSJR).xlsx,Rebates,5009,"TD BLD WEEK 49-50 ISF 12CT PODS, 454G FVC, 2LB WB"
yoy,Fcst Inc Cases is not positive,PFG,NA-PATTISON FOOD GROUP,2026,2026,TDSSKC-4/48,SS KCOMP 4/48CT,000JHQ56Y,Committed,0.0,2026-12-17,2026-12-23,DR 2026 - 2026-10-02 (EXCEXP_TLS_000JJKSJR).xlsx,Rebates,5035,"TD BLD WEEK 51 AD 500G HC, 825G-875G TINS, 48CT PODS"
yoy,Fcst Inc Cases is not positive,PFG,NA-PATTISON FOOD GROUP,2026,2026,TDRGLC-6/930,R&G LARGE CAN 6/930GR,000JHQ56Y,Committed,0.0,2026-12-17,2026-12-23,DR 2026 - 2026-10-02 (EXCEXP_TLS_000JJKSJR).xlsx,Rebates,5036,"TD BLD WEEK 51 AD 500G HC, 825G-875G TINS, 48CT PODS"
yoy,Fcst Inc Cases is not positive,PFG,NA-PATTISON FOOD GROUP,2026,2026,TDHBHC-12/500,HB HOT CHOCOLATE 12/500GR,000JHQ56Y,Committed,0.0,2026-12-17,2026-12-23,DR 2026 - 2026-10-02 (EXCEXP_TLS_000JJKSJR).xlsx,Rebates,5037,"TD BLD WEEK 51 AD 500G HC, 825G-875G TINS, 48CT PODS"
yoy,Fcst Inc Cases is not positive,PFG,NA-PATTISON FOOD GROUP,2026,2026,TDSSKC-6/12,SS KCOMP 6/12CT,000IVRKCU,Committed,0.0,2026-12-17,2026-12-23,DR 2026 - 2026-10-02 (EXCEXP_TLS_000JJKSJR).xlsx,Rebates,5039,"TD SOF WK 51 TRIBUTE AD LUMP SUM 300G, 825-875G, 12CT , 30CT"
yoy,Fcst Inc Cases is not positive,PFG,NA-PATTISON FOOD GROUP,2026,2026,TDSSKC-4/30,SS KCOMP 4/30CT,000IVRKCU,Committed,0.0,2026-12-17,2026-12-23,DR 2026 - 2026-10-02 (EXCEXP_TLS_000JJKSJR).xlsx,Rebates,5040,"TD SOF WK 51 TRIBUTE AD LUMP SUM 300G, 825-875G, 12CT , 30CT"
yoy,Fcst Inc Cases is not positive,PFG,NA-PATTISON FOOD GROUP,2026,2026,TDSHSP-12/540,SOUPS 12/540ML,000IVRKCU,Committed,0.0,2026-12-17,2026-12-23,DR 2026 - 2026-10-02 (EXCEXP_TLS_000JJKSJR).xlsx,Rebates,5041,"TD SOF WK 51 TRIBUTE AD LUMP SUM 300G, 825-875G, 12CT , 30CT"
yoy,Fcst Inc Cases is not positive,PFG,NA-PATTISON FOOD GROUP,2026,2026,TDRGSB-6/300,R&G SMALL BAG 6/300GR,000IVRKCU,Committed,0.0,2026-12-17,2026-12-23,DR 2026 - 2026-10-02 (EXCEXP_TLS_000JJKSJR).xlsx,Rebates,5042,"TD SOF WK 51 TRIBUTE AD LUMP SUM 300G, 825-875G, 12CT , 30CT"
yoy,Fcst Inc Cases is not positive,PFG,NA-PATTISON FOOD GROUP,2026,2026,TDRGLC-6/930,R&G LARGE CAN 6/930GR,000IVRKCU,Committed,0.0,2026-12-17,2026-12-23,DR 2026 - 2026-10-02 (EXCEXP_TLS_000JJKSJR).xlsx,Rebates,5043,"TD SOF WK 51 TRIBUTE AD LUMP SUM 300G, 825-875G, 12CT , 30CT"
yoy,Fcst Inc Cases is not positive,PFG,NA-PATTISON FOOD GROUP,2026,2026,TDSSKC-4/48,SS KCOMP 4/48CT,000JHQ563,Committed,0.0,2026-12-24,2026-12-30,DR 2026 - 2026-10-02 (EXCEXP_TLS_000JJKSJR).xlsx,Rebates,5055,"TD BLD WEEK 52 ISF 500G HC, 825G-875G TINS, 48CT PODS, 30CT"
yoy,Fcst Inc Cases is not positive,PFG,NA-PATTISON FOOD GROUP,2026,2026,TDSSKC-4/30,SS KCOMP 4/30CT,000JHQ563,Committed,0.0,2026-12-24,2026-12-30,DR 2026 - 2026-10-02 (EXCEXP_TLS_000JJKSJR).xlsx,Rebates,5056,"TD BLD WEEK 52 ISF 500G HC, 825G-875G TINS, 48CT PODS, 30CT"
yoy,Fcst Inc Cases is not positive,PFG,NA-PATTISON FOOD GROUP,2026,2026,TDRGLC-6/930,R&G LARGE CAN 6/930GR,000JHQ563,Committed,0.0,2026-12-24,2026-12-30,DR 2026 - 2026-10-02 (EXCEXP_TLS_000JJKSJR).xlsx,Rebates,5057,"TD BLD WEEK 52 ISF 500G HC, 825G-875G TINS, 48CT PODS, 30CT"
yoy,Fcst Inc Cases is not positive,PFG,NA-PATTISON FOOD GROUP,2026,2026,TDHBHC-12/500,HB HOT CHOCOLATE 12/500GR,000JHQ563,Committed,0.0,2026-12-24,2026-12-30,DR 2026 - 2026-10-02 (EXCEXP_TLS_000JJKSJR).xlsx,Rebates,5058,"TD BLD WEEK 52 ISF 500G HC, 825G-875G TINS, 48CT PODS, 30CT"
yoy,Fcst Inc Cases is not positive,PFG,NA-PATTISON FOOD GROUP,2026,2026,TDHBCAP-12/343,HB CAPPUCCINO 12/454GR,000JHQ57I,Committed,0.0,2026-12-24,2026-12-30,DR 2026 - 2026-10-02 (EXCEXP_TLS_000JJKSJR).xlsx,Rebates,5068,TD BLD WEEK 52 AD 454G FVC
yoy,Fcst Inc Cases is not positive,Pipers,NA-PIPERS DEPARTMENT STORES,2026,2026,TDSSKC-6/12,SS KCOMP 6/12CT,000ITZ9PR,Committed,0.0,2026-04-23,2026-04-30,DR 2026 - 2026-10-02 (EXCEXP_TLS_000JJKSJR).xlsx,Rebates,5079,TD PIPERS April ISF & WK FLYER LS  12ct / 10ct/300g Bag
yoy,Fcst Inc Cases is not positive,Pipers,NA-PIPERS DEPARTMENT STORES,2026,2026,TDSSKC-4/30,SS KCOMP 4/30CT,000ITZOK1,Committed,0.0,2026-06-04,2026-06-10,DR 2026 - 2026-10-02 (EXCEXP_TLS_000JJKSJR).xlsx,Rebates,5085,TD PIPERS 4/30 TPR
yoy,Fcst Inc Cases is not positive,Pipers,NA-PIPERS DEPARTMENT STORES,2026,2026,TDSSKC-6/12,SS KCOMP 6/12CT,000ITZESO,Committed,0.0,2026-09-17,2026-09-23,DR 2026 - 2026-10-02 (EXCEXP_TLS_000JJKSJR).xlsx,Rebates,5091,TD PIPERS September ISF & WK FLYER LS  12ct / 10ct/300g Ba
yoy,Fcst Inc Cases is not positive,Pipers,NA-PIPERS DEPARTMENT STORES,2026,2026,TDSSKC-4/30,SS KCOMP 4/30CT,000ITZCOG,Planned,0.0,2026-12-03,2026-12-09,DR 2026 - 2026-10-02 (EXCEXP_TLS_000JJKSJR).xlsx,Rebates,5104,TD PIPERS 4/30 - R&G 300g FLYER RPC + Lumpsum
yoy,Fcst Inc Cases is not positive,Pratts Wholesale,NA-PRATTS WHSL,2026,2026,TDSSKC-48/12,SS KCOMP 48/12CT,000ITZINT,Closed,0.0,2026-01-01,2026-01-25,DR 2026 - 2026-10-02 (EXCEXP_TLS_000JJKSJR).xlsx,Rebates,5110,TD-PRATTS Jan TPR Tins 30ct Soups 12ct  Bags/12ct TAS Wk 1-5
yoy,Fcst Inc Cases is not positive,Pratts Wholesale,NA-PRATTS WHSL,2026,2026,TDSSKC-48/12,SS KCOMP 48/12CT,000ITYDX6,Closed,0.0,2026-01-01,2026-01-31,DR 2026 - 2026-10-02 (EXCEXP_TLS_000JJKSJR).xlsx,Rebates,5124,"TD - PRATTS Jan Kcup, HC, Granola,display booking"
yoy,Fcst Inc Cases is not positive,Pratts Wholesale,NA-PRATTS WHSL,2026,2026,TDHBHC-12/500,HB HOT CHOCOLATE 12/500GR,000ITYDX6,Closed,0.0,2026-01-01,2026-01-31,DR 2026 - 2026-10-02 (EXCEXP_TLS_000JJKSJR).xlsx,Rebates,5125,"TD - PRATTS Jan Kcup, HC, Granola,display booking"
yoy,Fcst Inc Cases is not positive,Pratts Wholesale,NA-PRATTS WHSL,2026,2026,TDGB-12/5/30,GRANOLA BAR 12/5/30GR,000ITYDX6,Closed,0.0,2026-01-01,2026-01-31,DR 2026 - 2026-10-02 (EXCEXP_TLS_000JJKSJR).xlsx,Rebates,5126,"TD - PRATTS Jan Kcup, HC, Granola,display booking"
yoy,Fcst Inc Cases is not positive,Pratts Wholesale,NA-PRATTS WHSL,2026,2026,6320912137,TDL ORIGINAL HOT CHOC DISPLAY 36/500 GR,000ITZ5DB,Committed,0.0,2026-06-27,2026-07-28,DR 2026 - 2026-10-02 (EXCEXP_TLS_000JJKSJR).xlsx,Rebates,5200,TD - PRATTS Fee July TPR Bags 12ct / Tassimo 27-31
yoy,Fcst Inc Cases is not positive,Pratts Wholesale,NA-PRATTS WHSL,2026,2026,6320917215,TDL GRANOLA BAR BC/DC/SC DISP 56/5 EA,000ITZ5DB,Committed,0.0,2026-06-27,2026-07-28,DR 2026 - 2026-10-02 (EXCEXP_TLS_000JJKSJR).xlsx,Rebates,5201,TD - PRATTS Fee July TPR Bags 12ct / Tassimo 27-31
yoy,Fcst Inc Cases is not positive,Pratts Wholesale,NA-PRATTS WHSL,2026,2026,TDSSTA-5/14,SS TASSIMO 5/14CT,000ITYE3D,Planned,0.0,2026-11-27,2026-12-26,DR 2026 - 2026-10-02 (EXCEXP_TLS_000JJKSJR).xlsx,Rebates,5276,TD-PRATTS DecTPR Tins 30ct Soups /12ct /Inst /Bags/TAS 49-52
yoy,Fcst Inc Cases is not positive,Pratts Wholesale,NA-PRATTS WHSL,2026,2026,TDRGLC-6/930,R&G LARGE CAN 6/930GR,000ITZBM9,Committed,0.0,2026-11-29,2026-12-29,DR 2026 - 2026-10-02 (EXCEXP_TLS_000JJKSJR).xlsx,Rebates,5288,TD - PRATTS Fee Fall Booking
yoy,Fcst Inc Cases is not positive,Walmart,NA-WAL-MART,2026,2026,TDSSKCC-4/24,SS KCOMP CAP 4/24CT,000IVDNHA,Committed,0.0,2026-01-01,2026-01-31,DR 2026 - 2026-10-02 (EXCEXP_TLS_000JJKSJR).xlsx,Rebates,5290,TD WM 30CT LPI2 EDLP
yoy,Fcst Inc Cases is not positive,Walmart,NA-WAL-MART,2026,2026,TDSSKC-4/30,SS KCOMP 4/30CT,000IVDNHA,Committed,0.0,2026-01-01,2026-01-31,DR 2026 - 2026-10-02 (EXCEXP_TLS_000JJKSJR).xlsx,Rebates,5291,TD WM 30CT LPI2 EDLP
yoy,Fcst Inc Cases is not positive,Walmart,NA-WAL-MART,2026,2026,TDRGSB-6/300,R&G SMALL BAG 6/300GR,000J4WDP2,Committed,0.0,2026-02-01,2026-12-31,DR 2026 - 2026-10-02 (EXCEXP_TLS_000JJKSJR).xlsx,Rebates,5297,TD Every Day BDF Baseline Coffee
yoy,Fcst Inc Cases is not positive,Walmart,NA-WAL-MART,2026,2026,TDRGLC-6/930,R&G LARGE CAN 6/930GR,000J4WDP2,Committed,0.0,2026-02-01,2026-12-31,DR 2026 - 2026-10-02 (EXCEXP_TLS_000JJKSJR).xlsx,Rebates,5298,TD Every Day BDF Baseline Coffee
yoy,Fcst Inc Cases is not positive,Walmart,NA-WAL-MART,2026,2026,TDRGLB-6/652,R&G LARGE BAG 6/652GR,000J4WDP2,Committed,0.0,2026-02-01,2026-12-31,DR 2026 - 2026-10-02 (EXCEXP_TLS_000JJKSJR).xlsx,Rebates,5299,TD Every Day BDF Baseline Coffee
yoy,Fcst Inc Cases is not positive,Walmart,NA-WAL-MART,2026,2026,TDRGLB-6/2,R&G LARGE BAG 6/2LB,000J4WDP2,Committed,0.0,2026-02-01,2026-12-31,DR 2026 - 2026-10-02 (EXCEXP_TLS_000JJKSJR).xlsx,Rebates,5300,TD Every Day BDF Baseline Coffee
yoy,Fcst Inc Cases is not positive,Walmart,NA-WAL-MART,2026,2026,TDSSKCC-4/24,SS KCOMP CAP 4/24CT,000J4WDUW,Committed,0.0,2026-02-01,2026-12-31,DR 2026 - 2026-10-02 (EXCEXP_TLS_000JJKSJR).xlsx,Rebates,5302,TD WM 30CT LPI3 EDLP Base
yoy,Fcst Inc Cases is not positive,Walmart,NA-WAL-MART,2026,2026,TDSSKC-4/30,SS KCOMP 4/30CT,000J4WDUW,Committed,0.0,2026-02-01,2026-12-31,DR 2026 - 2026-10-02 (EXCEXP_TLS_000JJKSJR).xlsx,Rebates,5303,TD WM 30CT LPI3 EDLP Base
yoy,Fcst Inc Cases is not positive,Walmart,NA-WAL-MART,2026,2026,TDSHSP-12/540,SOUPS 12/540ML,000IVDMIY,Committed,0.0,2026-02-24,2026-03-24,DR 2026 - 2026-10-02 (EXCEXP_TLS_000JJKSJR).xlsx,Rebates,5311,TD Walmart Soup $2.37 (BDF 0.40/unit)  RUTW
yoy,Fcst Inc Cases is not positive,Walmart,NA-WAL-MART,2026,2026,TDSSKC-4/30,SS KCOMP 4/30CT,000IVDMGK,Committed,0.0,2026-02-26,2026-03-26,DR 2026 - 2026-10-02 (EXCEXP_TLS_000JJKSJR).xlsx,Rebates,5315,TD WM 30 CT KCUP RUTW
yoy,Fcst Inc Cases is not positive,Walmart,NA-WAL-MART,2026,2026,TDRGLC-6/930,R&G LARGE CAN 6/930GR,000IVDMJG,Committed,0.0,2026-04-16,2026-05-13,DR 2026 - 2026-10-02 (EXCEXP_TLS_000JJKSJR).xlsx,Rebates,5323,TD WM 930g WM- April
yoy,Fcst Inc Cases is not positive,Walmart,NA-WAL-MART,2026,2026,TDRGSB-220/300,R&G SMALL BAG 220/300GR,000J0O9FP,Committed,0.0,2026-06-04,2026-07-01,DR 2026 - 2026-10-02 (EXCEXP_TLS_000JJKSJR).xlsx,Rebates,5335,TD WM 300G RG May
yoy,Fcst Inc Cases is not positive,Walmart,NA-WAL-MART,2026,2026,TDSHSP-576/284,SOUPS 576/284ML,000IVDMLJ,Committed,0.0,2026-06-04,2026-07-02,DR 2026 - 2026-10-02 (EXCEXP_TLS_000JJKSJR).xlsx,Rebates,5341,TD WM CONDENSED SOUP WK 22 - WK 25 ROLLBACK
yoy,Fcst Inc Cases is not positive,Walmart,NA-WAL-MART,2026,2026,TDSHSP-24/284,SOUPS 24/284ML,000IVDMLJ,Committed,0.0,2026-06-04,2026-07-02,DR 2026 - 2026-10-02 (EXCEXP_TLS_000JJKSJR).xlsx,Rebates,5342,TD WM CONDENSED SOUP WK 22 - WK 25 ROLLBACK
yoy,Fcst Inc Cases is not positive,Walmart,NA-WAL-MART,2026,2026,TDRGLC-6/930,R&G LARGE CAN 6/930GR,000IVDNFE,Committed,0.0,2026-06-25,2026-07-22,DR 2026 - 2026-10-02 (EXCEXP_TLS_000JJKSJR).xlsx,Rebates,5345,TD WM R&G LgCan 930G June/July
yoy,Fcst Inc Cases is not positive,Walmart,NA-WAL-MART,2026,2026,TDSSKCC-4/24,SS KCOMP CAP 4/24CT,000JBG9EE,Committed,0.0,2026-08-20,2026-09-16,DR 2026 - 2026-10-02 (EXCEXP_TLS_000JJKSJR).xlsx,Rebates,5348,TD WM 30CT Aug/Sept Promo
yoy,Fcst Inc Cases is not positive,Walmart,NA-WAL-MART,2026,2026,TDSSKC-6/12,SS KCOMP 6/12CT,000J9B420,Committed,0.0,2026-09-17,2026-10-15,DR 2026 - 2026-10-02 (EXCEXP_TLS_000JJKSJR).xlsx,Rebates,5354,TD WM 12CT Promo with LTO (Pump.SP 7 Iced) Sept/Oct
yoy,Fcst Inc Cases is not positive,Walmart,NA-WAL-MART,2026,2026,TDSSKC-6/10,SS KCOMP 6/10CT,000J9B420,Committed,0.0,2026-09-17,2026-10-15,DR 2026 - 2026-10-02 (EXCEXP_TLS_000JJKSJR).xlsx,Rebates,5355,TD WM 12CT Promo with LTO (Pump.SP 7 Iced) Sept/Oct
yoy,Fcst Inc Cases is not positive,Walmart,NA-WAL-MART,2026,2026,TDRGLC-6/930,R&G LARGE CAN 6/930GR,000IVDNEY,Committed,0.0,2026-09-24,2026-10-22,DR 2026 - 2026-10-02 (EXCEXP_TLS_000JJKSJR).xlsx,Rebates,5358,TD WM LGE CAN 930GR - WK25 - WK 26 ($2)
yoy,Fcst Inc Cases is not positive,Walmart,NA-WAL-MART,2026,2026,TDSHSP-12/540,SOUPS 12/540ML,000IVDMII,Committed,0.0,2026-10-01,2026-11-30,DR 2026 - 2026-10-02 (EXCEXP_TLS_000JJKSJR).xlsx,Rebates,5361,TD Walmart Soup $2.37 (BDF 0.40/unit) WK 37
yoy,Fcst Inc Cases is not positive,Walmart,NA-WAL-MART,2026,2026,6320923611,TDL CAPPUCCINO FRENCH VANILLA 6/1 KG,000IVDNFQ,Planned,0.0,2026-10-01,2026-10-29,DR 2026 - 2026-10-02 (EXCEXP_TLS_000JJKSJR).xlsx,Rebates,5364,TD WM HC LARGE - WK37-WK40 ($1) NHL
yoy,Fcst Inc Cases is not positive,Walmart,NA-WAL-MART,2026,2026,TDHBHC-6/1.5,HB HOT CHOCOLATE 6/1.5KG,000IVDNFQ,Planned,0.0,2026-10-01,2026-10-29,DR 2026 - 2026-10-02 (EXCEXP_TLS_000JJKSJR).xlsx,Rebates,5365,TD WM HC LARGE - WK37-WK40 ($1) NHL
yoy,Fcst Inc Cases is not positive,Walmart,NA-WAL-MART,2026,2026,6320915513,TDL INSTANT MED/DR/DCF 1/2 DRP 288/100GR,000IVDMGA,Committed,0.0,2026-10-01,2026-11-26,DR 2026 - 2026-10-02 (EXCEXP_TLS_000JJKSJR).xlsx,Rebates,5370,TD WM Instant -Oct/Nov Iced W Syrups
yoy,Fcst Inc Cases is not positive,Walmart,NA-WAL-MART,2026,2026,TDSIC-12/470,SYRUPS 12/470ML,000IVDMGA,Committed,0.0,2026-10-01,2026-11-26,DR 2026 - 2026-10-02 (EXCEXP_TLS_000JJKSJR).xlsx,Rebates,5371,TD WM Instant -Oct/Nov Iced W Syrups
yoy,Fcst Inc Cases is not positive,Walmart,NA-WAL-MART,2026,2026,TDSSKC-6/12,SS KCOMP 6/12CT,000J9B42P,Planned,0.0,2026-10-15,2026-11-26,DR 2026 - 2026-10-02 (EXCEXP_TLS_000JJKSJR).xlsx,Rebates,5379,TD WM 12CT Promo with LTO (Ginger Bread)OCT HALLOW
yoy,Fcst Inc Cases is not positive,Walmart,NA-WAL-MART,2026,2026,TDSSKC-6/10,SS KCOMP 6/10CT,000J9B42P,Planned,0.0,2026-10-15,2026-11-26,DR 2026 - 2026-10-02 (EXCEXP_TLS_000JJKSJR).xlsx,Rebates,5380,TD WM 12CT Promo with LTO (Ginger Bread)OCT HALLOW
yoy,Fcst Inc Cases is not positive,Walmart,NA-WAL-MART,2026,2026,TDRGSB-6/300,R&G SMALL BAG 6/300GR,000J0O9FZ,Planned,0.0,2026-10-22,2026-12-17,DR 2026 - 2026-10-02 (EXCEXP_TLS_000JJKSJR).xlsx,Rebates,5382,TD WM 300G RG Aug
yoy,Fcst Inc Cases is not positive,Walmart,NA-WAL-MART,2026,2026,TDRGSB-220/300,R&G SMALL BAG 220/300GR,000J0O9FZ,Planned,0.0,2026-10-22,2026-12-17,DR 2026 - 2026-10-02 (EXCEXP_TLS_000JJKSJR).xlsx,Rebates,5383,TD WM 300G RG Aug
yoy,Fcst Inc Cases is not positive,Walmart,NA-WAL-MART,2026,2026,6320923611,TDL CAPPUCCINO FRENCH VANILLA 6/1 KG,000IVDNIB,Planned,0.0,2026-10-29,2026-11-26,DR 2026 - 2026-10-02 (EXCEXP_TLS_000JJKSJR).xlsx,Rebates,5388,TD WM HC Large WK45-48 ($1) EXT 2026
yoy,Fcst Inc Cases is not positive,Walmart,NA-WAL-MART,2026,2026,TDHBHC-6/1.5,HB HOT CHOCOLATE 6/1.5KG,000IVDNIB,Planned,0.0,2026-10-29,2026-11-26,DR 2026 - 2026-10-02 (EXCEXP_TLS_000JJKSJR).xlsx,Rebates,5389,TD WM HC Large WK45-48 ($1) EXT 2026
yoy,Fcst Inc Cases is not positive,Walmart,NA-WAL-MART,2026,2026,6320920264,TDL CANDY CANE HOT CHOCOLATE 12/450 GR,000IVDNEP,Planned,0.0,2026-11-26,2026-12-24,DR 2026 - 2026-10-02 (EXCEXP_TLS_000JJKSJR).xlsx,Rebates,5399,TD WM W HC 500g (0.41) With CANDY CANE
yoy,Fcst Inc Cases is not positive,Walmart,NA-WAL-MART,2026,2026,TDRGLC-6/930,R&G LARGE CAN 6/930GR,000IVDMI2,Planned,0.0,2026-12-17,2026-12-30,DR 2026 - 2026-10-02 (EXCEXP_TLS_000JJKSJR).xlsx,Rebates,5405,TD WM LGE CAN 930GR - December
yoy,Fcst Inc Cases is not positive,Walmart,NA-WAL-MART,2026,2026,TDSSKCC-4/24,SS KCOMP CAP 4/24CT,000IVDNGN,Planned,0.0,2026-12-03,2026-12-31,DR 2026 - 2026-10-02 (EXCEXP_TLS_000JJKSJR).xlsx,Rebates,5408,TD WM 30CT WK45-46($2.94)
yoy,Fcst Inc Cases is not positive,Walmart,NA-WAL-MART,2026,2026,TDIC-12/100,INSTANT COFFEE 12/100GR,000JEP7ZL,Planned,0.0,2026-12-01,2026-12-30,DR 2026 - 2026-10-02 (EXCEXP_TLS_000JJKSJR).xlsx,Rebates,5411,TD WM Instant Trade Block Opp Regional Activation
yoy,Fcst Inc Cases is not positive,Walmart,NA-WAL-MART,2026,2026,TDSSKC-4/30,SS KCOMP 4/30CT,000JGFA6I,Planned,0.0,2026-12-01,2026-12-30,DR 2026 - 2026-10-02 (EXCEXP_TLS_000JJKSJR).xlsx,Rebates,5413,TD WM 30Ct Trade Block Incr Activity
yoy,Fcst Inc Cases is not positive,Walmart,NA-WAL-MART,2026,2026,TDSHSP-576/284,SOUPS 576/284ML,000IVDMM2,Planned,0.0,2026-12-17,2026-12-31,DR 2026 - 2026-10-02 (EXCEXP_TLS_000JJKSJR).xlsx,Rebates,5415,TD WM CONDENSED SOUP WK 43 - WK 46 ROLLBACK
yoy,Fcst Inc Cases is not positive,Walmart,NA-WAL-MART,2026,2026,TDSHSP-24/284,SOUPS 24/284ML,000IVDMM2,Planned,0.0,2026-12-17,2026-12-31,DR 2026 - 2026-10-02 (EXCEXP_TLS_000JJKSJR).xlsx,Rebates,5416,TD WM CONDENSED SOUP WK 43 - WK 46 ROLLBACK
yoy,Fcst Inc Cases is not positive,Western Wholesale,NA-WESTERN WHSL,2026,2026,TDSSKC-4/30,SS KCOMP 4/30CT,000ITZ9K4,Committed,0.0,2026-03-05,2026-03-11,DR 2026 - 2026-10-02 (EXCEXP_TLS_000JJKSJR).xlsx,Rebates,5430,TD WW Kcups 30ct Flyer - RUTW Feature
yoy,Fcst Inc Cases is not positive,Western Wholesale,NA-WESTERN WHSL,2026,2026,TDSSKC-6/12,SS KCOMP 6/12CT,000ITZR0L,Committed,0.0,2026-03-12,2026-03-18,DR 2026 - 2026-10-02 (EXCEXP_TLS_000JJKSJR).xlsx,Rebates,5435,TD WW  KCUPS 6/12CT 10CT / 300g - RUTW Feature
yoy,Fcst Inc Cases is not positive,Western Wholesale,NA-WESTERN WHSL,2026,2026,TDSSKC-6/12,SS KCOMP 6/12CT,000ITZPJO,Closed,0.0,2026-04-16,2026-05-07,DR 2026 - 2026-10-02 (EXCEXP_TLS_000JJKSJR).xlsx,Rebates,5452,TD Colemans 2026 Community Champions Program Apr-May - SS
yoy,Fcst Inc Cases is not positive,Western Wholesale,NA-WESTERN WHSL,2026,2026,TDSSKC-6/12,SS KCOMP 6/12CT,000ITZFUY,Closed,0.0,2026-05-21,2026-05-27,DR 2026 - 2026-10-02 (EXCEXP_TLS_000JJKSJR).xlsx,Rebates,5455,"TD WW CHILI, SOUP, KCUPS 6/12CT 10CT, 300g RPC"
yoy,Fcst Inc Cases is not positive,Western Wholesale,NA-WESTERN WHSL,2026,2026,TDSSKC-4/30,SS KCOMP 4/30CT,000ITZ3KE,Committed,0.0,2026-09-03,2026-09-09,DR 2026 - 2026-10-02 (EXCEXP_TLS_000JJKSJR).xlsx,Rebates,5485,"TD WW Half Page Ad Tins 875-825g/12ct,10ct/30ct"
yoy,Fcst Inc Cases is not positive,Western Wholesale,NA-WESTERN WHSL,2026,2026,TDSSKC-4/30,SS KCOMP 4/30CT,000ITZ4S0,Planned,0.0,2026-12-10,2026-12-16,DR 2026 - 2026-10-02 (EXCEXP_TLS_000JJKSJR).xlsx,Rebates,5515,"TD WW K Comp 4/30ct , Ad Fee"
