comparison_key,reason,banner,market,year,period,product_id,product,promo_id,promo_status,forecast_incremental_cases,execution_start,execution_end,source_workbook,source_sheet,source_row,description
mom,Fcst Inc Cases is not positive,Costco,CG-COSTCO EAST,2026,September,6320908885,TDL ORIGINAL BLEND 252/3 LB,000ITPJOP,Committed,0.0,2026-01-01,2026-12-30,DR 2026 - 2026-08-28 (EXCEXP_TLS_000JHWRH0).xlsx,Rebates,7,TD Costco East Pulsed 3LB Can Endcap-see notes for contracts
mom,Fcst Inc Cases is not positive,Costco,CG-COSTCO WEST,2026,September,6320908885,TDL ORIGINAL BLEND 252/3 LB,000ITPJO2,Committed,0.0,2026-01-01,2026-12-30,DR 2026 - 2026-08-28 (EXCEXP_TLS_000JHWRH0).xlsx,Rebates,9,TD Costco West Pulsed 3LB Can Endcap-see notes for contracts
mom,Fcst Inc Cases is not positive,SDM,CG-SDM,2026,September,TDSSKC-6/10,SS KCOMP 6/10CT,000IOS347,Committed,0.0,2026-02-28,2026-03-06,DR 2026 - 2026-08-28 (EXCEXP_TLS_000JHWRH0).xlsx,Rebates,73,TD SDM WK 9 Kcups 10/12ct ISF
mom,Fcst Inc Cases is not positive,SDM,CG-SDM,2026,September,TDSSKC-6/10,SS KCOMP 6/10CT,000IYNUSU,Committed,0.0,2026-03-14,2026-03-20,DR 2026 - 2026-08-28 (EXCEXP_TLS_000JHWRH0).xlsx,Rebates,89,TD SDM WK 11 Kcups 10/12ct ISF
mom,Fcst Inc Cases is not positive,SDM,CG-SDM,2026,September,TDSSKC-6/10,SS KCOMP 6/10CT,000J0SSEL,Committed,0.0,2026-03-28,2026-04-03,DR 2026 - 2026-08-28 (EXCEXP_TLS_000JHWRH0).xlsx,Rebates,105,TD SDM WK 13 Kcups 10/12ct ISF
mom,Fcst Inc Cases is not positive,SDM,CG-SDM,2026,September,TDSSKC-6/10,SS KCOMP 6/10CT,000J6O4SW,Committed,0.0,2026-05-23,2026-05-29,DR 2026 - 2026-08-28 (EXCEXP_TLS_000JHWRH0).xlsx,Rebates,148,TD SDM Wk 21 Kcups 10/12Ct ISF
mom,Fcst Inc Cases is not positive,SDM,CG-SDM,2026,September,TDSSKC-6/10,SS KCOMP 6/10CT,000J7O6OG,Committed,0.0,2026-06-06,2026-06-12,DR 2026 - 2026-08-28 (EXCEXP_TLS_000JHWRH0).xlsx,Rebates,160,TD SDM Wk 23 Kcups 10/12Ct ISF
mom,Fcst Inc Cases is not positive,SDM,CG-SDM,2026,September,TDSSKC-6/10,SS KCOMP 6/10CT,000J9FJYU,Committed,0.0,2026-06-20,2026-06-26,DR 2026 - 2026-08-28 (EXCEXP_TLS_000JHWRH0).xlsx,Rebates,169,TD SDM Wk 25 Kcups 10/12Ct ISF
mom,Fcst Inc Cases is not positive,SDM,CG-SDM,2026,September,TDSSKC-6/10,SS KCOMP 6/10CT,000JB0EIE,Committed,0.0,2026-07-04,2026-07-10,DR 2026 - 2026-08-28 (EXCEXP_TLS_000JHWRH0).xlsx,Rebates,180,TD SDM Wk 27 Kcups 10/12Ct ISF
mom,Fcst Inc Cases is not positive,SDM,CG-SDM,2026,September,TDSSKC-6/10,SS KCOMP 6/10CT,000JCHLH4,Committed,0.0,2026-07-18,2026-07-24,DR 2026 - 2026-08-28 (EXCEXP_TLS_000JHWRH0).xlsx,Rebates,187,TD SDM Wk 27 Kcups 10/12Ct ISF
mom,Fcst Inc Cases is not positive,Sobeys Quebec,CG-SOBEY'S QUEBEC,2026,September,TDSHSP-24/284,SOUPS 24/284ML,000IQ3QUT,Committed,0.0,2026-01-01,2026-01-28,DR 2026 - 2026-08-28 (EXCEXP_TLS_000JHWRH0).xlsx,Rebates,250,TD IGA AD  Jan 22-28  Soups 284ml
mom,Fcst Inc Cases is not positive,Sobeys Quebec,CG-SOBEY'S QUEBEC,2026,September,TDL,TDL CAN,000ITIX4J,Committed,0.0,2026-02-05,2026-02-11,DR 2026 - 2026-08-28 (EXCEXP_TLS_000JHWRH0).xlsx,Rebates,274,TD IGA  Flap Up Beverage AD 5 to 11 feb   HC Event Breakfast
mom,Fcst Inc Cases is not positive,Sobeys Quebec,CG-SOBEY'S QUEBEC,2026,September,6320912133,TDL ORG/DR KCUP DISPLAY 48/12 CT,000ITIV0R,Closed,0.0,2026-02-19,2026-02-25,DR 2026 - 2026-08-28 (EXCEXP_TLS_000JHWRH0).xlsx,Rebates,304,TD IGA AD & Booking Feb 19-25   300g Bags-Buying show price
mom,Fcst Inc Cases is not positive,Sobeys Quebec,CG-SOBEY'S QUEBEC,2026,September,TDL,TDL CAN,000J34387,Closed,0.0,2026-02-19,2026-04-08,DR 2026 - 2026-08-28 (EXCEXP_TLS_000JHWRH0).xlsx,Rebates,318,TD IGA Side Panel for Promo Feb 19-April 8
mom,Fcst Inc Cases is not positive,Sobeys Quebec,CG-SOBEY'S QUEBEC,2026,September,TDL,TDL CAN,000J5H5H4,Closed,0.0,2026-03-19,2026-03-25,DR 2026 - 2026-08-28 (EXCEXP_TLS_000JHWRH0).xlsx,Rebates,328,TD IGA AD  Mar 19-25  Scene points (price increase Agreement
mom,Fcst Inc Cases is not positive,Sobeys Quebec,CG-SOBEY'S QUEBEC,2026,September,TDL,TDL CAN,000J7SVIL,Closed,0.0,2026-04-09,2026-05-13,DR 2026 - 2026-08-28 (EXCEXP_TLS_000JHWRH0).xlsx,Rebates,366,TD IGA Side Panel for Promo April 9- May 13 Kcup 12
mom,Fcst Inc Cases is not positive,Sobeys Quebec,CG-SOBEY'S QUEBEC,2026,September,TDL,TDL CAN,000J5H5HE,Committed,0.0,2026-04-16,2026-04-22,DR 2026 - 2026-08-28 (EXCEXP_TLS_000JHWRH0).xlsx,Rebates,373,TD IGA AD  April 16-22 Scene points(price increase Agreement
mom,Fcst Inc Cases is not positive,Sobeys Quebec,CG-SOBEY'S QUEBEC,2026,September,TDL,TDL CAN,000ITIUBV,Closed,0.0,2026-05-01,2026-05-30,DR 2026 - 2026-08-28 (EXCEXP_TLS_000JHWRH0).xlsx,Rebates,394,TD SBYQ  Flap Up Beverage AD MAP WE March 5
mom,Fcst Inc Cases is not positive,Sobeys Quebec,CG-SOBEY'S QUEBEC,2026,September,TDL,TDL CAN,000ITIY69,Committed,0.0,2026-05-14,2026-07-08,DR 2026 - 2026-08-28 (EXCEXP_TLS_000JHWRH0).xlsx,Rebates,423,TD IGA Side Panel  2026 Promo May 14-July 8 300g  Org $29K
mom,Fcst Inc Cases is not positive,Sobeys Quebec,CG-SOBEY'S QUEBEC,2026,September,TDSSKC-6/10,SS KCOMP 6/10CT,000J8X0UQ,Committed,0.0,2026-06-04,2026-06-10,DR 2026 - 2026-08-28 (EXCEXP_TLS_000JHWRH0).xlsx,Rebates,458,TD Bonichoix BP June 4-10   12ct
mom,Fcst Inc Cases is not positive,Sobeys Quebec,CG-SOBEY'S QUEBEC,2026,September,TDL,TDL CAN,000ITIV2V,Committed,0.0,2026-07-09,2026-07-15,DR 2026 - 2026-08-28 (EXCEXP_TLS_000JHWRH0).xlsx,Rebates,515,TD IGA AD July 9-15  HC 10ct 12ct - Scene Points (price incr
mom,Fcst Inc Cases is not positive,Sobeys Quebec,CG-SOBEY'S QUEBEC,2026,September,TDSHSP-24/284,SOUPS 24/284ML,000ITIW24,Committed,0.0,2026-07-09,2026-08-26,DR 2026 - 2026-08-28 (EXCEXP_TLS_000JHWRH0).xlsx,Rebates,529,TD IGA EDLP July 9-Aug 26   Hot Bowls
mom,Fcst Inc Cases is not positive,Sobeys Quebec,CG-SOBEY'S QUEBEC,2026,September,TDL,TDL CAN,000ITISDH,Committed,0.0,2026-07-23,2026-07-29,DR 2026 - 2026-08-28 (EXCEXP_TLS_000JHWRH0).xlsx,Rebates,544,TD IGA AD  July 23-29  300gr Bags ( Scene points price incre
mom,Fcst Inc Cases is not positive,Sobeys Quebec,CG-SOBEY'S QUEBEC,2026,September,6320923343,TDL KCUP PUMPKIN SPICE SS 6/12 CT,000ITISJZ,Committed,0.0,2026-08-20,2026-08-26,DR 2026 - 2026-08-28 (EXCEXP_TLS_000JHWRH0).xlsx,Rebates,576,TD IGA AD & Booking  Aug 20-26   HC-10ct 12ct
mom,Fcst Inc Cases is not positive,Sobeys Quebec,CG-SOBEY'S QUEBEC,2026,September,TDL,TDL CAN,000ITIVN0,Planned,0.0,2026-11-12,2026-11-18,DR 2026 - 2026-08-28 (EXCEXP_TLS_000JHWRH0).xlsx,Rebates,760,TD IGA AD Nov 12-18    TIN  Scene points (price increase Agr
mom,Fcst Inc Cases is not positive,Sobeys Quebec,CG-SOBEY'S QUEBEC,2026,September,TDL,TDL CAN,000IW11HO,Planned,0.0,2026-11-19,2026-11-25,DR 2026 - 2026-08-28 (EXCEXP_TLS_000JHWRH0).xlsx,Rebates,784,TD IGA  AD Nov 19-25   30ct Plus 100 Scene points per unit
mom,Fcst Inc Cases is not positive,Sobeys Quebec,CG-SOBEY'S QUEBEC,2026,September,6320925372,TDL KCUP GINGERBREAD 6/12 CT,000ITISEH,Planned,0.0,2026-11-26,2026-12-02,DR 2026 - 2026-08-28 (EXCEXP_TLS_000JHWRH0).xlsx,Rebates,795,TD IGA AD & Booking  Nov 26-Dec 2  HC-10ct 12ct
mom,Fcst Inc Cases is not positive,Sobeys ROC,CG-SOBEY'S ROC,2026,September,TDRGSB-6/300,R&G SMALL BAG 6/300GR,000ISEXVR,Committed,0.0,2026-01-01,2026-01-14,DR 2026 - 2026-08-28 (EXCEXP_TLS_000JHWRH0).xlsx,Rebates,866,TD Freshco TH 300gm + Nespresso + FVC instore - PART 2
mom,Fcst Inc Cases is not positive,Sobeys ROC,CG-SOBEY'S ROC,2026,September,TDHBHC-36/500,HB HOT CHOCOLATE 36/500GR,000ISEXVR,Committed,0.0,2026-01-01,2026-01-14,DR 2026 - 2026-08-28 (EXCEXP_TLS_000JHWRH0).xlsx,Rebates,868,TD Freshco TH 300gm + Nespresso + FVC instore - PART 2
mom,Fcst Inc Cases is not positive,Sobeys ROC,CG-SOBEY'S ROC,2026,September,TDHBHC-12/500,HB HOT CHOCOLATE 12/500GR,000ISEXVR,Committed,0.0,2026-01-01,2026-01-14,DR 2026 - 2026-08-28 (EXCEXP_TLS_000JHWRH0).xlsx,Rebates,869,TD Freshco TH 300gm + Nespresso + FVC instore - PART 2
mom,Fcst Inc Cases is not positive,Sobeys ROC,CG-SOBEY'S ROC,2026,September,TDHBHC-12/450,HB HOT CHOCOLATE 12/450GR,000ISEXVR,Committed,0.0,2026-01-01,2026-01-14,DR 2026 - 2026-08-28 (EXCEXP_TLS_000JHWRH0).xlsx,Rebates,870,TD Freshco TH 300gm + Nespresso + FVC instore - PART 2
mom,Fcst Inc Cases is not positive,Sobeys ROC,CG-SOBEY'S ROC,2026,September,TDHBCAP-12/343,HB CAPPUCCINO 12/454GR,000ISEXVR,Committed,0.0,2026-01-01,2026-01-14,DR 2026 - 2026-08-28 (EXCEXP_TLS_000JHWRH0).xlsx,Rebates,871,TD Freshco TH 300gm + Nespresso + FVC instore - PART 2
mom,Fcst Inc Cases is not positive,Sobeys ROC,CG-SOBEY'S ROC,2026,September,TDRGSB-6/300,R&G SMALL BAG 6/300GR,000ISEW8Z,Committed,0.0,2026-01-01,2026-01-14,DR 2026 - 2026-08-28 (EXCEXP_TLS_000JHWRH0).xlsx,Rebates,879,TD Freshco NOV EVENT part 2
mom,Fcst Inc Cases is not positive,Sobeys ROC,CG-SOBEY'S ROC,2026,September,TDRGLB-6/652,R&G LARGE BAG 6/652GR,000HMCXGV,Committed,0.0,2026-01-01,2026-02-11,DR 2026 - 2026-08-28 (EXCEXP_TLS_000JHWRH0).xlsx,Rebates,891,TD Sobeys C8F25 Roast & Ground - Part 2
mom,Fcst Inc Cases is not positive,Sobeys ROC,CG-SOBEY'S ROC,2026,September,TDHBHC-36/500,HB HOT CHOCOLATE 36/500GR,000ISF2ZB,Committed,0.0,2026-01-15,2026-03-11,DR 2026 - 2026-08-28 (EXCEXP_TLS_000JHWRH0).xlsx,Rebates,900,TD Freshco Hot Chocolate
mom,Fcst Inc Cases is not positive,Sobeys ROC,CG-SOBEY'S ROC,2026,September,6320909463,TDL COFFEE FINE GRIND HALF DRP 126/930GR,000ISEWBL,Committed,0.0,2026-01-01,2026-12-31,DR 2026 - 2026-08-28 (EXCEXP_TLS_000JHWRH0).xlsx,Rebates,912,TD Sobeys ROC On-going DISPLAY ALLOWANCE
mom,Fcst Inc Cases is not positive,Sobeys ROC,CG-SOBEY'S ROC,2026,September,TDSSKC-48/12,SS KCOMP 48/12CT,000ISEWBL,Committed,0.0,2026-01-01,2026-12-31,DR 2026 - 2026-08-28 (EXCEXP_TLS_000JHWRH0).xlsx,Rebates,913,TD Sobeys ROC On-going DISPLAY ALLOWANCE
mom,Fcst Inc Cases is not positive,Sobeys ROC,CG-SOBEY'S ROC,2026,September,TDSSKC-16/30,SS KCOMP 16/30CT,000ISEWBL,Committed,0.0,2026-01-01,2026-12-31,DR 2026 - 2026-08-28 (EXCEXP_TLS_000JHWRH0).xlsx,Rebates,914,TD Sobeys ROC On-going DISPLAY ALLOWANCE
mom,Fcst Inc Cases is not positive,Sobeys ROC,CG-SOBEY'S ROC,2026,September,TDSSKC-145/30,SS KCOMP 145/30CT,000ISEWBL,Committed,0.0,2026-01-01,2026-12-31,DR 2026 - 2026-08-28 (EXCEXP_TLS_000JHWRH0).xlsx,Rebates,915,TD Sobeys ROC On-going DISPLAY ALLOWANCE
mom,Fcst Inc Cases is not positive,Sobeys ROC,CG-SOBEY'S ROC,2026,September,TDSHSP-192/540,SOUPS 192/540ML,000ISEWBL,Committed,0.0,2026-01-01,2026-12-31,DR 2026 - 2026-08-28 (EXCEXP_TLS_000JHWRH0).xlsx,Rebates,916,TD Sobeys ROC On-going DISPLAY ALLOWANCE
mom,Fcst Inc Cases is not positive,Sobeys ROC,CG-SOBEY'S ROC,2026,September,TDRGSB-48/300,R&G SMALL BAG 48/300GR,000ISEWBL,Committed,0.0,2026-01-01,2026-12-31,DR 2026 - 2026-08-28 (EXCEXP_TLS_000JHWRH0).xlsx,Rebates,917,TD Sobeys ROC On-going DISPLAY ALLOWANCE
mom,Fcst Inc Cases is not positive,Sobeys ROC,CG-SOBEY'S ROC,2026,September,TDRGLC-126/930,R&G LARGE CAN 126/930GR,000ISEWBL,Committed,0.0,2026-01-01,2026-12-31,DR 2026 - 2026-08-28 (EXCEXP_TLS_000JHWRH0).xlsx,Rebates,918,TD Sobeys ROC On-going DISPLAY ALLOWANCE
mom,Fcst Inc Cases is not positive,Sobeys ROC,CG-SOBEY'S ROC,2026,September,TDRGLC-126/930,R&G LARGE CAN 126/930GR,000ISEWBL,Committed,0.0,2026-01-01,2026-12-31,DR 2026 - 2026-08-28 (EXCEXP_TLS_000JHWRH0).xlsx,Rebates,919,TD Sobeys ROC On-going DISPLAY ALLOWANCE
mom,Fcst Inc Cases is not positive,Sobeys ROC,CG-SOBEY'S ROC,2026,September,TDNC-32/10,NCOMP 32/10CT,000ISEWBL,Committed,0.0,2026-01-01,2026-12-31,DR 2026 - 2026-08-28 (EXCEXP_TLS_000JHWRH0).xlsx,Rebates,920,TD Sobeys ROC On-going DISPLAY ALLOWANCE
mom,Fcst Inc Cases is not positive,Sobeys ROC,CG-SOBEY'S ROC,2026,September,TDIC-60/100,INSTANT COFFEE 60/100GR,000ISEWBL,Committed,0.0,2026-01-01,2026-12-31,DR 2026 - 2026-08-28 (EXCEXP_TLS_000JHWRH0).xlsx,Rebates,921,TD Sobeys ROC On-going DISPLAY ALLOWANCE
mom,Fcst Inc Cases is not positive,Sobeys ROC,CG-SOBEY'S ROC,2026,September,TDIC-36/100,INSTANT COFFEE 36/100GR,000ISEWBL,Committed,0.0,2026-01-01,2026-12-31,DR 2026 - 2026-08-28 (EXCEXP_TLS_000JHWRH0).xlsx,Rebates,922,TD Sobeys ROC On-going DISPLAY ALLOWANCE
mom,Fcst Inc Cases is not positive,Sobeys ROC,CG-SOBEY'S ROC,2026,September,TDIC-288/100,INSTANT COFFEE 288/100GR,000ISEWBL,Committed,0.0,2026-01-01,2026-12-31,DR 2026 - 2026-08-28 (EXCEXP_TLS_000JHWRH0).xlsx,Rebates,923,TD Sobeys ROC On-going DISPLAY ALLOWANCE
mom,Fcst Inc Cases is not positive,Sobeys ROC,CG-SOBEY'S ROC,2026,September,TDHBMX-48/10,HB MIX DISPLAYER 48/10EA,000ISEWBL,Committed,0.0,2026-01-01,2026-12-31,DR 2026 - 2026-08-28 (EXCEXP_TLS_000JHWRH0).xlsx,Rebates,924,TD Sobeys ROC On-going DISPLAY ALLOWANCE
mom,Fcst Inc Cases is not positive,Sobeys ROC,CG-SOBEY'S ROC,2026,September,TDHBMX-36/1,HB MIX DISPLAYER 36/1EA,000ISEWBL,Committed,0.0,2026-01-01,2026-12-31,DR 2026 - 2026-08-28 (EXCEXP_TLS_000JHWRH0).xlsx,Rebates,925,TD Sobeys ROC On-going DISPLAY ALLOWANCE
mom,Fcst Inc Cases is not positive,Sobeys ROC,CG-SOBEY'S ROC,2026,September,TDHBHC-36/500,HB HOT CHOCOLATE 36/500GR,000ISEWBL,Committed,0.0,2026-01-01,2026-12-31,DR 2026 - 2026-08-28 (EXCEXP_TLS_000JHWRH0).xlsx,Rebates,926,TD Sobeys ROC On-going DISPLAY ALLOWANCE
mom,Fcst Inc Cases is not positive,Sobeys ROC,CG-SOBEY'S ROC,2026,September,TDSSKC-6/12,SS KCOMP 6/12CT,000ISF5RE,Committed,0.0,2026-01-22,2026-01-28,DR 2026 - 2026-08-28 (EXCEXP_TLS_000JHWRH0).xlsx,Rebates,930,TD Wholesale P2 12ct & 300g Bags
mom,Fcst Inc Cases is not positive,Sobeys ROC,CG-SOBEY'S ROC,2026,September,TDRGSB-6/300,R&G SMALL BAG 6/300GR,000ISF5RE,Committed,0.0,2026-01-22,2026-01-28,DR 2026 - 2026-08-28 (EXCEXP_TLS_000JHWRH0).xlsx,Rebates,932,TD Wholesale P2 12ct & 300g Bags
mom,Fcst Inc Cases is not positive,Sobeys ROC,CG-SOBEY'S ROC,2026,September,TDDCR-6/750,CREAMER 6/750ML,000ISEYZX,Committed,0.0,2026-01-29,2026-02-04,DR 2026 - 2026-08-28 (EXCEXP_TLS_000JHWRH0).xlsx,Rebates,934,TD Wholesale  Creamers 750ml
mom,Fcst Inc Cases is not positive,Sobeys ROC,CG-SOBEY'S ROC,2026,September,TDSHSP-24/284,SOUPS 24/284ML,000ISF05N,Committed,0.0,2026-01-29,2026-02-04,DR 2026 - 2026-08-28 (EXCEXP_TLS_000JHWRH0).xlsx,Rebates,936,TD Sobeys C8 F26 Condensed Ad - Community
mom,Fcst Inc Cases is not positive,Sobeys ROC,CG-SOBEY'S ROC,2026,September,TDRGSB-6/300,R&G SMALL BAG 6/300GR,000ISEZHL,Committed,0.0,2026-02-12,2026-02-18,DR 2026 - 2026-08-28 (EXCEXP_TLS_000JHWRH0).xlsx,Rebates,938,TD Wholesale 300g Bags
mom,Fcst Inc Cases is not positive,Sobeys ROC,CG-SOBEY'S ROC,2026,September,TDSHSP-12/540,SOUPS 12/540ML,000ISF1WF,Committed,0.0,2026-02-12,2026-03-18,DR 2026 - 2026-08-28 (EXCEXP_TLS_000JHWRH0).xlsx,Rebates,942,TD Wholesale Soup & Chili
mom,Fcst Inc Cases is not positive,Sobeys ROC,CG-SOBEY'S ROC,2026,September,TDSHHB-12/425,HOT BOWLS 12/425GR,000ISF1WF,Committed,0.0,2026-02-12,2026-03-18,DR 2026 - 2026-08-28 (EXCEXP_TLS_000JHWRH0).xlsx,Rebates,943,TD Wholesale Soup & Chili
mom,Fcst Inc Cases is not positive,Sobeys ROC,CG-SOBEY'S ROC,2026,September,TDDCR-6/750,CREAMER 6/750ML,000ISEU2S,Committed,0.0,2026-02-12,2026-03-18,DR 2026 - 2026-08-28 (EXCEXP_TLS_000JHWRH0).xlsx,Rebates,951,TD Wholesale TH Creamers 750ml
mom,Fcst Inc Cases is not positive,Sobeys ROC,CG-SOBEY'S ROC,2026,September,TDHBHC-3/20,HB HOT CHOCOLATE 3/20CT,000ISF5U5,Committed,0.0,2026-02-12,2026-03-18,DR 2026 - 2026-08-28 (EXCEXP_TLS_000JHWRH0).xlsx,Rebates,960,TD Sobeys C9F25 Hot Beverage
mom,Fcst Inc Cases is not positive,Sobeys ROC,CG-SOBEY'S ROC,2026,September,TDNC-32/10,NCOMP 32/10CT,000ISF32H,Committed,0.0,2026-02-12,2026-03-18,DR 2026 - 2026-08-28 (EXCEXP_TLS_000JHWRH0).xlsx,Rebates,978,TD Sobeys C9F25 Instant Nespresso Tea + AD
mom,Fcst Inc Cases is not positive,Sobeys ROC,CG-SOBEY'S ROC,2026,September,TDIC-6/300,INSTANT COFFEE 6/300GR,000ISF32H,Committed,0.0,2026-02-12,2026-03-18,DR 2026 - 2026-08-28 (EXCEXP_TLS_000JHWRH0).xlsx,Rebates,981,TD Sobeys C9F25 Instant Nespresso Tea + AD
mom,Fcst Inc Cases is not positive,Sobeys ROC,CG-SOBEY'S ROC,2026,September,TDIC-36/100,INSTANT COFFEE 36/100GR,000ISF32H,Committed,0.0,2026-02-12,2026-03-18,DR 2026 - 2026-08-28 (EXCEXP_TLS_000JHWRH0).xlsx,Rebates,983,TD Sobeys C9F25 Instant Nespresso Tea + AD
mom,Fcst Inc Cases is not positive,Sobeys ROC,CG-SOBEY'S ROC,2026,September,TDTB-6/20,TEA BAG 6/20CT,000ISF30R,Committed,0.0,2026-02-12,2026-03-18,DR 2026 - 2026-08-28 (EXCEXP_TLS_000JHWRH0).xlsx,Rebates,987,TD Sobeys C9F25 Single Serve
mom,Fcst Inc Cases is not positive,Sobeys ROC,CG-SOBEY'S ROC,2026,September,6320918750,TDL ORG KCUP DISPLAY 16/30 CT,000ISF30R,Committed,0.0,2026-02-12,2026-03-18,DR 2026 - 2026-08-28 (EXCEXP_TLS_000JHWRH0).xlsx,Rebates,989,TD Sobeys C9F25 Single Serve
mom,Fcst Inc Cases is not positive,Sobeys ROC,CG-SOBEY'S ROC,2026,September,TDL,TDL CAN,000J3T3HP,Committed,0.0,2026-02-19,2026-03-25,DR 2026 - 2026-08-28 (EXCEXP_TLS_000JHWRH0).xlsx,Rebates,997,TD Sobeys C9F25 Regular Ad Fee Lumpsum
mom,Fcst Inc Cases is not positive,Sobeys ROC,CG-SOBEY'S ROC,2026,September,TDL,TDL CAN,000J3T3HK,Committed,0.0,2026-02-19,2026-03-25,DR 2026 - 2026-08-28 (EXCEXP_TLS_000JHWRH0).xlsx,Rebates,999,TD Sobeys C9F25 Gold Tribute Coffee Lumpsum
mom,Fcst Inc Cases is not positive,Sobeys ROC,CG-SOBEY'S ROC,2026,September,TDRGSB-6/300,R&G SMALL BAG 6/300GR,000ISF5SL,Committed,0.0,2026-02-26,2026-03-04,DR 2026 - 2026-08-28 (EXCEXP_TLS_000JHWRH0).xlsx,Rebates,1001,TD Freshco Feb-March 300gm
mom,Fcst Inc Cases is not positive,Sobeys ROC,CG-SOBEY'S ROC,2026,September,TDSSKCC-4/24,SS KCOMP CAP 4/24CT,000ISF6T2,Committed,0.0,2026-03-05,2026-03-11,DR 2026 - 2026-08-28 (EXCEXP_TLS_000JHWRH0).xlsx,Rebates,1003,TD Wholesale P4 LG Tin & 30ct
mom,Fcst Inc Cases is not positive,Sobeys ROC,CG-SOBEY'S ROC,2026,September,TDRGLB-6/2,R&G LARGE BAG 6/2LB,000ISF6T2,Committed,0.0,2026-03-05,2026-03-11,DR 2026 - 2026-08-28 (EXCEXP_TLS_000JHWRH0).xlsx,Rebates,1006,TD Wholesale P4 LG Tin & 30ct
mom,Fcst Inc Cases is not positive,Sobeys ROC,CG-SOBEY'S ROC,2026,September,6320913827,TDL CN/COB/CR SOUP 1/2 DRP 192/540 ML,000ISF061,Committed,0.0,2026-03-19,2026-03-25,DR 2026 - 2026-08-28 (EXCEXP_TLS_000JHWRH0).xlsx,Rebates,1010,TD Sobeys C9F25 Soup
mom,Fcst Inc Cases is not positive,Sobeys ROC,CG-SOBEY'S ROC,2026,September,TDSHSP-192/540,SOUPS 192/540ML,000ISF061,Committed,0.0,2026-03-19,2026-03-25,DR 2026 - 2026-08-28 (EXCEXP_TLS_000JHWRH0).xlsx,Rebates,1011,TD Sobeys C9F25 Soup
mom,Fcst Inc Cases is not positive,Sobeys ROC,CG-SOBEY'S ROC,2026,September,TDSHSP-12/540,SOUPS 12/540ML,000ISF061,Committed,0.0,2026-03-19,2026-03-25,DR 2026 - 2026-08-28 (EXCEXP_TLS_000JHWRH0).xlsx,Rebates,1012,TD Sobeys C9F25 Soup
mom,Fcst Inc Cases is not positive,Sobeys ROC,CG-SOBEY'S ROC,2026,September,TDSHSP-12/540,SOUPS 12/540ML,000ISF061,Committed,0.0,2026-03-19,2026-03-25,DR 2026 - 2026-08-28 (EXCEXP_TLS_000JHWRH0).xlsx,Rebates,1013,TD Sobeys C9F25 Soup
mom,Fcst Inc Cases is not positive,Sobeys ROC,CG-SOBEY'S ROC,2026,September,TDSHSP-12/400,SOUPS 12/400ML,000ISF061,Committed,0.0,2026-03-19,2026-03-25,DR 2026 - 2026-08-28 (EXCEXP_TLS_000JHWRH0).xlsx,Rebates,1014,TD Sobeys C9F25 Soup
mom,Fcst Inc Cases is not positive,Sobeys ROC,CG-SOBEY'S ROC,2026,September,TDSSTA-5/14,SS TASSIMO 5/14CT,000J3437D,Committed,0.0,2026-03-19,2026-03-25,DR 2026 - 2026-08-28 (EXCEXP_TLS_000JHWRH0).xlsx,Rebates,1016,TD Sobeys C10F25 Tassimo 14ct
mom,Fcst Inc Cases is not positive,Sobeys ROC,CG-SOBEY'S ROC,2026,September,TDHBMX-4/24,HB MIX 4/24EA,000ISF4XW,Committed,0.0,2026-03-19,2026-04-29,DR 2026 - 2026-08-28 (EXCEXP_TLS_000JHWRH0).xlsx,Rebates,1019,TD Sobeys C10F25 Hot Beverage
mom,Fcst Inc Cases is not positive,Sobeys ROC,CG-SOBEY'S ROC,2026,September,TDHBCAP-12/343,HB CAPPUCCINO 12/454GR,000ISF4XW,Committed,0.0,2026-03-19,2026-04-29,DR 2026 - 2026-08-28 (EXCEXP_TLS_000JHWRH0).xlsx,Rebates,1022,TD Sobeys C10F25 Hot Beverage
mom,Fcst Inc Cases is not positive,Sobeys ROC,CG-SOBEY'S ROC,2026,September,TDSSKCC-4/24,SS KCOMP CAP 4/24CT,000ISF1XK,Committed,0.0,2026-03-19,2026-04-29,DR 2026 - 2026-08-28 (EXCEXP_TLS_000JHWRH0).xlsx,Rebates,1025,TD Wholesale 930g LG Tin/30ct
mom,Fcst Inc Cases is not positive,Sobeys ROC,CG-SOBEY'S ROC,2026,September,TDRGSB-48/300,R&G SMALL BAG 48/300GR,000IYJI10,Committed,0.0,2026-03-19,2026-04-29,DR 2026 - 2026-08-28 (EXCEXP_TLS_000JHWRH0).xlsx,Rebates,1031,TD Freshco R&G 300 G
mom,Fcst Inc Cases is not positive,Sobeys ROC,CG-SOBEY'S ROC,2026,September,TDSSKC-1/30,SS KCOMP 1/30CT,000J6XSFG,Planned,0.0,2026-03-19,2026-04-29,DR 2026 - 2026-08-28 (EXCEXP_TLS_000JHWRH0).xlsx,Rebates,1041,TD Sobeys C10F25 LUMPSUM AD FEES (placeholder)
mom,Fcst Inc Cases is not positive,Sobeys ROC,CG-SOBEY'S ROC,2026,September,TDDCR-6/750,CREAMER 6/750ML,000ISEWDK,Committed,0.0,2026-04-09,2026-04-15,DR 2026 - 2026-08-28 (EXCEXP_TLS_000JHWRH0).xlsx,Rebates,1045,TD Wholesale Creamers 750ml
mom,Fcst Inc Cases is not positive,Sobeys ROC,CG-SOBEY'S ROC,2026,September,TDSHSP-24/284,SOUPS 24/284ML,000IVV5Z3,Committed,0.0,2026-04-09,2026-04-15,DR 2026 - 2026-08-28 (EXCEXP_TLS_000JHWRH0).xlsx,Rebates,1047,TD Sobeys C10F25 Condensed Promo 1WK W/S 04-09
mom,Fcst Inc Cases is not positive,Sobeys ROC,CG-SOBEY'S ROC,2026,September,TDSSKC-6/12,SS KCOMP 6/12CT,000ISF1UD,Committed,0.0,2026-04-09,2026-04-15,DR 2026 - 2026-08-28 (EXCEXP_TLS_000JHWRH0).xlsx,Rebates,1050,TD Freshco TH Lg Tins & SS 1 week
mom,Fcst Inc Cases is not positive,Sobeys ROC,CG-SOBEY'S ROC,2026,September,TDSSKC-6/10,SS KCOMP 6/10CT,000ISF1UD,Committed,0.0,2026-04-09,2026-04-15,DR 2026 - 2026-08-28 (EXCEXP_TLS_000JHWRH0).xlsx,Rebates,1051,TD Freshco TH Lg Tins & SS 1 week
mom,Fcst Inc Cases is not positive,Sobeys ROC,CG-SOBEY'S ROC,2026,September,TDRGSB-6/300,R&G SMALL BAG 6/300GR,000ISEWAT,Committed,0.0,2026-05-21,2026-05-27,DR 2026 - 2026-08-28 (EXCEXP_TLS_000JHWRH0).xlsx,Rebates,1055,TD Wholesale 300g Bags
mom,Fcst Inc Cases is not positive,Sobeys ROC,CG-SOBEY'S ROC,2026,September,TDDCR-6/750,CREAMER 6/750ML,000ISF3UR,Committed,0.0,2026-04-30,2026-06-03,DR 2026 - 2026-08-28 (EXCEXP_TLS_000JHWRH0).xlsx,Rebates,1069,TD Wholesale TH Creamers 750ml
mom,Fcst Inc Cases is not positive,Sobeys ROC,CG-SOBEY'S ROC,2026,September,TDSSKC-6/12,SS KCOMP 6/12CT,000ISEXXD,Committed,0.0,2026-04-30,2026-07-01,DR 2026 - 2026-08-28 (EXCEXP_TLS_000JHWRH0).xlsx,Rebates,1083,TD Wholesale P5 Kcup 12ct
mom,Fcst Inc Cases is not positive,Sobeys ROC,CG-SOBEY'S ROC,2026,September,TDSSKC-6/10,SS KCOMP 6/10CT,000ISEXXD,Committed,0.0,2026-04-30,2026-07-01,DR 2026 - 2026-08-28 (EXCEXP_TLS_000JHWRH0).xlsx,Rebates,1085,TD Wholesale P5 Kcup 12ct
mom,Fcst Inc Cases is not positive,Sobeys ROC,CG-SOBEY'S ROC,2026,September,TDSSKC-6/10,SS KCOMP 6/10CT,000ISEXXD,Committed,0.0,2026-04-30,2026-07-01,DR 2026 - 2026-08-28 (EXCEXP_TLS_000JHWRH0).xlsx,Rebates,1086,TD Wholesale P5 Kcup 12ct
mom,Fcst Inc Cases is not positive,Sobeys ROC,CG-SOBEY'S ROC,2026,September,TDRGSB-6/300,R&G SMALL BAG 6/300GR,000JCNH7A,Committed,0.0,2026-05-01,2026-05-06,DR 2026 - 2026-08-28 (EXCEXP_TLS_000JHWRH0).xlsx,Rebates,1088,TD Sobeys ROC R&G 300GR LUMP SUM AD
mom,Fcst Inc Cases is not positive,Sobeys ROC,CG-SOBEY'S ROC,2026,September,TDSIC-12/470,SYRUPS 12/470ML,000J8X954,Committed,0.0,2026-05-14,2026-05-20,DR 2026 - 2026-08-28 (EXCEXP_TLS_000JHWRH0).xlsx,Rebates,1092,TD Sobeys C2F26 Syrups 1WK
mom,Fcst Inc Cases is not positive,Sobeys ROC,CG-SOBEY'S ROC,2026,September,TDRDIC-6/142,ICED COFFEE 6/1.42L,000J8X94W,Committed,0.0,2026-05-14,2026-05-27,DR 2026 - 2026-08-28 (EXCEXP_TLS_000JHWRH0).xlsx,Rebates,1094,TD Sobeys C2F26 RTD 1.42L
mom,Fcst Inc Cases is not positive,Sobeys ROC,CG-SOBEY'S ROC,2026,September,TDSIC-12/470,SYRUPS 12/470ML,000J8P2OQ,Committed,0.0,2026-05-20,2026-05-27,DR 2026 - 2026-08-28 (EXCEXP_TLS_000JHWRH0).xlsx,Rebates,1096,TD Sobeys C2F26 RTD & Syrups LS Tribute
mom,Fcst Inc Cases is not positive,Sobeys ROC,CG-SOBEY'S ROC,2026,September,TDRDIC-6/142,ICED COFFEE 6/1.42L,000J8P2OQ,Committed,0.0,2026-05-20,2026-05-27,DR 2026 - 2026-08-28 (EXCEXP_TLS_000JHWRH0).xlsx,Rebates,1097,TD Sobeys C2F26 RTD & Syrups LS Tribute
mom,Fcst Inc Cases is not positive,Sobeys ROC,CG-SOBEY'S ROC,2026,September,6320923230,TDL ICED COFFEE VANILLA EXTRACT 6/1.42 L,000J95ZLW,Committed,0.0,2026-05-28,2026-06-03,DR 2026 - 2026-08-28 (EXCEXP_TLS_000JHWRH0).xlsx,Rebates,1099,TD Freshco RTD 1.42L
mom,Fcst Inc Cases is not positive,Sobeys ROC,CG-SOBEY'S ROC,2026,September,6320923231,TDL ICED COFFEE CARAMEL EXTRACT 6/1.42 L,000J95ZLW,Committed,0.0,2026-05-28,2026-06-03,DR 2026 - 2026-08-28 (EXCEXP_TLS_000JHWRH0).xlsx,Rebates,1100,TD Freshco RTD 1.42L
mom,Fcst Inc Cases is not positive,Sobeys ROC,CG-SOBEY'S ROC,2026,September,6320923208,TDL ICED COFFEE BLACK EXTRACT 6/1.42 L,000J95ZLW,Committed,0.0,2026-05-28,2026-06-03,DR 2026 - 2026-08-28 (EXCEXP_TLS_000JHWRH0).xlsx,Rebates,1101,TD Freshco RTD 1.42L
mom,Fcst Inc Cases is not positive,Sobeys ROC,CG-SOBEY'S ROC,2026,September,TDSSKC-4/48,SS KCOMP 4/48CT,000JD91WK,Committed,0.0,2026-05-22,2026-05-29,DR 2026 - 2026-08-28 (EXCEXP_TLS_000JHWRH0).xlsx,Rebates,1103,TD Sobeys C2F26 lump sum ad 48ct
mom,Fcst Inc Cases is not positive,Sobeys ROC,CG-SOBEY'S ROC,2026,September,TDSIC-12/470,SYRUPS 12/470ML,000J6XSGC,Committed,0.0,2026-06-04,2026-06-10,DR 2026 - 2026-08-28 (EXCEXP_TLS_000JHWRH0).xlsx,Rebates,1106,TD Sobeys C2F26 Syrups 12/470ml
mom,Fcst Inc Cases is not positive,Sobeys ROC,CG-SOBEY'S ROC,2026,September,TDSSKC-6/10,SS KCOMP 6/10CT,000ISF1Z0,Committed,0.0,2026-06-04,2026-06-10,DR 2026 - 2026-08-28 (EXCEXP_TLS_000JHWRH0).xlsx,Rebates,1109,TD Freshco 300gr & SS 1 WK
mom,Fcst Inc Cases is not positive,Sobeys ROC,CG-SOBEY'S ROC,2026,September,TDIC-12/100,INSTANT COFFEE 12/100GR,000ISF5T5,Committed,0.0,2026-06-04,2026-07-08,DR 2026 - 2026-08-28 (EXCEXP_TLS_000JHWRH0).xlsx,Rebates,1114,TD Wholesale 30ct & instant 100gr
mom,Fcst Inc Cases is not positive,Sobeys ROC,CG-SOBEY'S ROC,2026,September,TDRGSC-6/640,R&G SMALL CAN 6/640GR,000ISEZ2N,Committed,0.0,2026-06-04,2026-07-08,DR 2026 - 2026-08-28 (EXCEXP_TLS_000JHWRH0).xlsx,Rebates,1118,TD Sobeys C2F26 Roast & Ground
mom,Fcst Inc Cases is not positive,Sobeys ROC,CG-SOBEY'S ROC,2026,September,TDRGSB-6/300,R&G SMALL BAG 6/300GR,000ISEZ2N,Committed,0.0,2026-06-04,2026-07-08,DR 2026 - 2026-08-28 (EXCEXP_TLS_000JHWRH0).xlsx,Rebates,1120,TD Sobeys C2F26 Roast & Ground
mom,Fcst Inc Cases is not positive,Sobeys ROC,CG-SOBEY'S ROC,2026,September,TDSSKC-1/30,SS KCOMP 1/30CT,000J6XSFN,Committed,0.0,2026-06-04,2026-07-08,DR 2026 - 2026-08-28 (EXCEXP_TLS_000JHWRH0).xlsx,Rebates,1124,TD Sobeys C2F26 GOLD PACKAGE
mom,Fcst Inc Cases is not positive,Sobeys ROC,CG-SOBEY'S ROC,2026,September,6320909463,TDL COFFEE FINE GRIND HALF DRP 126/930GR,000ISEVI4,Committed,0.0,2026-06-04,2026-07-08,DR 2026 - 2026-08-28 (EXCEXP_TLS_000JHWRH0).xlsx,Rebates,1127,"TD Sobeys C2F26 Instant, Nespr, Tassimo, 30ct & 300GR"
mom,Fcst Inc Cases is not positive,Sobeys ROC,CG-SOBEY'S ROC,2026,September,TDSSKC-4/30,SS KCOMP 4/30CT,000ISEVI4,Committed,0.0,2026-06-04,2026-07-08,DR 2026 - 2026-08-28 (EXCEXP_TLS_000JHWRH0).xlsx,Rebates,1131,"TD Sobeys C2F26 Instant, Nespr, Tassimo, 30ct & 300GR"
mom,Fcst Inc Cases is not positive,Sobeys ROC,CG-SOBEY'S ROC,2026,September,TDSSKC-4/30,SS KCOMP 4/30CT,000ISEVI4,Committed,0.0,2026-06-04,2026-07-08,DR 2026 - 2026-08-28 (EXCEXP_TLS_000JHWRH0).xlsx,Rebates,1132,"TD Sobeys C2F26 Instant, Nespr, Tassimo, 30ct & 300GR"
mom,Fcst Inc Cases is not positive,Sobeys ROC,CG-SOBEY'S ROC,2026,September,TDNC-10/10,NCOMP 10/10CT,000ISEVI4,Committed,0.0,2026-06-04,2026-07-08,DR 2026 - 2026-08-28 (EXCEXP_TLS_000JHWRH0).xlsx,Rebates,1134,"TD Sobeys C2F26 Instant, Nespr, Tassimo, 30ct & 300GR"
mom,Fcst Inc Cases is not positive,Sobeys ROC,CG-SOBEY'S ROC,2026,September,TDIC-6/300,INSTANT COFFEE 6/300GR,000ISEVI4,Committed,0.0,2026-06-04,2026-07-08,DR 2026 - 2026-08-28 (EXCEXP_TLS_000JHWRH0).xlsx,Rebates,1136,"TD Sobeys C2F26 Instant, Nespr, Tassimo, 30ct & 300GR"
mom,Fcst Inc Cases is not positive,Sobeys ROC,CG-SOBEY'S ROC,2026,September,6320923706,TDL COFFEE FINE GRIND 1/2 DRP 126/875 GR,000ISF6PO,Committed,0.0,2026-06-18,2026-08-12,DR 2026 - 2026-08-28 (EXCEXP_TLS_000JHWRH0).xlsx,Rebates,1139,TD Freshco TH 30ct/Lg Tins Summer Promo
mom,Fcst Inc Cases is not positive,Sobeys ROC,CG-SOBEY'S ROC,2026,September,TDSSKC-4/30,SS KCOMP 4/30CT,000ISF6PO,Committed,0.0,2026-06-18,2026-08-12,DR 2026 - 2026-08-28 (EXCEXP_TLS_000JHWRH0).xlsx,Rebates,1140,TD Freshco TH 30ct/Lg Tins Summer Promo
mom,Fcst Inc Cases is not positive,Sobeys ROC,CG-SOBEY'S ROC,2026,September,TDRDIC-6/142,ICED COFFEE 6/1.42L,000JC34FT,Committed,0.0,2026-06-11,2026-06-17,DR 2026 - 2026-08-28 (EXCEXP_TLS_000JHWRH0).xlsx,Rebates,1146,TD Sobeys C2F26 RTD 1.42L 1WK
mom,Fcst Inc Cases is not positive,Sobeys ROC,CG-SOBEY'S ROC,2026,September,TDRDIC-6/142,ICED COFFEE 6/1.42L,000JC2VDG,Committed,0.0,2026-06-18,2026-06-24,DR 2026 - 2026-08-28 (EXCEXP_TLS_000JHWRH0).xlsx,Rebates,1148,TD Sobeys C2F26 RTD 1.42L 1WK
mom,Fcst Inc Cases is not positive,Sobeys ROC,CG-SOBEY'S ROC,2026,September,TDSSKC-4/48,SS KCOMP 4/48CT,000J6XSG3,Committed,0.0,2026-06-18,2026-06-24,DR 2026 - 2026-08-28 (EXCEXP_TLS_000JHWRH0).xlsx,Rebates,1153,TD Sobeys C2F26 Single Serve 48CT
mom,Fcst Inc Cases is not positive,Sobeys ROC,CG-SOBEY'S ROC,2026,September,TDSIC-12/470,SYRUPS 12/470ML,000JCWSXF,Committed,0.0,2026-06-25,2026-07-01,DR 2026 - 2026-08-28 (EXCEXP_TLS_000JHWRH0).xlsx,Rebates,1156,TD Sobeys C3F26 Syrups 1WK
mom,Fcst Inc Cases is not positive,Sobeys ROC,CG-SOBEY'S ROC,2026,September,TDDCR-6/750,CREAMER 6/750ML,000ISF77L,Committed,0.0,2026-06-25,2026-07-01,DR 2026 - 2026-08-28 (EXCEXP_TLS_000JHWRH0).xlsx,Rebates,1158,TD Wholesale TH Creamers 750ml
mom,Fcst Inc Cases is not positive,Sobeys ROC,CG-SOBEY'S ROC,2026,September,TDRDIC-6/142,ICED COFFEE 6/1.42L,000JC2VD6,Committed,0.0,2026-07-02,2026-07-15,DR 2026 - 2026-08-28 (EXCEXP_TLS_000JHWRH0).xlsx,Rebates,1162,TD Sobeys C2F26 RTD 1.42L
mom,Fcst Inc Cases is not positive,Sobeys ROC,CG-SOBEY'S ROC,2026,September,TDL,TDL CAN,000J6XSFY,Committed,0.0,2026-07-09,2026-08-12,DR 2026 - 2026-08-28 (EXCEXP_TLS_000JHWRH0).xlsx,Rebates,1173,TD Sobeys C3F26 SILVER PACKAGE 75k IN LIEU OF 2025 LT CRC
mom,Fcst Inc Cases is not positive,Sobeys ROC,CG-SOBEY'S ROC,2026,September,TDTB-9/20,TEA BAG 9/20CT,000ISEVKS,Committed,0.0,2026-07-09,2026-08-12,DR 2026 - 2026-08-28 (EXCEXP_TLS_000JHWRH0).xlsx,Rebates,1177,TD Sobeys C3F26 Tea & Instant 100gr
mom,Fcst Inc Cases is not positive,Sobeys ROC,CG-SOBEY'S ROC,2026,September,TDIC-36/100,INSTANT COFFEE 36/100GR,000ISEVKS,Committed,0.0,2026-07-09,2026-08-12,DR 2026 - 2026-08-28 (EXCEXP_TLS_000JHWRH0).xlsx,Rebates,1180,TD Sobeys C3F26 Tea & Instant 100gr
mom,Fcst Inc Cases is not positive,Sobeys ROC,CG-SOBEY'S ROC,2026,September,TDL,TDL CAN,000JE6AHT,Committed,0.0,2026-07-09,2026-08-12,DR 2026 - 2026-08-28 (EXCEXP_TLS_000JHWRH0).xlsx,Rebates,1192,TD Sobeys C3F26 SILVER PACKAGE 60K IN LIEU OF 2025 LT CRC
mom,Fcst Inc Cases is not positive,Sobeys ROC,CG-SOBEY'S ROC,2026,September,TDRDIC-6/142,ICED COFFEE 6/1.42L,000JCZA1X,Committed,0.0,2026-07-09,2026-08-12,DR 2026 - 2026-08-28 (EXCEXP_TLS_000JHWRH0).xlsx,Rebates,1195,TD Sobeys C3F26 RTD 1.42L SILVER PACKAGE  75K
mom,Fcst Inc Cases is not positive,Sobeys ROC,CG-SOBEY'S ROC,2026,September,TDL,TDL CAN,000J732EE,Planned,0.0,2026-07-09,2026-08-12,DR 2026 - 2026-08-28 (EXCEXP_TLS_000JHWRH0).xlsx,Rebates,1206,TD Sobeys C3F26 TRIBUTE AD FEES
mom,Fcst Inc Cases is not positive,Sobeys ROC,CG-SOBEY'S ROC,2026,September,TDDCR-6/750,CREAMER 6/750ML,000ISEWD1,Committed,0.0,2026-07-30,2026-08-05,DR 2026 - 2026-08-28 (EXCEXP_TLS_000JHWRH0).xlsx,Rebates,1210,TD Wholesale TH Creamers 750ml
mom,Fcst Inc Cases is not positive,Sobeys ROC,CG-SOBEY'S ROC,2026,September,6320923704,TDL DARK ROAST CAN 6/825 GR,000JDDCMZ,Committed,0.0,2026-07-30,2026-08-05,DR 2026 - 2026-08-28 (EXCEXP_TLS_000JHWRH0).xlsx,Rebates,1214,TD Sobeys C3F26 Single Serve 30CT
mom,Fcst Inc Cases is not positive,Sobeys ROC,CG-SOBEY'S ROC,2026,September,6320923703,TDL COFFEE FINE GRIND CAN 6/875 GR,000JDDCMZ,Committed,0.0,2026-07-30,2026-08-05,DR 2026 - 2026-08-28 (EXCEXP_TLS_000JHWRH0).xlsx,Rebates,1215,TD Sobeys C3F26 Single Serve 30CT
mom,Fcst Inc Cases is not positive,Sobeys ROC,CG-SOBEY'S ROC,2026,September,TDL,TDL CAN,000ISF5SB,Planned,0.0,2026-08-01,2026-08-31,DR 2026 - 2026-08-28 (EXCEXP_TLS_000JHWRH0).xlsx,Rebates,1224,TD Sob National Golf
mom,Fcst Inc Cases is not positive,Sobeys ROC,CG-SOBEY'S ROC,2026,September,TDSSKC-4/48,SS KCOMP 4/48CT,000JE6AHB,Committed,0.0,2026-08-05,2026-08-12,DR 2026 - 2026-08-28 (EXCEXP_TLS_000JHWRH0).xlsx,Rebates,1226,TD Sobeys C3F26 K-cup 48CT LS AD FEES 15k IN LIEU OF 2025 LT
mom,Fcst Inc Cases is not positive,Sobeys ROC,CG-SOBEY'S ROC,2026,September,TDRGSB-6/300,R&G SMALL BAG 6/300GR,000J6XSFS,Committed,0.0,2026-08-13,2026-09-16,DR 2026 - 2026-08-28 (EXCEXP_TLS_000JHWRH0).xlsx,Rebates,1228,TD Sobeys C4F26 LS AD FEES 75k IN LIEU OF 2025 LT CRC
mom,Fcst Inc Cases is not positive,Sobeys ROC,CG-SOBEY'S ROC,2026,September,TDHBHC-36/500,HB HOT CHOCOLATE 36/500GR,000ISEX9E,Committed,0.0,2026-08-13,2026-09-16,DR 2026 - 2026-08-28 (EXCEXP_TLS_000JHWRH0).xlsx,Rebates,1241,TD Sobeys C4F26 Hot Beverage
mom,Fcst Inc Cases is not positive,Sobeys ROC,CG-SOBEY'S ROC,2026,September,TDNC-32/10,NCOMP 32/10CT,000ISF52K,Committed,0.0,2026-08-13,2026-09-16,DR 2026 - 2026-08-28 (EXCEXP_TLS_000JHWRH0).xlsx,Rebates,1246,TD Sobeys C4F26 Nespresso & Tassimo
mom,Fcst Inc Cases is not positive,Sobeys ROC,CG-SOBEY'S ROC,2026,September,TDRDIC-6/142,ICED COFFEE 6/1.42L,000JC7FTF,Committed,0.0,2026-08-13,2026-09-30,DR 2026 - 2026-08-28 (EXCEXP_TLS_000JHWRH0).xlsx,Rebates,1268,TD Freshco C4F26 RTD display 70k
mom,Fcst Inc Cases is not positive,Sobeys ROC,CG-SOBEY'S ROC,2026,September,TDL,TDL CAN,000ISF1WA,Planned,0.0,2026-08-07,2026-08-07,DR 2026 - 2026-08-28 (EXCEXP_TLS_000JHWRH0).xlsx,Rebates,1274,TD FRESHCO Golf Tournament
mom,Fcst Inc Cases is not positive,Sobeys ROC,CG-SOBEY'S ROC,2026,September,TDSSKC-6/12,SS KCOMP 6/12CT,000ISF6SX,Planned,0.0,2026-08-13,2026-09-30,DR 2026 - 2026-08-28 (EXCEXP_TLS_000JHWRH0).xlsx,Rebates,1282,TD Freshco TH Back School Event Lumpsum
mom,Fcst Inc Cases is not positive,Sobeys ROC,CG-SOBEY'S ROC,2026,September,TDSSKC-1/30,SS KCOMP 1/30CT,000ISF3V2,Committed,0.0,2026-08-27,2026-09-02,DR 2026 - 2026-08-28 (EXCEXP_TLS_000JHWRH0).xlsx,Rebates,1286,TD Wholesale P9 30ct
mom,Fcst Inc Cases is not positive,Sobeys ROC,CG-SOBEY'S ROC,2026,September,TDDCR-6/750,CREAMER 6/750ML,000ISF77S,Committed,0.0,2026-08-27,2026-09-02,DR 2026 - 2026-08-28 (EXCEXP_TLS_000JHWRH0).xlsx,Rebates,1288,TD Wholesale TH Creamers 750ml
mom,Fcst Inc Cases is not positive,Sobeys ROC,CG-SOBEY'S ROC,2026,September,TDTB-9/20,TEA BAG 9/20CT,000ISF6OS,Committed,0.0,2026-08-27,2026-09-02,DR 2026 - 2026-08-28 (EXCEXP_TLS_000JHWRH0).xlsx,Rebates,1290,TD Sobeys C4F26 Tea & Instant 100gr
mom,Fcst Inc Cases is not positive,Sobeys ROC,CG-SOBEY'S ROC,2026,September,TDSSKC-4/48,SS KCOMP 4/48CT,000JE6AHM,Committed,0.0,2026-09-09,2026-09-16,DR 2026 - 2026-08-28 (EXCEXP_TLS_000JHWRH0).xlsx,Rebates,1307,TD Sobeys C4F26 K-cup 48CT LS AD FEES 15k IN LIEU OF 2025 LT
mom,Fcst Inc Cases is not positive,Sobeys ROC,CG-SOBEY'S ROC,2026,September,TDDCR-6/750,CREAMER 6/750ML,000ISF780,Committed,0.0,2026-09-17,2026-10-21,DR 2026 - 2026-08-28 (EXCEXP_TLS_000JHWRH0).xlsx,Rebates,1324,TD Wholesale TH Creamers 750ml
mom,Fcst Inc Cases is not positive,Sobeys ROC,CG-SOBEY'S ROC,2026,September,TDIC-12/100,INSTANT COFFEE 12/100GR,000ISF1ZS,Committed,0.0,2026-09-17,2026-10-21,DR 2026 - 2026-08-28 (EXCEXP_TLS_000JHWRH0).xlsx,Rebates,1326,TD Wholesale  instant Jars 100g
mom,Fcst Inc Cases is not positive,Sobeys ROC,CG-SOBEY'S ROC,2026,September,6320923397,*TDL PKS/CMT/ORG KCUP DISPLAY 48/12CT,000ISF3XB,Planned,0.0,2026-09-25,2026-09-25,DR 2026 - 2026-08-28 (EXCEXP_TLS_000JHWRH0).xlsx,Rebates,1352,TD Sobeys C6 Clearout Funding BOI Displays
mom,Fcst Inc Cases is not positive,Sobeys ROC,CG-SOBEY'S ROC,2026,September,TDSHSP-192/540,SOUPS 192/540ML,000ISEZDJ,Planned,0.0,2026-10-14,2026-10-21,DR 2026 - 2026-08-28 (EXCEXP_TLS_000JHWRH0).xlsx,Rebates,1359,TD Sobeys C5F26 540ml BPG
mom,Fcst Inc Cases is not positive,Sobeys ROC,CG-SOBEY'S ROC,2026,September,TDSHHB-12/425,HOT BOWLS 12/425GR,000ISEZDJ,Planned,0.0,2026-10-14,2026-10-21,DR 2026 - 2026-08-28 (EXCEXP_TLS_000JHWRH0).xlsx,Rebates,1361,TD Sobeys C5F26 540ml BPG
mom,Promo status outside dashboard methodology,Sobeys ROC,CG-SOBEY'S ROC,2026,September,TDRGLC-6/930,R&G LARGE CAN 6/930GR,000JGL0RF,Pending,0.0,2026-10-22,2026-11-25,DR 2026 - 2026-08-28 (EXCEXP_TLS_000JHWRH0).xlsx,Rebates,1366,TD Sobeys C6F26 75k LS
mom,Fcst Inc Cases is not positive,Sobeys ROC,CG-SOBEY'S ROC,2026,September,TDSHSP,SOUPS,000J6XSHH,Committed,0.0,2026-10-22,2026-10-28,DR 2026 - 2026-08-28 (EXCEXP_TLS_000JHWRH0).xlsx,Rebates,1370,TD Sobeys C6F26 Silver package Soups 284ml
mom,Fcst Inc Cases is not positive,Sobeys ROC,CG-SOBEY'S ROC,2026,September,TDPBM-6/322,BISCUIT MIX 6/322GR,000JF2950,Committed,0.0,2026-10-29,2026-11-25,DR 2026 - 2026-08-28 (EXCEXP_TLS_000JHWRH0).xlsx,Rebates,1372,TD Sobeys C6F26 Popeyes Biscuit
mom,Fcst Inc Cases is not positive,Sobeys ROC,CG-SOBEY'S ROC,2026,September,TDNC-32/10,NCOMP 32/10CT,000ISEZE5,Committed,0.0,2026-10-22,2026-11-25,DR 2026 - 2026-08-28 (EXCEXP_TLS_000JHWRH0).xlsx,Rebates,1380,TD Sobeys C6F26 Instant & Nespresso
mom,Fcst Inc Cases is not positive,Sobeys ROC,CG-SOBEY'S ROC,2026,September,TDL,TDL CAN,000ISEZF3,Planned,0.0,2026-10-31,2026-12-30,DR 2026 - 2026-08-28 (EXCEXP_TLS_000JHWRH0).xlsx,Rebates,1424,TD Sob ATL Gift Gala Sponsor
mom,Promo status outside dashboard methodology,Sobeys ROC,CG-SOBEY'S ROC,2026,September,TDSSKC-4/30,SS KCOMP 4/30CT,000JGL0S5,Pending,0.0,2026-11-12,2026-12-30,DR 2026 - 2026-08-28 (EXCEXP_TLS_000JHWRH0).xlsx,Rebates,1432,TD Freshco Holiday event LS
mom,Fcst Inc Cases is not positive,Sobeys ROC,CG-SOBEY'S ROC,2026,September,TDSSKC-16/30,SS KCOMP 16/30CT,000ISF1VH,Planned,0.0,2026-11-12,2026-12-31,DR 2026 - 2026-08-28 (EXCEXP_TLS_000JHWRH0).xlsx,Rebates,1438,TD Freshco TH 30ct/Large Tins Holiday event
mom,Fcst Inc Cases is not positive,Sobeys ROC,CG-SOBEY'S ROC,2026,September,TDPS-6/473,SAUCES 6/473ML,000JGSZSS,Planned,0.0,2026-11-20,2026-12-30,DR 2026 - 2026-08-28 (EXCEXP_TLS_000JHWRH0).xlsx,Rebates,1443,TD Sobeys C7F26 Popeyes Bronze Package Sauce
mom,Fcst Inc Cases is not positive,Sobeys ROC,CG-SOBEY'S ROC,2026,September,TDDCR-6/750,CREAMER 6/750ML,000ISEWBE,Planned,0.0,2026-11-27,2026-12-30,DR 2026 - 2026-08-28 (EXCEXP_TLS_000JHWRH0).xlsx,Rebates,1446,TD Wholesale TH Creamers 750ml
mom,Fcst Inc Cases is not positive,Amazon,NA-AMAZON CANADA,2026,September,TDL,TDL CAN,000ITPMZC,Committed,0.0,2026-01-01,2026-01-31,DR 2026 - 2026-08-28 (EXCEXP_TLS_000JHWRH0).xlsx,Rebates,1487,TD 2026 Amzn B2B $50k Accrual - monthly payment January
mom,Fcst Inc Cases is not positive,Amazon,NA-AMAZON CANADA,2026,September,TDL,TDL CAN,000ITPMUK,Committed,0.0,2026-05-31,2026-12-30,DR 2026 - 2026-08-28 (EXCEXP_TLS_000JHWRH0).xlsx,Rebates,1489,TD 2026 Amzn Marketing Co-Op $100k annual
mom,Fcst Inc Cases is not positive,Amazon,NA-AMAZON CANADA,2026,September,TDTB-6/20,TEA BAG 6/20CT,000IWFCGD,Closed,0.0,2026-01-26,2026-01-26,DR 2026 - 2026-08-28 (EXCEXP_TLS_000JHWRH0).xlsx,Rebates,1491,TD 2026 Amzn Business - Jan Bulk Buy Offer - Kcup 12ct
mom,Fcst Inc Cases is not positive,Amazon,NA-AMAZON CANADA,2026,September,6320917204,TDL VANILLA BLACK TEA 6/20 CT,000IWFCGD,Closed,0.0,2026-01-26,2026-01-26,DR 2026 - 2026-08-28 (EXCEXP_TLS_000JHWRH0).xlsx,Rebates,1492,TD 2026 Amzn Business - Jan Bulk Buy Offer - Kcup 12ct
mom,Fcst Inc Cases is not positive,Amazon,NA-AMAZON CANADA,2026,September,6320915575,TDL POTATO BACON 12/540 ML,000IWFCGD,Closed,0.0,2026-01-26,2026-01-26,DR 2026 - 2026-08-28 (EXCEXP_TLS_000JHWRH0).xlsx,Rebates,1493,TD 2026 Amzn Business - Jan Bulk Buy Offer - Kcup 12ct
mom,Fcst Inc Cases is not positive,Amazon,NA-AMAZON CANADA,2026,September,6320918583,TDL NCOMP DECAF ESPRESSO 10/10 CT,000IWFCGD,Closed,0.0,2026-01-26,2026-01-26,DR 2026 - 2026-08-28 (EXCEXP_TLS_000JHWRH0).xlsx,Rebates,1494,TD 2026 Amzn Business - Jan Bulk Buy Offer - Kcup 12ct
mom,Fcst Inc Cases is not positive,Amazon,NA-AMAZON CANADA,2026,September,6320919832,TDL NCOMP DARK LUNGO 10/10 CT,000IWFCGD,Closed,0.0,2026-01-26,2026-01-26,DR 2026 - 2026-08-28 (EXCEXP_TLS_000JHWRH0).xlsx,Rebates,1495,TD 2026 Amzn Business - Jan Bulk Buy Offer - Kcup 12ct
mom,Fcst Inc Cases is not positive,Amazon,NA-AMAZON CANADA,2026,September,6320918580,TDL NCOMP CLASSIC LUNGO 10/10 CT,000IWFCGD,Closed,0.0,2026-01-26,2026-01-26,DR 2026 - 2026-08-28 (EXCEXP_TLS_000JHWRH0).xlsx,Rebates,1496,TD 2026 Amzn Business - Jan Bulk Buy Offer - Kcup 12ct
mom,Fcst Inc Cases is not positive,Amazon,NA-AMAZON CANADA,2026,September,6320919834,TDL NCOMP CARAMEL ESPRESSO 10/10 CT,000IWFCGD,Closed,0.0,2026-01-26,2026-01-26,DR 2026 - 2026-08-28 (EXCEXP_TLS_000JHWRH0).xlsx,Rebates,1497,TD 2026 Amzn Business - Jan Bulk Buy Offer - Kcup 12ct
mom,Fcst Inc Cases is not positive,Amazon,NA-AMAZON CANADA,2026,September,6320918581,TDL NCOMP BRIGHT ESPRESSO 10/10 CT,000IWFCGD,Closed,0.0,2026-01-26,2026-01-26,DR 2026 - 2026-08-28 (EXCEXP_TLS_000JHWRH0).xlsx,Rebates,1498,TD 2026 Amzn Business - Jan Bulk Buy Offer - Kcup 12ct
mom,Fcst Inc Cases is not positive,Amazon,NA-AMAZON CANADA,2026,September,6320918582,TDL NCOMP BOLD ESPRESSO 10/10 CT,000IWFCGD,Closed,0.0,2026-01-26,2026-01-26,DR 2026 - 2026-08-28 (EXCEXP_TLS_000JHWRH0).xlsx,Rebates,1499,TD 2026 Amzn Business - Jan Bulk Buy Offer - Kcup 12ct
mom,Fcst Inc Cases is not positive,Amazon,NA-AMAZON CANADA,2026,September,6320919183,TDL MINESTRONE 12/540 ML,000IWFCGD,Closed,0.0,2026-01-26,2026-01-26,DR 2026 - 2026-08-28 (EXCEXP_TLS_000JHWRH0).xlsx,Rebates,1500,TD 2026 Amzn Business - Jan Bulk Buy Offer - Kcup 12ct
mom,Fcst Inc Cases is not positive,Amazon,NA-AMAZON CANADA,2026,September,6320911794,TDL INSTANT COFFEE LIGHT 12/100 GR,000IWFCGD,Closed,0.0,2026-01-26,2026-01-26,DR 2026 - 2026-08-28 (EXCEXP_TLS_000JHWRH0).xlsx,Rebates,1502,TD 2026 Amzn Business - Jan Bulk Buy Offer - Kcup 12ct
mom,Fcst Inc Cases is not positive,Amazon,NA-AMAZON CANADA,2026,September,6320911793,TDL INSTANT COFFEE DECAF 12/100 GR,000IWFCGD,Closed,0.0,2026-01-26,2026-01-26,DR 2026 - 2026-08-28 (EXCEXP_TLS_000JHWRH0).xlsx,Rebates,1503,TD 2026 Amzn Business - Jan Bulk Buy Offer - Kcup 12ct
mom,Fcst Inc Cases is not positive,Amazon,NA-AMAZON CANADA,2026,September,6320914642,TDL INSTANT COFFEE DARK 12/100 GR,000IWFCGD,Closed,0.0,2026-01-26,2026-01-26,DR 2026 - 2026-08-28 (EXCEXP_TLS_000JHWRH0).xlsx,Rebates,1504,TD 2026 Amzn Business - Jan Bulk Buy Offer - Kcup 12ct
mom,Fcst Inc Cases is not positive,Amazon,NA-AMAZON CANADA,2026,September,6320915074,TDL HOT CHOC / FV PACKET 4/24 EA,000IWFCGD,Closed,0.0,2026-01-26,2026-01-26,DR 2026 - 2026-08-28 (EXCEXP_TLS_000JHWRH0).xlsx,Rebates,1505,TD 2026 Amzn Business - Jan Bulk Buy Offer - Kcup 12ct
mom,Fcst Inc Cases is not positive,Amazon,NA-AMAZON CANADA,2026,September,6320914197,TDL GRANOLA BAR SALTED CARAMEL 12/5 EA,000IWFCGD,Closed,0.0,2026-01-26,2026-01-26,DR 2026 - 2026-08-28 (EXCEXP_TLS_000JHWRH0).xlsx,Rebates,1506,TD 2026 Amzn Business - Jan Bulk Buy Offer - Kcup 12ct
mom,Fcst Inc Cases is not positive,Amazon,NA-AMAZON CANADA,2026,September,6320916556,TDL GRANOLA BAR BLUEBERRY 12/5 EA,000IWFCGD,Closed,0.0,2026-01-26,2026-01-26,DR 2026 - 2026-08-28 (EXCEXP_TLS_000JHWRH0).xlsx,Rebates,1507,TD 2026 Amzn Business - Jan Bulk Buy Offer - Kcup 12ct
mom,Fcst Inc Cases is not positive,Amazon,NA-AMAZON CANADA,2026,September,6320914195,TDL GRANOLA BAR APPLE FRITTER 12/5 EA,000IWFCGD,Closed,0.0,2026-01-26,2026-01-26,DR 2026 - 2026-08-28 (EXCEXP_TLS_000JHWRH0).xlsx,Rebates,1508,TD 2026 Amzn Business - Jan Bulk Buy Offer - Kcup 12ct
mom,Fcst Inc Cases is not positive,Amazon,NA-AMAZON CANADA,2026,September,6320916881,TDL DOUBLE DOUBLE PACKET 5/8 EA,000IWFCGD,Closed,0.0,2026-01-26,2026-01-26,DR 2026 - 2026-08-28 (EXCEXP_TLS_000JHWRH0).xlsx,Rebates,1509,TD 2026 Amzn Business - Jan Bulk Buy Offer - Kcup 12ct
mom,Fcst Inc Cases is not positive,Amazon,NA-AMAZON CANADA,2026,September,6320919180,TDL CREAMY CHICKEN 12/540 ML,000IWFCGD,Closed,0.0,2026-01-26,2026-01-26,DR 2026 - 2026-08-28 (EXCEXP_TLS_000JHWRH0).xlsx,Rebates,1510,TD 2026 Amzn Business - Jan Bulk Buy Offer - Kcup 12ct
mom,Fcst Inc Cases is not positive,Amazon,NA-AMAZON CANADA,2026,September,6320917201,TDL BUTTERNUT SQUASH 12/540 ML,000IWFCGD,Closed,0.0,2026-01-26,2026-01-26,DR 2026 - 2026-08-28 (EXCEXP_TLS_000JHWRH0).xlsx,Rebates,1511,TD 2026 Amzn Business - Jan Bulk Buy Offer - Kcup 12ct
mom,Fcst Inc Cases is not positive,Amazon,NA-AMAZON CANADA,2026,September,6320922294,TDL BEEF BARLEY + VEGETABLES 12/540 ML,000IWFCGD,Closed,0.0,2026-01-26,2026-01-26,DR 2026 - 2026-08-28 (EXCEXP_TLS_000JHWRH0).xlsx,Rebates,1512,TD 2026 Amzn Business - Jan Bulk Buy Offer - Kcup 12ct
mom,Fcst Inc Cases is not positive,Amazon,NA-AMAZON CANADA,2026,September,TDL,TDL CAN,000ITPMY5,Committed,0.0,2026-01-31,2026-02-28,DR 2026 - 2026-08-28 (EXCEXP_TLS_000JHWRH0).xlsx,Rebates,1537,TD 2026 Amzn B2B $50k Accrual - monthly payment February
mom,Fcst Inc Cases is not positive,Amazon,NA-AMAZON CANADA,2026,September,TDTB-6/20,TEA BAG 6/20CT,000IWNXEA,Closed,0.0,2026-02-25,2026-02-25,DR 2026 - 2026-08-28 (EXCEXP_TLS_000JHWRH0).xlsx,Rebates,1539,TD 2026 Amzn Business - Feb Bulk Buy Offer- Tea
mom,Fcst Inc Cases is not positive,Amazon,NA-AMAZON CANADA,2026,September,6320917204,TDL VANILLA BLACK TEA 6/20 CT,000IWNXEA,Closed,0.0,2026-02-25,2026-02-25,DR 2026 - 2026-08-28 (EXCEXP_TLS_000JHWRH0).xlsx,Rebates,1540,TD 2026 Amzn Business - Feb Bulk Buy Offer- Tea
mom,Fcst Inc Cases is not positive,Amazon,NA-AMAZON CANADA,2026,September,6320915575,TDL POTATO BACON 12/540 ML,000IWNXEA,Closed,0.0,2026-02-25,2026-02-25,DR 2026 - 2026-08-28 (EXCEXP_TLS_000JHWRH0).xlsx,Rebates,1541,TD 2026 Amzn Business - Feb Bulk Buy Offer- Tea
mom,Fcst Inc Cases is not positive,Amazon,NA-AMAZON CANADA,2026,September,6320918583,TDL NCOMP DECAF ESPRESSO 10/10 CT,000IWNXEA,Closed,0.0,2026-02-25,2026-02-25,DR 2026 - 2026-08-28 (EXCEXP_TLS_000JHWRH0).xlsx,Rebates,1542,TD 2026 Amzn Business - Feb Bulk Buy Offer- Tea
mom,Fcst Inc Cases is not positive,Amazon,NA-AMAZON CANADA,2026,September,6320919832,TDL NCOMP DARK LUNGO 10/10 CT,000IWNXEA,Closed,0.0,2026-02-25,2026-02-25,DR 2026 - 2026-08-28 (EXCEXP_TLS_000JHWRH0).xlsx,Rebates,1543,TD 2026 Amzn Business - Feb Bulk Buy Offer- Tea
mom,Fcst Inc Cases is not positive,Amazon,NA-AMAZON CANADA,2026,September,6320918580,TDL NCOMP CLASSIC LUNGO 10/10 CT,000IWNXEA,Closed,0.0,2026-02-25,2026-02-25,DR 2026 - 2026-08-28 (EXCEXP_TLS_000JHWRH0).xlsx,Rebates,1544,TD 2026 Amzn Business - Feb Bulk Buy Offer- Tea
mom,Fcst Inc Cases is not positive,Amazon,NA-AMAZON CANADA,2026,September,6320919834,TDL NCOMP CARAMEL ESPRESSO 10/10 CT,000IWNXEA,Closed,0.0,2026-02-25,2026-02-25,DR 2026 - 2026-08-28 (EXCEXP_TLS_000JHWRH0).xlsx,Rebates,1545,TD 2026 Amzn Business - Feb Bulk Buy Offer- Tea
mom,Fcst Inc Cases is not positive,Amazon,NA-AMAZON CANADA,2026,September,6320918581,TDL NCOMP BRIGHT ESPRESSO 10/10 CT,000IWNXEA,Closed,0.0,2026-02-25,2026-02-25,DR 2026 - 2026-08-28 (EXCEXP_TLS_000JHWRH0).xlsx,Rebates,1546,TD 2026 Amzn Business - Feb Bulk Buy Offer- Tea
mom,Fcst Inc Cases is not positive,Amazon,NA-AMAZON CANADA,2026,September,6320918582,TDL NCOMP BOLD ESPRESSO 10/10 CT,000IWNXEA,Closed,0.0,2026-02-25,2026-02-25,DR 2026 - 2026-08-28 (EXCEXP_TLS_000JHWRH0).xlsx,Rebates,1547,TD 2026 Amzn Business - Feb Bulk Buy Offer- Tea
mom,Fcst Inc Cases is not positive,Amazon,NA-AMAZON CANADA,2026,September,6320919183,TDL MINESTRONE 12/540 ML,000IWNXEA,Closed,0.0,2026-02-25,2026-02-25,DR 2026 - 2026-08-28 (EXCEXP_TLS_000JHWRH0).xlsx,Rebates,1548,TD 2026 Amzn Business - Feb Bulk Buy Offer- Tea
mom,Fcst Inc Cases is not positive,Amazon,NA-AMAZON CANADA,2026,September,6320911794,TDL INSTANT COFFEE LIGHT 12/100 GR,000IWNXEA,Closed,0.0,2026-02-25,2026-02-25,DR 2026 - 2026-08-28 (EXCEXP_TLS_000JHWRH0).xlsx,Rebates,1550,TD 2026 Amzn Business - Feb Bulk Buy Offer- Tea
mom,Fcst Inc Cases is not positive,Amazon,NA-AMAZON CANADA,2026,September,6320911793,TDL INSTANT COFFEE DECAF 12/100 GR,000IWNXEA,Closed,0.0,2026-02-25,2026-02-25,DR 2026 - 2026-08-28 (EXCEXP_TLS_000JHWRH0).xlsx,Rebates,1551,TD 2026 Amzn Business - Feb Bulk Buy Offer- Tea
mom,Fcst Inc Cases is not positive,Amazon,NA-AMAZON CANADA,2026,September,6320914642,TDL INSTANT COFFEE DARK 12/100 GR,000IWNXEA,Closed,0.0,2026-02-25,2026-02-25,DR 2026 - 2026-08-28 (EXCEXP_TLS_000JHWRH0).xlsx,Rebates,1552,TD 2026 Amzn Business - Feb Bulk Buy Offer- Tea
mom,Fcst Inc Cases is not positive,Amazon,NA-AMAZON CANADA,2026,September,6320915074,TDL HOT CHOC / FV PACKET 4/24 EA,000IWNXEA,Closed,0.0,2026-02-25,2026-02-25,DR 2026 - 2026-08-28 (EXCEXP_TLS_000JHWRH0).xlsx,Rebates,1553,TD 2026 Amzn Business - Feb Bulk Buy Offer- Tea
mom,Fcst Inc Cases is not positive,Amazon,NA-AMAZON CANADA,2026,September,6320914197,TDL GRANOLA BAR SALTED CARAMEL 12/5 EA,000IWNXEA,Closed,0.0,2026-02-25,2026-02-25,DR 2026 - 2026-08-28 (EXCEXP_TLS_000JHWRH0).xlsx,Rebates,1554,TD 2026 Amzn Business - Feb Bulk Buy Offer- Tea
mom,Fcst Inc Cases is not positive,Amazon,NA-AMAZON CANADA,2026,September,6320916556,TDL GRANOLA BAR BLUEBERRY 12/5 EA,000IWNXEA,Closed,0.0,2026-02-25,2026-02-25,DR 2026 - 2026-08-28 (EXCEXP_TLS_000JHWRH0).xlsx,Rebates,1555,TD 2026 Amzn Business - Feb Bulk Buy Offer- Tea
mom,Fcst Inc Cases is not positive,Amazon,NA-AMAZON CANADA,2026,September,6320914195,TDL GRANOLA BAR APPLE FRITTER 12/5 EA,000IWNXEA,Closed,0.0,2026-02-25,2026-02-25,DR 2026 - 2026-08-28 (EXCEXP_TLS_000JHWRH0).xlsx,Rebates,1556,TD 2026 Amzn Business - Feb Bulk Buy Offer- Tea
mom,Fcst Inc Cases is not positive,Amazon,NA-AMAZON CANADA,2026,September,6320916881,TDL DOUBLE DOUBLE PACKET 5/8 EA,000IWNXEA,Closed,0.0,2026-02-25,2026-02-25,DR 2026 - 2026-08-28 (EXCEXP_TLS_000JHWRH0).xlsx,Rebates,1557,TD 2026 Amzn Business - Feb Bulk Buy Offer- Tea
mom,Fcst Inc Cases is not positive,Amazon,NA-AMAZON CANADA,2026,September,6320919180,TDL CREAMY CHICKEN 12/540 ML,000IWNXEA,Closed,0.0,2026-02-25,2026-02-25,DR 2026 - 2026-08-28 (EXCEXP_TLS_000JHWRH0).xlsx,Rebates,1558,TD 2026 Amzn Business - Feb Bulk Buy Offer- Tea
mom,Fcst Inc Cases is not positive,Amazon,NA-AMAZON CANADA,2026,September,6320917201,TDL BUTTERNUT SQUASH 12/540 ML,000IWNXEA,Closed,0.0,2026-02-25,2026-02-25,DR 2026 - 2026-08-28 (EXCEXP_TLS_000JHWRH0).xlsx,Rebates,1559,TD 2026 Amzn Business - Feb Bulk Buy Offer- Tea
mom,Fcst Inc Cases is not positive,Amazon,NA-AMAZON CANADA,2026,September,6320922294,TDL BEEF BARLEY + VEGETABLES 12/540 ML,000IWNXEA,Closed,0.0,2026-02-25,2026-02-25,DR 2026 - 2026-08-28 (EXCEXP_TLS_000JHWRH0).xlsx,Rebates,1560,TD 2026 Amzn Business - Feb Bulk Buy Offer- Tea
mom,Fcst Inc Cases is not positive,Amazon,NA-AMAZON CANADA,2026,September,6320915575,TDL POTATO BACON 12/540 ML,000IW1257,Closed,0.0,2026-02-26,2026-02-26,DR 2026 - 2026-08-28 (EXCEXP_TLS_000JHWRH0).xlsx,Rebates,1564,TD 2026 Amzn Business - Feb Bulk Buy Offer
mom,Fcst Inc Cases is not positive,Amazon,NA-AMAZON CANADA,2026,September,6320914642,TDL INSTANT COFFEE DARK 12/100 GR,000IW1257,Closed,0.0,2026-02-26,2026-02-26,DR 2026 - 2026-08-28 (EXCEXP_TLS_000JHWRH0).xlsx,Rebates,1575,TD 2026 Amzn Business - Feb Bulk Buy Offer
mom,Fcst Inc Cases is not positive,Amazon,NA-AMAZON CANADA,2026,September,6320915074,TDL HOT CHOC / FV PACKET 4/24 EA,000IW1257,Closed,0.0,2026-02-26,2026-02-26,DR 2026 - 2026-08-28 (EXCEXP_TLS_000JHWRH0).xlsx,Rebates,1576,TD 2026 Amzn Business - Feb Bulk Buy Offer
mom,Fcst Inc Cases is not positive,Amazon,NA-AMAZON CANADA,2026,September,6320916556,TDL GRANOLA BAR BLUEBERRY 12/5 EA,000IW1257,Closed,0.0,2026-02-26,2026-02-26,DR 2026 - 2026-08-28 (EXCEXP_TLS_000JHWRH0).xlsx,Rebates,1578,TD 2026 Amzn Business - Feb Bulk Buy Offer
mom,Fcst Inc Cases is not positive,Amazon,NA-AMAZON CANADA,2026,September,6320919180,TDL CREAMY CHICKEN 12/540 ML,000IW1257,Closed,0.0,2026-02-26,2026-02-26,DR 2026 - 2026-08-28 (EXCEXP_TLS_000JHWRH0).xlsx,Rebates,1581,TD 2026 Amzn Business - Feb Bulk Buy Offer
mom,Fcst Inc Cases is not positive,Amazon,NA-AMAZON CANADA,2026,September,TDL,TDL CAN,000ITPMZ7,Committed,0.0,2026-02-28,2026-03-31,DR 2026 - 2026-08-28 (EXCEXP_TLS_000JHWRH0).xlsx,Rebates,1585,TD 2026 Amzn B2B $50k Accrual - monthly payment March
mom,Fcst Inc Cases is not positive,Amazon,NA-AMAZON CANADA,2026,September,TDL,TDL CAN,000ITPMZ2,Committed,0.0,2026-03-31,2026-04-30,DR 2026 - 2026-08-28 (EXCEXP_TLS_000JHWRH0).xlsx,Rebates,1594,TD 2026 Amzn B2B $50k Accrual - monthly payment April
mom,Fcst Inc Cases is not positive,Amazon,NA-AMAZON CANADA,2026,September,TDL,TDL CAN,000ITPNHX,Committed,0.0,2026-04-30,2026-05-31,DR 2026 - 2026-08-28 (EXCEXP_TLS_000JHWRH0).xlsx,Rebates,1600,TD 2026 Amzn B2B $50k Accrual - monthly payment May
mom,Fcst Inc Cases is not positive,Amazon,NA-AMAZON CANADA,2026,September,6320912804,TDL CREAM OF BROCCOLI 12/540 ML,000JFNTRU,Closed,0.0,2026-07-27,2026-07-27,DR 2026 - 2026-08-28 (EXCEXP_TLS_000JHWRH0).xlsx,Rebates,1638,TD 2026 Amzn - July 27 Bulk Buy
mom,Fcst Inc Cases is not positive,Amazon,NA-AMAZON CANADA,2026,September,6320911274,TDL VARIETY KCUP SS 4/30 CT,000JFOQSZ,Closed,0.0,2026-07-28,2026-07-28,DR 2026 - 2026-08-28 (EXCEXP_TLS_000JHWRH0).xlsx,Rebates,1646,TD 2026 Amzn - July 27 Bulk Buy
mom,Fcst Inc Cases is not positive,Amazon,NA-AMAZON CANADA,2026,September,6320911273,TDL ORIGINAL KCUP SS 4/30 CT,000JFOQSZ,Closed,0.0,2026-07-28,2026-07-28,DR 2026 - 2026-08-28 (EXCEXP_TLS_000JHWRH0).xlsx,Rebates,1647,TD 2026 Amzn - July 27 Bulk Buy
mom,Fcst Inc Cases is not positive,Amazon,NA-AMAZON CANADA,2026,September,6320918583,TDL NCOMP DECAF ESPRESSO 10/10 CT,000JFOQSZ,Closed,0.0,2026-07-28,2026-07-28,DR 2026 - 2026-08-28 (EXCEXP_TLS_000JHWRH0).xlsx,Rebates,1648,TD 2026 Amzn - July 27 Bulk Buy
mom,Fcst Inc Cases is not positive,Amazon,NA-AMAZON CANADA,2026,September,6320914723,TDL KCUP ORIGINAL SS 4/48 CT,000JFOQSZ,Closed,0.0,2026-07-28,2026-07-28,DR 2026 - 2026-08-28 (EXCEXP_TLS_000JHWRH0).xlsx,Rebates,1653,TD 2026 Amzn - July 27 Bulk Buy
mom,Fcst Inc Cases is not positive,Amazon,NA-AMAZON CANADA,2026,September,6320912574,TDL KCUP ORANGE PEKOE TEA 4/30 CT,000JFOQSZ,Closed,0.0,2026-07-28,2026-07-28,DR 2026 - 2026-08-28 (EXCEXP_TLS_000JHWRH0).xlsx,Rebates,1654,TD 2026 Amzn - July 27 Bulk Buy
mom,Fcst Inc Cases is not positive,Amazon,NA-AMAZON CANADA,2026,September,6320916482,TDL KCUP MAPLE SS 6/12 CT,000JFOQSZ,Closed,0.0,2026-07-28,2026-07-28,DR 2026 - 2026-08-28 (EXCEXP_TLS_000JHWRH0).xlsx,Rebates,1655,TD 2026 Amzn - July 27 Bulk Buy
mom,Fcst Inc Cases is not positive,Amazon,NA-AMAZON CANADA,2026,September,6320911300,TDL KCUP HOT CHOC ORIGINAL SS 6/10 CT,000JFOQSZ,Closed,0.0,2026-07-28,2026-07-28,DR 2026 - 2026-08-28 (EXCEXP_TLS_000JHWRH0).xlsx,Rebates,1656,TD 2026 Amzn - July 27 Bulk Buy
mom,Fcst Inc Cases is not positive,Amazon,NA-AMAZON CANADA,2026,September,6320911855,TDL KCUP FRENCH VANILLA SS 6/12 CT,000JFOQSZ,Closed,0.0,2026-07-28,2026-07-28,DR 2026 - 2026-08-28 (EXCEXP_TLS_000JHWRH0).xlsx,Rebates,1658,TD 2026 Amzn - July 27 Bulk Buy
mom,Fcst Inc Cases is not positive,Amazon,NA-AMAZON CANADA,2026,September,6320914562,TDL KCUP FRENCH VANILLA 4/30 CT,000JFOQSZ,Closed,0.0,2026-07-28,2026-07-28,DR 2026 - 2026-08-28 (EXCEXP_TLS_000JHWRH0).xlsx,Rebates,1659,TD 2026 Amzn - July 27 Bulk Buy
mom,Fcst Inc Cases is not positive,Amazon,NA-AMAZON CANADA,2026,September,6320911851,TDL KCUP DARK ROAST SS 6/12 CT,000JFOQSZ,Closed,0.0,2026-07-28,2026-07-28,DR 2026 - 2026-08-28 (EXCEXP_TLS_000JHWRH0).xlsx,Rebates,1661,TD 2026 Amzn - July 27 Bulk Buy
mom,Fcst Inc Cases is not positive,Amazon,NA-AMAZON CANADA,2026,September,6320911853,TDL KCUP COLOMBIAN SS 6/12 CT,000JFOQSZ,Closed,0.0,2026-07-28,2026-07-28,DR 2026 - 2026-08-28 (EXCEXP_TLS_000JHWRH0).xlsx,Rebates,1663,TD 2026 Amzn - July 27 Bulk Buy
mom,Fcst Inc Cases is not positive,Amazon,NA-AMAZON CANADA,2026,September,6320911272,TDL KCUP CAPPUCCNO FRNCH VAN SS 6/10CT,000JFOQSZ,Closed,0.0,2026-07-28,2026-07-28,DR 2026 - 2026-08-28 (EXCEXP_TLS_000JHWRH0).xlsx,Rebates,1664,TD 2026 Amzn - July 27 Bulk Buy
mom,Fcst Inc Cases is not positive,Amazon,NA-AMAZON CANADA,2026,September,6320916559,TDL GRANOLA BAR CAFE MOCHA 12/5 EA,000JFOQSZ,Closed,0.0,2026-07-28,2026-07-28,DR 2026 - 2026-08-28 (EXCEXP_TLS_000JHWRH0).xlsx,Rebates,1665,TD 2026 Amzn - July 27 Bulk Buy
mom,Fcst Inc Cases is not positive,Amazon,NA-AMAZON CANADA,2026,September,6320911277,TDL DECAF KCUP SS 4/30 CT,000JFOQSZ,Closed,0.0,2026-07-28,2026-07-28,DR 2026 - 2026-08-28 (EXCEXP_TLS_000JHWRH0).xlsx,Rebates,1666,TD 2026 Amzn - July 27 Bulk Buy
mom,Fcst Inc Cases is not positive,Amazon,NA-AMAZON CANADA,2026,September,6320911276,TDL DARK ROAST KCUP SS 4/30 CT,000JFOQSZ,Closed,0.0,2026-07-28,2026-07-28,DR 2026 - 2026-08-28 (EXCEXP_TLS_000JHWRH0).xlsx,Rebates,1667,TD 2026 Amzn - July 27 Bulk Buy
mom,Fcst Inc Cases is not positive,Amazon,NA-AMAZON CANADA,2026,September,6320919087,TDL DARK ROAST BAG 6/652 GR,000JFOQSZ,Closed,0.0,2026-07-28,2026-07-28,DR 2026 - 2026-08-28 (EXCEXP_TLS_000JHWRH0).xlsx,Rebates,1668,TD 2026 Amzn - July 27 Bulk Buy
mom,Fcst Inc Cases is not positive,Amazon,NA-AMAZON CANADA,2026,September,6320917200,TDL CREAM OF MUSHROOM 12/540 ML,000JFOQSZ,Closed,0.0,2026-07-28,2026-07-28,DR 2026 - 2026-08-28 (EXCEXP_TLS_000JHWRH0).xlsx,Rebates,1669,TD 2026 Amzn - July 27 Bulk Buy
mom,Fcst Inc Cases is not positive,Amazon,NA-AMAZON CANADA,2026,September,6320912804,TDL CREAM OF BROCCOLI 12/540 ML,000JFOQSZ,Closed,0.0,2026-07-28,2026-07-28,DR 2026 - 2026-08-28 (EXCEXP_TLS_000JHWRH0).xlsx,Rebates,1670,TD 2026 Amzn - July 27 Bulk Buy
mom,Fcst Inc Cases is not positive,Amazon,NA-AMAZON CANADA,2026,September,6320912646,TDL CHAI TEA 6/20 CT,000JFOQSZ,Closed,0.0,2026-07-28,2026-07-28,DR 2026 - 2026-08-28 (EXCEXP_TLS_000JHWRH0).xlsx,Rebates,1672,TD 2026 Amzn - July 27 Bulk Buy
mom,Fcst Inc Cases is not positive,Amazon,NA-AMAZON CANADA,2026,September,6320909370,TDL CAPPUCCINO FRENCH VANILLA 12/454 GR,000JFOQSZ,Closed,0.0,2026-07-28,2026-07-28,DR 2026 - 2026-08-28 (EXCEXP_TLS_000JHWRH0).xlsx,Rebates,1673,TD 2026 Amzn - July 27 Bulk Buy
mom,Fcst Inc Cases is not positive,Amazon,NA-AMAZON CANADA,2026,September,6320920264,TDL CANDY CANE HOT CHOCOLATE 12/450 GR,000JFOQSZ,Closed,0.0,2026-07-28,2026-07-28,DR 2026 - 2026-08-28 (EXCEXP_TLS_000JHWRH0).xlsx,Rebates,1674,TD 2026 Amzn - July 27 Bulk Buy
mom,Fcst Inc Cases is not positive,Amazon,NA-AMAZON CANADA,2026,September,6320916882,TDL CAFE MOCHA PACKET 5/8 EA,000JFOQSZ,Closed,0.0,2026-07-28,2026-07-28,DR 2026 - 2026-08-28 (EXCEXP_TLS_000JHWRH0).xlsx,Rebates,1675,TD 2026 Amzn - July 27 Bulk Buy
mom,Fcst Inc Cases is not positive,Amazon,NA-AMAZON CANADA,2026,September,6320912645,TDL APPLE CINNAMON TEA 6/20 CT,000JFOQSZ,Closed,0.0,2026-07-28,2026-07-28,DR 2026 - 2026-08-28 (EXCEXP_TLS_000JHWRH0).xlsx,Rebates,1676,TD 2026 Amzn - July 27 Bulk Buy
mom,Fcst Inc Cases is not positive,Amazon,NA-AMAZON CANADA,2026,September,6320916482,TDL KCUP MAPLE SS 6/12 CT,000JFOQVN,Closed,0.0,2026-08-24,2026-08-24,DR 2026 - 2026-08-28 (EXCEXP_TLS_000JHWRH0).xlsx,Rebates,1688,TD 2026 Amzn - Aug 24 Bulk Buy
mom,Fcst Inc Cases is not positive,Amazon,NA-AMAZON CANADA,2026,September,6320914723,TDL KCUP ORIGINAL SS 4/48 CT,000JGQLDT,Closed,0.0,2026-08-25,2026-08-25,DR 2026 - 2026-08-28 (EXCEXP_TLS_000JHWRH0).xlsx,Rebates,1714,TD 2026 Amzn - Aug 25 Bulk Buy 2
mom,Fcst Inc Cases is not positive,Amazon,NA-AMAZON CANADA,2026,September,6320911300,TDL KCUP HOT CHOC ORIGINAL SS 6/10 CT,000JGQLDT,Closed,0.0,2026-08-25,2026-08-25,DR 2026 - 2026-08-28 (EXCEXP_TLS_000JHWRH0).xlsx,Rebates,1715,TD 2026 Amzn - Aug 25 Bulk Buy 2
mom,Fcst Inc Cases is not positive,Amazon,NA-AMAZON CANADA,2026,September,6320919087,TDL DARK ROAST BAG 6/652 GR,000JGQLDT,Closed,0.0,2026-08-25,2026-08-25,DR 2026 - 2026-08-28 (EXCEXP_TLS_000JHWRH0).xlsx,Rebates,1722,TD 2026 Amzn - Aug 25 Bulk Buy 2
mom,Fcst Inc Cases is not positive,Amazon,NA-AMAZON CANADA,2026,September,6320917200,TDL CREAM OF MUSHROOM 12/540 ML,000JGQLDT,Closed,0.0,2026-08-25,2026-08-25,DR 2026 - 2026-08-28 (EXCEXP_TLS_000JHWRH0).xlsx,Rebates,1723,TD 2026 Amzn - Aug 25 Bulk Buy 2
mom,Fcst Inc Cases is not positive,Amazon,NA-AMAZON CANADA,2026,September,6320912804,TDL CREAM OF BROCCOLI 12/540 ML,000JGQLDT,Closed,0.0,2026-08-25,2026-08-25,DR 2026 - 2026-08-28 (EXCEXP_TLS_000JHWRH0).xlsx,Rebates,1724,TD 2026 Amzn - Aug 25 Bulk Buy 2
mom,Fcst Inc Cases is not positive,Amazon,NA-AMAZON CANADA,2026,September,6320912646,TDL CHAI TEA 6/20 CT,000JGQLDT,Closed,0.0,2026-08-25,2026-08-25,DR 2026 - 2026-08-28 (EXCEXP_TLS_000JHWRH0).xlsx,Rebates,1726,TD 2026 Amzn - Aug 25 Bulk Buy 2
mom,Fcst Inc Cases is not positive,Amazon,NA-AMAZON CANADA,2026,September,6320920264,TDL CANDY CANE HOT CHOCOLATE 12/450 GR,000JGQLDT,Closed,0.0,2026-08-25,2026-08-25,DR 2026 - 2026-08-28 (EXCEXP_TLS_000JHWRH0).xlsx,Rebates,1727,TD 2026 Amzn - Aug 25 Bulk Buy 2
mom,Fcst Inc Cases is not positive,Amazon,NA-AMAZON CANADA,2026,September,6320916882,TDL CAFE MOCHA PACKET 5/8 EA,000JGQLDT,Closed,0.0,2026-08-25,2026-08-25,DR 2026 - 2026-08-28 (EXCEXP_TLS_000JHWRH0).xlsx,Rebates,1728,TD 2026 Amzn - Aug 25 Bulk Buy 2
mom,Fcst Inc Cases is not positive,Amazon,NA-AMAZON CANADA,2026,September,6320912645,TDL APPLE CINNAMON TEA 6/20 CT,000JGQLDT,Closed,0.0,2026-08-25,2026-08-25,DR 2026 - 2026-08-28 (EXCEXP_TLS_000JHWRH0).xlsx,Rebates,1729,TD 2026 Amzn - Aug 25 Bulk Buy 2
mom,Fcst Inc Cases is not positive,Amazon,NA-AMAZON CANADA,2026,September,6320911274,TDL VARIETY KCUP SS 4/30 CT,000JFPND8,Closed,0.0,2026-08-25,2026-08-25,DR 2026 - 2026-08-28 (EXCEXP_TLS_000JHWRH0).xlsx,Rebates,1732,TD 2026 Amzn - Aug 25 Bulk Buy
mom,Fcst Inc Cases is not positive,Amazon,NA-AMAZON CANADA,2026,September,6320911273,TDL ORIGINAL KCUP SS 4/30 CT,000JFPND8,Closed,0.0,2026-08-25,2026-08-25,DR 2026 - 2026-08-28 (EXCEXP_TLS_000JHWRH0).xlsx,Rebates,1733,TD 2026 Amzn - Aug 25 Bulk Buy
mom,Fcst Inc Cases is not positive,Amazon,NA-AMAZON CANADA,2026,September,6320918583,TDL NCOMP DECAF ESPRESSO 10/10 CT,000JFPND8,Closed,0.0,2026-08-25,2026-08-25,DR 2026 - 2026-08-28 (EXCEXP_TLS_000JHWRH0).xlsx,Rebates,1734,TD 2026 Amzn - Aug 25 Bulk Buy
mom,Fcst Inc Cases is not positive,Amazon,NA-AMAZON CANADA,2026,September,6320911393,TDL KCUP TEA SS 6/12 CT,000JFPND8,Closed,0.0,2026-08-25,2026-08-25,DR 2026 - 2026-08-28 (EXCEXP_TLS_000JHWRH0).xlsx,Rebates,1738,TD 2026 Amzn - Aug 25 Bulk Buy
mom,Fcst Inc Cases is not positive,Amazon,NA-AMAZON CANADA,2026,September,6320914723,TDL KCUP ORIGINAL SS 4/48 CT,000JFPND8,Closed,0.0,2026-08-25,2026-08-25,DR 2026 - 2026-08-28 (EXCEXP_TLS_000JHWRH0).xlsx,Rebates,1740,TD 2026 Amzn - Aug 25 Bulk Buy
mom,Fcst Inc Cases is not positive,Amazon,NA-AMAZON CANADA,2026,September,6320912574,TDL KCUP ORANGE PEKOE TEA 4/30 CT,000JFPND8,Closed,0.0,2026-08-25,2026-08-25,DR 2026 - 2026-08-28 (EXCEXP_TLS_000JHWRH0).xlsx,Rebates,1741,TD 2026 Amzn - Aug 25 Bulk Buy
mom,Fcst Inc Cases is not positive,Amazon,NA-AMAZON CANADA,2026,September,6320916482,TDL KCUP MAPLE SS 6/12 CT,000JFPND8,Closed,0.0,2026-08-25,2026-08-25,DR 2026 - 2026-08-28 (EXCEXP_TLS_000JHWRH0).xlsx,Rebates,1742,TD 2026 Amzn - Aug 25 Bulk Buy
mom,Fcst Inc Cases is not positive,Amazon,NA-AMAZON CANADA,2026,September,6320911300,TDL KCUP HOT CHOC ORIGINAL SS 6/10 CT,000JFPND8,Closed,0.0,2026-08-25,2026-08-25,DR 2026 - 2026-08-28 (EXCEXP_TLS_000JHWRH0).xlsx,Rebates,1743,TD 2026 Amzn - Aug 25 Bulk Buy
mom,Fcst Inc Cases is not positive,Amazon,NA-AMAZON CANADA,2026,September,6320911855,TDL KCUP FRENCH VANILLA SS 6/12 CT,000JFPND8,Closed,0.0,2026-08-25,2026-08-25,DR 2026 - 2026-08-28 (EXCEXP_TLS_000JHWRH0).xlsx,Rebates,1745,TD 2026 Amzn - Aug 25 Bulk Buy
mom,Fcst Inc Cases is not positive,Amazon,NA-AMAZON CANADA,2026,September,6320914562,TDL KCUP FRENCH VANILLA 4/30 CT,000JFPND8,Closed,0.0,2026-08-25,2026-08-25,DR 2026 - 2026-08-28 (EXCEXP_TLS_000JHWRH0).xlsx,Rebates,1746,TD 2026 Amzn - Aug 25 Bulk Buy
mom,Fcst Inc Cases is not positive,Amazon,NA-AMAZON CANADA,2026,September,6320911851,TDL KCUP DARK ROAST SS 6/12 CT,000JFPND8,Closed,0.0,2026-08-25,2026-08-25,DR 2026 - 2026-08-28 (EXCEXP_TLS_000JHWRH0).xlsx,Rebates,1748,TD 2026 Amzn - Aug 25 Bulk Buy
mom,Fcst Inc Cases is not positive,Amazon,NA-AMAZON CANADA,2026,September,6320914724,TDL KCUP DARK ROAST SS 4/48 CT,000JFPND8,Closed,0.0,2026-08-25,2026-08-25,DR 2026 - 2026-08-28 (EXCEXP_TLS_000JHWRH0).xlsx,Rebates,1749,TD 2026 Amzn - Aug 25 Bulk Buy
mom,Fcst Inc Cases is not positive,Amazon,NA-AMAZON CANADA,2026,September,6320911853,TDL KCUP COLOMBIAN SS 6/12 CT,000JFPND8,Closed,0.0,2026-08-25,2026-08-25,DR 2026 - 2026-08-28 (EXCEXP_TLS_000JHWRH0).xlsx,Rebates,1750,TD 2026 Amzn - Aug 25 Bulk Buy
mom,Fcst Inc Cases is not positive,Amazon,NA-AMAZON CANADA,2026,September,6320911272,TDL KCUP CAPPUCCNO FRNCH VAN SS 6/10CT,000JFPND8,Closed,0.0,2026-08-25,2026-08-25,DR 2026 - 2026-08-28 (EXCEXP_TLS_000JHWRH0).xlsx,Rebates,1751,TD 2026 Amzn - Aug 25 Bulk Buy
mom,Fcst Inc Cases is not positive,Amazon,NA-AMAZON CANADA,2026,September,6320916559,TDL GRANOLA BAR CAFE MOCHA 12/5 EA,000JFPND8,Closed,0.0,2026-08-25,2026-08-25,DR 2026 - 2026-08-28 (EXCEXP_TLS_000JHWRH0).xlsx,Rebates,1752,TD 2026 Amzn - Aug 25 Bulk Buy
mom,Fcst Inc Cases is not positive,Amazon,NA-AMAZON CANADA,2026,September,6320911277,TDL DECAF KCUP SS 4/30 CT,000JFPND8,Closed,0.0,2026-08-25,2026-08-25,DR 2026 - 2026-08-28 (EXCEXP_TLS_000JHWRH0).xlsx,Rebates,1753,TD 2026 Amzn - Aug 25 Bulk Buy
mom,Fcst Inc Cases is not positive,Amazon,NA-AMAZON CANADA,2026,September,6320911276,TDL DARK ROAST KCUP SS 4/30 CT,000JFPND8,Closed,0.0,2026-08-25,2026-08-25,DR 2026 - 2026-08-28 (EXCEXP_TLS_000JHWRH0).xlsx,Rebates,1754,TD 2026 Amzn - Aug 25 Bulk Buy
mom,Fcst Inc Cases is not positive,Amazon,NA-AMAZON CANADA,2026,September,6320919087,TDL DARK ROAST BAG 6/652 GR,000JFPND8,Closed,0.0,2026-08-25,2026-08-25,DR 2026 - 2026-08-28 (EXCEXP_TLS_000JHWRH0).xlsx,Rebates,1755,TD 2026 Amzn - Aug 25 Bulk Buy
mom,Fcst Inc Cases is not positive,Amazon,NA-AMAZON CANADA,2026,September,6320917200,TDL CREAM OF MUSHROOM 12/540 ML,000JFPND8,Closed,0.0,2026-08-25,2026-08-25,DR 2026 - 2026-08-28 (EXCEXP_TLS_000JHWRH0).xlsx,Rebates,1756,TD 2026 Amzn - Aug 25 Bulk Buy
mom,Fcst Inc Cases is not positive,Amazon,NA-AMAZON CANADA,2026,September,6320912804,TDL CREAM OF BROCCOLI 12/540 ML,000JFPND8,Closed,0.0,2026-08-25,2026-08-25,DR 2026 - 2026-08-28 (EXCEXP_TLS_000JHWRH0).xlsx,Rebates,1757,TD 2026 Amzn - Aug 25 Bulk Buy
mom,Fcst Inc Cases is not positive,Amazon,NA-AMAZON CANADA,2026,September,6618809040,TDL COFFEE TASSIMO REG 5/14 CT,000JFPND8,Closed,0.0,2026-08-25,2026-08-25,DR 2026 - 2026-08-28 (EXCEXP_TLS_000JHWRH0).xlsx,Rebates,1758,TD 2026 Amzn - Aug 25 Bulk Buy
mom,Fcst Inc Cases is not positive,Amazon,NA-AMAZON CANADA,2026,September,6320912646,TDL CHAI TEA 6/20 CT,000JFPND8,Closed,0.0,2026-08-25,2026-08-25,DR 2026 - 2026-08-28 (EXCEXP_TLS_000JHWRH0).xlsx,Rebates,1759,TD 2026 Amzn - Aug 25 Bulk Buy
mom,Fcst Inc Cases is not positive,Amazon,NA-AMAZON CANADA,2026,September,6320909370,TDL CAPPUCCINO FRENCH VANILLA 12/454 GR,000JFPND8,Closed,0.0,2026-08-25,2026-08-25,DR 2026 - 2026-08-28 (EXCEXP_TLS_000JHWRH0).xlsx,Rebates,1760,TD 2026 Amzn - Aug 25 Bulk Buy
mom,Fcst Inc Cases is not positive,Amazon,NA-AMAZON CANADA,2026,September,6320920264,TDL CANDY CANE HOT CHOCOLATE 12/450 GR,000JFPND8,Closed,0.0,2026-08-25,2026-08-25,DR 2026 - 2026-08-28 (EXCEXP_TLS_000JHWRH0).xlsx,Rebates,1761,TD 2026 Amzn - Aug 25 Bulk Buy
mom,Fcst Inc Cases is not positive,Amazon,NA-AMAZON CANADA,2026,September,6320916882,TDL CAFE MOCHA PACKET 5/8 EA,000JFPND8,Closed,0.0,2026-08-25,2026-08-25,DR 2026 - 2026-08-28 (EXCEXP_TLS_000JHWRH0).xlsx,Rebates,1762,TD 2026 Amzn - Aug 25 Bulk Buy
mom,Fcst Inc Cases is not positive,Amazon,NA-AMAZON CANADA,2026,September,6320912645,TDL APPLE CINNAMON TEA 6/20 CT,000JFPND8,Closed,0.0,2026-08-25,2026-08-25,DR 2026 - 2026-08-28 (EXCEXP_TLS_000JHWRH0).xlsx,Rebates,1763,TD 2026 Amzn - Aug 25 Bulk Buy
mom,Fcst Inc Cases is not positive,Amazon,NA-AMAZON CANADA,2026,September,6320911393,TDL KCUP TEA SS 6/12 CT,000JFPNGV,Committed,0.0,2026-09-23,2026-09-23,DR 2026 - 2026-08-28 (EXCEXP_TLS_000JHWRH0).xlsx,Rebates,1773,TD 2026 Amzn - Sept 23 Bulk Buy
mom,Fcst Inc Cases is not positive,Amazon,NA-AMAZON CANADA,2026,September,6320911274,TDL VARIETY KCUP SS 4/30 CT,000JFPPOV,Committed,0.0,2026-09-24,2026-09-24,DR 2026 - 2026-08-28 (EXCEXP_TLS_000JHWRH0).xlsx,Rebates,1800,TD 2026 Amzn - Sept 24 Bulk Buy
mom,Fcst Inc Cases is not positive,Amazon,NA-AMAZON CANADA,2026,September,6320911273,TDL ORIGINAL KCUP SS 4/30 CT,000JFPPOV,Committed,0.0,2026-09-24,2026-09-24,DR 2026 - 2026-08-28 (EXCEXP_TLS_000JHWRH0).xlsx,Rebates,1801,TD 2026 Amzn - Sept 24 Bulk Buy
mom,Fcst Inc Cases is not positive,Amazon,NA-AMAZON CANADA,2026,September,6320918583,TDL NCOMP DECAF ESPRESSO 10/10 CT,000JFPPOV,Committed,0.0,2026-09-24,2026-09-24,DR 2026 - 2026-08-28 (EXCEXP_TLS_000JHWRH0).xlsx,Rebates,1802,TD 2026 Amzn - Sept 24 Bulk Buy
mom,Fcst Inc Cases is not positive,Amazon,NA-AMAZON CANADA,2026,September,6320911393,TDL KCUP TEA SS 6/12 CT,000JFPPOV,Committed,0.0,2026-09-24,2026-09-24,DR 2026 - 2026-08-28 (EXCEXP_TLS_000JHWRH0).xlsx,Rebates,1806,TD 2026 Amzn - Sept 24 Bulk Buy
mom,Fcst Inc Cases is not positive,Amazon,NA-AMAZON CANADA,2026,September,6320914723,TDL KCUP ORIGINAL SS 4/48 CT,000JFPPOV,Committed,0.0,2026-09-24,2026-09-24,DR 2026 - 2026-08-28 (EXCEXP_TLS_000JHWRH0).xlsx,Rebates,1808,TD 2026 Amzn - Sept 24 Bulk Buy
mom,Fcst Inc Cases is not positive,Amazon,NA-AMAZON CANADA,2026,September,6320912574,TDL KCUP ORANGE PEKOE TEA 4/30 CT,000JFPPOV,Committed,0.0,2026-09-24,2026-09-24,DR 2026 - 2026-08-28 (EXCEXP_TLS_000JHWRH0).xlsx,Rebates,1809,TD 2026 Amzn - Sept 24 Bulk Buy
mom,Fcst Inc Cases is not positive,Amazon,NA-AMAZON CANADA,2026,September,6320916482,TDL KCUP MAPLE SS 6/12 CT,000JFPPOV,Committed,0.0,2026-09-24,2026-09-24,DR 2026 - 2026-08-28 (EXCEXP_TLS_000JHWRH0).xlsx,Rebates,1810,TD 2026 Amzn - Sept 24 Bulk Buy
mom,Fcst Inc Cases is not positive,Amazon,NA-AMAZON CANADA,2026,September,6320911300,TDL KCUP HOT CHOC ORIGINAL SS 6/10 CT,000JFPPOV,Committed,0.0,2026-09-24,2026-09-24,DR 2026 - 2026-08-28 (EXCEXP_TLS_000JHWRH0).xlsx,Rebates,1811,TD 2026 Amzn - Sept 24 Bulk Buy
mom,Fcst Inc Cases is not positive,Amazon,NA-AMAZON CANADA,2026,September,6320911855,TDL KCUP FRENCH VANILLA SS 6/12 CT,000JFPPOV,Committed,0.0,2026-09-24,2026-09-24,DR 2026 - 2026-08-28 (EXCEXP_TLS_000JHWRH0).xlsx,Rebates,1813,TD 2026 Amzn - Sept 24 Bulk Buy
mom,Fcst Inc Cases is not positive,Amazon,NA-AMAZON CANADA,2026,September,6320914562,TDL KCUP FRENCH VANILLA 4/30 CT,000JFPPOV,Committed,0.0,2026-09-24,2026-09-24,DR 2026 - 2026-08-28 (EXCEXP_TLS_000JHWRH0).xlsx,Rebates,1814,TD 2026 Amzn - Sept 24 Bulk Buy
mom,Fcst Inc Cases is not positive,Amazon,NA-AMAZON CANADA,2026,September,6320911851,TDL KCUP DARK ROAST SS 6/12 CT,000JFPPOV,Committed,0.0,2026-09-24,2026-09-24,DR 2026 - 2026-08-28 (EXCEXP_TLS_000JHWRH0).xlsx,Rebates,1816,TD 2026 Amzn - Sept 24 Bulk Buy
mom,Fcst Inc Cases is not positive,Amazon,NA-AMAZON CANADA,2026,September,6320914724,TDL KCUP DARK ROAST SS 4/48 CT,000JFPPOV,Committed,0.0,2026-09-24,2026-09-24,DR 2026 - 2026-08-28 (EXCEXP_TLS_000JHWRH0).xlsx,Rebates,1817,TD 2026 Amzn - Sept 24 Bulk Buy
mom,Fcst Inc Cases is not positive,Amazon,NA-AMAZON CANADA,2026,September,6320911853,TDL KCUP COLOMBIAN SS 6/12 CT,000JFPPOV,Committed,0.0,2026-09-24,2026-09-24,DR 2026 - 2026-08-28 (EXCEXP_TLS_000JHWRH0).xlsx,Rebates,1818,TD 2026 Amzn - Sept 24 Bulk Buy
mom,Fcst Inc Cases is not positive,Amazon,NA-AMAZON CANADA,2026,September,6320911272,TDL KCUP CAPPUCCNO FRNCH VAN SS 6/10CT,000JFPPOV,Committed,0.0,2026-09-24,2026-09-24,DR 2026 - 2026-08-28 (EXCEXP_TLS_000JHWRH0).xlsx,Rebates,1819,TD 2026 Amzn - Sept 24 Bulk Buy
mom,Fcst Inc Cases is not positive,Amazon,NA-AMAZON CANADA,2026,September,6320916559,TDL GRANOLA BAR CAFE MOCHA 12/5 EA,000JFPPOV,Committed,0.0,2026-09-24,2026-09-24,DR 2026 - 2026-08-28 (EXCEXP_TLS_000JHWRH0).xlsx,Rebates,1820,TD 2026 Amzn - Sept 24 Bulk Buy
mom,Fcst Inc Cases is not positive,Amazon,NA-AMAZON CANADA,2026,September,6320911277,TDL DECAF KCUP SS 4/30 CT,000JFPPOV,Committed,0.0,2026-09-24,2026-09-24,DR 2026 - 2026-08-28 (EXCEXP_TLS_000JHWRH0).xlsx,Rebates,1821,TD 2026 Amzn - Sept 24 Bulk Buy
mom,Fcst Inc Cases is not positive,Amazon,NA-AMAZON CANADA,2026,September,6320911276,TDL DARK ROAST KCUP SS 4/30 CT,000JFPPOV,Committed,0.0,2026-09-24,2026-09-24,DR 2026 - 2026-08-28 (EXCEXP_TLS_000JHWRH0).xlsx,Rebates,1822,TD 2026 Amzn - Sept 24 Bulk Buy
mom,Fcst Inc Cases is not positive,Amazon,NA-AMAZON CANADA,2026,September,6320919087,TDL DARK ROAST BAG 6/652 GR,000JFPPOV,Committed,0.0,2026-09-24,2026-09-24,DR 2026 - 2026-08-28 (EXCEXP_TLS_000JHWRH0).xlsx,Rebates,1823,TD 2026 Amzn - Sept 24 Bulk Buy
mom,Fcst Inc Cases is not positive,Amazon,NA-AMAZON CANADA,2026,September,6320917200,TDL CREAM OF MUSHROOM 12/540 ML,000JFPPOV,Committed,0.0,2026-09-24,2026-09-24,DR 2026 - 2026-08-28 (EXCEXP_TLS_000JHWRH0).xlsx,Rebates,1824,TD 2026 Amzn - Sept 24 Bulk Buy
mom,Fcst Inc Cases is not positive,Amazon,NA-AMAZON CANADA,2026,September,6320912804,TDL CREAM OF BROCCOLI 12/540 ML,000JFPPOV,Committed,0.0,2026-09-24,2026-09-24,DR 2026 - 2026-08-28 (EXCEXP_TLS_000JHWRH0).xlsx,Rebates,1825,TD 2026 Amzn - Sept 24 Bulk Buy
mom,Fcst Inc Cases is not positive,Amazon,NA-AMAZON CANADA,2026,September,6618809040,TDL COFFEE TASSIMO REG 5/14 CT,000JFPPOV,Committed,0.0,2026-09-24,2026-09-24,DR 2026 - 2026-08-28 (EXCEXP_TLS_000JHWRH0).xlsx,Rebates,1826,TD 2026 Amzn - Sept 24 Bulk Buy
mom,Fcst Inc Cases is not positive,Amazon,NA-AMAZON CANADA,2026,September,6320912646,TDL CHAI TEA 6/20 CT,000JFPPOV,Committed,0.0,2026-09-24,2026-09-24,DR 2026 - 2026-08-28 (EXCEXP_TLS_000JHWRH0).xlsx,Rebates,1827,TD 2026 Amzn - Sept 24 Bulk Buy
mom,Fcst Inc Cases is not positive,Amazon,NA-AMAZON CANADA,2026,September,6320909370,TDL CAPPUCCINO FRENCH VANILLA 12/454 GR,000JFPPOV,Committed,0.0,2026-09-24,2026-09-24,DR 2026 - 2026-08-28 (EXCEXP_TLS_000JHWRH0).xlsx,Rebates,1828,TD 2026 Amzn - Sept 24 Bulk Buy
mom,Fcst Inc Cases is not positive,Amazon,NA-AMAZON CANADA,2026,September,6320920264,TDL CANDY CANE HOT CHOCOLATE 12/450 GR,000JFPPOV,Committed,0.0,2026-09-24,2026-09-24,DR 2026 - 2026-08-28 (EXCEXP_TLS_000JHWRH0).xlsx,Rebates,1829,TD 2026 Amzn - Sept 24 Bulk Buy
mom,Fcst Inc Cases is not positive,Amazon,NA-AMAZON CANADA,2026,September,6320916882,TDL CAFE MOCHA PACKET 5/8 EA,000JFPPOV,Committed,0.0,2026-09-24,2026-09-24,DR 2026 - 2026-08-28 (EXCEXP_TLS_000JHWRH0).xlsx,Rebates,1830,TD 2026 Amzn - Sept 24 Bulk Buy
mom,Fcst Inc Cases is not positive,Amazon,NA-AMAZON CANADA,2026,September,6320912645,TDL APPLE CINNAMON TEA 6/20 CT,000JFPPOV,Committed,0.0,2026-09-24,2026-09-24,DR 2026 - 2026-08-28 (EXCEXP_TLS_000JHWRH0).xlsx,Rebates,1831,TD 2026 Amzn - Sept 24 Bulk Buy
mom,Fcst Inc Cases is not positive,Amazon,NA-AMAZON CANADA,2026,September,6320911300,TDL KCUP HOT CHOC ORIGINAL SS 6/10 CT,000JH0QDQ,Committed,0.0,2026-09-24,2026-09-24,DR 2026 - 2026-08-28 (EXCEXP_TLS_000JHWRH0).xlsx,Rebates,1838,TD 2026 Amzn - Sept 25 Bulk Buy 2
mom,Fcst Inc Cases is not positive,Amazon,NA-AMAZON CANADA,2026,September,6320919087,TDL DARK ROAST BAG 6/652 GR,000JH0QDQ,Committed,0.0,2026-09-24,2026-09-24,DR 2026 - 2026-08-28 (EXCEXP_TLS_000JHWRH0).xlsx,Rebates,1846,TD 2026 Amzn - Sept 25 Bulk Buy 2
mom,Fcst Inc Cases is not positive,Amazon,NA-AMAZON CANADA,2026,September,6320917200,TDL CREAM OF MUSHROOM 12/540 ML,000JH0QDQ,Committed,0.0,2026-09-24,2026-09-24,DR 2026 - 2026-08-28 (EXCEXP_TLS_000JHWRH0).xlsx,Rebates,1847,TD 2026 Amzn - Sept 25 Bulk Buy 2
mom,Fcst Inc Cases is not positive,Amazon,NA-AMAZON CANADA,2026,September,6320912646,TDL CHAI TEA 6/20 CT,000JH0QDQ,Committed,0.0,2026-09-24,2026-09-24,DR 2026 - 2026-08-28 (EXCEXP_TLS_000JHWRH0).xlsx,Rebates,1850,TD 2026 Amzn - Sept 25 Bulk Buy 2
mom,Fcst Inc Cases is not positive,Amazon,NA-AMAZON CANADA,2026,September,6320920264,TDL CANDY CANE HOT CHOCOLATE 12/450 GR,000JH0QDQ,Committed,0.0,2026-09-24,2026-09-24,DR 2026 - 2026-08-28 (EXCEXP_TLS_000JHWRH0).xlsx,Rebates,1851,TD 2026 Amzn - Sept 25 Bulk Buy 2
mom,Fcst Inc Cases is not positive,Amazon,NA-AMAZON CANADA,2026,September,6320916882,TDL CAFE MOCHA PACKET 5/8 EA,000JH0QDQ,Committed,0.0,2026-09-24,2026-09-24,DR 2026 - 2026-08-28 (EXCEXP_TLS_000JHWRH0).xlsx,Rebates,1852,TD 2026 Amzn - Sept 25 Bulk Buy 2
mom,Fcst Inc Cases is not positive,Amazon,NA-AMAZON CANADA,2026,September,6320912645,TDL APPLE CINNAMON TEA 6/20 CT,000JH0QDQ,Committed,0.0,2026-09-24,2026-09-24,DR 2026 - 2026-08-28 (EXCEXP_TLS_000JHWRH0).xlsx,Rebates,1853,TD 2026 Amzn - Sept 25 Bulk Buy 2
mom,Fcst Inc Cases is not positive,Amazon,NA-AMAZON CANADA,2026,September,6320911300,TDL KCUP HOT CHOC ORIGINAL SS 6/10 CT,000JH0QG4,Committed,0.0,2026-10-26,2026-10-26,DR 2026 - 2026-08-28 (EXCEXP_TLS_000JHWRH0).xlsx,Rebates,1862,TD 2026 Amzn - Oct 26 Bulk Buy 2
mom,Fcst Inc Cases is not positive,Amazon,NA-AMAZON CANADA,2026,September,6320917200,TDL CREAM OF MUSHROOM 12/540 ML,000JH0QG4,Committed,0.0,2026-10-26,2026-10-26,DR 2026 - 2026-08-28 (EXCEXP_TLS_000JHWRH0).xlsx,Rebates,1873,TD 2026 Amzn - Oct 26 Bulk Buy 2
mom,Fcst Inc Cases is not positive,Amazon,NA-AMAZON CANADA,2026,September,6320912646,TDL CHAI TEA 6/20 CT,000JH0QG4,Committed,0.0,2026-10-26,2026-10-26,DR 2026 - 2026-08-28 (EXCEXP_TLS_000JHWRH0).xlsx,Rebates,1876,TD 2026 Amzn - Oct 26 Bulk Buy 2
mom,Fcst Inc Cases is not positive,Amazon,NA-AMAZON CANADA,2026,September,6320920264,TDL CANDY CANE HOT CHOCOLATE 12/450 GR,000JH0QG4,Committed,0.0,2026-10-26,2026-10-26,DR 2026 - 2026-08-28 (EXCEXP_TLS_000JHWRH0).xlsx,Rebates,1877,TD 2026 Amzn - Oct 26 Bulk Buy 2
mom,Fcst Inc Cases is not positive,Amazon,NA-AMAZON CANADA,2026,September,6320916882,TDL CAFE MOCHA PACKET 5/8 EA,000JH0QG4,Committed,0.0,2026-10-26,2026-10-26,DR 2026 - 2026-08-28 (EXCEXP_TLS_000JHWRH0).xlsx,Rebates,1878,TD 2026 Amzn - Oct 26 Bulk Buy 2
mom,Fcst Inc Cases is not positive,Amazon,NA-AMAZON CANADA,2026,September,6320912645,TDL APPLE CINNAMON TEA 6/20 CT,000JH0QG4,Committed,0.0,2026-10-26,2026-10-26,DR 2026 - 2026-08-28 (EXCEXP_TLS_000JHWRH0).xlsx,Rebates,1879,TD 2026 Amzn - Oct 26 Bulk Buy 2
mom,Fcst Inc Cases is not positive,Associated Grocers,NA-ASSOCIATED GROCERS,2026,September,TDHBKC-6/10,HB KCOMP 6/10CT,000ITZNQ0,Committed,0.0,2026-03-29,2026-04-04,DR 2026 - 2026-08-28 (EXCEXP_TLS_000JHWRH0).xlsx,Rebates,1928,"TD - AG WEEK 14 AD 12CT PODS, 14 TASS, 10CT HC, 825G-875G TI"
mom,Fcst Inc Cases is not positive,Atlantic Grocers,NA-ATLANTIC GROC,2026,September,6320911393,TDL KCUP TEA SS 6/12 CT,000JHTYVE,Planned,0.0,2026-01-01,2026-12-31,DR 2026 - 2026-08-28 (EXCEXP_TLS_000JHWRH0).xlsx,Rebates,2051,TD Spoilage - Kcups BOI SS
mom,Fcst Inc Cases is not positive,Atlantic Grocers,NA-ATLANTIC GROC,2026,September,TDSSKC-4/30,SS KCOMP 4/30CT,000ITZBMN,Committed,0.0,2026-08-13,2026-08-19,DR 2026 - 2026-08-28 (EXCEXP_TLS_000JHWRH0).xlsx,Rebates,2089,TD AGD Kcups 30ct RPC-  LS $500 Klondyke Days & Celebration
mom,Fcst Inc Cases is not positive,Atlantic Grocers,NA-ATLANTIC GROC,2026,September,TDSSKC-6/12,SS KCOMP 6/12CT,000ITYZLI,Planned,0.0,2026-09-30,2026-10-30,DR 2026 - 2026-08-28 (EXCEXP_TLS_000JHWRH0).xlsx,Rebates,2100,TD AGD - Wholesale Program 6/12ct Q4
mom,Fcst Inc Cases is not positive,Atlantic Grocers,NA-ATLANTIC GROC,2026,September,TDHBHC-12/500,HB HOT CHOCOLATE 12/500GR,000JDR220,Planned,0.0,2026-10-22,2026-10-28,DR 2026 - 2026-08-28 (EXCEXP_TLS_000JHWRH0).xlsx,Rebates,2104,TDL CANDY CANE HC 450g - GINGERBREAD K-CUPS 12CT-HC 500G
mom,Fcst Inc Cases is not positive,Atlantic Grocers,NA-ATLANTIC GROC,2026,September,TDSSKC-4/30,SS KCOMP 4/30CT,000ITZ1MQ,Planned,0.0,2026-11-11,2026-11-30,DR 2026 - 2026-08-28 (EXCEXP_TLS_000JHWRH0).xlsx,Rebates,2114,TD AGD 30Ct Kcup Powell's Anniversary Flyer Bronze Level
mom,Fcst Inc Cases is not positive,Beaudry & Cadrin,NA-BEAUDRY & CADRIN,2026,September,TDSSTA-5/14,SS TASSIMO 5/14CT,000ITZ72U,Closed,0.0,2026-01-01,2026-02-01,DR 2026 - 2026-08-28 (EXCEXP_TLS_000JHWRH0).xlsx,Rebates,2124,TD-B&C  Promo Spend Ends Feb 1
mom,Fcst Inc Cases is not positive,Beaudry & Cadrin,NA-BEAUDRY & CADRIN,2026,September,TDSSKC-6/12,SS KCOMP 6/12CT,000ITZ72U,Closed,0.0,2026-01-01,2026-02-01,DR 2026 - 2026-08-28 (EXCEXP_TLS_000JHWRH0).xlsx,Rebates,2125,TD-B&C  Promo Spend Ends Feb 1
mom,Fcst Inc Cases is not positive,Beaudry & Cadrin,NA-BEAUDRY & CADRIN,2026,September,TDSSKC-4/30,SS KCOMP 4/30CT,000ITZ72U,Closed,0.0,2026-01-01,2026-02-01,DR 2026 - 2026-08-28 (EXCEXP_TLS_000JHWRH0).xlsx,Rebates,2126,TD-B&C  Promo Spend Ends Feb 1
mom,Fcst Inc Cases is not positive,Beaudry & Cadrin,NA-BEAUDRY & CADRIN,2026,September,TDSHSP-12/540,SOUPS 12/540ML,000ITZ72U,Closed,0.0,2026-01-01,2026-02-01,DR 2026 - 2026-08-28 (EXCEXP_TLS_000JHWRH0).xlsx,Rebates,2127,TD-B&C  Promo Spend Ends Feb 1
mom,Fcst Inc Cases is not positive,Beaudry & Cadrin,NA-BEAUDRY & CADRIN,2026,September,TDRGSB-6/300,R&G SMALL BAG 6/300GR,000ITZ72U,Closed,0.0,2026-01-01,2026-02-01,DR 2026 - 2026-08-28 (EXCEXP_TLS_000JHWRH0).xlsx,Rebates,2128,TD-B&C  Promo Spend Ends Feb 1
mom,Fcst Inc Cases is not positive,Beaudry & Cadrin,NA-BEAUDRY & CADRIN,2026,September,TDRGLC-6/930,R&G LARGE CAN 6/930GR,000ITZ72U,Closed,0.0,2026-01-01,2026-02-01,DR 2026 - 2026-08-28 (EXCEXP_TLS_000JHWRH0).xlsx,Rebates,2129,TD-B&C  Promo Spend Ends Feb 1
mom,Fcst Inc Cases is not positive,Beaudry & Cadrin,NA-BEAUDRY & CADRIN,2026,September,TDIC-12/100,INSTANT COFFEE 12/100GR,000ITZ72U,Closed,0.0,2026-01-01,2026-02-01,DR 2026 - 2026-08-28 (EXCEXP_TLS_000JHWRH0).xlsx,Rebates,2130,TD-B&C  Promo Spend Ends Feb 1
mom,Fcst Inc Cases is not positive,Beaudry & Cadrin,NA-BEAUDRY & CADRIN,2026,September,TDGB-12/5/30,GRANOLA BAR 12/5/30GR,000ITZ72U,Closed,0.0,2026-01-01,2026-02-01,DR 2026 - 2026-08-28 (EXCEXP_TLS_000JHWRH0).xlsx,Rebates,2131,TD-B&C  Promo Spend Ends Feb 1
mom,Fcst Inc Cases is not positive,Beaudry & Cadrin,NA-BEAUDRY & CADRIN,2026,September,TDSSTA-5/14,SS TASSIMO 5/14CT,000J3Y846,Committed,0.0,2026-02-02,2026-12-31,DR 2026 - 2026-08-28 (EXCEXP_TLS_000JHWRH0).xlsx,Rebates,2133,TD-B&C  Promo Spend Ends Eff Feb 2
mom,Fcst Inc Cases is not positive,Beaudry & Cadrin,NA-BEAUDRY & CADRIN,2026,September,TDSSKC-6/12,SS KCOMP 6/12CT,000J3Y846,Committed,0.0,2026-02-02,2026-12-31,DR 2026 - 2026-08-28 (EXCEXP_TLS_000JHWRH0).xlsx,Rebates,2134,TD-B&C  Promo Spend Ends Eff Feb 2
mom,Fcst Inc Cases is not positive,Beaudry & Cadrin,NA-BEAUDRY & CADRIN,2026,September,TDSSKC-4/30,SS KCOMP 4/30CT,000J3Y846,Committed,0.0,2026-02-02,2026-12-31,DR 2026 - 2026-08-28 (EXCEXP_TLS_000JHWRH0).xlsx,Rebates,2135,TD-B&C  Promo Spend Ends Eff Feb 2
mom,Fcst Inc Cases is not positive,Beaudry & Cadrin,NA-BEAUDRY & CADRIN,2026,September,TDSHSP-12/540,SOUPS 12/540ML,000J3Y846,Committed,0.0,2026-02-02,2026-12-31,DR 2026 - 2026-08-28 (EXCEXP_TLS_000JHWRH0).xlsx,Rebates,2136,TD-B&C  Promo Spend Ends Eff Feb 2
mom,Fcst Inc Cases is not positive,Beaudry & Cadrin,NA-BEAUDRY & CADRIN,2026,September,TDRGSB-6/300,R&G SMALL BAG 6/300GR,000J3Y846,Committed,0.0,2026-02-02,2026-12-31,DR 2026 - 2026-08-28 (EXCEXP_TLS_000JHWRH0).xlsx,Rebates,2137,TD-B&C  Promo Spend Ends Eff Feb 2
mom,Fcst Inc Cases is not positive,Beaudry & Cadrin,NA-BEAUDRY & CADRIN,2026,September,TDRGLC-6/930,R&G LARGE CAN 6/930GR,000J3Y846,Committed,0.0,2026-02-02,2026-12-31,DR 2026 - 2026-08-28 (EXCEXP_TLS_000JHWRH0).xlsx,Rebates,2138,TD-B&C  Promo Spend Ends Eff Feb 2
mom,Fcst Inc Cases is not positive,Beaudry & Cadrin,NA-BEAUDRY & CADRIN,2026,September,TDIC-12/100,INSTANT COFFEE 12/100GR,000J3Y846,Committed,0.0,2026-02-02,2026-12-31,DR 2026 - 2026-08-28 (EXCEXP_TLS_000JHWRH0).xlsx,Rebates,2139,TD-B&C  Promo Spend Ends Eff Feb 2
mom,Fcst Inc Cases is not positive,Beaudry & Cadrin,NA-BEAUDRY & CADRIN,2026,September,TDGB-12/5/30,GRANOLA BAR 12/5/30GR,000J3Y846,Committed,0.0,2026-02-02,2026-12-31,DR 2026 - 2026-08-28 (EXCEXP_TLS_000JHWRH0).xlsx,Rebates,2140,TD-B&C  Promo Spend Ends Eff Feb 2
mom,Fcst Inc Cases is not positive,Canadian Tire,NA-CANADIAN TIRE,2026,September,TDIC-12/100,INSTANT COFFEE 12/100GR,000ITPKGF,Committed,0.0,2026-01-23,2026-01-29,DR 2026 - 2026-08-28 (EXCEXP_TLS_000JHWRH0).xlsx,Rebates,2144,TD - CTC Deal 104 - Instant 100G
mom,Fcst Inc Cases is not positive,Canadian Tire,NA-CANADIAN TIRE,2026,September,TDIC-12/100,INSTANT COFFEE 12/100GR,000ITPMYP,Committed,0.0,2026-02-27,2026-03-05,DR 2026 - 2026-08-28 (EXCEXP_TLS_000JHWRH0).xlsx,Rebates,2152,TD - CTC Deal 109 - Instant 100G
mom,Fcst Inc Cases is not positive,Chens,NA-CHENS ENT,2026,September,TDHBHC-5/8,HB HOT CHOCOLATE 5/8CT,000ITZI5Y,Closed,0.0,2026-01-01,2026-01-24,DR 2026 - 2026-08-28 (EXCEXP_TLS_000JHWRH0).xlsx,Rebates,2223,TD- Chens Oct OI - Distributor Order Instant Bags Tea
mom,Fcst Inc Cases is not positive,Chens,NA-CHENS ENT,2026,September,TDHBCAP-5/8,HB CAPPUCCINO 5/8CT,000ITZI5Y,Closed,0.0,2026-01-01,2026-01-24,DR 2026 - 2026-08-28 (EXCEXP_TLS_000JHWRH0).xlsx,Rebates,2224,TD- Chens Oct OI - Distributor Order Instant Bags Tea
mom,Fcst Inc Cases is not positive,Chens,NA-CHENS ENT,2026,September,6320916881,TDL DOUBLE DOUBLE PACKET 5/8 EA,000ITZI63,Closed,0.0,2026-01-28,2026-02-04,DR 2026 - 2026-08-28 (EXCEXP_TLS_000JHWRH0).xlsx,Rebates,2228,TD- Chens Oct OI - Truckload Sale HC 500g 5/8ct
mom,Fcst Inc Cases is not positive,Chens,NA-CHENS ENT,2026,September,6320915305,TDL CAPPUCCINO FRENCH VAN PACKET 5/8 EA,000ITZI63,Closed,0.0,2026-01-28,2026-02-04,DR 2026 - 2026-08-28 (EXCEXP_TLS_000JHWRH0).xlsx,Rebates,2229,TD- Chens Oct OI - Truckload Sale HC 500g 5/8ct
mom,Fcst Inc Cases is not positive,Chens,NA-CHENS ENT,2026,September,6320916882,TDL CAFE MOCHA PACKET 5/8 EA,000ITZI63,Closed,0.0,2026-01-28,2026-02-04,DR 2026 - 2026-08-28 (EXCEXP_TLS_000JHWRH0).xlsx,Rebates,2230,TD- Chens Oct OI - Truckload Sale HC 500g 5/8ct
mom,Fcst Inc Cases is not positive,Chens,NA-CHENS ENT,2026,September,TDRGSB-6/300,R&G SMALL BAG 6/300GR,000ITZI63,Closed,0.0,2026-01-28,2026-02-04,DR 2026 - 2026-08-28 (EXCEXP_TLS_000JHWRH0).xlsx,Rebates,2231,TD- Chens Oct OI - Truckload Sale HC 500g 5/8ct
mom,Fcst Inc Cases is not positive,Chens,NA-CHENS ENT,2026,September,TDIC-12/100,INSTANT COFFEE 12/100GR,000ITZI63,Closed,0.0,2026-01-28,2026-02-04,DR 2026 - 2026-08-28 (EXCEXP_TLS_000JHWRH0).xlsx,Rebates,2232,TD- Chens Oct OI - Truckload Sale HC 500g 5/8ct
mom,Fcst Inc Cases is not positive,Chens,NA-CHENS ENT,2026,September,TDHBHC-5/8,HB HOT CHOCOLATE 5/8CT,000ITZI63,Closed,0.0,2026-01-28,2026-02-04,DR 2026 - 2026-08-28 (EXCEXP_TLS_000JHWRH0).xlsx,Rebates,2233,TD- Chens Oct OI - Truckload Sale HC 500g 5/8ct
mom,Fcst Inc Cases is not positive,Chens,NA-CHENS ENT,2026,September,TDHBHC-12/500,HB HOT CHOCOLATE 12/500GR,000ITZI63,Closed,0.0,2026-01-28,2026-02-04,DR 2026 - 2026-08-28 (EXCEXP_TLS_000JHWRH0).xlsx,Rebates,2234,TD- Chens Oct OI - Truckload Sale HC 500g 5/8ct
mom,Fcst Inc Cases is not positive,Chens,NA-CHENS ENT,2026,September,TDTB-6/20,TEA BAG 6/20CT,000ITZF9T,Closed,0.0,2026-02-06,2026-02-20,DR 2026 - 2026-08-28 (EXCEXP_TLS_000JHWRH0).xlsx,Rebates,2236,TD- Chens Oct OI - Truckload Sale HC 500g 5/8ct
mom,Fcst Inc Cases is not positive,Chens,NA-CHENS ENT,2026,September,TDIC-12/100,INSTANT COFFEE 12/100GR,000ITZF9T,Closed,0.0,2026-02-06,2026-02-20,DR 2026 - 2026-08-28 (EXCEXP_TLS_000JHWRH0).xlsx,Rebates,2237,TD- Chens Oct OI - Truckload Sale HC 500g 5/8ct
mom,Fcst Inc Cases is not positive,Chens,NA-CHENS ENT,2026,September,TDHBHC-5/8,HB HOT CHOCOLATE 5/8CT,000ITZF9T,Closed,0.0,2026-02-06,2026-02-20,DR 2026 - 2026-08-28 (EXCEXP_TLS_000JHWRH0).xlsx,Rebates,2238,TD- Chens Oct OI - Truckload Sale HC 500g 5/8ct
mom,Fcst Inc Cases is not positive,Chens,NA-CHENS ENT,2026,September,TDHBCAP-5/8,HB CAPPUCCINO 5/8CT,000ITZF9T,Closed,0.0,2026-02-06,2026-02-20,DR 2026 - 2026-08-28 (EXCEXP_TLS_000JHWRH0).xlsx,Rebates,2239,TD- Chens Oct OI - Truckload Sale HC 500g 5/8ct
mom,Fcst Inc Cases is not positive,Chens,NA-CHENS ENT,2026,September,TDHBCAP-12/343,HB CAPPUCCINO 12/454GR,000ITZF9T,Closed,0.0,2026-02-06,2026-02-20,DR 2026 - 2026-08-28 (EXCEXP_TLS_000JHWRH0).xlsx,Rebates,2240,TD- Chens Oct OI - Truckload Sale HC 500g 5/8ct
mom,Fcst Inc Cases is not positive,Chens,NA-CHENS ENT,2026,September,TDTB-6/20,TEA BAG 6/20CT,000ITZFB5,Closed,0.0,2026-03-25,2026-04-05,DR 2026 - 2026-08-28 (EXCEXP_TLS_000JHWRH0).xlsx,Rebates,2242,TD- Chens Wholesaler pricing HC 500g 5/8ct Instant soups tea
mom,Fcst Inc Cases is not positive,Chens,NA-CHENS ENT,2026,September,TDSHSP-12/540,SOUPS 12/540ML,000ITZFB5,Closed,0.0,2026-03-25,2026-04-05,DR 2026 - 2026-08-28 (EXCEXP_TLS_000JHWRH0).xlsx,Rebates,2243,TD- Chens Wholesaler pricing HC 500g 5/8ct Instant soups tea
mom,Fcst Inc Cases is not positive,Chens,NA-CHENS ENT,2026,September,TDIC-12/100,INSTANT COFFEE 12/100GR,000ITZFB5,Closed,0.0,2026-03-25,2026-04-05,DR 2026 - 2026-08-28 (EXCEXP_TLS_000JHWRH0).xlsx,Rebates,2244,TD- Chens Wholesaler pricing HC 500g 5/8ct Instant soups tea
mom,Fcst Inc Cases is not positive,Chens,NA-CHENS ENT,2026,September,TDHBHC-5/8,HB HOT CHOCOLATE 5/8CT,000ITZFB5,Closed,0.0,2026-03-25,2026-04-05,DR 2026 - 2026-08-28 (EXCEXP_TLS_000JHWRH0).xlsx,Rebates,2245,TD- Chens Wholesaler pricing HC 500g 5/8ct Instant soups tea
mom,Fcst Inc Cases is not positive,Chens,NA-CHENS ENT,2026,September,TDHBCAP-5/8,HB CAPPUCCINO 5/8CT,000ITZFB5,Closed,0.0,2026-03-25,2026-04-05,DR 2026 - 2026-08-28 (EXCEXP_TLS_000JHWRH0).xlsx,Rebates,2246,TD- Chens Wholesaler pricing HC 500g 5/8ct Instant soups tea
mom,Fcst Inc Cases is not positive,Chens,NA-CHENS ENT,2026,September,TDTB-6/20,TEA BAG 6/20CT,000JDJ19S,Closed,0.0,2026-03-26,2026-03-26,DR 2026 - 2026-08-28 (EXCEXP_TLS_000JHWRH0).xlsx,Rebates,2248,TD Missed OI - Wholesaler HC 500g 5/8ct Instant soups tea
mom,Fcst Inc Cases is not positive,Chens,NA-CHENS ENT,2026,September,TDSHSP-12/540,SOUPS 12/540ML,000JDJ19S,Closed,0.0,2026-03-26,2026-03-26,DR 2026 - 2026-08-28 (EXCEXP_TLS_000JHWRH0).xlsx,Rebates,2249,TD Missed OI - Wholesaler HC 500g 5/8ct Instant soups tea
mom,Fcst Inc Cases is not positive,Chens,NA-CHENS ENT,2026,September,TDIC-12/100,INSTANT COFFEE 12/100GR,000JDJ19S,Closed,0.0,2026-03-26,2026-03-26,DR 2026 - 2026-08-28 (EXCEXP_TLS_000JHWRH0).xlsx,Rebates,2250,TD Missed OI - Wholesaler HC 500g 5/8ct Instant soups tea
mom,Fcst Inc Cases is not positive,Chens,NA-CHENS ENT,2026,September,TDHBHC-5/8,HB HOT CHOCOLATE 5/8CT,000JDJ19S,Closed,0.0,2026-03-26,2026-03-26,DR 2026 - 2026-08-28 (EXCEXP_TLS_000JHWRH0).xlsx,Rebates,2251,TD Missed OI - Wholesaler HC 500g 5/8ct Instant soups tea
mom,Fcst Inc Cases is not positive,Chens,NA-CHENS ENT,2026,September,TDHBCAP-5/8,HB CAPPUCCINO 5/8CT,000JDJ19S,Closed,0.0,2026-03-26,2026-03-26,DR 2026 - 2026-08-28 (EXCEXP_TLS_000JHWRH0).xlsx,Rebates,2252,TD Missed OI - Wholesaler HC 500g 5/8ct Instant soups tea
mom,Fcst Inc Cases is not positive,Chens,NA-CHENS ENT,2026,September,TDIC-12/100,INSTANT COFFEE 12/100GR,000ITZDMS,Closed,0.0,2026-05-14,2026-06-04,DR 2026 - 2026-08-28 (EXCEXP_TLS_000JHWRH0).xlsx,Rebates,2256,TD- Chens June Bulk Buy on Wholesaler OI
mom,Fcst Inc Cases is not positive,Chens,NA-CHENS ENT,2026,September,TDHBHC-5/8,HB HOT CHOCOLATE 5/8CT,000ITZDMS,Closed,0.0,2026-05-14,2026-06-04,DR 2026 - 2026-08-28 (EXCEXP_TLS_000JHWRH0).xlsx,Rebates,2257,TD- Chens June Bulk Buy on Wholesaler OI
mom,Fcst Inc Cases is not positive,Chens,NA-CHENS ENT,2026,September,TDHBCAP-5/8,HB CAPPUCCINO 5/8CT,000ITZDMS,Closed,0.0,2026-05-14,2026-06-04,DR 2026 - 2026-08-28 (EXCEXP_TLS_000JHWRH0).xlsx,Rebates,2258,TD- Chens June Bulk Buy on Wholesaler OI
mom,Fcst Inc Cases is not positive,Chens,NA-CHENS ENT,2026,September,TDRGSB-6/300,R&G SMALL BAG 6/300GR,000ITZI7P,Closed,0.0,2026-06-03,2026-06-15,DR 2026 - 2026-08-28 (EXCEXP_TLS_000JHWRH0).xlsx,Rebates,2260,TD- Chens June Bulk Buy on Wholesaler OI
mom,Fcst Inc Cases is not positive,Chens,NA-CHENS ENT,2026,September,TDHBCAP-12/343,HB CAPPUCCINO 12/454GR,000ITZI7P,Closed,0.0,2026-06-03,2026-06-15,DR 2026 - 2026-08-28 (EXCEXP_TLS_000JHWRH0).xlsx,Rebates,2261,TD- Chens June Bulk Buy on Wholesaler OI
mom,Fcst Inc Cases is not positive,Chens,NA-CHENS ENT,2026,September,TDTB-6/20,TEA BAG 6/20CT,000ITZ752,Closed,0.0,2026-06-30,2026-07-10,DR 2026 - 2026-08-28 (EXCEXP_TLS_000JHWRH0).xlsx,Rebates,2263,TD- Chens July Bulk Buy on Wholesaler OI
mom,Fcst Inc Cases is not positive,Chens,NA-CHENS ENT,2026,September,TDIC-12/100,INSTANT COFFEE 12/100GR,000ITZ752,Closed,0.0,2026-06-30,2026-07-10,DR 2026 - 2026-08-28 (EXCEXP_TLS_000JHWRH0).xlsx,Rebates,2264,TD- Chens July Bulk Buy on Wholesaler OI
mom,Fcst Inc Cases is not positive,Chens,NA-CHENS ENT,2026,September,TDHBHC-5/8,HB HOT CHOCOLATE 5/8CT,000ITZ752,Closed,0.0,2026-06-30,2026-07-10,DR 2026 - 2026-08-28 (EXCEXP_TLS_000JHWRH0).xlsx,Rebates,2265,TD- Chens July Bulk Buy on Wholesaler OI
mom,Fcst Inc Cases is not positive,Chens,NA-CHENS ENT,2026,September,TDHBCAP-5/8,HB CAPPUCCINO 5/8CT,000ITZ752,Closed,0.0,2026-06-30,2026-07-10,DR 2026 - 2026-08-28 (EXCEXP_TLS_000JHWRH0).xlsx,Rebates,2266,TD- Chens July Bulk Buy on Wholesaler OI
mom,Fcst Inc Cases is not positive,Chens,NA-CHENS ENT,2026,September,TDRGSB-6/300,R&G SMALL BAG 6/300GR,000ITZ2DC,Committed,0.0,2026-08-19,2026-09-25,DR 2026 - 2026-08-28 (EXCEXP_TLS_000JHWRH0).xlsx,Rebates,2268,TD- Chens Aug Bulk Buy on Wholesaler OI
mom,Fcst Inc Cases is not positive,Chens,NA-CHENS ENT,2026,September,TDIC-12/100,INSTANT COFFEE 12/100GR,000ITZ2DC,Committed,0.0,2026-08-19,2026-09-25,DR 2026 - 2026-08-28 (EXCEXP_TLS_000JHWRH0).xlsx,Rebates,2269,TD- Chens Aug Bulk Buy on Wholesaler OI
mom,Fcst Inc Cases is not positive,Chens,NA-CHENS ENT,2026,September,TDHBHC-5/8,HB HOT CHOCOLATE 5/8CT,000ITZ2DC,Committed,0.0,2026-08-19,2026-09-25,DR 2026 - 2026-08-28 (EXCEXP_TLS_000JHWRH0).xlsx,Rebates,2270,TD- Chens Aug Bulk Buy on Wholesaler OI
mom,Fcst Inc Cases is not positive,Chens,NA-CHENS ENT,2026,September,TDHBCAP-5/8,HB CAPPUCCINO 5/8CT,000ITZ2DC,Committed,0.0,2026-08-19,2026-09-25,DR 2026 - 2026-08-28 (EXCEXP_TLS_000JHWRH0).xlsx,Rebates,2271,TD- Chens Aug Bulk Buy on Wholesaler OI
mom,Fcst Inc Cases is not positive,Chens,NA-CHENS ENT,2026,September,TDTB-6/20,TEA BAG 6/20CT,000ITZILV,Planned,0.0,2026-09-29,2026-10-19,DR 2026 - 2026-08-28 (EXCEXP_TLS_000JHWRH0).xlsx,Rebates,2273,TD- Chens Sep Bulk Buy on Wholesaler OI
mom,Fcst Inc Cases is not positive,Chens,NA-CHENS ENT,2026,September,TDRGSB-6/300,R&G SMALL BAG 6/300GR,000ITZILV,Planned,0.0,2026-09-29,2026-10-19,DR 2026 - 2026-08-28 (EXCEXP_TLS_000JHWRH0).xlsx,Rebates,2274,TD- Chens Sep Bulk Buy on Wholesaler OI
mom,Fcst Inc Cases is not positive,Chens,NA-CHENS ENT,2026,September,TDIC-12/100,INSTANT COFFEE 12/100GR,000ITZILV,Planned,0.0,2026-09-29,2026-10-19,DR 2026 - 2026-08-28 (EXCEXP_TLS_000JHWRH0).xlsx,Rebates,2275,TD- Chens Sep Bulk Buy on Wholesaler OI
mom,Fcst Inc Cases is not positive,Chens,NA-CHENS ENT,2026,September,TDHBCAP-12/343,HB CAPPUCCINO 12/454GR,000ITZILV,Planned,0.0,2026-09-29,2026-10-19,DR 2026 - 2026-08-28 (EXCEXP_TLS_000JHWRH0).xlsx,Rebates,2276,TD- Chens Sep Bulk Buy on Wholesaler OI
mom,Fcst Inc Cases is not positive,Chens,NA-CHENS ENT,2026,September,TDGB-12/5/30,GRANOLA BAR 12/5/30GR,000ITZILV,Planned,0.0,2026-09-29,2026-10-19,DR 2026 - 2026-08-28 (EXCEXP_TLS_000JHWRH0).xlsx,Rebates,2277,TD- Chens Sep Bulk Buy on Wholesaler OI
mom,Fcst Inc Cases is not positive,CJR Wholesale,NA-CJR WHOLESALE,2026,September,TDSSTA-5/14,SS TASSIMO 5/14CT,000ITZEW1,Committed,0.0,2026-03-04,2026-04-27,DR 2026 - 2026-08-28 (EXCEXP_TLS_000JHWRH0).xlsx,Rebates,2283,TD CJR 6/300g Bag Coffee Promo
mom,Fcst Inc Cases is not positive,Cold Star Solutions,NA-COLD STAR SOLUTIONS,2026,September,TDTB-6/20,TEA BAG 6/20CT,000ITZBNJ,Closed,0.0,2026-01-01,2026-01-31,DR 2026 - 2026-08-28 (EXCEXP_TLS_000JHWRH0).xlsx,Rebates,2312,TD-ColdStar On-going promos (Catalogue) Coop Ends Jan 31
mom,Fcst Inc Cases is not positive,Cold Star Solutions,NA-COLD STAR SOLUTIONS,2026,September,TDSSKC-4/30,SS KCOMP 4/30CT,000ITZBNJ,Closed,0.0,2026-01-01,2026-01-31,DR 2026 - 2026-08-28 (EXCEXP_TLS_000JHWRH0).xlsx,Rebates,2314,TD-ColdStar On-going promos (Catalogue) Coop Ends Jan 31
mom,Fcst Inc Cases is not positive,Cold Star Solutions,NA-COLD STAR SOLUTIONS,2026,September,TDSHSP-24/284,SOUPS 24/284ML,000ITZBNJ,Closed,0.0,2026-01-01,2026-01-31,DR 2026 - 2026-08-28 (EXCEXP_TLS_000JHWRH0).xlsx,Rebates,2315,TD-ColdStar On-going promos (Catalogue) Coop Ends Jan 31
mom,Fcst Inc Cases is not positive,Cold Star Solutions,NA-COLD STAR SOLUTIONS,2026,September,TDHBHC-4/20,HB HOT CHOCOLATE 4/20CT,000ITZBNJ,Closed,0.0,2026-01-01,2026-01-31,DR 2026 - 2026-08-28 (EXCEXP_TLS_000JHWRH0).xlsx,Rebates,2322,TD-ColdStar On-going promos (Catalogue) Coop Ends Jan 31
mom,Fcst Inc Cases is not positive,Cold Star Solutions,NA-COLD STAR SOLUTIONS,2026,September,TDTB-6/20,TEA BAG 6/20CT,000J5CXME,Committed,0.0,2026-02-01,2026-12-31,DR 2026 - 2026-08-28 (EXCEXP_TLS_000JHWRH0).xlsx,Rebates,2327,TD-ColdStar On-going promos (Catalogue) Coop Eff Feb 1
mom,Fcst Inc Cases is not positive,Cold Star Solutions,NA-COLD STAR SOLUTIONS,2026,September,TDSSKC-6/12,SS KCOMP 6/12CT,000J5CXME,Committed,0.0,2026-02-01,2026-12-31,DR 2026 - 2026-08-28 (EXCEXP_TLS_000JHWRH0).xlsx,Rebates,2328,TD-ColdStar On-going promos (Catalogue) Coop Eff Feb 1
mom,Fcst Inc Cases is not positive,Cold Star Solutions,NA-COLD STAR SOLUTIONS,2026,September,TDSSKC-4/30,SS KCOMP 4/30CT,000J5CXME,Committed,0.0,2026-02-01,2026-12-31,DR 2026 - 2026-08-28 (EXCEXP_TLS_000JHWRH0).xlsx,Rebates,2329,TD-ColdStar On-going promos (Catalogue) Coop Eff Feb 1
mom,Fcst Inc Cases is not positive,Cold Star Solutions,NA-COLD STAR SOLUTIONS,2026,September,TDSHSP-24/284,SOUPS 24/284ML,000J5CXME,Committed,0.0,2026-02-01,2026-12-31,DR 2026 - 2026-08-28 (EXCEXP_TLS_000JHWRH0).xlsx,Rebates,2330,TD-ColdStar On-going promos (Catalogue) Coop Eff Feb 1
mom,Fcst Inc Cases is not positive,Cold Star Solutions,NA-COLD STAR SOLUTIONS,2026,September,TDSHSP-12/540,SOUPS 12/540ML,000J5CXME,Committed,0.0,2026-02-01,2026-12-31,DR 2026 - 2026-08-28 (EXCEXP_TLS_000JHWRH0).xlsx,Rebates,2331,TD-ColdStar On-going promos (Catalogue) Coop Eff Feb 1
mom,Fcst Inc Cases is not positive,Cold Star Solutions,NA-COLD STAR SOLUTIONS,2026,September,TDRGSB-6/300,R&G SMALL BAG 6/300GR,000J5CXME,Committed,0.0,2026-02-01,2026-12-31,DR 2026 - 2026-08-28 (EXCEXP_TLS_000JHWRH0).xlsx,Rebates,2332,TD-ColdStar On-going promos (Catalogue) Coop Eff Feb 1
mom,Fcst Inc Cases is not positive,Cold Star Solutions,NA-COLD STAR SOLUTIONS,2026,September,TDRGLC-6/930,R&G LARGE CAN 6/930GR,000J5CXME,Committed,0.0,2026-02-01,2026-12-31,DR 2026 - 2026-08-28 (EXCEXP_TLS_000JHWRH0).xlsx,Rebates,2333,TD-ColdStar On-going promos (Catalogue) Coop Eff Feb 1
mom,Fcst Inc Cases is not positive,Cold Star Solutions,NA-COLD STAR SOLUTIONS,2026,September,TDRGLB-6/2,R&G LARGE BAG 6/2LB,000J5CXME,Committed,0.0,2026-02-01,2026-12-31,DR 2026 - 2026-08-28 (EXCEXP_TLS_000JHWRH0).xlsx,Rebates,2334,TD-ColdStar On-going promos (Catalogue) Coop Eff Feb 1
mom,Fcst Inc Cases is not positive,Cold Star Solutions,NA-COLD STAR SOLUTIONS,2026,September,TDIC-12/100,INSTANT COFFEE 12/100GR,000J5CXME,Committed,0.0,2026-02-01,2026-12-31,DR 2026 - 2026-08-28 (EXCEXP_TLS_000JHWRH0).xlsx,Rebates,2335,TD-ColdStar On-going promos (Catalogue) Coop Eff Feb 1
mom,Fcst Inc Cases is not positive,Cold Star Solutions,NA-COLD STAR SOLUTIONS,2026,September,TDSHHB-12/425,HOT BOWLS 12/425GR,000J5CXME,Committed,0.0,2026-02-01,2026-12-31,DR 2026 - 2026-08-28 (EXCEXP_TLS_000JHWRH0).xlsx,Rebates,2336,TD-ColdStar On-going promos (Catalogue) Coop Eff Feb 1
mom,Fcst Inc Cases is not positive,Cold Star Solutions,NA-COLD STAR SOLUTIONS,2026,September,TDHBHC-4/20,HB HOT CHOCOLATE 4/20CT,000J5CXME,Committed,0.0,2026-02-01,2026-12-31,DR 2026 - 2026-08-28 (EXCEXP_TLS_000JHWRH0).xlsx,Rebates,2337,TD-ColdStar On-going promos (Catalogue) Coop Eff Feb 1
mom,Fcst Inc Cases is not positive,Cold Star Solutions,NA-COLD STAR SOLUTIONS,2026,September,TDHBHC-12/500,HB HOT CHOCOLATE 12/500GR,000J5CXME,Committed,0.0,2026-02-01,2026-12-31,DR 2026 - 2026-08-28 (EXCEXP_TLS_000JHWRH0).xlsx,Rebates,2338,TD-ColdStar On-going promos (Catalogue) Coop Eff Feb 1
mom,Fcst Inc Cases is not positive,Cold Star Solutions,NA-COLD STAR SOLUTIONS,2026,September,TDHBCAP-5/8,HB CAPPUCCINO 5/8CT,000J5CXME,Committed,0.0,2026-02-01,2026-12-31,DR 2026 - 2026-08-28 (EXCEXP_TLS_000JHWRH0).xlsx,Rebates,2339,TD-ColdStar On-going promos (Catalogue) Coop Eff Feb 1
mom,Fcst Inc Cases is not positive,Cold Star Solutions,NA-COLD STAR SOLUTIONS,2026,September,TDGB-12/5/30,GRANOLA BAR 12/5/30GR,000J5CXME,Committed,0.0,2026-02-01,2026-12-31,DR 2026 - 2026-08-28 (EXCEXP_TLS_000JHWRH0).xlsx,Rebates,2340,TD-ColdStar On-going promos (Catalogue) Coop Eff Feb 1
mom,Fcst Inc Cases is not positive,Costco,NA-COSTCO,2026,September,6320908885,TDL ORIGINAL BLEND 252/3 LB,000ITPJP9,Committed,0.0,2026-01-01,2026-12-30,DR 2026 - 2026-08-28 (EXCEXP_TLS_000JHWRH0).xlsx,Rebates,2342,TD Costco Demo Funds
mom,Fcst Inc Cases is not positive,Costco,NA-COSTCO,2026,September,6320915282,TDL HOT CHOC / FV PACKET 256/30 EA,000ITPJP9,Committed,0.0,2026-01-01,2026-12-30,DR 2026 - 2026-08-28 (EXCEXP_TLS_000JHWRH0).xlsx,Rebates,2343,TD Costco Demo Funds
mom,Fcst Inc Cases is not positive,Costco,NA-COSTCO,2026,September,6320911511,TDL ORIGINAL KCUP SS 1/80 CT,000ITPKB8,Committed,0.0,2026-01-01,2026-12-30,DR 2026 - 2026-08-28 (EXCEXP_TLS_000JHWRH0).xlsx,Rebates,2345,TD Costco 2026  Connection Fees
mom,Fcst Inc Cases is not positive,Costco,NA-COSTCO,2026,September,6320916636,TDL KCUP STEEPED TEA ORANGE PEKOE 1/72CT,000ITPKB8,Committed,0.0,2026-01-01,2026-12-30,DR 2026 - 2026-08-28 (EXCEXP_TLS_000JHWRH0).xlsx,Rebates,2346,TD Costco 2026  Connection Fees
mom,Fcst Inc Cases is not positive,Costco,NA-COSTCO,2026,September,TDRGLC-252/3,R&G LARGE CAN 252/3LB,000ITPKB8,Committed,0.0,2026-01-01,2026-12-30,DR 2026 - 2026-08-28 (EXCEXP_TLS_000JHWRH0).xlsx,Rebates,2347,TD Costco 2026  Connection Fees
mom,Fcst Inc Cases is not positive,Costco,NA-COSTCO,2026,September,6320908885,TDL ORIGINAL BLEND 252/3 LB,000ITPJNE,Committed,0.0,2026-01-01,2026-12-31,DR 2026 - 2026-08-28 (EXCEXP_TLS_000JHWRH0).xlsx,Rebates,2349,TD Costco.ca 3LB Can E-Mail Blast
mom,Fcst Inc Cases is not positive,Costco,NA-COSTCO,2026,September,TDSSKC-1/80,SS KCOMP 1/80CT,000ITPJNQ,Committed,0.0,2026-01-01,2026-12-31,DR 2026 - 2026-08-28 (EXCEXP_TLS_000JHWRH0).xlsx,Rebates,2351,TD Costco Pulsed Single Serve Endcap-see notes for contracts
mom,Fcst Inc Cases is not positive,Costco,NA-COSTCO,2026,September,TDSSKC-1/80,SS KCOMP 1/80CT,000J0O9H7,Committed,0.0,2026-01-09,2026-01-11,DR 2026 - 2026-08-28 (EXCEXP_TLS_000JHWRH0).xlsx,Rebates,2353,TD Costco KCUP 80CT 2025 Winter TPD 3-Day Extension Maritime
mom,Fcst Inc Cases is not positive,Costco,NA-COSTCO,2026,September,TDSSKC-1/80,SS KCOMP 1/80CT,000ITPJLW,Committed,0.0,2026-02-16,2026-03-01,DR 2026 - 2026-08-28 (EXCEXP_TLS_000JHWRH0).xlsx,Rebates,2362,TD Costco 80CT SS TPD Q1
mom,Fcst Inc Cases is not positive,Costco,NA-COSTCO,2026,September,TDSSKC-1/80,SS KCOMP 1/80CT,000ITPJLW,Committed,0.0,2026-02-16,2026-03-01,DR 2026 - 2026-08-28 (EXCEXP_TLS_000JHWRH0).xlsx,Rebates,2363,TD Costco 80CT SS TPD Q1
mom,Fcst Inc Cases is not positive,Costco,NA-COSTCO,2026,September,TDSSKC-1/80,SS KCOMP 1/80CT,000ITPJLW,Committed,0.0,2026-02-16,2026-03-01,DR 2026 - 2026-08-28 (EXCEXP_TLS_000JHWRH0).xlsx,Rebates,2364,TD Costco 80CT SS TPD Q1
mom,Fcst Inc Cases is not positive,Costco,NA-COSTCO,2026,September,6320911511,TDL ORIGINAL KCUP SS 1/80 CT,000J7WXRJ,Committed,0.0,2026-03-06,2026-03-08,DR 2026 - 2026-08-28 (EXCEXP_TLS_000JHWRH0).xlsx,Rebates,2366,TD Costco 80CT SS TPD Q1 (3-day)
mom,Fcst Inc Cases is not positive,Costco,NA-COSTCO,2026,September,6320924954,TDL COLOMBIAN KCUP SS 1/80 CT,000JD60CC,Committed,0.0,2026-04-28,2026-05-31,DR 2026 - 2026-08-28 (EXCEXP_TLS_000JHWRH0).xlsx,Rebates,2370,TD Costco SS TPD Columbian Hangover
mom,Fcst Inc Cases is not positive,Costco,NA-COSTCO,2026,September,6320908885,TDL ORIGINAL BLEND 252/3 LB,000J8TDWH,Committed,0.0,2026-05-04,2026-05-10,DR 2026 - 2026-08-28 (EXCEXP_TLS_000JHWRH0).xlsx,Rebates,2372,TD Costco 1.3KG 1-Week TPD
mom,Fcst Inc Cases is not positive,Costco,NA-COSTCO,2026,September,TDSSKC-1/80,SS KCOMP 1/80CT,000J732D3,Committed,0.0,2026-05-25,2026-06-07,DR 2026 - 2026-08-28 (EXCEXP_TLS_000JHWRH0).xlsx,Rebates,2378,TD Costco 80CT SS TPD Q2 (May)
mom,Fcst Inc Cases is not positive,Costco,NA-COSTCO,2026,September,6320908885,TDL ORIGINAL BLEND 252/3 LB,000JEGR7H,Committed,0.0,2026-06-04,2026-06-05,DR 2026 - 2026-08-28 (EXCEXP_TLS_000JHWRH0).xlsx,Rebates,2380,TD Costco Newfoundland 3LB June 2-Day TPD
mom,Fcst Inc Cases is not positive,Costco,NA-COSTCO,2026,September,6320911511,TDL ORIGINAL KCUP SS 1/80 CT,000JFH5DX,Committed,0.0,2026-06-13,2026-06-16,DR 2026 - 2026-08-28 (EXCEXP_TLS_000JHWRH0).xlsx,Rebates,2382,TD Costco Newfoundland SS June 3-Day TPD
mom,Fcst Inc Cases is not positive,Costco,NA-COSTCO,2026,September,TDSSKC-1/80,SS KCOMP 1/80CT,000ITPJJQ,Committed,0.0,2026-07-06,2026-07-23,DR 2026 - 2026-08-28 (EXCEXP_TLS_000JHWRH0).xlsx,Rebates,2388,TD Costco 80CT SS TPD Q2
mom,Fcst Inc Cases is not positive,Costco,NA-COSTCO,2026,September,TDSSKC-1/80,SS KCOMP 1/80CT,000ITPJMN,Committed,0.0,2026-08-31,2026-09-13,DR 2026 - 2026-08-28 (EXCEXP_TLS_000JHWRH0).xlsx,Rebates,2402,TD Costco 80CT SS TPD Q3
mom,Fcst Inc Cases is not positive,Costco,NA-COSTCO,2026,September,TDSSKC-1/80,SS KCOMP 1/80CT,000ITPJMN,Committed,0.0,2026-08-31,2026-09-13,DR 2026 - 2026-08-28 (EXCEXP_TLS_000JHWRH0).xlsx,Rebates,2403,TD Costco 80CT SS TPD Q3
mom,Fcst Inc Cases is not positive,Costco,NA-COSTCO,2026,September,6320911274,TDL VARIETY KCUP SS 4/30 CT,000ITPJO7,Planned,0.0,2026-09-28,2026-10-11,DR 2026 - 2026-08-28 (EXCEXP_TLS_000JHWRH0).xlsx,Rebates,2405,TD Costco.ca TPD Q3
mom,Fcst Inc Cases is not positive,Costco,NA-COSTCO,2026,September,6320916636,TDL KCUP STEEPED TEA ORANGE PEKOE 1/72CT,000ITPJO7,Planned,0.0,2026-09-28,2026-10-11,DR 2026 - 2026-08-28 (EXCEXP_TLS_000JHWRH0).xlsx,Rebates,2406,TD Costco.ca TPD Q3
mom,Fcst Inc Cases is not positive,Costco,NA-COSTCO,2026,September,6320911272,TDL KCUP CAPPUCCNO FRNCH VAN SS 6/10CT,000ITPJO7,Planned,0.0,2026-09-28,2026-10-11,DR 2026 - 2026-08-28 (EXCEXP_TLS_000JHWRH0).xlsx,Rebates,2407,TD Costco.ca TPD Q3
mom,Fcst Inc Cases is not positive,Costco,NA-COSTCO,2026,September,TDNC-1/60,NCOMP 1/60CT,000ITPJO7,Planned,0.0,2026-09-28,2026-10-11,DR 2026 - 2026-08-28 (EXCEXP_TLS_000JHWRH0).xlsx,Rebates,2408,TD Costco.ca TPD Q3
mom,Fcst Inc Cases is not positive,Costco,NA-COSTCO,2026,September,6320915282,TDL HOT CHOC / FV PACKET 256/30 EA,000ITPJLE,Planned,0.0,2026-11-09,2026-11-22,DR 2026 - 2026-08-28 (EXCEXP_TLS_000JHWRH0).xlsx,Rebates,2410,TD Costco National FVHC TPD
mom,Fcst Inc Cases is not positive,Costco,NA-COSTCO,2026,September,6320911274,TDL VARIETY KCUP SS 4/30 CT,000ITPJPH,Planned,0.0,2026-11-24,2026-12-07,DR 2026 - 2026-08-28 (EXCEXP_TLS_000JHWRH0).xlsx,Rebates,2415,TD Costco.ca TPD Q4
mom,Fcst Inc Cases is not positive,Costco,NA-COSTCO,2026,September,6320916636,TDL KCUP STEEPED TEA ORANGE PEKOE 1/72CT,000ITPJPH,Planned,0.0,2026-11-24,2026-12-07,DR 2026 - 2026-08-28 (EXCEXP_TLS_000JHWRH0).xlsx,Rebates,2416,TD Costco.ca TPD Q4
mom,Fcst Inc Cases is not positive,Costco,NA-COSTCO,2026,September,6320911272,TDL KCUP CAPPUCCNO FRNCH VAN SS 6/10CT,000ITPJPH,Planned,0.0,2026-11-24,2026-12-07,DR 2026 - 2026-08-28 (EXCEXP_TLS_000JHWRH0).xlsx,Rebates,2417,TD Costco.ca TPD Q4
mom,Fcst Inc Cases is not positive,Costco,NA-COSTCO,2026,September,TDNC-1/60,NCOMP 1/60CT,000ITPJPH,Planned,0.0,2026-11-24,2026-12-07,DR 2026 - 2026-08-28 (EXCEXP_TLS_000JHWRH0).xlsx,Rebates,2418,TD Costco.ca TPD Q4
mom,Fcst Inc Cases is not positive,Costco,NA-COSTCO,2026,September,TDSSKC-1/80,SS KCOMP 1/80CT,000ITPJKI,Planned,0.0,2026-12-08,2026-12-22,DR 2026 - 2026-08-28 (EXCEXP_TLS_000JHWRH0).xlsx,Rebates,2424,TD Costco 80CT SS TPD Q4
mom,Fcst Inc Cases is not positive,Dist Benmar,NA-DIST BENMAR,2026,September,TDSSTA-5/14,SS TASSIMO 5/14CT,000ITZNL0,Closed,0.0,2026-01-01,2026-01-31,DR 2026 - 2026-08-28 (EXCEXP_TLS_000JHWRH0).xlsx,Rebates,2426,TD Ben-Mar annual rebates Ends Jan 31
mom,Fcst Inc Cases is not positive,Dist Benmar,NA-DIST BENMAR,2026,September,TDSSKC-6/12,SS KCOMP 6/12CT,000ITZNL0,Closed,0.0,2026-01-01,2026-01-31,DR 2026 - 2026-08-28 (EXCEXP_TLS_000JHWRH0).xlsx,Rebates,2427,TD Ben-Mar annual rebates Ends Jan 31
mom,Fcst Inc Cases is not positive,Dist Benmar,NA-DIST BENMAR,2026,September,TDSSKC-4/30,SS KCOMP 4/30CT,000ITZNL0,Closed,0.0,2026-01-01,2026-01-31,DR 2026 - 2026-08-28 (EXCEXP_TLS_000JHWRH0).xlsx,Rebates,2428,TD Ben-Mar annual rebates Ends Jan 31
mom,Fcst Inc Cases is not positive,Dist Benmar,NA-DIST BENMAR,2026,September,TDSSKC-4/30,SS KCOMP 4/30CT,000ITZNL0,Closed,0.0,2026-01-01,2026-01-31,DR 2026 - 2026-08-28 (EXCEXP_TLS_000JHWRH0).xlsx,Rebates,2429,TD Ben-Mar annual rebates Ends Jan 31
mom,Fcst Inc Cases is not positive,Dist Benmar,NA-DIST BENMAR,2026,September,TDSHSP-12/540,SOUPS 12/540ML,000ITZNL0,Closed,0.0,2026-01-01,2026-01-31,DR 2026 - 2026-08-28 (EXCEXP_TLS_000JHWRH0).xlsx,Rebates,2430,TD Ben-Mar annual rebates Ends Jan 31
mom,Fcst Inc Cases is not positive,Dist Benmar,NA-DIST BENMAR,2026,September,TDRGSB-6/300,R&G SMALL BAG 6/300GR,000ITZNL0,Closed,0.0,2026-01-01,2026-01-31,DR 2026 - 2026-08-28 (EXCEXP_TLS_000JHWRH0).xlsx,Rebates,2431,TD Ben-Mar annual rebates Ends Jan 31
mom,Fcst Inc Cases is not positive,Dist Benmar,NA-DIST BENMAR,2026,September,TDRGLC-6/930,R&G LARGE CAN 6/930GR,000ITZNL0,Closed,0.0,2026-01-01,2026-01-31,DR 2026 - 2026-08-28 (EXCEXP_TLS_000JHWRH0).xlsx,Rebates,2432,TD Ben-Mar annual rebates Ends Jan 31
mom,Fcst Inc Cases is not positive,Dist Benmar,NA-DIST BENMAR,2026,September,TDIC-12/100,INSTANT COFFEE 12/100GR,000ITZNL0,Closed,0.0,2026-01-01,2026-01-31,DR 2026 - 2026-08-28 (EXCEXP_TLS_000JHWRH0).xlsx,Rebates,2433,TD Ben-Mar annual rebates Ends Jan 31
mom,Fcst Inc Cases is not positive,Dist Benmar,NA-DIST BENMAR,2026,September,TDSHHB-12/425,HOT BOWLS 12/425GR,000ITZNL0,Closed,0.0,2026-01-01,2026-01-31,DR 2026 - 2026-08-28 (EXCEXP_TLS_000JHWRH0).xlsx,Rebates,2434,TD Ben-Mar annual rebates Ends Jan 31
mom,Fcst Inc Cases is not positive,Dist Benmar,NA-DIST BENMAR,2026,September,TDHBHC-12/500,HB HOT CHOCOLATE 12/500GR,000ITZNL0,Closed,0.0,2026-01-01,2026-01-31,DR 2026 - 2026-08-28 (EXCEXP_TLS_000JHWRH0).xlsx,Rebates,2435,TD Ben-Mar annual rebates Ends Jan 31
mom,Fcst Inc Cases is not positive,Dist Benmar,NA-DIST BENMAR,2026,September,TDGB-12/5/30,GRANOLA BAR 12/5/30GR,000ITZNL0,Closed,0.0,2026-01-01,2026-01-31,DR 2026 - 2026-08-28 (EXCEXP_TLS_000JHWRH0).xlsx,Rebates,2436,TD Ben-Mar annual rebates Ends Jan 31
mom,Fcst Inc Cases is not positive,Dist Benmar,NA-DIST BENMAR,2026,September,TDSSKC-6/12,SS KCOMP 6/12CT,000J3YBB7,Committed,0.0,2026-02-01,2026-12-30,DR 2026 - 2026-08-28 (EXCEXP_TLS_000JHWRH0).xlsx,Rebates,2439,TD Ben-Mar annual rebates Eff Feb 1 PI
mom,Fcst Inc Cases is not positive,Dist Benmar,NA-DIST BENMAR,2026,September,TDSSKC-4/30,SS KCOMP 4/30CT,000J3YBB7,Committed,0.0,2026-02-01,2026-12-30,DR 2026 - 2026-08-28 (EXCEXP_TLS_000JHWRH0).xlsx,Rebates,2440,TD Ben-Mar annual rebates Eff Feb 1 PI
mom,Fcst Inc Cases is not positive,Dist Benmar,NA-DIST BENMAR,2026,September,TDSHSP-12/540,SOUPS 12/540ML,000J3YBB7,Committed,0.0,2026-02-01,2026-12-30,DR 2026 - 2026-08-28 (EXCEXP_TLS_000JHWRH0).xlsx,Rebates,2441,TD Ben-Mar annual rebates Eff Feb 1 PI
mom,Fcst Inc Cases is not positive,Dist Benmar,NA-DIST BENMAR,2026,September,TDRGSB-6/300,R&G SMALL BAG 6/300GR,000J3YBB7,Committed,0.0,2026-02-01,2026-12-30,DR 2026 - 2026-08-28 (EXCEXP_TLS_000JHWRH0).xlsx,Rebates,2442,TD Ben-Mar annual rebates Eff Feb 1 PI
mom,Fcst Inc Cases is not positive,Dist Benmar,NA-DIST BENMAR,2026,September,TDRGLC-6/930,R&G LARGE CAN 6/930GR,000J3YBB7,Committed,0.0,2026-02-01,2026-12-30,DR 2026 - 2026-08-28 (EXCEXP_TLS_000JHWRH0).xlsx,Rebates,2443,TD Ben-Mar annual rebates Eff Feb 1 PI
mom,Fcst Inc Cases is not positive,Dist Benmar,NA-DIST BENMAR,2026,September,TDIC-12/100,INSTANT COFFEE 12/100GR,000J3YBB7,Committed,0.0,2026-02-01,2026-12-30,DR 2026 - 2026-08-28 (EXCEXP_TLS_000JHWRH0).xlsx,Rebates,2444,TD Ben-Mar annual rebates Eff Feb 1 PI
mom,Fcst Inc Cases is not positive,Dist Benmar,NA-DIST BENMAR,2026,September,TDSHHB-12/425,HOT BOWLS 12/425GR,000J3YBB7,Committed,0.0,2026-02-01,2026-12-30,DR 2026 - 2026-08-28 (EXCEXP_TLS_000JHWRH0).xlsx,Rebates,2445,TD Ben-Mar annual rebates Eff Feb 1 PI
mom,Fcst Inc Cases is not positive,Dist Benmar,NA-DIST BENMAR,2026,September,TDHBHC-12/500,HB HOT CHOCOLATE 12/500GR,000J3YBB7,Committed,0.0,2026-02-01,2026-12-30,DR 2026 - 2026-08-28 (EXCEXP_TLS_000JHWRH0).xlsx,Rebates,2446,TD Ben-Mar annual rebates Eff Feb 1 PI
mom,Fcst Inc Cases is not positive,Dist Benmar,NA-DIST BENMAR,2026,September,TDGB-12/5/30,GRANOLA BAR 12/5/30GR,000J3YBB7,Committed,0.0,2026-02-01,2026-12-30,DR 2026 - 2026-08-28 (EXCEXP_TLS_000JHWRH0).xlsx,Rebates,2447,TD Ben-Mar annual rebates Eff Feb 1 PI
mom,Fcst Inc Cases is not positive,Dist Benmar,NA-DIST BENMAR,2026,September,TDRGLC-6/930,R&G LARGE CAN 6/930GR,000ITZ2DK,Committed,0.0,2026-09-30,2026-10-30,DR 2026 - 2026-08-28 (EXCEXP_TLS_000JHWRH0).xlsx,Rebates,2449,TD- Distribution BenMar Oct Bulk Buy on Wholesaler OI
mom,Fcst Inc Cases is not positive,Fed Coop,NA-FED CO-OP,2026,September,TDSSTA-5/14,SS TASSIMO 5/14CT,000JB0FUX,Closed,0.0,2026-01-01,2026-01-05,DR 2026 - 2026-08-28 (EXCEXP_TLS_000JHWRH0).xlsx,Rebates,2451,TD Price Drop Week 50-53 Pt2
mom,Fcst Inc Cases is not positive,Fed Coop,NA-FED CO-OP,2026,September,TDIC-12/100,INSTANT COFFEE 12/100GR,000JB0FUX,Closed,0.0,2026-01-01,2026-01-05,DR 2026 - 2026-08-28 (EXCEXP_TLS_000JHWRH0).xlsx,Rebates,2452,TD Price Drop Week 50-53 Pt2
mom,Fcst Inc Cases is not positive,Fed Coop,NA-FED CO-OP,2026,September,TDSHHB-12/425,HOT BOWLS 12/425GR,000JB0FUX,Closed,0.0,2026-01-01,2026-01-05,DR 2026 - 2026-08-28 (EXCEXP_TLS_000JHWRH0).xlsx,Rebates,2453,TD Price Drop Week 50-53 Pt2
mom,Fcst Inc Cases is not positive,Fed Coop,NA-FED CO-OP,2026,September,6320923707,TDL COFFEE FINE/DARK 1/2 DRP 126/1 EA,000J433WO,Committed,0.0,2026-02-01,2026-12-31,DR 2026 - 2026-08-28 (EXCEXP_TLS_000JHWRH0).xlsx,Rebates,2463,TD FCL 15% OI Disp Eff. Feb 1
mom,Fcst Inc Cases is not positive,Fed Coop,NA-FED CO-OP,2026,September,TDSSKC-16/30,SS KCOMP 16/30CT,000J433WO,Committed,0.0,2026-02-01,2026-12-31,DR 2026 - 2026-08-28 (EXCEXP_TLS_000JHWRH0).xlsx,Rebates,2464,TD FCL 15% OI Disp Eff. Feb 1
mom,Fcst Inc Cases is not positive,Fed Coop,NA-FED CO-OP,2026,September,TDSSKC-145/30,SS KCOMP 145/30CT,000J433WO,Committed,0.0,2026-02-01,2026-12-31,DR 2026 - 2026-08-28 (EXCEXP_TLS_000JHWRH0).xlsx,Rebates,2465,TD FCL 15% OI Disp Eff. Feb 1
mom,Fcst Inc Cases is not positive,Fed Coop,NA-FED CO-OP,2026,September,TDSHSP-288/540,SOUPS 288/540ML,000J433WO,Committed,0.0,2026-02-01,2026-12-31,DR 2026 - 2026-08-28 (EXCEXP_TLS_000JHWRH0).xlsx,Rebates,2466,TD FCL 15% OI Disp Eff. Feb 1
mom,Fcst Inc Cases is not positive,Fed Coop,NA-FED CO-OP,2026,September,TDSHHB-12/425,HOT BOWLS 12/425GR,000J6OUU6,Closed,0.0,2026-04-16,2026-05-06,DR 2026 - 2026-08-28 (EXCEXP_TLS_000JHWRH0).xlsx,Rebates,2489,TD PRICE DROP 516   - CHILE
mom,Fcst Inc Cases is not positive,Fed Coop,NA-FED CO-OP,2026,September,6320911393,TDL KCUP TEA SS 6/12 CT,000ITP8SQ,Committed,0.0,2026-05-07,2026-05-27,DR 2026 - 2026-08-28 (EXCEXP_TLS_000JHWRH0).xlsx,Rebates,2491,TD Price Drop wk 19 HC10ct 12ct ncomp FVC Tass
mom,Fcst Inc Cases is not positive,Fed Coop,NA-FED CO-OP,2026,September,TDSSKC-16/30,SS KCOMP 16/30CT,000JCUO5D,Closed,0.0,2026-04-20,2026-05-10,DR 2026 - 2026-08-28 (EXCEXP_TLS_000JHWRH0).xlsx,Rebates,2502,TD FCL Temp Additional OI 16/30
mom,Fcst Inc Cases is not positive,Fed Coop,NA-FED CO-OP,2026,September,6320911274,TDL VARIETY KCUP SS 4/30 CT,000ITPAQT,Committed,0.0,2026-07-02,2026-07-08,DR 2026 - 2026-08-28 (EXCEXP_TLS_000JHWRH0).xlsx,Rebates,2517,TD WK 27 Flyer Tins 2lb 4/30ct 4/24ct FVC 6/640g
mom,Fcst Inc Cases is not positive,Fed Coop,NA-FED CO-OP,2026,September,6320911273,TDL ORIGINAL KCUP SS 4/30 CT,000ITPAQT,Committed,0.0,2026-07-02,2026-07-08,DR 2026 - 2026-08-28 (EXCEXP_TLS_000JHWRH0).xlsx,Rebates,2519,TD WK 27 Flyer Tins 2lb 4/30ct 4/24ct FVC 6/640g
mom,Fcst Inc Cases is not positive,Fed Coop,NA-FED CO-OP,2026,September,6320912574,TDL KCUP ORANGE PEKOE TEA 4/30 CT,000ITPAQT,Committed,0.0,2026-07-02,2026-07-08,DR 2026 - 2026-08-28 (EXCEXP_TLS_000JHWRH0).xlsx,Rebates,2521,TD WK 27 Flyer Tins 2lb 4/30ct 4/24ct FVC 6/640g
mom,Fcst Inc Cases is not positive,Fed Coop,NA-FED CO-OP,2026,September,6320914562,TDL KCUP FRENCH VANILLA 4/30 CT,000ITPAQT,Committed,0.0,2026-07-02,2026-07-08,DR 2026 - 2026-08-28 (EXCEXP_TLS_000JHWRH0).xlsx,Rebates,2523,TD WK 27 Flyer Tins 2lb 4/30ct 4/24ct FVC 6/640g
mom,Fcst Inc Cases is not positive,Fed Coop,NA-FED CO-OP,2026,September,6320911277,TDL DECAF KCUP SS 4/30 CT,000ITPAQT,Committed,0.0,2026-07-02,2026-07-08,DR 2026 - 2026-08-28 (EXCEXP_TLS_000JHWRH0).xlsx,Rebates,2525,TD WK 27 Flyer Tins 2lb 4/30ct 4/24ct FVC 6/640g
mom,Fcst Inc Cases is not positive,Fed Coop,NA-FED CO-OP,2026,September,6320911276,TDL DARK ROAST KCUP SS 4/30 CT,000ITPAQT,Committed,0.0,2026-07-02,2026-07-08,DR 2026 - 2026-08-28 (EXCEXP_TLS_000JHWRH0).xlsx,Rebates,2527,TD WK 27 Flyer Tins 2lb 4/30ct 4/24ct FVC 6/640g
mom,Fcst Inc Cases is not positive,Fed Coop,NA-FED CO-OP,2026,September,6320911275,TDL COLOMBIAN KCUP SS 4/30 CT,000ITPAQT,Committed,0.0,2026-07-02,2026-07-08,DR 2026 - 2026-08-28 (EXCEXP_TLS_000JHWRH0).xlsx,Rebates,2529,TD WK 27 Flyer Tins 2lb 4/30ct 4/24ct FVC 6/640g
mom,Fcst Inc Cases is not positive,Fed Coop,NA-FED CO-OP,2026,September,TDSSKCC-4/24,SS KCOMP CAP 4/24CT,000ITPAQT,Committed,0.0,2026-07-02,2026-07-08,DR 2026 - 2026-08-28 (EXCEXP_TLS_000JHWRH0).xlsx,Rebates,2533,TD WK 27 Flyer Tins 2lb 4/30ct 4/24ct FVC 6/640g
mom,Fcst Inc Cases is not positive,Fed Coop,NA-FED CO-OP,2026,September,TDRGLC-6/930,R&G LARGE CAN 6/930GR,000ITPAQT,Committed,0.0,2026-07-02,2026-07-08,DR 2026 - 2026-08-28 (EXCEXP_TLS_000JHWRH0).xlsx,Rebates,2535,TD WK 27 Flyer Tins 2lb 4/30ct 4/24ct FVC 6/640g
mom,Fcst Inc Cases is not positive,Fed Coop,NA-FED CO-OP,2026,September,TDRGLB-6/2,R&G LARGE BAG 6/2LB,000ITPAQT,Committed,0.0,2026-07-02,2026-07-08,DR 2026 - 2026-08-28 (EXCEXP_TLS_000JHWRH0).xlsx,Rebates,2537,TD WK 27 Flyer Tins 2lb 4/30ct 4/24ct FVC 6/640g
mom,Fcst Inc Cases is not positive,Fed Coop,NA-FED CO-OP,2026,September,TDSHSP-12/540,SOUPS 12/540ML,000ITPAS7,Committed,0.0,2026-07-16,2026-07-22,DR 2026 - 2026-08-28 (EXCEXP_TLS_000JHWRH0).xlsx,Rebates,2541,TD WK 29 Flyer Soup 540ML
mom,Fcst Inc Cases is not positive,Fed Coop,NA-FED CO-OP,2026,September,TDSSKC-4/30,SS KCOMP 4/30CT,000ITPAVG,Committed,0.0,2026-08-13,2026-09-16,DR 2026 - 2026-08-28 (EXCEXP_TLS_000JHWRH0).xlsx,Rebates,2553,TD WK 34-38 BTS Large tin
mom,Fcst Inc Cases is not positive,Fed Coop,NA-FED CO-OP,2026,September,TDSHSP-12/540,SOUPS 12/540ML,000ITPAUT,Committed,0.0,2026-08-13,2026-09-16,DR 2026 - 2026-08-28 (EXCEXP_TLS_000JHWRH0).xlsx,Rebates,2557,TD BTS WK 33-37 Flyer Soup
mom,Fcst Inc Cases is not positive,Fed Coop,NA-FED CO-OP,2026,September,TDSHSP-12/540,SOUPS 12/540ML,000ITPAUT,Committed,0.0,2026-08-13,2026-09-16,DR 2026 - 2026-08-28 (EXCEXP_TLS_000JHWRH0).xlsx,Rebates,2558,TD BTS WK 33-37 Flyer Soup
mom,Fcst Inc Cases is not positive,Fed Coop,NA-FED CO-OP,2026,September,TDSHSP-12/540,SOUPS 12/540ML,000ITP70B,Planned,0.0,2026-12-03,2026-12-30,DR 2026 - 2026-08-28 (EXCEXP_TLS_000JHWRH0).xlsx,Rebates,2614,TD WK 46-1 FESTIVE - Soups
mom,Fcst Inc Cases is not positive,FKK Wholesale,NA-FKK WHSL,2026,September,TDRGSB-6/300,R&G SMALL BAG 6/300GR,000JAM6UZ,Closed,0.0,2026-03-25,2026-04-10,DR 2026 - 2026-08-28 (EXCEXP_TLS_000JHWRH0).xlsx,Rebates,2617,TD - FKK Wholesaler bulk buy OI
mom,Fcst Inc Cases is not positive,FKK Wholesale,NA-FKK WHSL,2026,September,TDSSKC-6/12,SS KCOMP 6/12CT,000JHAK7P,Closed,0.0,2026-08-11,2026-08-21,DR 2026 - 2026-08-28 (EXCEXP_TLS_000JHWRH0).xlsx,Rebates,2619,TD - FKK Wholesaler bulk buy OI
mom,Fcst Inc Cases is not positive,FKK Wholesale,NA-FKK WHSL,2026,September,TDSSKC-6/10,SS KCOMP 6/10CT,000JHAK7P,Closed,0.0,2026-08-11,2026-08-21,DR 2026 - 2026-08-28 (EXCEXP_TLS_000JHWRH0).xlsx,Rebates,2620,TD - FKK Wholesaler bulk buy OI
mom,Fcst Inc Cases is not positive,FKK Wholesale,NA-FKK WHSL,2026,September,TDRGSB-6/300,R&G SMALL BAG 6/300GR,000JHAK7P,Closed,0.0,2026-08-11,2026-08-21,DR 2026 - 2026-08-28 (EXCEXP_TLS_000JHWRH0).xlsx,Rebates,2621,TD - FKK Wholesaler bulk buy OI
mom,Fcst Inc Cases is not positive,FKK Wholesale,NA-FKK WHSL,2026,September,TDHBHC-6/10,HB HOT CHOCOLATE 6/10CT,000JHAK7P,Closed,0.0,2026-08-11,2026-08-21,DR 2026 - 2026-08-28 (EXCEXP_TLS_000JHWRH0).xlsx,Rebates,2622,TD - FKK Wholesaler bulk buy OI
mom,Fcst Inc Cases is not positive,Giant Tiger,NA-GIANT TIGER,2026,September,TDSHHB-12/425,HOT BOWLS 12/425GR,000ITPJ35,Closed,0.0,2026-01-01,2026-06-30,DR 2026 - 2026-08-28 (EXCEXP_TLS_000JHWRH0).xlsx,Rebates,2642,TD GT East/West cost Gap Chili
mom,Fcst Inc Cases is not positive,Giant Tiger,NA-GIANT TIGER,2026,September,TDNC-10/10,NCOMP 10/10CT,000J2UO1K,Committed,0.0,2026-01-01,2026-12-31,DR 2026 - 2026-08-28 (EXCEXP_TLS_000JHWRH0).xlsx,Rebates,2644,TD NESPRESSO OFF INVOICE
mom,Fcst Inc Cases is not positive,Giant Tiger,NA-GIANT TIGER,2026,September,TDSHSP-12/540,SOUPS 12/540ML,000ITPH27,Committed,0.0,2026-01-01,2026-12-31,DR 2026 - 2026-08-28 (EXCEXP_TLS_000JHWRH0).xlsx,Rebates,2646,TD GT East/West cost Gap Soup
mom,Fcst Inc Cases is not positive,Giant Tiger,NA-GIANT TIGER,2026,September,TDSHSP-12/400,SOUPS 12/400ML,000ITPBW2,Closed,0.0,2026-01-07,2026-01-13,DR 2026 - 2026-08-28 (EXCEXP_TLS_000JHWRH0).xlsx,Rebates,2651,TD GT January  SOUP Flyer
mom,Fcst Inc Cases is not positive,Giant Tiger,NA-GIANT TIGER,2026,September,TDSSKC-6/12,SS KCOMP 6/12CT,000ITPGSV,Closed,0.0,2026-02-01,2026-02-28,DR 2026 - 2026-08-28 (EXCEXP_TLS_000JHWRH0).xlsx,Rebates,2661,TD Giant Tiger Monthly promotion
mom,Fcst Inc Cases is not positive,Giant Tiger,NA-GIANT TIGER,2026,September,TDSSKC-6/10,SS KCOMP 6/10CT,000ITPGSV,Closed,0.0,2026-02-01,2026-02-28,DR 2026 - 2026-08-28 (EXCEXP_TLS_000JHWRH0).xlsx,Rebates,2662,TD Giant Tiger Monthly promotion
mom,Fcst Inc Cases is not positive,Giant Tiger,NA-GIANT TIGER,2026,September,TDSSKC-4/30,SS KCOMP 4/30CT,000ITPGSV,Closed,0.0,2026-02-01,2026-02-28,DR 2026 - 2026-08-28 (EXCEXP_TLS_000JHWRH0).xlsx,Rebates,2663,TD Giant Tiger Monthly promotion
mom,Fcst Inc Cases is not positive,Giant Tiger,NA-GIANT TIGER,2026,September,TDRGSB-6/300,R&G SMALL BAG 6/300GR,000ITPGSV,Closed,0.0,2026-02-01,2026-02-28,DR 2026 - 2026-08-28 (EXCEXP_TLS_000JHWRH0).xlsx,Rebates,2664,TD Giant Tiger Monthly promotion
mom,Fcst Inc Cases is not positive,Giant Tiger,NA-GIANT TIGER,2026,September,TDRGLC-6/930,R&G LARGE CAN 6/930GR,000ITPGSV,Closed,0.0,2026-02-01,2026-02-28,DR 2026 - 2026-08-28 (EXCEXP_TLS_000JHWRH0).xlsx,Rebates,2665,TD Giant Tiger Monthly promotion
mom,Fcst Inc Cases is not positive,Giant Tiger,NA-GIANT TIGER,2026,September,TDIC-12/100,INSTANT COFFEE 12/100GR,000ITPGSV,Closed,0.0,2026-02-01,2026-02-28,DR 2026 - 2026-08-28 (EXCEXP_TLS_000JHWRH0).xlsx,Rebates,2666,TD Giant Tiger Monthly promotion
mom,Fcst Inc Cases is not positive,Giant Tiger,NA-GIANT TIGER,2026,September,TDSSKC-6/12,SS KCOMP 6/12CT,000ITPI9K,Closed,0.0,2026-02-02,2026-03-30,DR 2026 - 2026-08-28 (EXCEXP_TLS_000JHWRH0).xlsx,Rebates,2672,TD GIANT TIGER PRICE INCREASE PROTECTION
mom,Fcst Inc Cases is not positive,Giant Tiger,NA-GIANT TIGER,2026,September,TDSSKC-6/10,SS KCOMP 6/10CT,000ITPI9K,Closed,0.0,2026-02-02,2026-03-30,DR 2026 - 2026-08-28 (EXCEXP_TLS_000JHWRH0).xlsx,Rebates,2673,TD GIANT TIGER PRICE INCREASE PROTECTION
mom,Fcst Inc Cases is not positive,Giant Tiger,NA-GIANT TIGER,2026,September,TDSSKC-4/30,SS KCOMP 4/30CT,000ITPI9K,Closed,0.0,2026-02-02,2026-03-30,DR 2026 - 2026-08-28 (EXCEXP_TLS_000JHWRH0).xlsx,Rebates,2674,TD GIANT TIGER PRICE INCREASE PROTECTION
mom,Fcst Inc Cases is not positive,Giant Tiger,NA-GIANT TIGER,2026,September,TDSHSP-12/540,SOUPS 12/540ML,000ITPI9K,Closed,0.0,2026-02-02,2026-03-30,DR 2026 - 2026-08-28 (EXCEXP_TLS_000JHWRH0).xlsx,Rebates,2675,TD GIANT TIGER PRICE INCREASE PROTECTION
mom,Fcst Inc Cases is not positive,Giant Tiger,NA-GIANT TIGER,2026,September,TDRGSB-6/300,R&G SMALL BAG 6/300GR,000ITPI9K,Closed,0.0,2026-02-02,2026-03-30,DR 2026 - 2026-08-28 (EXCEXP_TLS_000JHWRH0).xlsx,Rebates,2676,TD GIANT TIGER PRICE INCREASE PROTECTION
mom,Fcst Inc Cases is not positive,Giant Tiger,NA-GIANT TIGER,2026,September,6320916881,TDL DOUBLE DOUBLE PACKET 5/8 EA,000ITPH5L,Closed,0.0,2026-03-02,2026-04-05,DR 2026 - 2026-08-28 (EXCEXP_TLS_000JHWRH0).xlsx,Rebates,2681,TD GT HOT CHOCOLATE/SS KCOMP 6/12CT March ISF
mom,Fcst Inc Cases is not positive,Giant Tiger,NA-GIANT TIGER,2026,September,6320915305,TDL CAPPUCCINO FRENCH VAN PACKET 5/8 EA,000ITPH5L,Closed,0.0,2026-03-02,2026-04-05,DR 2026 - 2026-08-28 (EXCEXP_TLS_000JHWRH0).xlsx,Rebates,2682,TD GT HOT CHOCOLATE/SS KCOMP 6/12CT March ISF
mom,Fcst Inc Cases is not positive,Giant Tiger,NA-GIANT TIGER,2026,September,6320920264,TDL CANDY CANE HOT CHOCOLATE 12/450 GR,000ITPH5L,Closed,0.0,2026-03-02,2026-04-05,DR 2026 - 2026-08-28 (EXCEXP_TLS_000JHWRH0).xlsx,Rebates,2683,TD GT HOT CHOCOLATE/SS KCOMP 6/12CT March ISF
mom,Fcst Inc Cases is not positive,Giant Tiger,NA-GIANT TIGER,2026,September,TDHBHC-12/450,HB HOT CHOCOLATE 12/450GR,000ITPH5L,Closed,0.0,2026-03-02,2026-04-05,DR 2026 - 2026-08-28 (EXCEXP_TLS_000JHWRH0).xlsx,Rebates,2689,TD GT HOT CHOCOLATE/SS KCOMP 6/12CT March ISF
mom,Fcst Inc Cases is not positive,Giant Tiger,NA-GIANT TIGER,2026,September,TDSSKC-6/12,SS KCOMP 6/12CT,000ITPICX,Closed,0.0,2026-03-01,2026-03-31,DR 2026 - 2026-08-28 (EXCEXP_TLS_000JHWRH0).xlsx,Rebates,2691,TD Giant Tiger Monthly promotion
mom,Fcst Inc Cases is not positive,Giant Tiger,NA-GIANT TIGER,2026,September,TDSSKC-6/10,SS KCOMP 6/10CT,000ITPICX,Closed,0.0,2026-03-01,2026-03-31,DR 2026 - 2026-08-28 (EXCEXP_TLS_000JHWRH0).xlsx,Rebates,2692,TD Giant Tiger Monthly promotion
mom,Fcst Inc Cases is not positive,Giant Tiger,NA-GIANT TIGER,2026,September,TDSSKC-4/30,SS KCOMP 4/30CT,000ITPICX,Closed,0.0,2026-03-01,2026-03-31,DR 2026 - 2026-08-28 (EXCEXP_TLS_000JHWRH0).xlsx,Rebates,2693,TD Giant Tiger Monthly promotion
mom,Fcst Inc Cases is not positive,Giant Tiger,NA-GIANT TIGER,2026,September,TDRGSB-6/300,R&G SMALL BAG 6/300GR,000ITPICX,Closed,0.0,2026-03-01,2026-03-31,DR 2026 - 2026-08-28 (EXCEXP_TLS_000JHWRH0).xlsx,Rebates,2694,TD Giant Tiger Monthly promotion
mom,Fcst Inc Cases is not positive,Giant Tiger,NA-GIANT TIGER,2026,September,TDRGLC-6/930,R&G LARGE CAN 6/930GR,000ITPICX,Closed,0.0,2026-03-01,2026-03-31,DR 2026 - 2026-08-28 (EXCEXP_TLS_000JHWRH0).xlsx,Rebates,2695,TD Giant Tiger Monthly promotion
mom,Fcst Inc Cases is not positive,Giant Tiger,NA-GIANT TIGER,2026,September,TDIC-12/100,INSTANT COFFEE 12/100GR,000ITPICX,Closed,0.0,2026-03-01,2026-03-31,DR 2026 - 2026-08-28 (EXCEXP_TLS_000JHWRH0).xlsx,Rebates,2696,TD Giant Tiger Monthly promotion
mom,Fcst Inc Cases is not positive,Giant Tiger,NA-GIANT TIGER,2026,September,TDSSKC-6/12,SS KCOMP 6/12CT,000ITPIYP,Committed,0.0,2026-04-01,2026-06-30,DR 2026 - 2026-08-28 (EXCEXP_TLS_000JHWRH0).xlsx,Rebates,2701,TD Giant Tiger Ongoing BB (was Monthly Promo)
mom,Fcst Inc Cases is not positive,Giant Tiger,NA-GIANT TIGER,2026,September,TDSSKC-4/30,SS KCOMP 4/30CT,000ITPIYP,Committed,0.0,2026-04-01,2026-06-30,DR 2026 - 2026-08-28 (EXCEXP_TLS_000JHWRH0).xlsx,Rebates,2702,TD Giant Tiger Ongoing BB (was Monthly Promo)
mom,Fcst Inc Cases is not positive,Giant Tiger,NA-GIANT TIGER,2026,September,TDRGSB-6/300,R&G SMALL BAG 6/300GR,000ITPIYP,Committed,0.0,2026-04-01,2026-06-30,DR 2026 - 2026-08-28 (EXCEXP_TLS_000JHWRH0).xlsx,Rebates,2703,TD Giant Tiger Ongoing BB (was Monthly Promo)
mom,Fcst Inc Cases is not positive,Giant Tiger,NA-GIANT TIGER,2026,September,TDRGLC-6/930,R&G LARGE CAN 6/930GR,000ITPIYP,Committed,0.0,2026-04-01,2026-06-30,DR 2026 - 2026-08-28 (EXCEXP_TLS_000JHWRH0).xlsx,Rebates,2704,TD Giant Tiger Ongoing BB (was Monthly Promo)
mom,Fcst Inc Cases is not positive,Giant Tiger,NA-GIANT TIGER,2026,September,6320912138,TDL ORIGINAL COFFEE DISPLAY 48/300 GR,000J3YBAN,Committed,0.0,2026-06-01,2026-06-30,DR 2026 - 2026-08-28 (EXCEXP_TLS_000JHWRH0).xlsx,Rebates,2716,TD GIANT TIGER TIMBITS SOCCER
mom,Fcst Inc Cases is not positive,Giant Tiger,NA-GIANT TIGER,2026,September,TDSHHB-12/425,HOT BOWLS 12/425GR,000JE19WN,Committed,0.0,2026-05-18,2026-12-31,DR 2026 - 2026-08-28 (EXCEXP_TLS_000JHWRH0).xlsx,Rebates,2718,TD GT East/West cost Gap Chili
mom,Fcst Inc Cases is not positive,Giant Tiger,NA-GIANT TIGER,2026,September,TDSSKC-6/12,SS KCOMP 6/12CT,000ITPGR2,Committed,0.0,2026-07-01,2026-09-30,DR 2026 - 2026-08-28 (EXCEXP_TLS_000JHWRH0).xlsx,Rebates,2735,TD Giant Tiger Ongoing BB (was Monthly)
mom,Fcst Inc Cases is not positive,Giant Tiger,NA-GIANT TIGER,2026,September,TDSSKC-4/30,SS KCOMP 4/30CT,000ITPGR2,Committed,0.0,2026-07-01,2026-09-30,DR 2026 - 2026-08-28 (EXCEXP_TLS_000JHWRH0).xlsx,Rebates,2736,TD Giant Tiger Ongoing BB (was Monthly)
mom,Fcst Inc Cases is not positive,Giant Tiger,NA-GIANT TIGER,2026,September,TDRGSB-6/300,R&G SMALL BAG 6/300GR,000ITPGR2,Committed,0.0,2026-07-01,2026-09-30,DR 2026 - 2026-08-28 (EXCEXP_TLS_000JHWRH0).xlsx,Rebates,2737,TD Giant Tiger Ongoing BB (was Monthly)
mom,Fcst Inc Cases is not positive,Giant Tiger,NA-GIANT TIGER,2026,September,TDRGLC-6/930,R&G LARGE CAN 6/930GR,000ITPGR2,Committed,0.0,2026-07-01,2026-09-30,DR 2026 - 2026-08-28 (EXCEXP_TLS_000JHWRH0).xlsx,Rebates,2738,TD Giant Tiger Ongoing BB (was Monthly)
mom,Fcst Inc Cases is not positive,Giant Tiger,NA-GIANT TIGER,2026,September,6320913827,TDL CN/COB/CR SOUP 1/2 DRP 192/540 ML,000ITPGP0,Committed,0.0,2026-08-12,2026-08-18,DR 2026 - 2026-08-28 (EXCEXP_TLS_000JHWRH0).xlsx,Rebates,2744,TD Soup September Flyer
mom,Fcst Inc Cases is not positive,Giant Tiger,NA-GIANT TIGER,2026,September,TDHBHC-12/450,HB HOT CHOCOLATE 12/450GR,000ITPJJ7,Planned,0.0,2026-10-01,2026-10-20,DR 2026 - 2026-08-28 (EXCEXP_TLS_000JHWRH0).xlsx,Rebates,2770,TD GT Hot Chocolat October ISF
mom,Fcst Inc Cases is not positive,Giant Tiger,NA-GIANT TIGER,2026,September,TDSSKC-6/12,SS KCOMP 6/12CT,000ITPGRZ,Committed,0.0,2026-10-01,2026-12-31,DR 2026 - 2026-08-28 (EXCEXP_TLS_000JHWRH0).xlsx,Rebates,2772,TD Giant Tiger Ongoing BB (was Monthly)
mom,Fcst Inc Cases is not positive,Giant Tiger,NA-GIANT TIGER,2026,September,TDSSKC-4/30,SS KCOMP 4/30CT,000ITPGRZ,Committed,0.0,2026-10-01,2026-12-31,DR 2026 - 2026-08-28 (EXCEXP_TLS_000JHWRH0).xlsx,Rebates,2773,TD Giant Tiger Ongoing BB (was Monthly)
mom,Fcst Inc Cases is not positive,Giant Tiger,NA-GIANT TIGER,2026,September,TDRGSB-6/300,R&G SMALL BAG 6/300GR,000ITPGRZ,Committed,0.0,2026-10-01,2026-12-31,DR 2026 - 2026-08-28 (EXCEXP_TLS_000JHWRH0).xlsx,Rebates,2774,TD Giant Tiger Ongoing BB (was Monthly)
mom,Fcst Inc Cases is not positive,Giant Tiger,NA-GIANT TIGER,2026,September,TDRGLC-6/930,R&G LARGE CAN 6/930GR,000ITPGRZ,Committed,0.0,2026-10-01,2026-12-31,DR 2026 - 2026-08-28 (EXCEXP_TLS_000JHWRH0).xlsx,Rebates,2775,TD Giant Tiger Ongoing BB (was Monthly)
mom,Fcst Inc Cases is not positive,Giant Tiger,NA-GIANT TIGER,2026,September,TDHBHC-12/450,HB HOT CHOCOLATE 12/450GR,000ITPJ4L,Planned,0.0,2026-11-30,2026-12-30,DR 2026 - 2026-08-28 (EXCEXP_TLS_000JHWRH0).xlsx,Rebates,2795,TD December Hot Chocolate Event
mom,Fcst Inc Cases is not positive,Home Hardware,NA-HOME HARDWARE,2026,September,TDSSKC-48/12,SS KCOMP 48/12CT,000ITZNHX,Closed,0.0,2026-01-01,2026-01-31,DR 2026 - 2026-08-28 (EXCEXP_TLS_000JHWRH0).xlsx,Rebates,2822,TD HH LTO Display Allowance  OI Ends Jan 31
mom,Fcst Inc Cases is not positive,Island Grocers,NA-ISLAND IND BG,2026,September,TDSSKC-6/12,SS KCOMP 6/12CT,000ITZ3MT,Committed,0.0,2026-05-30,2026-06-28,DR 2026 - 2026-08-28 (EXCEXP_TLS_000JHWRH0).xlsx,Rebates,2826,TD IIBG Canada Day Tribute Ad Lump Sum
mom,Fcst Inc Cases is not positive,Island Grocers,NA-ISLAND IND BG,2026,September,TDSHSP-12/540,SOUPS 12/540ML,000ITZ3MT,Committed,0.0,2026-05-30,2026-06-28,DR 2026 - 2026-08-28 (EXCEXP_TLS_000JHWRH0).xlsx,Rebates,2827,TD IIBG Canada Day Tribute Ad Lump Sum
mom,Fcst Inc Cases is not positive,Island Grocers,NA-ISLAND IND BG,2026,September,TDRGSB-6/300,R&G SMALL BAG 6/300GR,000ITZ3MT,Committed,0.0,2026-05-30,2026-06-28,DR 2026 - 2026-08-28 (EXCEXP_TLS_000JHWRH0).xlsx,Rebates,2828,TD IIBG Canada Day Tribute Ad Lump Sum
mom,Fcst Inc Cases is not positive,Island Grocers,NA-ISLAND IND BG,2026,September,TDGB-12/5/30,GRANOLA BAR 12/5/30GR,000ITZ3MT,Committed,0.0,2026-05-30,2026-06-28,DR 2026 - 2026-08-28 (EXCEXP_TLS_000JHWRH0).xlsx,Rebates,2829,TD IIBG Canada Day Tribute Ad Lump Sum
mom,Fcst Inc Cases is not positive,Island Grocers,NA-ISLAND IND BG,2026,September,TDHBHC-12/500,HB HOT CHOCOLATE 12/500GR,000ITZ4UN,Committed,0.0,2026-10-13,2026-11-10,DR 2026 - 2026-08-28 (EXCEXP_TLS_000JHWRH0).xlsx,Rebates,2835,TD IIBG Anniversary Flyer - Oct 18 - Nov 15 Lump Sum
mom,Fcst Inc Cases is not positive,JB Hand,NA-J B HAND,2026,September,TDSSKC-6/12,SS KCOMP 6/12CT,000ITZ7NT,Committed,0.0,2026-05-31,2026-06-29,DR 2026 - 2026-08-28 (EXCEXP_TLS_000JHWRH0).xlsx,Rebates,2837,TD JB HAND - SPRING INTO SAVINGS EVENT
mom,Fcst Inc Cases is not positive,JB Hand,NA-J B HAND,2026,September,TDSSKC-4/30,SS KCOMP 4/30CT,000ITZ7NT,Committed,0.0,2026-05-31,2026-06-29,DR 2026 - 2026-08-28 (EXCEXP_TLS_000JHWRH0).xlsx,Rebates,2838,TD JB HAND - SPRING INTO SAVINGS EVENT
mom,Fcst Inc Cases is not positive,Jean Coutu,NA-JEAN COUTU,2026,September,TDSSTA-5/14,SS TASSIMO 5/14CT,000ITZER8,Closed,0.0,2026-04-01,2026-04-27,DR 2026 - 2026-08-28 (EXCEXP_TLS_000JHWRH0).xlsx,Rebates,2851,"TD JC R&G 300g/KCUP 10- 12ct, Tass Discs, Inst 100g Friendly"
mom,Fcst Inc Cases is not positive,Jean Coutu,NA-JEAN COUTU,2026,September,TDRGSB-6/300,R&G SMALL BAG 6/300GR,000ITZERT,Committed,0.0,2026-07-22,2026-08-17,DR 2026 - 2026-08-28 (EXCEXP_TLS_000JHWRH0).xlsx,Rebates,2882,TD JC Instant 100g  R&G 300g Friendly price
mom,Fcst Inc Cases is not positive,Jean Coutu,NA-JEAN COUTU,2026,September,TDSSTA-5/14,SS TASSIMO 5/14CT,000ITZIV7,Committed,0.0,2026-09-16,2026-10-12,DR 2026 - 2026-08-28 (EXCEXP_TLS_000JHWRH0).xlsx,Rebates,2889,"TD JC R&G 300g/ KCUP 10-12ct,Tass Discs, Inst 100g Freindly"
mom,Fcst Inc Cases is not positive,Loblaw,NA-LOBLAWS,2026,September,6320915305,TDL CAPPUCCINO FRENCH VAN PACKET 5/8 EA,000IZZLPG,Committed,0.0,2026-01-01,2026-01-14,DR 2026 - 2026-08-28 (EXCEXP_TLS_000JHWRH0).xlsx,Rebates,2921,TD LCL RCSS WK 1-2 HC 500gr/HC 8Ct + Sachets 8Ct ISF
mom,Fcst Inc Cases is not positive,Loblaw,NA-LOBLAWS,2026,September,TDSHSP-12/540,SOUPS 12/540ML,000IZH61N,Committed,0.0,2026-01-01,2026-02-25,DR 2026 - 2026-08-28 (EXCEXP_TLS_000JHWRH0).xlsx,Rebates,2925,TD LCL MKT WK 1-6 RTS Soups Q1 18x18 Bin Program
mom,Fcst Inc Cases is not positive,Loblaw,NA-LOBLAWS,2026,September,TDHBCAP-5/8,HB CAPPUCCINO 5/8CT,000J2UMKC,Committed,0.0,2026-01-29,2026-02-11,DR 2026 - 2026-08-28 (EXCEXP_TLS_000JHWRH0).xlsx,Rebates,2952,TD LCL MKT Wk 6 HC 500gr/HC 8ct + Sachets 8ct IP
mom,Fcst Inc Cases is not positive,Loblaw,NA-LOBLAWS,2026,September,TDHBHC-5/8,HB HOT CHOCOLATE 5/8CT,000J0ODBA,Committed,0.0,2026-01-29,2026-02-25,DR 2026 - 2026-08-28 (EXCEXP_TLS_000JHWRH0).xlsx,Rebates,2954,TD LCL MAXI Wk 5-8 HC 500gr/HC 8ct + Sachets 8ct ISF
mom,Fcst Inc Cases is not positive,Loblaw,NA-LOBLAWS,2026,September,TDHBHC-12/500,HB HOT CHOCOLATE 12/500GR,000J0ODBA,Committed,0.0,2026-01-29,2026-02-25,DR 2026 - 2026-08-28 (EXCEXP_TLS_000JHWRH0).xlsx,Rebates,2955,TD LCL MAXI Wk 5-8 HC 500gr/HC 8ct + Sachets 8ct ISF
mom,Fcst Inc Cases is not positive,Loblaw,NA-LOBLAWS,2026,September,TDHBCAP-5/8,HB CAPPUCCINO 5/8CT,000J0ODBA,Committed,0.0,2026-01-29,2026-02-25,DR 2026 - 2026-08-28 (EXCEXP_TLS_000JHWRH0).xlsx,Rebates,2956,TD LCL MAXI Wk 5-8 HC 500gr/HC 8ct + Sachets 8ct ISF
mom,Fcst Inc Cases is not positive,Loblaw,NA-LOBLAWS,2026,September,TDHBHC-12/500,HB HOT CHOCOLATE 12/500GR,000ISOIT2,Committed,0.0,2026-02-12,2026-02-18,DR 2026 - 2026-08-28 (EXCEXP_TLS_000JHWRH0).xlsx,Rebates,2973,TD LCL AI Banner WK 7 HC 500gr + Packet 8ct IP
mom,Fcst Inc Cases is not positive,Loblaw,NA-LOBLAWS,2026,September,TDSHSP-12/540,SOUPS 12/540ML,000J2UMO6,Committed,0.0,2026-02-19,2026-03-04,DR 2026 - 2026-08-28 (EXCEXP_TLS_000JHWRH0).xlsx,Rebates,2984,TD LCL NF Wk 9 RTS Soup + Chili ISF
mom,Fcst Inc Cases is not positive,Loblaw,NA-LOBLAWS,2026,September,6320923630,TDL COB/CN/IW SOUP 1/2 DRP 288/540 ML,000IZH61D,Committed,0.0,2026-02-19,2026-03-25,DR 2026 - 2026-08-28 (EXCEXP_TLS_000JHWRH0).xlsx,Rebates,2988,TD LCL RCSS RUTW Wk 9-12 Condens + RTS Soup DRP + Chili (IP)
mom,Fcst Inc Cases is not positive,Loblaw,NA-LOBLAWS,2026,September,TDSHSP-24/284,SOUPS 24/284ML,000IZH61D,Committed,0.0,2026-02-19,2026-03-25,DR 2026 - 2026-08-28 (EXCEXP_TLS_000JHWRH0).xlsx,Rebates,2989,TD LCL RCSS RUTW Wk 9-12 Condens + RTS Soup DRP + Chili (IP)
mom,Fcst Inc Cases is not positive,Loblaw,NA-LOBLAWS,2026,September,TDSHSP-24/284,SOUPS 24/284ML,000IZH61D,Committed,0.0,2026-02-19,2026-03-25,DR 2026 - 2026-08-28 (EXCEXP_TLS_000JHWRH0).xlsx,Rebates,2990,TD LCL RCSS RUTW Wk 9-12 Condens + RTS Soup DRP + Chili (IP)
mom,Fcst Inc Cases is not positive,Loblaw,NA-LOBLAWS,2026,September,TDSHHB-12/425,HOT BOWLS 12/425GR,000IZH61D,Committed,0.0,2026-02-19,2026-03-25,DR 2026 - 2026-08-28 (EXCEXP_TLS_000JHWRH0).xlsx,Rebates,2991,TD LCL RCSS RUTW Wk 9-12 Condens + RTS Soup DRP + Chili (IP)
mom,Fcst Inc Cases is not positive,Loblaw,NA-LOBLAWS,2026,September,TDSHSP-12/540,SOUPS 12/540ML,000J15RAS,Committed,0.0,2026-02-26,2026-04-22,DR 2026 - 2026-08-28 (EXCEXP_TLS_000JHWRH0).xlsx,Rebates,2997,TD LCL RASS/DOM WK 9-16 RTS Soup IP + DMAP
mom,Fcst Inc Cases is not positive,Loblaw,NA-LOBLAWS,2026,September,6320911300,TDL KCUP HOT CHOC ORIGINAL SS 6/10 CT,000J2Z427,Committed,0.0,2026-03-26,2026-04-01,DR 2026 - 2026-08-28 (EXCEXP_TLS_000JHWRH0).xlsx,Rebates,3008,TD LCL MAXI WK 13 Kcup 12ct IP
mom,Fcst Inc Cases is not positive,Loblaw,NA-LOBLAWS,2026,September,TDSIC-12/470,SYRUPS 12/470ML,000JHASM7,Committed,0.0,2026-07-19,2026-08-15,DR 2026 - 2026-08-28 (EXCEXP_TLS_000JHWRH0).xlsx,Rebates,3065,TD LCL HD Wks 24-28 Syrups Digital Coupons
mom,Fcst Inc Cases is not positive,Loblaw,NA-LOBLAWS,2026,September,TDSHSP-12/540,SOUPS 12/540ML,000JGVGX3,Committed,0.0,2026-07-19,2026-10-10,DR 2026 - 2026-08-28 (EXCEXP_TLS_000JHWRH0).xlsx,Rebates,3067,TD LCL MRKT RTS + LOADED SOUP EDBB Q3 Wks 29-41
mom,Fcst Inc Cases is not positive,Loblaw,NA-LOBLAWS,2026,September,TDSHLS-12/540,LOADED SOUPS 12/540ML,000JGVGX3,Committed,0.0,2026-07-19,2026-10-10,DR 2026 - 2026-08-28 (EXCEXP_TLS_000JHWRH0).xlsx,Rebates,3068,TD LCL MRKT RTS + LOADED SOUP EDBB Q3 Wks 29-41
mom,Fcst Inc Cases is not positive,Loblaw,NA-LOBLAWS,2026,September,TDSHSP-12/540,SOUPS 12/540ML,000JGVGY5,Committed,0.0,2026-07-19,2026-10-10,DR 2026 - 2026-08-28 (EXCEXP_TLS_000JHWRH0).xlsx,Rebates,3070,TD LCL RCSS RTS + LOADED SOUP EDBB Wks 29-41
mom,Fcst Inc Cases is not positive,Loblaw,NA-LOBLAWS,2026,September,TDSHLS-12/540,LOADED SOUPS 12/540ML,000JGVGY5,Committed,0.0,2026-07-19,2026-10-10,DR 2026 - 2026-08-28 (EXCEXP_TLS_000JHWRH0).xlsx,Rebates,3071,TD LCL RCSS RTS + LOADED SOUP EDBB Wks 29-41
mom,Fcst Inc Cases is not positive,Loblaw,NA-LOBLAWS,2026,September,TDRDIC-6/142,ICED COFFEE 6/1.42L,000JHIVWB,Committed,0.0,2026-07-23,2026-12-31,DR 2026 - 2026-08-28 (EXCEXP_TLS_000JHWRH0).xlsx,Rebates,3073,TD LCL MRKT RCSS RTD EDBB Wks 30-52
mom,Fcst Inc Cases is not positive,Loblaw,NA-LOBLAWS,2026,September,TDRDIC-6/142,ICED COFFEE 6/1.42L,000JHJZN2,Committed,0.0,2026-07-25,2026-12-31,DR 2026 - 2026-08-28 (EXCEXP_TLS_000JHWRH0).xlsx,Rebates,3075,TD LCL NF RTD EDBB Wks 30-52
mom,Fcst Inc Cases is not positive,Loblaw,NA-LOBLAWS,2026,September,TDRDIC-6/142,ICED COFFEE 6/1.42L,000JHJZMV,Committed,0.0,2026-07-25,2026-12-31,DR 2026 - 2026-08-28 (EXCEXP_TLS_000JHWRH0).xlsx,Rebates,3077,TD LCL MAXI RTD EDBB Wks 30-52
mom,Fcst Inc Cases is not positive,Loblaw,NA-LOBLAWS,2026,September,TDSHSP-24/284,SOUPS 24/284ML,000ISORJO,Planned,0.0,2026-09-07,2026-10-03,DR 2026 - 2026-08-28 (EXCEXP_TLS_000JHWRH0).xlsx,Rebates,3123,TD LCL NF Wk 50-53 Soups Profit Gap (Front End)
mom,Fcst Inc Cases is not positive,Loblaw,NA-LOBLAWS,2026,September,TDSHSP-12/540,SOUPS 12/540ML,000ISORJO,Planned,0.0,2026-09-07,2026-10-03,DR 2026 - 2026-08-28 (EXCEXP_TLS_000JHWRH0).xlsx,Rebates,3124,TD LCL NF Wk 50-53 Soups Profit Gap (Front End)
mom,Fcst Inc Cases is not positive,Loblaw,NA-LOBLAWS,2026,September,6320925770,TDL LOADED CHICKEN NOODLE 12/540ML,000ISOQEQ,Planned,0.0,2026-09-10,2026-09-16,DR 2026 - 2026-08-28 (EXCEXP_TLS_000JHWRH0).xlsx,Rebates,3132,LCL MRKT WK 37 Omni Placement Loaded Chicken Noodle Soup
mom,Fcst Inc Cases is not positive,Loblaw,NA-LOBLAWS,2026,September,TDSHSP-12/540,SOUPS 12/540ML,000JDWKE5,Planned,0.0,2026-09-10,2026-11-04,DR 2026 - 2026-08-28 (EXCEXP_TLS_000JHWRH0).xlsx,Rebates,3140,TD LCL RASS/DOM WK 37-44 RTS Soups Cycle 5 18x18 Bin Program
mom,Fcst Inc Cases is not positive,Loblaw,NA-LOBLAWS,2026,September,TDSHHB-12/425,HOT BOWLS 12/425GR,000J15RBK,Planned,0.0,2026-10-01,2026-10-07,DR 2026 - 2026-08-28 (EXCEXP_TLS_000JHWRH0).xlsx,Rebates,3163,TD LCL MKT + RASS/DOM WK 40 Chili Inside Pg
mom,Fcst Inc Cases is not positive,Loblaw,NA-LOBLAWS,2026,September,TDSHLS-12/540,LOADED SOUPS 12/540ML,000JHF10B,Committed,0.0,2026-10-15,2026-11-04,DR 2026 - 2026-08-28 (EXCEXP_TLS_000JHWRH0).xlsx,Rebates,3218,TD LCL FORTINOS WK 42-44 RTS + Loaded Soup ISF
mom,Fcst Inc Cases is not positive,Loblaw,NA-LOBLAWS,2026,September,6320909069,TDL HOT CHOCOLATE 12/500 GR,000IUB10O,Planned,0.0,2026-11-03,2026-11-28,DR 2026 - 2026-08-28 (EXCEXP_TLS_000JHWRH0).xlsx,Rebates,3239,TD LCL RCSS HotChoc 500g Wk 45-52 Profit Panel
mom,Fcst Inc Cases is not positive,Loblaw,NA-LOBLAWS,2026,September,6320923582,TDL ITALIAN WEDDING 12/540 ML,000IUB0ZR,Planned,0.0,2026-11-05,2026-12-02,DR 2026 - 2026-08-28 (EXCEXP_TLS_000JHWRH0).xlsx,Rebates,3254,TD RCSS + RASS/DOM WK 45-48 SOUP - BigBrand
mom,Fcst Inc Cases is not positive,Loblaw,NA-LOBLAWS,2026,September,6320912804,TDL CREAM OF BROCCOLI 12/540 ML,000IUB0ZR,Planned,0.0,2026-11-05,2026-12-02,DR 2026 - 2026-08-28 (EXCEXP_TLS_000JHWRH0).xlsx,Rebates,3255,TD RCSS + RASS/DOM WK 45-48 SOUP - BigBrand
mom,Fcst Inc Cases is not positive,Loblaw,NA-LOBLAWS,2026,September,6320912805,TDL CHICKEN NOODLE 12/540 ML,000IUB0ZR,Planned,0.0,2026-11-05,2026-12-02,DR 2026 - 2026-08-28 (EXCEXP_TLS_000JHWRH0).xlsx,Rebates,3257,TD RCSS + RASS/DOM WK 45-48 SOUP - BigBrand
mom,Fcst Inc Cases is not positive,Loblaw,NA-LOBLAWS,2026,September,TDSHSP-12/540,SOUPS 12/540ML,000IUB0ZR,Planned,0.0,2026-11-05,2026-12-02,DR 2026 - 2026-08-28 (EXCEXP_TLS_000JHWRH0).xlsx,Rebates,3258,TD RCSS + RASS/DOM WK 45-48 SOUP - BigBrand
mom,Fcst Inc Cases is not positive,Loblaw,NA-LOBLAWS,2026,September,6320920264,TDL CANDY CANE HOT CHOCOLATE 12/450 GR,000IVXC2X,Planned,0.0,2026-11-05,2026-12-02,DR 2026 - 2026-08-28 (EXCEXP_TLS_000JHWRH0).xlsx,Rebates,3261,TD RCSS WK 45-48 HB- BigBrand
mom,Fcst Inc Cases is not positive,Loblaw,NA-LOBLAWS,2026,September,TDHB,HOT BEVERAGE,000IVXC2X,Planned,0.0,2026-11-05,2026-12-02,DR 2026 - 2026-08-28 (EXCEXP_TLS_000JHWRH0).xlsx,Rebates,3262,TD RCSS WK 45-48 HB- BigBrand
mom,Fcst Inc Cases is not positive,Loblaw,NA-LOBLAWS,2026,September,TDHBHC-12/500,HB HOT CHOCOLATE 12/500GR,000IVXC2X,Planned,0.0,2026-11-05,2026-12-02,DR 2026 - 2026-08-28 (EXCEXP_TLS_000JHWRH0).xlsx,Rebates,3263,TD RCSS WK 45-48 HB- BigBrand
mom,Fcst Inc Cases is not positive,Loblaw,NA-LOBLAWS,2026,September,6320920672,TDL ORG/CANDY HOT CHOC DISPLAY 36/500 GR,000IU2N8H,Planned,0.0,2026-11-06,2026-12-10,DR 2026 - 2026-08-28 (EXCEXP_TLS_000JHWRH0).xlsx,Rebates,3285,TD MRKT WK 45-49 TIMH HOT CHOC CANDY CANE PPK
mom,Fcst Inc Cases is not positive,Loblaw,NA-LOBLAWS,2026,September,6320920672,TDL ORG/CANDY HOT CHOC DISPLAY 36/500 GR,000IU2N8H,Planned,0.0,2026-11-06,2026-12-10,DR 2026 - 2026-08-28 (EXCEXP_TLS_000JHWRH0).xlsx,Rebates,3286,TD MRKT WK 45-49 TIMH HOT CHOC CANDY CANE PPK
mom,Fcst Inc Cases is not positive,Loblaw,NA-LOBLAWS,2026,September,TDSHLS-12/540,LOADED SOUPS 12/540ML,000IU2MAO,Planned,0.0,2026-11-19,2026-12-09,DR 2026 - 2026-08-28 (EXCEXP_TLS_000JHWRH0).xlsx,Rebates,3291,TD LCL RCSS WK 47-49 RTS + Loaded Soup (ISF/IP)
mom,Fcst Inc Cases is not positive,Loblaw,NA-LOBLAWS,2026,September,TDSHSP-12/540,SOUPS 12/540ML,000J1526C,Planned,0.0,2026-11-26,2026-12-02,DR 2026 - 2026-08-28 (EXCEXP_TLS_000JHWRH0).xlsx,Rebates,3300,TD LCL RASS/DOM WK 48 RTS Soup IP
mom,Fcst Inc Cases is not positive,Loblaw,NA-LOBLAWS,2026,September,TDSHSP-12/540,SOUPS 12/540ML,000J1525Z,Planned,0.0,2026-12-03,2026-12-09,DR 2026 - 2026-08-28 (EXCEXP_TLS_000JHWRH0).xlsx,Rebates,3315,TD LCL RASS/DOM WK 49 RTS Soup IP
mom,Fcst Inc Cases is not positive,Loblaw,NA-LOBLAWS,2026,September,6320920672,TDL ORG/CANDY HOT CHOC DISPLAY 36/500 GR,000IU2NAV,Planned,0.0,2026-12-11,2026-12-31,DR 2026 - 2026-08-28 (EXCEXP_TLS_000JHWRH0).xlsx,Rebates,3323,TD MRKT WK 50-53 TIMH HOT CHOC CANDY CANE PPK
mom,Fcst Inc Cases is not positive,Loblaw,NA-LOBLAWS,2026,September,6320920672,TDL ORG/CANDY HOT CHOC DISPLAY 36/500 GR,000IU2NAV,Planned,0.0,2026-12-11,2026-12-31,DR 2026 - 2026-08-28 (EXCEXP_TLS_000JHWRH0).xlsx,Rebates,3324,TD MRKT WK 50-53 TIMH HOT CHOC CANDY CANE PPK
mom,Fcst Inc Cases is not positive,Loblaw,NA-LOBLAWS,2026,September,TDSHSP-12/540,SOUPS 12/540ML,000IU2OAB,Planned,0.0,2026-12-10,2026-12-16,DR 2026 - 2026-08-28 (EXCEXP_TLS_000JHWRH0).xlsx,Rebates,3348,TD LCL RASS/DOM WK 50 RTS Soup ISF
mom,Fcst Inc Cases is not positive,Loblaw,NA-LOBLAWS,2026,September,TDSHSP-12/540,SOUPS 12/540ML,000J15RAI,Planned,0.0,2026-12-24,2026-12-30,DR 2026 - 2026-08-28 (EXCEXP_TLS_000JHWRH0).xlsx,Rebates,3361,TD LCL RASS/DOM WK 52 RTS Soup ISF
mom,Fcst Inc Cases is not positive,London Drugs,NA-LONDON DRUGS,2026,September,6320912803,TDL BEEF CHILI 12/425 GR,000ITZNT6,Closed,0.0,2026-01-01,2026-01-25,DR 2026 - 2026-08-28 (EXCEXP_TLS_000JHWRH0).xlsx,Rebates,3367,TD - JAN MANAGERS SPECIAL
mom,Fcst Inc Cases is not positive,London Drugs,NA-LONDON DRUGS,2026,September,TDSHSP-12/540,SOUPS 12/540ML,000ITZNT6,Closed,0.0,2026-01-01,2026-01-25,DR 2026 - 2026-08-28 (EXCEXP_TLS_000JHWRH0).xlsx,Rebates,3368,TD - JAN MANAGERS SPECIAL
mom,Fcst Inc Cases is not positive,London Drugs,NA-LONDON DRUGS,2026,September,TDNC-10/10,NCOMP 10/10CT,000ITZ4PP,Closed,0.0,2026-01-01,2026-01-25,DR 2026 - 2026-08-28 (EXCEXP_TLS_000JHWRH0).xlsx,Rebates,3370,TD - JAN MANAGERS SPECIAL * Pt2
mom,Fcst Inc Cases is not positive,London Drugs,NA-LONDON DRUGS,2026,September,TDIC-12/100,INSTANT COFFEE 12/100GR,000ITZ4PP,Closed,0.0,2026-01-01,2026-01-25,DR 2026 - 2026-08-28 (EXCEXP_TLS_000JHWRH0).xlsx,Rebates,3371,TD - JAN MANAGERS SPECIAL * Pt2
mom,Fcst Inc Cases is not positive,London Drugs,NA-LONDON DRUGS,2026,September,TDHBHC-12/500,HB HOT CHOCOLATE 12/500GR,000ITZ4PP,Closed,0.0,2026-01-01,2026-01-25,DR 2026 - 2026-08-28 (EXCEXP_TLS_000JHWRH0).xlsx,Rebates,3372,TD - JAN MANAGERS SPECIAL * Pt2
mom,Fcst Inc Cases is not positive,London Drugs,NA-LONDON DRUGS,2026,September,TDHBHC-12/500,HB HOT CHOCOLATE 12/500GR,000ITZ4PP,Closed,0.0,2026-01-01,2026-01-25,DR 2026 - 2026-08-28 (EXCEXP_TLS_000JHWRH0).xlsx,Rebates,3373,TD - JAN MANAGERS SPECIAL * Pt2
mom,Fcst Inc Cases is not positive,London Drugs,NA-LONDON DRUGS,2026,September,TDL,TDL CAN,000ITZPYW,Closed,0.0,2026-01-28,2026-02-22,DR 2026 - 2026-08-28 (EXCEXP_TLS_000JHWRH0).xlsx,Rebates,3375,TD - FEB MANAGERS SPECIAL
mom,Fcst Inc Cases is not positive,London Drugs,NA-LONDON DRUGS,2026,September,TDL,TDL CAN,000ITZETS,Closed,0.0,2026-01-28,2026-02-23,DR 2026 - 2026-08-28 (EXCEXP_TLS_000JHWRH0).xlsx,Rebates,3378,TD - FEB SOUPS MANAGERS SPECIAL
mom,Fcst Inc Cases is not positive,London Drugs,NA-LONDON DRUGS,2026,September,TDL,TDL CAN,000ITYY7J,Closed,0.0,2026-02-06,2026-02-11,DR 2026 - 2026-08-28 (EXCEXP_TLS_000JHWRH0).xlsx,Rebates,3382,TD - FEB 6 FLYER
mom,Fcst Inc Cases is not positive,London Drugs,NA-LONDON DRUGS,2026,September,TDNC-10/10,NCOMP 10/10CT,000ITYY7J,Closed,0.0,2026-02-06,2026-02-11,DR 2026 - 2026-08-28 (EXCEXP_TLS_000JHWRH0).xlsx,Rebates,3383,TD - FEB 6 FLYER
mom,Fcst Inc Cases is not positive,London Drugs,NA-LONDON DRUGS,2026,September,TDL,TDL CAN,000ITZAZ9,Closed,0.0,2026-02-20,2026-02-25,DR 2026 - 2026-08-28 (EXCEXP_TLS_000JHWRH0).xlsx,Rebates,3385,TD - FEB 20 FLYER
mom,Fcst Inc Cases is not positive,London Drugs,NA-LONDON DRUGS,2026,September,TDSSKC-4/30,SS KCOMP 4/30CT,000ITZAZ9,Closed,0.0,2026-02-20,2026-02-25,DR 2026 - 2026-08-28 (EXCEXP_TLS_000JHWRH0).xlsx,Rebates,3386,TD - FEB 20 FLYER
mom,Fcst Inc Cases is not positive,London Drugs,NA-LONDON DRUGS,2026,September,TDRGSB-6/300,R&G SMALL BAG 6/300GR,000ITZAZ9,Closed,0.0,2026-02-20,2026-02-25,DR 2026 - 2026-08-28 (EXCEXP_TLS_000JHWRH0).xlsx,Rebates,3387,TD - FEB 20 FLYER
mom,Fcst Inc Cases is not positive,London Drugs,NA-LONDON DRUGS,2026,September,TDRGLB-6/652,R&G LARGE BAG 6/652GR,000ITZAZ9,Closed,0.0,2026-02-20,2026-02-25,DR 2026 - 2026-08-28 (EXCEXP_TLS_000JHWRH0).xlsx,Rebates,3389,TD - FEB 20 FLYER
mom,Fcst Inc Cases is not positive,London Drugs,NA-LONDON DRUGS,2026,September,TDL,TDL CAN,000ITZCBY,Committed,0.0,2026-02-25,2026-03-22,DR 2026 - 2026-08-28 (EXCEXP_TLS_000JHWRH0).xlsx,Rebates,3391,TD - MARCH MANAGERS SPECIAL
mom,Fcst Inc Cases is not positive,London Drugs,NA-LONDON DRUGS,2026,September,TDRGLB-6/652,R&G LARGE BAG 6/652GR,000ITZCBY,Committed,0.0,2026-02-25,2026-03-22,DR 2026 - 2026-08-28 (EXCEXP_TLS_000JHWRH0).xlsx,Rebates,3396,TD - MARCH MANAGERS SPECIAL
mom,Fcst Inc Cases is not positive,London Drugs,NA-LONDON DRUGS,2026,September,TDNC-10/10,NCOMP 10/10CT,000ITZCBY,Committed,0.0,2026-02-25,2026-03-22,DR 2026 - 2026-08-28 (EXCEXP_TLS_000JHWRH0).xlsx,Rebates,3397,TD - MARCH MANAGERS SPECIAL
mom,Fcst Inc Cases is not positive,London Drugs,NA-LONDON DRUGS,2026,September,TDIC-12/100,INSTANT COFFEE 12/100GR,000ITZCBY,Committed,0.0,2026-02-25,2026-03-22,DR 2026 - 2026-08-28 (EXCEXP_TLS_000JHWRH0).xlsx,Rebates,3398,TD - MARCH MANAGERS SPECIAL
mom,Fcst Inc Cases is not positive,London Drugs,NA-LONDON DRUGS,2026,September,TDHBHC-12/500,HB HOT CHOCOLATE 12/500GR,000ITZCBY,Committed,0.0,2026-02-25,2026-03-22,DR 2026 - 2026-08-28 (EXCEXP_TLS_000JHWRH0).xlsx,Rebates,3399,TD - MARCH MANAGERS SPECIAL
mom,Fcst Inc Cases is not positive,London Drugs,NA-LONDON DRUGS,2026,September,TDL,TDL CAN,000ITZCBJ,Closed,0.0,2026-03-13,2026-03-18,DR 2026 - 2026-08-28 (EXCEXP_TLS_000JHWRH0).xlsx,Rebates,3401,TD MARCH 13 FLYER
mom,Fcst Inc Cases is not positive,London Drugs,NA-LONDON DRUGS,2026,September,TDSHSP-12/540,SOUPS 12/540ML,000ITZCMN,Closed,0.0,2026-03-13,2026-03-28,DR 2026 - 2026-08-28 (EXCEXP_TLS_000JHWRH0).xlsx,Rebates,3405,TD MARCH 13 FLYER SOUPS/CHILI
mom,Fcst Inc Cases is not positive,London Drugs,NA-LONDON DRUGS,2026,September,TDL,TDL CAN,000ITZ453,Closed,0.0,2026-03-01,2026-03-30,DR 2026 - 2026-08-28 (EXCEXP_TLS_000JHWRH0).xlsx,Rebates,3408,TD - MARCH POWER END
mom,Product cannot be mapped to an MPG pack size,London Drugs,NA-LONDON DRUGS,2026,September,TDL,TDL CAN,000ITYZM1,Closed,40.0,2026-03-20,2026-03-25,DR 2026 - 2026-08-28 (EXCEXP_TLS_000JHWRH0).xlsx,Rebates,3412,TD - MARCH 20 FLYER
mom,Fcst Inc Cases is not positive,London Drugs,NA-LONDON DRUGS,2026,September,TDRGLC-6/930,R&G LARGE CAN 6/930GR,000ITYZM1,Closed,0.0,2026-03-20,2026-03-25,DR 2026 - 2026-08-28 (EXCEXP_TLS_000JHWRH0).xlsx,Rebates,3414,TD - MARCH 20 FLYER
mom,Fcst Inc Cases is not positive,London Drugs,NA-LONDON DRUGS,2026,September,TDSHSP-12/540,SOUPS 12/540ML,000ITZ0Z4,Closed,0.0,2026-03-25,2026-04-19,DR 2026 - 2026-08-28 (EXCEXP_TLS_000JHWRH0).xlsx,Rebates,3417,TD APRIL MANAGERS SOUPS/CHILI
mom,Fcst Inc Cases is not positive,London Drugs,NA-LONDON DRUGS,2026,September,TDL,TDL CAN,000ITZQFW,Committed,0.0,2026-03-25,2026-04-19,DR 2026 - 2026-08-28 (EXCEXP_TLS_000JHWRH0).xlsx,Rebates,3420,TD APRIL MANAGERS SPECIAL
mom,Fcst Inc Cases is not positive,London Drugs,NA-LONDON DRUGS,2026,September,TDRGLC-6/930,R&G LARGE CAN 6/930GR,000ITZQFW,Committed,0.0,2026-03-25,2026-04-19,DR 2026 - 2026-08-28 (EXCEXP_TLS_000JHWRH0).xlsx,Rebates,3422,TD APRIL MANAGERS SPECIAL
mom,Fcst Inc Cases is not positive,London Drugs,NA-LONDON DRUGS,2026,September,TDL,TDL CAN,000ITZPKR,Closed,0.0,2026-04-03,2026-04-08,DR 2026 - 2026-08-28 (EXCEXP_TLS_000JHWRH0).xlsx,Rebates,3425,TD - APRIL 3 FLYER
mom,Fcst Inc Cases is not positive,London Drugs,NA-LONDON DRUGS,2026,September,TDRGLB-6/652,R&G LARGE BAG 6/652GR,000ITZPKR,Closed,0.0,2026-04-03,2026-04-08,DR 2026 - 2026-08-28 (EXCEXP_TLS_000JHWRH0).xlsx,Rebates,3426,TD - APRIL 3 FLYER
mom,Fcst Inc Cases is not positive,London Drugs,NA-LONDON DRUGS,2026,September,TDL,TDL CAN,000ITZ0AX,Closed,0.0,2026-05-01,2026-05-06,DR 2026 - 2026-08-28 (EXCEXP_TLS_000JHWRH0).xlsx,Rebates,3428,TD - MAY 1  FLYER
mom,Fcst Inc Cases is not positive,London Drugs,NA-LONDON DRUGS,2026,September,TDL,TDL CAN,000ITZ9NK,Committed,0.0,2026-04-22,2026-05-24,DR 2026 - 2026-08-28 (EXCEXP_TLS_000JHWRH0).xlsx,Rebates,3431,TD MAY MANAGERS SPECIAL
mom,Fcst Inc Cases is not positive,London Drugs,NA-LONDON DRUGS,2026,September,TDSSKC-4/48,SS KCOMP 4/48CT,000ITZ9NK,Committed,0.0,2026-04-22,2026-05-24,DR 2026 - 2026-08-28 (EXCEXP_TLS_000JHWRH0).xlsx,Rebates,3433,TD MAY MANAGERS SPECIAL
mom,Fcst Inc Cases is not positive,London Drugs,NA-LONDON DRUGS,2026,September,TDNC-10/10,NCOMP 10/10CT,000ITZ9NK,Committed,0.0,2026-04-22,2026-05-24,DR 2026 - 2026-08-28 (EXCEXP_TLS_000JHWRH0).xlsx,Rebates,3435,TD MAY MANAGERS SPECIAL
mom,Fcst Inc Cases is not positive,London Drugs,NA-LONDON DRUGS,2026,September,TDIC-12/100,INSTANT COFFEE 12/100GR,000ITZ9NK,Committed,0.0,2026-04-22,2026-05-24,DR 2026 - 2026-08-28 (EXCEXP_TLS_000JHWRH0).xlsx,Rebates,3436,TD MAY MANAGERS SPECIAL
mom,Fcst Inc Cases is not positive,London Drugs,NA-LONDON DRUGS,2026,September,TDL,TDL CAN,000ITZHEE,Closed,0.0,2026-05-15,2026-05-20,DR 2026 - 2026-08-28 (EXCEXP_TLS_000JHWRH0).xlsx,Rebates,3439,TD - MAY 15 FLYER SOUPS/CHILI
mom,Fcst Inc Cases is not positive,London Drugs,NA-LONDON DRUGS,2026,September,TDL,TDL CAN,000IVQZEN,Closed,0.0,2026-05-01,2026-05-31,DR 2026 - 2026-08-28 (EXCEXP_TLS_000JHWRH0).xlsx,Rebates,3443,TD - MAY POWER END
mom,Fcst Inc Cases is not positive,London Drugs,NA-LONDON DRUGS,2026,September,TDHBHC-6/1.5,HB HOT CHOCOLATE 6/1.5KG,000ITYY5O,Closed,0.0,2026-05-28,2026-06-29,DR 2026 - 2026-08-28 (EXCEXP_TLS_000JHWRH0).xlsx,Rebates,3447,TD JUNE MANAGERS SPECIAL
mom,Fcst Inc Cases is not positive,London Drugs,NA-LONDON DRUGS,2026,September,TDL,TDL CAN,000IVQZFC,Committed,0.0,2026-06-01,2026-06-11,DR 2026 - 2026-08-28 (EXCEXP_TLS_000JHWRH0).xlsx,Rebates,3450,TD JUNE 5 FLYER
mom,Fcst Inc Cases is not positive,London Drugs,NA-LONDON DRUGS,2026,September,TDL,TDL CAN,000ITZHF1,Committed,0.0,2026-06-25,2026-07-19,DR 2026 - 2026-08-28 (EXCEXP_TLS_000JHWRH0).xlsx,Rebates,3453,TD JULY MANAGERS SPECIAL
mom,Fcst Inc Cases is not positive,London Drugs,NA-LONDON DRUGS,2026,September,TDNC-10/10,NCOMP 10/10CT,000ITZHF1,Committed,0.0,2026-06-25,2026-07-19,DR 2026 - 2026-08-28 (EXCEXP_TLS_000JHWRH0).xlsx,Rebates,3459,TD JULY MANAGERS SPECIAL
mom,Fcst Inc Cases is not positive,London Drugs,NA-LONDON DRUGS,2026,September,TDRGSB-6/300,R&G SMALL BAG 6/300GR,000ITZGR3,Committed,0.0,2026-07-10,2026-07-15,DR 2026 - 2026-08-28 (EXCEXP_TLS_000JHWRH0).xlsx,Rebates,3463,TD JULY 10 FLYER
mom,Fcst Inc Cases is not positive,London Drugs,NA-LONDON DRUGS,2026,September,TDL,TDL CAN,000ITZDN3,Committed,0.0,2026-07-22,2026-08-23,DR 2026 - 2026-08-28 (EXCEXP_TLS_000JHWRH0).xlsx,Rebates,3466,TD AUGUST MANAGERS SPECIAL
mom,Fcst Inc Cases is not positive,London Drugs,NA-LONDON DRUGS,2026,September,TDL,TDL CAN,000ITZOGI,Committed,0.0,2026-08-27,2026-09-21,DR 2026 - 2026-08-28 (EXCEXP_TLS_000JHWRH0).xlsx,Rebates,3476,TD SEPTEMBER MANAGERS SPECIAL
mom,Fcst Inc Cases is not positive,London Drugs,NA-LONDON DRUGS,2026,September,TDL,TDL CAN,000ITYY6V,Committed,0.0,2026-08-31,2026-09-30,DR 2026 - 2026-08-28 (EXCEXP_TLS_000JHWRH0).xlsx,Rebates,3484,TD - SEPTEMBER DISPLAY
mom,Fcst Inc Cases is not positive,London Drugs,NA-LONDON DRUGS,2026,September,TDL,TDL CAN,000ITZ0Y7,Committed,0.0,2026-09-18,2026-09-23,DR 2026 - 2026-08-28 (EXCEXP_TLS_000JHWRH0).xlsx,Rebates,3488,TD SEPT 18 FLYER
mom,Fcst Inc Cases is not positive,London Drugs,NA-LONDON DRUGS,2026,September,TDL,TDL CAN,000ITZFTR,Committed,0.0,2026-09-11,2026-09-16,DR 2026 - 2026-08-28 (EXCEXP_TLS_000JHWRH0).xlsx,Rebates,3491,TD - SEPTEMBER 11 FLYER
mom,Fcst Inc Cases is not positive,London Drugs,NA-LONDON DRUGS,2026,September,TDSSKC-4/30,SS KCOMP 4/30CT,000ITZGOL,Committed,0.0,2026-09-23,2026-10-18,DR 2026 - 2026-08-28 (EXCEXP_TLS_000JHWRH0).xlsx,Rebates,3497,TD - OCTOBER MANAGERS SPECIAL
mom,Fcst Inc Cases is not positive,London Drugs,NA-LONDON DRUGS,2026,September,TDRGSB-6/300,R&G SMALL BAG 6/300GR,000ITZGOL,Committed,0.0,2026-09-23,2026-10-18,DR 2026 - 2026-08-28 (EXCEXP_TLS_000JHWRH0).xlsx,Rebates,3498,TD - OCTOBER MANAGERS SPECIAL
mom,Fcst Inc Cases is not positive,London Drugs,NA-LONDON DRUGS,2026,September,TDRGLC-6/930,R&G LARGE CAN 6/930GR,000IXOHM2,Planned,0.0,2026-10-02,2026-10-07,DR 2026 - 2026-08-28 (EXCEXP_TLS_000JHWRH0).xlsx,Rebates,3502,TD - SEPTEMBER DISPLAY
mom,Fcst Inc Cases is not positive,London Drugs,NA-LONDON DRUGS,2026,September,TDNC-10/10,NCOMP 10/10CT,000IXOHMQ,Planned,0.0,2026-10-16,2026-10-21,DR 2026 - 2026-08-28 (EXCEXP_TLS_000JHWRH0).xlsx,Rebates,3506,TD - OCTOBER 16 FLYER
mom,Fcst Inc Cases is not positive,London Drugs,NA-LONDON DRUGS,2026,September,TDHBHC-12/500,HB HOT CHOCOLATE 12/500GR,000ITZLRT,Planned,0.0,2026-10-31,2026-11-29,DR 2026 - 2026-08-28 (EXCEXP_TLS_000JHWRH0).xlsx,Rebates,3513,TD NOVEMBER  DISPLAY
mom,Fcst Inc Cases is not positive,London Drugs,NA-LONDON DRUGS,2026,September,TDL,TDL CAN,000ITZQEM,Planned,0.0,2026-11-13,2026-11-18,DR 2026 - 2026-08-28 (EXCEXP_TLS_000JHWRH0).xlsx,Rebates,3516,TD NOV 13 FLYER
mom,Fcst Inc Cases is not positive,London Drugs,NA-LONDON DRUGS,2026,September,TDL,TDL CAN,000ITZ88A,Planned,0.0,2026-11-25,2026-12-27,DR 2026 - 2026-08-28 (EXCEXP_TLS_000JHWRH0).xlsx,Rebates,3521,TD DECEMBER MANAGERS SPECIAL
mom,Fcst Inc Cases is not positive,London Drugs,NA-LONDON DRUGS,2026,September,TDL,TDL CAN,000ITZDQQ,Planned,0.0,2026-11-29,2026-12-31,DR 2026 - 2026-08-28 (EXCEXP_TLS_000JHWRH0).xlsx,Rebates,3530,TD DECEMBER POWER END
mom,Fcst Inc Cases is not positive,London Drugs,NA-LONDON DRUGS,2026,September,TDHBHC-12/500,HB HOT CHOCOLATE 12/500GR,000ITZ7MR,Planned,0.0,2026-12-11,2026-12-23,DR 2026 - 2026-08-28 (EXCEXP_TLS_000JHWRH0).xlsx,Rebates,3534,TD DECEMBER 13 FLYER
mom,Fcst Inc Cases is not positive,London Drugs,NA-LONDON DRUGS,2026,September,TDL,TDL CAN,000IXOHN7,Planned,0.0,2026-12-18,2026-12-24,DR 2026 - 2026-08-28 (EXCEXP_TLS_000JHWRH0).xlsx,Rebates,3537,TD DECEMBER 18 FLYER
mom,Fcst Inc Cases is not positive,London Drugs,NA-LONDON DRUGS,2026,September,TDNC-10/10,NCOMP 10/10CT,000ITZOLF,Planned,0.0,2026-12-26,2026-12-31,DR 2026 - 2026-08-28 (EXCEXP_TLS_000JHWRH0).xlsx,Rebates,3542,TD NYE INSTORE SPECIAL
mom,Fcst Inc Cases is not positive,Longos,NA-LONGOS,2026,September,6320911393,TDL KCUP TEA SS 6/12 CT,000ITZ7M2,Committed,0.0,2026-04-08,2026-04-22,DR 2026 - 2026-08-28 (EXCEXP_TLS_000JHWRH0).xlsx,Rebates,3550,TD -LONGOS TPR BAGS & 12ct & NCC +End Cap Display/Flyer
mom,Fcst Inc Cases is not positive,Longos,NA-LONGOS,2026,September,TDL,TDL CAN,000ITZ7M2,Committed,0.0,2026-04-08,2026-04-22,DR 2026 - 2026-08-28 (EXCEXP_TLS_000JHWRH0).xlsx,Rebates,3551,TD -LONGOS TPR BAGS & 12ct & NCC +End Cap Display/Flyer
mom,Fcst Inc Cases is not positive,Longos,NA-LONGOS,2026,September,TDL,TDL CAN,000ITZ75H,Planned,0.0,2026-10-29,2026-12-01,DR 2026 - 2026-08-28 (EXCEXP_TLS_000JHWRH0).xlsx,Rebates,3567,"TD -LONGOS TPR Lrg Tin & 30ct, HC & FVC +End Cap Display/Fly"
mom,Fcst Inc Cases is not positive,McKesson,NA-MCKESSON,2026,September,TDIC-12/100,INSTANT COFFEE 12/100GR,000J1J7SY,Closed,0.0,2026-02-27,2026-03-05,DR 2026 - 2026-08-28 (EXCEXP_TLS_000JHWRH0).xlsx,Rebates,3593,TD REXALL 1 WEEK  EVENT 24926 Instant
mom,Fcst Inc Cases is not positive,McKesson,NA-MCKESSON,2026,September,TDRGSB-6/300,R&G SMALL BAG 6/300GR,000ITZGUA,Closed,0.0,2026-03-13,2026-03-19,DR 2026 - 2026-08-28 (EXCEXP_TLS_000JHWRH0).xlsx,Rebates,3595,TD Rexall SO FRONT PAGE EVENT 25124 6/300g 6/12ct
mom,Fcst Inc Cases is not positive,McKesson,NA-MCKESSON,2026,September,TDIC-12/100,INSTANT COFFEE 12/100GR,000ITZFSK,Closed,0.0,2026-04-03,2026-04-09,DR 2026 - 2026-08-28 (EXCEXP_TLS_000JHWRH0).xlsx,Rebates,3609,TD REXALL Flyer April 3-9
mom,Fcst Inc Cases is not positive,McKesson,NA-MCKESSON,2026,September,TDRGSB-6/300,R&G SMALL BAG 6/300GR,000ITYZLN,Closed,0.0,2026-04-17,2026-04-23,DR 2026 - 2026-08-28 (EXCEXP_TLS_000JHWRH0).xlsx,Rebates,3611,TD REXALL 1 WEEK  EVENT 20427
mom,Fcst Inc Cases is not positive,McKesson,NA-MCKESSON,2026,September,TDIC-12/12,INSTANT COFFEE 12/12CT,000ITYZLN,Closed,0.0,2026-04-17,2026-04-23,DR 2026 - 2026-08-28 (EXCEXP_TLS_000JHWRH0).xlsx,Rebates,3612,TD REXALL 1 WEEK  EVENT 20427
mom,Fcst Inc Cases is not positive,McKesson,NA-MCKESSON,2026,September,TDRGSB-6/300,R&G SMALL BAG 6/300GR,000J7WXO8,Committed,0.0,2026-04-24,2026-04-30,DR 2026 - 2026-08-28 (EXCEXP_TLS_000JHWRH0).xlsx,Rebates,3621,TD REXALL 1 WEEK  EVENT 20427
mom,Fcst Inc Cases is not positive,McKesson,NA-MCKESSON,2026,September,TDSSKC-6/12,SS KCOMP 6/12CT,000J7WXOG,Closed,0.0,2026-04-24,2026-05-21,DR 2026 - 2026-08-28 (EXCEXP_TLS_000JHWRH0).xlsx,Rebates,3623,TD REXALL 4 WEEKS EVENT
mom,Fcst Inc Cases is not positive,McKesson,NA-MCKESSON,2026,September,TDIC-12/100,INSTANT COFFEE 12/100GR,000JFS2BY,Committed,0.0,2026-05-07,2026-06-10,DR 2026 - 2026-08-28 (EXCEXP_TLS_000JHWRH0).xlsx,Rebates,3628,TD UNIPRIX INSTANT - EDLP phase 204
mom,Fcst Inc Cases is not positive,McKesson,NA-MCKESSON,2026,September,TDRGSB-6/300,R&G SMALL BAG 6/300GR,000ITZEVC,Closed,0.0,2026-05-08,2026-05-14,DR 2026 - 2026-08-28 (EXCEXP_TLS_000JHWRH0).xlsx,Rebates,3631,TD REXALL 1 WEEK  EVENT 20726
mom,Fcst Inc Cases is not positive,McKesson,NA-MCKESSON,2026,September,TDRGSB-6/300,R&G SMALL BAG 6/300GR,000JDG5VO,Committed,0.0,2026-06-05,2026-06-11,DR 2026 - 2026-08-28 (EXCEXP_TLS_000JHWRH0).xlsx,Rebates,3643,TD REXALL 1 WEEK  EVENT 21127
mom,Fcst Inc Cases is not positive,McKesson,NA-MCKESSON,2026,September,TDL,TDL CAN,000ITZQHS,Committed,0.0,2026-06-30,2026-10-27,DR 2026 - 2026-08-28 (EXCEXP_TLS_000JHWRH0).xlsx,Rebates,3654,TD 6 Retail Banner Digital Promo
mom,Fcst Inc Cases is not positive,McKesson,NA-MCKESSON,2026,September,TDSSKC-6/10,SS KCOMP 6/10CT,000ITZQHS,Committed,0.0,2026-06-30,2026-10-27,DR 2026 - 2026-08-28 (EXCEXP_TLS_000JHWRH0).xlsx,Rebates,3658,TD 6 Retail Banner Digital Promo
mom,Fcst Inc Cases is not positive,McKesson,NA-MCKESSON,2026,September,TDRGSB-6/300,R&G SMALL BAG 6/300GR,000ITZQHS,Committed,0.0,2026-06-30,2026-10-27,DR 2026 - 2026-08-28 (EXCEXP_TLS_000JHWRH0).xlsx,Rebates,3660,TD 6 Retail Banner Digital Promo
mom,Fcst Inc Cases is not positive,McKesson,NA-MCKESSON,2026,September,TDHBHC-12/500,HB HOT CHOCOLATE 12/500GR,000ITZQHS,Committed,0.0,2026-06-30,2026-10-27,DR 2026 - 2026-08-28 (EXCEXP_TLS_000JHWRH0).xlsx,Rebates,3664,TD 6 Retail Banner Digital Promo
mom,Fcst Inc Cases is not positive,McKesson,NA-MCKESSON,2026,September,TDRGSB-6/300,R&G SMALL BAG 6/300GR,000ITZHE8,Committed,0.0,2026-07-03,2026-07-09,DR 2026 - 2026-08-28 (EXCEXP_TLS_000JHWRH0).xlsx,Rebates,3673,TD Rexall SO Flyer 21526
mom,Fcst Inc Cases is not positive,McKesson,NA-MCKESSON,2026,September,TDIC-12/100,INSTANT COFFEE 12/100GR,000JDG5VV,Committed,0.0,2026-07-10,2026-07-16,DR 2026 - 2026-08-28 (EXCEXP_TLS_000JHWRH0).xlsx,Rebates,3675,TD Rexall SO JULY EVENT 21427
mom,Fcst Inc Cases is not positive,McKesson,NA-MCKESSON,2026,September,TDTB-6/20,TEA BAG 6/20CT,000JHJ29W,Committed,0.0,2026-07-24,2026-08-20,DR 2026 - 2026-08-28 (EXCEXP_TLS_000JHWRH0).xlsx,Rebates,3683,TD Rexall TEA In-store
mom,Fcst Inc Cases is not positive,McKesson,NA-MCKESSON,2026,September,TDIC-12/100,INSTANT COFFEE 12/100GR,000JHJ29H,Committed,0.0,2026-07-31,2026-08-13,DR 2026 - 2026-08-28 (EXCEXP_TLS_000JHWRH0).xlsx,Rebates,3692,TD REXALL INSTANT FLYER
mom,Fcst Inc Cases is not positive,McKesson,NA-MCKESSON,2026,September,6320912133,TDL ORG/DR KCUP DISPLAY 48/12 CT,000ITZ1NU,Committed,0.0,2026-08-28,2026-10-10,DR 2026 - 2026-08-28 (EXCEXP_TLS_000JHWRH0).xlsx,Rebates,3694,TD PHARMACHOICE TRADE SHOW (Ship #2)
mom,Fcst Inc Cases is not positive,McKesson,NA-MCKESSON,2026,September,6320912112,TDL INSTANT COFFEE MEDIUM DISPLY36/100GR,000ITZ1NU,Committed,0.0,2026-08-28,2026-10-10,DR 2026 - 2026-08-28 (EXCEXP_TLS_000JHWRH0).xlsx,Rebates,3695,TD PHARMACHOICE TRADE SHOW (Ship #2)
mom,Fcst Inc Cases is not positive,McKesson,NA-MCKESSON,2026,September,6320917215,TDL GRANOLA BAR BC/DC/SC DISP 56/5 EA,000ITZ1NU,Committed,0.0,2026-08-28,2026-10-10,DR 2026 - 2026-08-28 (EXCEXP_TLS_000JHWRH0).xlsx,Rebates,3697,TD PHARMACHOICE TRADE SHOW (Ship #2)
mom,Fcst Inc Cases is not positive,McKesson,NA-MCKESSON,2026,September,TDSSKC-6/12,SS KCOMP 6/12CT,000ITZ4T0,Committed,0.0,2026-08-21,2026-08-23,DR 2026 - 2026-08-28 (EXCEXP_TLS_000JHWRH0).xlsx,Rebates,3701,TD REXALL SO event 22227 3 days event
mom,Fcst Inc Cases is not positive,McKesson,NA-MCKESSON,2026,September,TDRGSB-6/300,R&G SMALL BAG 6/300GR,000ITZDPC,Committed,0.0,2026-08-21,2026-08-23,DR 2026 - 2026-08-28 (EXCEXP_TLS_000JHWRH0).xlsx,Rebates,3703,TD Rexall SO Flyer 300G Event 022273 days event
mom,Fcst Inc Cases is not positive,McKesson,NA-MCKESSON,2026,September,TDSHSP-12/540,SOUPS 12/540ML,000JHJ29O,Committed,0.0,2026-10-28,2026-12-01,DR 2026 - 2026-08-28 (EXCEXP_TLS_000JHWRH0).xlsx,Rebates,3705,TD REXALL In-Store - Soups
mom,Fcst Inc Cases is not positive,McKesson,NA-MCKESSON,2026,September,TDSSKC-6/12,SS KCOMP 6/12CT,000JFOSJ8,Committed,0.0,2026-08-24,2026-08-27,DR 2026 - 2026-08-28 (EXCEXP_TLS_000JHWRH0).xlsx,Rebates,3707,TD Rexall 4 day event
mom,Fcst Inc Cases is not positive,McKesson,NA-MCKESSON,2026,September,TDRGSB-6/300,R&G SMALL BAG 6/300GR,000JFOSJ8,Committed,0.0,2026-08-24,2026-08-27,DR 2026 - 2026-08-28 (EXCEXP_TLS_000JHWRH0).xlsx,Rebates,3708,TD Rexall 4 day event
mom,Fcst Inc Cases is not positive,McKesson,NA-MCKESSON,2026,September,TDIC-12/100,INSTANT COFFEE 12/100GR,000ITZFSD,Committed,0.0,2026-08-28,2026-09-03,DR 2026 - 2026-08-28 (EXCEXP_TLS_000JHWRH0).xlsx,Rebates,3713,TD REXALL SOEvent 02227
mom,Fcst Inc Cases is not positive,McKesson,NA-MCKESSON,2026,September,TDSSKC-6/12,SS KCOMP 6/12CT,000ITZGU2,Planned,0.0,2026-10-02,2026-10-08,DR 2026 - 2026-08-28 (EXCEXP_TLS_000JHWRH0).xlsx,Rebates,3726,TD REXALL SO FLYER PP 22827
mom,Fcst Inc Cases is not positive,McKesson,NA-MCKESSON,2026,September,TDRGSB-6/300,R&G SMALL BAG 6/300GR,000ITZ9LJ,Planned,0.0,2026-10-02,2026-10-08,DR 2026 - 2026-08-28 (EXCEXP_TLS_000JHWRH0).xlsx,Rebates,3728,TD REXALL SO FLYER BAGS 6/300GR 22827
mom,Fcst Inc Cases is not positive,Metro Ontario,NA-METRO ONTARIO,2026,September,TDSSKC-4/48,SS KCOMP 4/48CT,000HSK4D5,Committed,0.0,2026-01-01,2026-01-17,DR 2026 - 2026-08-28 (EXCEXP_TLS_000JHWRH0).xlsx,Rebates,3793,TD - MO 48ct TPR AD -K-Cup P4
mom,Fcst Inc Cases is not positive,Metro Ontario,NA-METRO ONTARIO,2026,September,TDTB-6/20,TEA BAG 6/20CT,000ITO21M,Committed,0.0,2026-01-01,2026-12-31,DR 2026 - 2026-08-28 (EXCEXP_TLS_000JHWRH0).xlsx,Rebates,3795,TD - MO Delists/Markdowns
mom,Fcst Inc Cases is not positive,Metro Ontario,NA-METRO ONTARIO,2026,September,TDSSTA-5/14,SS TASSIMO 5/14CT,000ITO21M,Committed,0.0,2026-01-01,2026-12-31,DR 2026 - 2026-08-28 (EXCEXP_TLS_000JHWRH0).xlsx,Rebates,3796,TD - MO Delists/Markdowns
mom,Fcst Inc Cases is not positive,Metro Ontario,NA-METRO ONTARIO,2026,September,TDSSKC-6/12,SS KCOMP 6/12CT,000ITO21M,Committed,0.0,2026-01-01,2026-12-31,DR 2026 - 2026-08-28 (EXCEXP_TLS_000JHWRH0).xlsx,Rebates,3797,TD - MO Delists/Markdowns
mom,Fcst Inc Cases is not positive,Metro Ontario,NA-METRO ONTARIO,2026,September,TDSSKC-6/10,SS KCOMP 6/10CT,000ITO21M,Committed,0.0,2026-01-01,2026-12-31,DR 2026 - 2026-08-28 (EXCEXP_TLS_000JHWRH0).xlsx,Rebates,3798,TD - MO Delists/Markdowns
mom,Fcst Inc Cases is not positive,Metro Ontario,NA-METRO ONTARIO,2026,September,TDSSKC-4/48,SS KCOMP 4/48CT,000ITO21M,Committed,0.0,2026-01-01,2026-12-31,DR 2026 - 2026-08-28 (EXCEXP_TLS_000JHWRH0).xlsx,Rebates,3799,TD - MO Delists/Markdowns
mom,Fcst Inc Cases is not positive,Metro Ontario,NA-METRO ONTARIO,2026,September,TDSSKC-4/30,SS KCOMP 4/30CT,000ITO21M,Committed,0.0,2026-01-01,2026-12-31,DR 2026 - 2026-08-28 (EXCEXP_TLS_000JHWRH0).xlsx,Rebates,3800,TD - MO Delists/Markdowns
mom,Fcst Inc Cases is not positive,Metro Ontario,NA-METRO ONTARIO,2026,September,TDSHSP-12/540,SOUPS 12/540ML,000ITO21M,Committed,0.0,2026-01-01,2026-12-31,DR 2026 - 2026-08-28 (EXCEXP_TLS_000JHWRH0).xlsx,Rebates,3801,TD - MO Delists/Markdowns
mom,Fcst Inc Cases is not positive,Metro Ontario,NA-METRO ONTARIO,2026,September,TDSHSP-12/400,SOUPS 12/400ML,000ITO21M,Committed,0.0,2026-01-01,2026-12-31,DR 2026 - 2026-08-28 (EXCEXP_TLS_000JHWRH0).xlsx,Rebates,3802,TD - MO Delists/Markdowns
mom,Fcst Inc Cases is not positive,Metro Ontario,NA-METRO ONTARIO,2026,September,TDPS-6/473,SAUCES 6/473ML,000ITO21M,Committed,0.0,2026-01-01,2026-12-31,DR 2026 - 2026-08-28 (EXCEXP_TLS_000JHWRH0).xlsx,Rebates,3803,TD - MO Delists/Markdowns
mom,Fcst Inc Cases is not positive,Metro Ontario,NA-METRO ONTARIO,2026,September,TDRGSC-6/640,R&G SMALL CAN 6/640GR,000ITO21M,Committed,0.0,2026-01-01,2026-12-31,DR 2026 - 2026-08-28 (EXCEXP_TLS_000JHWRH0).xlsx,Rebates,3804,TD - MO Delists/Markdowns
mom,Fcst Inc Cases is not positive,Metro Ontario,NA-METRO ONTARIO,2026,September,TDRGSB-6/300,R&G SMALL BAG 6/300GR,000ITO21M,Committed,0.0,2026-01-01,2026-12-31,DR 2026 - 2026-08-28 (EXCEXP_TLS_000JHWRH0).xlsx,Rebates,3805,TD - MO Delists/Markdowns
mom,Fcst Inc Cases is not positive,Metro Ontario,NA-METRO ONTARIO,2026,September,TDNC-10/10,NCOMP 10/10CT,000ITO21M,Committed,0.0,2026-01-01,2026-12-31,DR 2026 - 2026-08-28 (EXCEXP_TLS_000JHWRH0).xlsx,Rebates,3806,TD - MO Delists/Markdowns
mom,Fcst Inc Cases is not positive,Metro Ontario,NA-METRO ONTARIO,2026,September,TDIC-12/100,INSTANT COFFEE 12/100GR,000ITO21M,Committed,0.0,2026-01-01,2026-12-31,DR 2026 - 2026-08-28 (EXCEXP_TLS_000JHWRH0).xlsx,Rebates,3807,TD - MO Delists/Markdowns
mom,Fcst Inc Cases is not positive,Metro Ontario,NA-METRO ONTARIO,2026,September,TDSHHB-12/425,HOT BOWLS 12/425GR,000ITO21M,Committed,0.0,2026-01-01,2026-12-31,DR 2026 - 2026-08-28 (EXCEXP_TLS_000JHWRH0).xlsx,Rebates,3808,TD - MO Delists/Markdowns
mom,Fcst Inc Cases is not positive,Metro Ontario,NA-METRO ONTARIO,2026,September,TDHBHC-6/10,HB HOT CHOCOLATE 6/10CT,000ITO21M,Committed,0.0,2026-01-01,2026-12-31,DR 2026 - 2026-08-28 (EXCEXP_TLS_000JHWRH0).xlsx,Rebates,3809,TD - MO Delists/Markdowns
mom,Fcst Inc Cases is not positive,Metro Ontario,NA-METRO ONTARIO,2026,September,TDHBHC-5/8,HB HOT CHOCOLATE 5/8CT,000ITO21M,Committed,0.0,2026-01-01,2026-12-31,DR 2026 - 2026-08-28 (EXCEXP_TLS_000JHWRH0).xlsx,Rebates,3810,TD - MO Delists/Markdowns
mom,Fcst Inc Cases is not positive,Metro Ontario,NA-METRO ONTARIO,2026,September,TDHBHC-12/450,HB HOT CHOCOLATE 12/450GR,000ITO21M,Committed,0.0,2026-01-01,2026-12-31,DR 2026 - 2026-08-28 (EXCEXP_TLS_000JHWRH0).xlsx,Rebates,3811,TD - MO Delists/Markdowns
mom,Fcst Inc Cases is not positive,Metro Ontario,NA-METRO ONTARIO,2026,September,TDL,TDL CAN,000ITO3D9,Committed,0.0,2026-01-01,2026-12-31,DR 2026 - 2026-08-28 (EXCEXP_TLS_000JHWRH0).xlsx,Rebates,3813,TD Metro Bnr 1.77% Rate (58% of total) Harm/LS
mom,Fcst Inc Cases is not positive,Metro Ontario,NA-METRO ONTARIO,2026,September,TDTB-6/20,TEA BAG 6/20CT,000IYJHYT,Committed,0.0,2026-01-15,2026-01-24,DR 2026 - 2026-08-28 (EXCEXP_TLS_000JHWRH0).xlsx,Rebates,3819,TD Metro Bnr Tea P5 - 5K LS
mom,Fcst Inc Cases is not positive,Metro Ontario,NA-METRO ONTARIO,2026,September,TDHBHC-12/500,HB HOT CHOCOLATE 12/500GR,000ITO1ZQ,Committed,0.0,2026-01-15,2026-03-11,DR 2026 - 2026-08-28 (EXCEXP_TLS_000JHWRH0).xlsx,Rebates,3827,TD MO Metro  TPR - Hot Choc PPK Displayer P5 & P6
mom,Fcst Inc Cases is not positive,Metro Ontario,NA-METRO ONTARIO,2026,September,TDHBHC-12/450,HB HOT CHOCOLATE 12/450GR,000ITO1ZQ,Committed,0.0,2026-01-15,2026-03-11,DR 2026 - 2026-08-28 (EXCEXP_TLS_000JHWRH0).xlsx,Rebates,3828,TD MO Metro  TPR - Hot Choc PPK Displayer P5 & P6
mom,Fcst Inc Cases is not positive,Metro Ontario,NA-METRO ONTARIO,2026,September,TDHBCAP-12/343,HB CAPPUCCINO 12/454GR,000ITO1ZQ,Committed,0.0,2026-01-15,2026-03-11,DR 2026 - 2026-08-28 (EXCEXP_TLS_000JHWRH0).xlsx,Rebates,3829,TD MO Metro  TPR - Hot Choc PPK Displayer P5 & P6
mom,Fcst Inc Cases is not positive,Metro Ontario,NA-METRO ONTARIO,2026,September,TDSHSP-12/540,SOUPS 12/540ML,000JEWDY0,Committed,0.0,2026-01-29,2026-02-07,DR 2026 - 2026-08-28 (EXCEXP_TLS_000JHWRH0).xlsx,Rebates,3831,TD FBasics Soups P5
mom,Fcst Inc Cases is not positive,Metro Ontario,NA-METRO ONTARIO,2026,September,TDNC-10/10,NCOMP 10/10CT,000ITO0VE,Committed,0.0,2026-02-12,2026-03-11,DR 2026 - 2026-08-28 (EXCEXP_TLS_000JHWRH0).xlsx,Rebates,3840,"TD MO - TH HC -FV 454g- NCOMP 10/10, INST 100G ISF P6"
mom,Fcst Inc Cases is not positive,Metro Ontario,NA-METRO ONTARIO,2026,September,TDIC-12/100,INSTANT COFFEE 12/100GR,000ITO0VE,Committed,0.0,2026-02-12,2026-03-11,DR 2026 - 2026-08-28 (EXCEXP_TLS_000JHWRH0).xlsx,Rebates,3841,"TD MO - TH HC -FV 454g- NCOMP 10/10, INST 100G ISF P6"
mom,Fcst Inc Cases is not positive,Metro Ontario,NA-METRO ONTARIO,2026,September,TDHBHC-12/500,HB HOT CHOCOLATE 12/500GR,000ITO0VE,Committed,0.0,2026-02-12,2026-03-11,DR 2026 - 2026-08-28 (EXCEXP_TLS_000JHWRH0).xlsx,Rebates,3842,"TD MO - TH HC -FV 454g- NCOMP 10/10, INST 100G ISF P6"
mom,Fcst Inc Cases is not positive,Metro Ontario,NA-METRO ONTARIO,2026,September,TDSSKC-6/12,SS KCOMP 6/12CT,000ITO0XQ,Committed,0.0,2026-02-12,2026-03-11,DR 2026 - 2026-08-28 (EXCEXP_TLS_000JHWRH0).xlsx,Rebates,3844,TD FB Feb Front End Program K- Cups 12ct/inst Coffee 100g P6
mom,Fcst Inc Cases is not positive,Metro Ontario,NA-METRO ONTARIO,2026,September,TDSSKC-6/12,SS KCOMP 6/12CT,000ITO0XQ,Committed,0.0,2026-02-12,2026-03-11,DR 2026 - 2026-08-28 (EXCEXP_TLS_000JHWRH0).xlsx,Rebates,3845,TD FB Feb Front End Program K- Cups 12ct/inst Coffee 100g P6
mom,Fcst Inc Cases is not positive,Metro Ontario,NA-METRO ONTARIO,2026,September,TDSHSP-24/284,SOUPS 24/284ML,000ITO3HC,Committed,0.0,2026-02-26,2026-03-11,DR 2026 - 2026-08-28 (EXCEXP_TLS_000JHWRH0).xlsx,Rebates,3847,TD - MO - TPR P6 SOUP - CHILLI & 284ML TRIBUTE AD
mom,Fcst Inc Cases is not positive,Metro Ontario,NA-METRO ONTARIO,2026,September,TDSHSP-12/540,SOUPS 12/540ML,000ITO3HC,Committed,0.0,2026-02-26,2026-03-11,DR 2026 - 2026-08-28 (EXCEXP_TLS_000JHWRH0).xlsx,Rebates,3848,TD - MO - TPR P6 SOUP - CHILLI & 284ML TRIBUTE AD
mom,Fcst Inc Cases is not positive,Metro Ontario,NA-METRO ONTARIO,2026,September,TDSHSP-12/540,SOUPS 12/540ML,000ITO3HC,Committed,0.0,2026-02-26,2026-03-11,DR 2026 - 2026-08-28 (EXCEXP_TLS_000JHWRH0).xlsx,Rebates,3850,TD - MO - TPR P6 SOUP - CHILLI & 284ML TRIBUTE AD
mom,Fcst Inc Cases is not positive,Metro Ontario,NA-METRO ONTARIO,2026,September,TDRGLC-6/930,R&G LARGE CAN 6/930GR,000JE05P9,Committed,0.0,2026-03-12,2026-03-18,DR 2026 - 2026-08-28 (EXCEXP_TLS_000JHWRH0).xlsx,Rebates,3852,TD - FB Large Tin 1wk P7
mom,Fcst Inc Cases is not positive,Metro Ontario,NA-METRO ONTARIO,2026,September,TDSSTA-5/14,SS TASSIMO 5/14CT,000JE00EJ,Committed,0.0,2026-03-12,2026-04-08,DR 2026 - 2026-08-28 (EXCEXP_TLS_000JHWRH0).xlsx,Rebates,3854,"TD - MO Soup, Inst 300gr, Tassimo 14ct TPR  P7"
mom,Fcst Inc Cases is not positive,Metro Ontario,NA-METRO ONTARIO,2026,September,TDSHSP-12/540,SOUPS 12/540ML,000JE00EJ,Committed,0.0,2026-03-12,2026-04-08,DR 2026 - 2026-08-28 (EXCEXP_TLS_000JHWRH0).xlsx,Rebates,3855,"TD - MO Soup, Inst 300gr, Tassimo 14ct TPR  P7"
mom,Fcst Inc Cases is not positive,Metro Ontario,NA-METRO ONTARIO,2026,September,TDIC-6/300,INSTANT COFFEE 6/300GR,000JE00EJ,Committed,0.0,2026-03-12,2026-04-08,DR 2026 - 2026-08-28 (EXCEXP_TLS_000JHWRH0).xlsx,Rebates,3856,"TD - MO Soup, Inst 300gr, Tassimo 14ct TPR  P7"
mom,Fcst Inc Cases is not positive,Metro Ontario,NA-METRO ONTARIO,2026,September,TDSHHB-12/425,HOT BOWLS 12/425GR,000JE00EJ,Committed,0.0,2026-03-12,2026-04-08,DR 2026 - 2026-08-28 (EXCEXP_TLS_000JHWRH0).xlsx,Rebates,3857,"TD - MO Soup, Inst 300gr, Tassimo 14ct TPR  P7"
mom,Fcst Inc Cases is not positive,Metro Ontario,NA-METRO ONTARIO,2026,September,TDSSKC-4/30,SS KCOMP 4/30CT,000ITO3I9,Committed,0.0,2026-03-12,2026-04-08,DR 2026 - 2026-08-28 (EXCEXP_TLS_000JHWRH0).xlsx,Rebates,3859,TD FB March Front End Program- P7
mom,Fcst Inc Cases is not positive,Metro Ontario,NA-METRO ONTARIO,2026,September,TDSSKC-4/30,SS KCOMP 4/30CT,000ITO3I9,Committed,0.0,2026-03-12,2026-04-08,DR 2026 - 2026-08-28 (EXCEXP_TLS_000JHWRH0).xlsx,Rebates,3860,TD FB March Front End Program- P7
mom,Fcst Inc Cases is not positive,Metro Ontario,NA-METRO ONTARIO,2026,September,TDSHHB-12/425,HOT BOWLS 12/425GR,000ITO3I9,Committed,0.0,2026-03-12,2026-04-08,DR 2026 - 2026-08-28 (EXCEXP_TLS_000JHWRH0).xlsx,Rebates,3862,TD FB March Front End Program- P7
mom,Fcst Inc Cases is not positive,Metro Ontario,NA-METRO ONTARIO,2026,September,TDHBCAP-12/343,HB CAPPUCCINO 12/454GR,000ITO3I9,Committed,0.0,2026-03-12,2026-04-08,DR 2026 - 2026-08-28 (EXCEXP_TLS_000JHWRH0).xlsx,Rebates,3863,TD FB March Front End Program- P7
mom,Fcst Inc Cases is not positive,Metro Ontario,NA-METRO ONTARIO,2026,September,TDSSKC-6/10,SS KCOMP 6/10CT,000ITO3CN,Committed,0.0,2026-04-09,2026-04-15,DR 2026 - 2026-08-28 (EXCEXP_TLS_000JHWRH0).xlsx,Rebates,3868,TD MO Metro 300g & K-CUP 12CT TPR P8
mom,Fcst Inc Cases is not positive,Metro Ontario,NA-METRO ONTARIO,2026,September,TDSSKC-6/10,SS KCOMP 6/10CT,000ITO3HW,Committed,0.0,2026-04-09,2026-05-06,DR 2026 - 2026-08-28 (EXCEXP_TLS_000JHWRH0).xlsx,Rebates,3881,TD - FB KCUP 12/10CT 300G 4WK P8
mom,Fcst Inc Cases is not positive,Metro Ontario,NA-METRO ONTARIO,2026,September,6320911272,TDL KCUP CAPPUCCNO FRNCH VAN SS 6/10CT,000JCYCO9,Committed,0.0,2026-04-16,2026-05-13,DR 2026 - 2026-08-28 (EXCEXP_TLS_000JHWRH0).xlsx,Rebates,3888,TD MO Metro Kcups & Soup 284ml Inventory clear DS
mom,Fcst Inc Cases is not positive,Metro Ontario,NA-METRO ONTARIO,2026,September,6320923234,TDL KCUP BOI VANILLA SS 6/10 CT,000JCYCO9,Committed,0.0,2026-04-16,2026-05-13,DR 2026 - 2026-08-28 (EXCEXP_TLS_000JHWRH0).xlsx,Rebates,3889,TD MO Metro Kcups & Soup 284ml Inventory clear DS
mom,Fcst Inc Cases is not positive,Metro Ontario,NA-METRO ONTARIO,2026,September,6320923233,TDL KCUP BOI MEDIUM SS 6/10 CT,000JCYCO9,Committed,0.0,2026-04-16,2026-05-13,DR 2026 - 2026-08-28 (EXCEXP_TLS_000JHWRH0).xlsx,Rebates,3890,TD MO Metro Kcups & Soup 284ml Inventory clear DS
mom,Fcst Inc Cases is not positive,Metro Ontario,NA-METRO ONTARIO,2026,September,TDSSKC-4/30,SS KCOMP 4/30CT,000ITO0U3,Committed,0.0,2026-05-01,2026-05-28,DR 2026 - 2026-08-28 (EXCEXP_TLS_000JHWRH0).xlsx,Rebates,3898,TD FB KCUP 30CT WOWZA TPR AD P9
mom,Fcst Inc Cases is not positive,Metro Ontario,NA-METRO ONTARIO,2026,September,TDSSKC-6/10,SS KCOMP 6/10CT,000JAWJZG,Committed,0.0,2026-05-07,2026-05-13,DR 2026 - 2026-08-28 (EXCEXP_TLS_000JHWRH0).xlsx,Rebates,3902,TD MO Metro 300g & SS 12CT TPR P9
mom,Fcst Inc Cases is not positive,Metro Ontario,NA-METRO ONTARIO,2026,September,TDSIC-12/470,SYRUPS 12/470ML,000ITO0TN,Committed,0.0,2026-06-04,2026-07-01,DR 2026 - 2026-08-28 (EXCEXP_TLS_000JHWRH0).xlsx,Rebates,3927,"TD MO Metro Kcups, HC, Inst 100gr, Ncomp, 300gr, CS 284 P10"
mom,Fcst Inc Cases is not positive,Metro Ontario,NA-METRO ONTARIO,2026,September,TDSIC-12/470,SYRUPS 12/470ML,000ITO0TN,Committed,0.0,2026-06-04,2026-07-01,DR 2026 - 2026-08-28 (EXCEXP_TLS_000JHWRH0).xlsx,Rebates,3928,"TD MO Metro Kcups, HC, Inst 100gr, Ncomp, 300gr, CS 284 P10"
mom,Fcst Inc Cases is not positive,Metro Ontario,NA-METRO ONTARIO,2026,September,TDSSKC-6/10,SS KCOMP 6/10CT,000ITO0TN,Committed,0.0,2026-06-04,2026-07-01,DR 2026 - 2026-08-28 (EXCEXP_TLS_000JHWRH0).xlsx,Rebates,3930,"TD MO Metro Kcups, HC, Inst 100gr, Ncomp, 300gr, CS 284 P10"
mom,Fcst Inc Cases is not positive,Metro Ontario,NA-METRO ONTARIO,2026,September,TDRGSB-6/300,R&G SMALL BAG 6/300GR,000JDDCLU,Committed,0.0,2026-05-29,2026-07-01,DR 2026 - 2026-08-28 (EXCEXP_TLS_000JHWRH0).xlsx,Rebates,3939,TD MO Soccer program P10 300gr
mom,Fcst Inc Cases is not positive,Metro Ontario,NA-METRO ONTARIO,2026,September,TDSSKC-6/12,SS KCOMP 6/12CT,000ITO1ZC,Committed,0.0,2026-05-28,2026-07-01,DR 2026 - 2026-08-28 (EXCEXP_TLS_000JHWRH0).xlsx,Rebates,3945,TD FB P10 (4Wks) SS KCOMP 12/10/48CT + R&G SmBag 300g ISF
mom,Fcst Inc Cases is not positive,Metro Ontario,NA-METRO ONTARIO,2026,September,TDSSKC-6/10,SS KCOMP 6/10CT,000ITO1ZC,Committed,0.0,2026-05-28,2026-07-01,DR 2026 - 2026-08-28 (EXCEXP_TLS_000JHWRH0).xlsx,Rebates,3946,TD FB P10 (4Wks) SS KCOMP 12/10/48CT + R&G SmBag 300g ISF
mom,Fcst Inc Cases is not positive,Metro Ontario,NA-METRO ONTARIO,2026,September,TDRGSB-48/300,R&G SMALL BAG 48/300GR,000ITO1ZC,Committed,0.0,2026-05-28,2026-07-01,DR 2026 - 2026-08-28 (EXCEXP_TLS_000JHWRH0).xlsx,Rebates,3949,TD FB P10 (4Wks) SS KCOMP 12/10/48CT + R&G SmBag 300g ISF
mom,Fcst Inc Cases is not positive,Metro Ontario,NA-METRO ONTARIO,2026,September,TDSHHB-12/425,HOT BOWLS 12/425GR,000ITO1ZC,Committed,0.0,2026-05-28,2026-07-01,DR 2026 - 2026-08-28 (EXCEXP_TLS_000JHWRH0).xlsx,Rebates,3950,TD FB P10 (4Wks) SS KCOMP 12/10/48CT + R&G SmBag 300g ISF
mom,Fcst Inc Cases is not positive,Metro Ontario,NA-METRO ONTARIO,2026,September,TDSHSP-12/540,SOUPS 12/540ML,000ITO2TM,Committed,0.0,2026-06-11,2026-07-08,DR 2026 - 2026-08-28 (EXCEXP_TLS_000JHWRH0).xlsx,Rebates,3953,TD FBasics Soups - Wowza Ad P9
mom,Fcst Inc Cases is not positive,Metro Ontario,NA-METRO ONTARIO,2026,September,TDSHHB-12/425,HOT BOWLS 12/425GR,000ITO2TM,Committed,0.0,2026-06-11,2026-07-08,DR 2026 - 2026-08-28 (EXCEXP_TLS_000JHWRH0).xlsx,Rebates,3954,TD FBasics Soups - Wowza Ad P9
mom,Fcst Inc Cases is not positive,Metro Ontario,NA-METRO ONTARIO,2026,September,TDRGSC-6/640,R&G SMALL CAN 6/640GR,000ITO102,Committed,0.0,2026-06-18,2026-06-24,DR 2026 - 2026-08-28 (EXCEXP_TLS_000JHWRH0).xlsx,Rebates,3956,TD - MO 930g/640g/907g TPR P10
mom,Fcst Inc Cases is not positive,Metro Ontario,NA-METRO ONTARIO,2026,September,TDRGLC-6/930,R&G LARGE CAN 6/930GR,000ITO102,Committed,0.0,2026-06-18,2026-06-24,DR 2026 - 2026-08-28 (EXCEXP_TLS_000JHWRH0).xlsx,Rebates,3957,TD - MO 930g/640g/907g TPR P10
mom,Fcst Inc Cases is not positive,Metro Ontario,NA-METRO ONTARIO,2026,September,TDRGLB-6/2,R&G LARGE BAG 6/2LB,000ITO102,Committed,0.0,2026-06-18,2026-06-24,DR 2026 - 2026-08-28 (EXCEXP_TLS_000JHWRH0).xlsx,Rebates,3958,TD - MO 930g/640g/907g TPR P10
mom,Fcst Inc Cases is not positive,Metro Ontario,NA-METRO ONTARIO,2026,September,TDSSKC-6/10,SS KCOMP 6/10CT,000JAX0U8,Committed,0.0,2026-07-02,2026-07-29,DR 2026 - 2026-08-28 (EXCEXP_TLS_000JHWRH0).xlsx,Rebates,3968,"TD MO Metro Kcups, HC, Inst 300gr, Tassi, 300gr, Soup P11"
mom,Fcst Inc Cases is not positive,Metro Ontario,NA-METRO ONTARIO,2026,September,TDSHHB-12/425,HOT BOWLS 12/425GR,000JB0FD3,Committed,0.0,2026-07-02,2026-07-29,DR 2026 - 2026-08-28 (EXCEXP_TLS_000JHWRH0).xlsx,Rebates,3977,TD FBasics Soups 4wk  - Ad P11
mom,Fcst Inc Cases is not positive,Metro Ontario,NA-METRO ONTARIO,2026,September,TDL,TDL CAN,000ITO0X8,Committed,0.0,2026-06-27,2026-07-27,DR 2026 - 2026-08-28 (EXCEXP_TLS_000JHWRH0).xlsx,Rebates,3981,TD MO Golf Tournament 2026 $5k
mom,Fcst Inc Cases is not positive,Metro Ontario,NA-METRO ONTARIO,2026,September,TDL,TDL CAN,000JCN51W,Planned,0.0,2026-07-01,2026-10-01,DR 2026 - 2026-08-28 (EXCEXP_TLS_000JHWRH0).xlsx,Rebates,3983,TD MO LS FEE PLACEHOLDER FOR TDL CAN
mom,Fcst Inc Cases is not positive,Metro Ontario,NA-METRO ONTARIO,2026,September,TDSSKC-6/30,SS KCOMP 6/30CT,000JB0R06,Planned,0.0,2026-07-24,2026-08-30,DR 2026 - 2026-08-28 (EXCEXP_TLS_000JHWRH0).xlsx,Rebates,3991,TD FB Lump Sum P12
mom,Fcst Inc Cases is not positive,Metro Ontario,NA-METRO ONTARIO,2026,September,TDSSKC-6/10,SS KCOMP 6/10CT,000JB0FDJ,Committed,0.0,2026-07-30,2026-08-26,DR 2026 - 2026-08-28 (EXCEXP_TLS_000JHWRH0).xlsx,Rebates,4001,TD FB 12/10CT 48CT 300g Chilli 4wk P12
mom,Fcst Inc Cases is not positive,Metro Ontario,NA-METRO ONTARIO,2026,September,6320926000,TDL PKS/ORG KCUP DISPLAY 48/12CT,000JCE2XB,Committed,0.0,2026-07-30,2026-08-26,DR 2026 - 2026-08-28 (EXCEXP_TLS_000JHWRH0).xlsx,Rebates,4006,TD Metro P12 K-cup Pumpkin Spice SCO
mom,Fcst Inc Cases is not positive,Metro Ontario,NA-METRO ONTARIO,2026,September,6320923343,TDL KCUP PUMPKIN SPICE SS 6/12 CT,000JCE2XB,Committed,0.0,2026-07-30,2026-08-26,DR 2026 - 2026-08-28 (EXCEXP_TLS_000JHWRH0).xlsx,Rebates,4008,TD Metro P12 K-cup Pumpkin Spice SCO
mom,Fcst Inc Cases is not positive,Metro Ontario,NA-METRO ONTARIO,2026,September,TDSSKC-6/10,SS KCOMP 6/10CT,000JB0K8P,Committed,0.0,2026-07-30,2026-08-26,DR 2026 - 2026-08-28 (EXCEXP_TLS_000JHWRH0).xlsx,Rebates,4011,TD MO Metro 300g & SS 12CT TPR P12
mom,Fcst Inc Cases is not positive,Metro Ontario,NA-METRO ONTARIO,2026,September,TDPS-6/473,SAUCES 6/473ML,000JG6G02,Committed,0.0,2026-08-13,2026-08-19,DR 2026 - 2026-08-28 (EXCEXP_TLS_000JHWRH0).xlsx,Rebates,4023,TD MO P12 Popeyes Sauces 473ml & Biscuits 322gr
mom,Fcst Inc Cases is not positive,Metro Ontario,NA-METRO ONTARIO,2026,September,TDPBM-6/322,BISCUIT MIX 6/322GR,000JG6G02,Committed,0.0,2026-08-13,2026-08-19,DR 2026 - 2026-08-28 (EXCEXP_TLS_000JHWRH0).xlsx,Rebates,4025,TD MO P12 Popeyes Sauces 473ml & Biscuits 322gr
mom,Fcst Inc Cases is not positive,Metro Ontario,NA-METRO ONTARIO,2026,September,TDSHHB-12/425,HOT BOWLS 12/425GR,000JB0FEP,Committed,0.0,2026-08-13,2026-09-09,DR 2026 - 2026-08-28 (EXCEXP_TLS_000JHWRH0).xlsx,Rebates,4030,TD FBasics Soups - Ad P13
mom,Fcst Inc Cases is not positive,Metro Ontario,NA-METRO ONTARIO,2026,September,TDSSKC-6/30,SS KCOMP 6/30CT,000JB0PTY,Planned,0.0,2026-08-21,2026-09-24,DR 2026 - 2026-08-28 (EXCEXP_TLS_000JHWRH0).xlsx,Rebates,4042,TD FB Lump Sum P13
mom,Fcst Inc Cases is not positive,Metro Ontario,NA-METRO ONTARIO,2026,September,6320923343,TDL KCUP PUMPKIN SPICE SS 6/12 CT,000JEEIRN,Committed,0.0,2026-08-27,2026-09-30,DR 2026 - 2026-08-28 (EXCEXP_TLS_000JHWRH0).xlsx,Rebates,4056,TD Metro P13 K-cup Pumpkin Spice SCO
mom,Fcst Inc Cases is not positive,Metro Ontario,NA-METRO ONTARIO,2026,September,TDSSKC-6/12,SS KCOMP 6/12CT,000ITO3DQ,Planned,0.0,2026-09-17,2026-09-23,DR 2026 - 2026-08-28 (EXCEXP_TLS_000JHWRH0).xlsx,Rebates,4065,TD MO 12ct KCups & 300g Bundled PPK AD 13
mom,Fcst Inc Cases is not positive,Metro Ontario,NA-METRO ONTARIO,2026,September,TDSSKC-6/12,SS KCOMP 6/12CT,000ITO3H2,Planned,0.0,2026-09-24,2026-09-30,DR 2026 - 2026-08-28 (EXCEXP_TLS_000JHWRH0).xlsx,Rebates,4070,TD MO 300g & KCups 12 ct TPR P1 Wk2 - Coffee Day
mom,Fcst Inc Cases is not positive,Metro Ontario,NA-METRO ONTARIO,2026,September,TDSSKC-6/10,SS KCOMP 6/10CT,000ITO3H2,Planned,0.0,2026-09-24,2026-09-30,DR 2026 - 2026-08-28 (EXCEXP_TLS_000JHWRH0).xlsx,Rebates,4071,TD MO 300g & KCups 12 ct TPR P1 Wk2 - Coffee Day
mom,Fcst Inc Cases is not positive,Metro Ontario,NA-METRO ONTARIO,2026,September,TDRGSC-6/640,R&G SMALL CAN 6/640GR,000JHV6LT,Planned,0.0,2026-09-18,2026-09-24,DR 2026 - 2026-08-28 (EXCEXP_TLS_000JHWRH0).xlsx,Rebates,4074,TD - FB Sept Promo
mom,Fcst Inc Cases is not positive,Metro Ontario,NA-METRO ONTARIO,2026,September,TDRGLC-6/930,R&G LARGE CAN 6/930GR,000JHV6LT,Planned,0.0,2026-09-18,2026-09-24,DR 2026 - 2026-08-28 (EXCEXP_TLS_000JHWRH0).xlsx,Rebates,4075,TD - FB Sept Promo
mom,Fcst Inc Cases is not positive,Metro Ontario,NA-METRO ONTARIO,2026,September,TDRGLB-6/2,R&G LARGE BAG 6/2LB,000JHV6LT,Planned,0.0,2026-09-18,2026-09-24,DR 2026 - 2026-08-28 (EXCEXP_TLS_000JHWRH0).xlsx,Rebates,4076,TD - FB Sept Promo
mom,Fcst Inc Cases is not positive,Metro Ontario,NA-METRO ONTARIO,2026,September,TDSSKC-6/30,SS KCOMP 6/30CT,000JB0PU3,Planned,0.0,2026-09-25,2026-10-22,DR 2026 - 2026-08-28 (EXCEXP_TLS_000JHWRH0).xlsx,Rebates,4080,TD FB Lump Sum P1
mom,Fcst Inc Cases is not positive,Metro Ontario,NA-METRO ONTARIO,2026,September,TDSSKC-6/10,SS KCOMP 6/10CT,000JB0FFP,Planned,0.0,2026-09-25,2026-10-22,DR 2026 - 2026-08-28 (EXCEXP_TLS_000JHWRH0).xlsx,Rebates,4084,TD FB 12/10CT 48CT 300g Chilli 4wk P1
mom,Fcst Inc Cases is not positive,Metro Ontario,NA-METRO ONTARIO,2026,September,TDSSKC-6/10,SS KCOMP 6/10CT,000JB0KAS,Planned,0.0,2026-10-22,2026-10-29,DR 2026 - 2026-08-28 (EXCEXP_TLS_000JHWRH0).xlsx,Rebates,4106,TD MO Metro 300g & SS 12CT TPR P2
mom,Fcst Inc Cases is not positive,Metro Ontario,NA-METRO ONTARIO,2026,September,TDSHSP-24/284,SOUPS 24/284ML,000ITO7EX,Planned,0.0,2026-11-12,2026-11-18,DR 2026 - 2026-08-28 (EXCEXP_TLS_000JHWRH0).xlsx,Rebates,4131,TD MO - Condensed New Product Tribute
mom,Fcst Inc Cases is not positive,Metro Ontario,NA-METRO ONTARIO,2026,September,TDSSKC-6/10,SS KCOMP 6/10CT,000JB0E3A,Planned,0.0,2026-11-20,2026-11-26,DR 2026 - 2026-08-28 (EXCEXP_TLS_000JHWRH0).xlsx,Rebates,4137,TD MO Metro 300g & GBR SS 12CT TPR P3
mom,Fcst Inc Cases is not positive,Metro Ontario,NA-METRO ONTARIO,2026,September,TDSSKC-6/10,SS KCOMP 6/10CT,000JB0PSH,Planned,0.0,2026-11-20,2026-12-17,DR 2026 - 2026-08-28 (EXCEXP_TLS_000JHWRH0).xlsx,Rebates,4143,TD FB 12/10CT 48CT 300g Chilli 4wk P3
mom,Fcst Inc Cases is not positive,Metro Quebec,NA-METRO QUEBEC,2026,September,TDSHSP-12/400,SOUPS 12/400ML,000JD94O6,Closed,0.0,2026-01-01,2026-03-31,DR 2026 - 2026-08-28 (EXCEXP_TLS_000JHWRH0).xlsx,Rebates,4183,TD Metro Q  12/400ML Soup delist cost Q1/26 extension
mom,Fcst Inc Cases is not positive,Metro Quebec,NA-METRO QUEBEC,2026,September,TDSSKC-6/12,SS KCOMP 6/12CT,000JGBWR0,Committed,0.0,2026-01-01,2026-12-31,DR 2026 - 2026-08-28 (EXCEXP_TLS_000JHWRH0).xlsx,Rebates,4185,TD Metro Q 2026 Coffee delist cost
mom,Fcst Inc Cases is not positive,Metro Quebec,NA-METRO QUEBEC,2026,September,TDSSKC-6/10,SS KCOMP 6/10CT,000JGBWR0,Committed,0.0,2026-01-01,2026-12-31,DR 2026 - 2026-08-28 (EXCEXP_TLS_000JHWRH0).xlsx,Rebates,4186,TD Metro Q 2026 Coffee delist cost
mom,Fcst Inc Cases is not positive,Metro Quebec,NA-METRO QUEBEC,2026,September,TDNC-10/10,NCOMP 10/10CT,000JGBWR0,Committed,0.0,2026-01-01,2026-12-31,DR 2026 - 2026-08-28 (EXCEXP_TLS_000JHWRH0).xlsx,Rebates,4187,TD Metro Q 2026 Coffee delist cost
mom,Fcst Inc Cases is not positive,Metro Quebec,NA-METRO QUEBEC,2026,September,TDSSKC-6/12,SS KCOMP 6/12CT,000JADZN1,Closed,0.0,2026-02-05,2026-03-11,DR 2026 - 2026-08-28 (EXCEXP_TLS_000JHWRH0).xlsx,Rebates,4192,TD Richelieu  HC 500g  Kcup 12ct  Nesp Tass EDLP Feb 5-Mar11
mom,Fcst Inc Cases is not positive,Metro Quebec,NA-METRO QUEBEC,2026,September,TDSSKC-6/12,SS KCOMP 6/12CT,000ITOR3U,Closed,0.0,2026-02-05,2026-03-11,DR 2026 - 2026-08-28 (EXCEXP_TLS_000JHWRH0).xlsx,Rebates,4199,TD Metro Nespresso Tassimo 12ct HC 500g  EDLP BASE Auto dist
mom,Fcst Inc Cases is not positive,Metro Quebec,NA-METRO QUEBEC,2026,September,6320912139,TDL ORG/DR COFFEE DISPLAY 48/300 GR,000ITOPBC,Closed,0.0,2026-02-26,2026-03-04,DR 2026 - 2026-08-28 (EXCEXP_TLS_000JHWRH0).xlsx,Rebates,4214,"TD Metro QC  Kcup 10ct, 12ct, R&G 300g Feb 26 RUTW"
mom,Fcst Inc Cases is not positive,Metro Quebec,NA-METRO QUEBEC,2026,September,TDSSTA-5/14,SS TASSIMO 5/14CT,000ITOPBC,Closed,0.0,2026-02-26,2026-03-04,DR 2026 - 2026-08-28 (EXCEXP_TLS_000JHWRH0).xlsx,Rebates,4216,"TD Metro QC  Kcup 10ct, 12ct, R&G 300g Feb 26 RUTW"
mom,Fcst Inc Cases is not positive,Metro Quebec,NA-METRO QUEBEC,2026,September,TDSSKC-6/10,SS KCOMP 6/10CT,000J9F820,Closed,0.0,2026-04-09,2026-04-15,DR 2026 - 2026-08-28 (EXCEXP_TLS_000JHWRH0).xlsx,Rebates,4255,TD Richelieu Kcup 12ct  minor
mom,Fcst Inc Cases is not positive,Metro Quebec,NA-METRO QUEBEC,2026,September,TDNC-10/10,NCOMP 10/10CT,000J1J7T5,Closed,0.0,2026-04-23,2026-06-03,DR 2026 - 2026-08-28 (EXCEXP_TLS_000JHWRH0).xlsx,Rebates,4259,TD Metro QC Instant 100g & 300g EDLP
mom,Fcst Inc Cases is not positive,Metro Quebec,NA-METRO QUEBEC,2026,September,TDSHSP-12/540,SOUPS 12/540ML,000ITOPEJ,Closed,0.0,2026-04-30,2026-06-12,DR 2026 - 2026-08-28 (EXCEXP_TLS_000JHWRH0).xlsx,Rebates,4263,TD Metro QC  Soups 540 ml  EDLP BASE VENTE DISTR
mom,Fcst Inc Cases is not positive,Metro Quebec,NA-METRO QUEBEC,2026,September,TDSIC-12/470,SYRUPS 12/470ML,000J7JJ0G,Committed,0.0,2026-06-04,2026-08-12,DR 2026 - 2026-08-28 (EXCEXP_TLS_000JHWRH0).xlsx,Rebates,4304,TD Metro QC  Kcup 10-12 Tass HC 500gr  R&G 300g FV Capp 454g
mom,Fcst Inc Cases is not positive,Metro Quebec,NA-METRO QUEBEC,2026,September,TDSHSP-12/540,SOUPS 12/540ML,000ITOP8E,Committed,0.0,2026-08-20,2026-10-07,DR 2026 - 2026-08-28 (EXCEXP_TLS_000JHWRH0).xlsx,Rebates,4340,TD Metro QC  Soups 540 ml   EDLP BASE VENTE DISTR
mom,Fcst Inc Cases is not positive,Metro Quebec,NA-METRO QUEBEC,2026,September,TDHBHC-12/500,HB HOT CHOCOLATE 12/500GR,000ITOQHD,Committed,0.0,2026-10-01,2026-11-18,DR 2026 - 2026-08-28 (EXCEXP_TLS_000JHWRH0).xlsx,Rebates,4358,"TD Metro QC Hot Choc 500g, FVC 454g EDLP Automatic Distribut"
mom,Fcst Inc Cases is not positive,Metro Quebec,NA-METRO QUEBEC,2026,September,TDRGSB-6/300,R&G SMALL BAG 6/300GR,000JHCNK6,Planned,0.0,2026-10-30,2026-12-31,DR 2026 - 2026-08-28 (EXCEXP_TLS_000JHWRH0).xlsx,Rebates,4390,TD Super C R&G SMALL 6/300g Lump Sum Display
mom,Fcst Inc Cases is not positive,Metro Quebec,NA-METRO QUEBEC,2026,September,6320925369,TDL GBR/ORG KCUP DISPLAY 48/12CT,000ITORQY,Planned,0.0,2026-12-03,2026-12-10,DR 2026 - 2026-08-28 (EXCEXP_TLS_000JHWRH0).xlsx,Rebates,4413,TD Metro QC  Lumpsum Display Support
mom,Fcst Inc Cases is not positive,Northwest Company,NA-NORTHWEST COMPANY,2026,September,TDSHSP-12/400,SOUPS 12/400ML,000ITZ8D0,Closed,0.0,2026-01-07,2026-01-13,DR 2026 - 2026-08-28 (EXCEXP_TLS_000JHWRH0).xlsx,Rebates,4424,TD - GT Soup Jan 7-13
mom,Fcst Inc Cases is not positive,Northwest Company,NA-NORTHWEST COMPANY,2026,September,TDHBHC-12/450,HB HOT CHOCOLATE 12/450GR,000J0G650,Closed,0.0,2026-01-21,2026-01-27,DR 2026 - 2026-08-28 (EXCEXP_TLS_000JHWRH0).xlsx,Rebates,4429,TD  GT Hot Choc Jan Flyer
mom,Fcst Inc Cases is not positive,Northwest Company,NA-NORTHWEST COMPANY,2026,September,TDSSKC-6/12,SS KCOMP 6/12CT,000ITZF88,Closed,0.0,2026-01-01,2026-01-31,DR 2026 - 2026-08-28 (EXCEXP_TLS_000JHWRH0).xlsx,Rebates,4431,TD NWC GT Monthly promotion
mom,Fcst Inc Cases is not positive,Northwest Company,NA-NORTHWEST COMPANY,2026,September,TDSSKC-6/10,SS KCOMP 6/10CT,000ITZF88,Closed,0.0,2026-01-01,2026-01-31,DR 2026 - 2026-08-28 (EXCEXP_TLS_000JHWRH0).xlsx,Rebates,4432,TD NWC GT Monthly promotion
mom,Fcst Inc Cases is not positive,Northwest Company,NA-NORTHWEST COMPANY,2026,September,TDSSKC-4/30,SS KCOMP 4/30CT,000ITZF88,Closed,0.0,2026-01-01,2026-01-31,DR 2026 - 2026-08-28 (EXCEXP_TLS_000JHWRH0).xlsx,Rebates,4433,TD NWC GT Monthly promotion
mom,Fcst Inc Cases is not positive,Northwest Company,NA-NORTHWEST COMPANY,2026,September,TDRGSB-6/300,R&G SMALL BAG 6/300GR,000ITZF88,Closed,0.0,2026-01-01,2026-01-31,DR 2026 - 2026-08-28 (EXCEXP_TLS_000JHWRH0).xlsx,Rebates,4434,TD NWC GT Monthly promotion
mom,Fcst Inc Cases is not positive,Northwest Company,NA-NORTHWEST COMPANY,2026,September,TDRGLC-6/930,R&G LARGE CAN 6/930GR,000ITZF88,Closed,0.0,2026-01-01,2026-01-31,DR 2026 - 2026-08-28 (EXCEXP_TLS_000JHWRH0).xlsx,Rebates,4435,TD NWC GT Monthly promotion
mom,Fcst Inc Cases is not positive,Northwest Company,NA-NORTHWEST COMPANY,2026,September,TDIC-12/100,INSTANT COFFEE 12/100GR,000ITZF88,Closed,0.0,2026-01-01,2026-01-31,DR 2026 - 2026-08-28 (EXCEXP_TLS_000JHWRH0).xlsx,Rebates,4436,TD NWC GT Monthly promotion
mom,Fcst Inc Cases is not positive,Northwest Company,NA-NORTHWEST COMPANY,2026,September,TDSHHB-12/425,HOT BOWLS 12/425GR,000ITZ7R5,Closed,0.0,2026-01-01,2026-06-08,DR 2026 - 2026-08-28 (EXCEXP_TLS_000JHWRH0).xlsx,Rebates,4438,TD - GT East/West Price Protection Chili
mom,Fcst Inc Cases is not positive,Northwest Company,NA-NORTHWEST COMPANY,2026,September,TDSHSP-12/540,SOUPS 12/540ML,000ITYZ30,Committed,0.0,2026-01-01,2026-06-15,DR 2026 - 2026-08-28 (EXCEXP_TLS_000JHWRH0).xlsx,Rebates,4440,TD NWC GT East/West cost Gap Soup Ends Jun 15
mom,Fcst Inc Cases is not positive,Northwest Company,NA-NORTHWEST COMPANY,2026,September,TDSHHB-12/425,HOT BOWLS 12/425GR,000ITYZ30,Committed,0.0,2026-01-01,2026-06-15,DR 2026 - 2026-08-28 (EXCEXP_TLS_000JHWRH0).xlsx,Rebates,4441,TD NWC GT East/West cost Gap Soup Ends Jun 15
mom,Fcst Inc Cases is not positive,Northwest Company,NA-NORTHWEST COMPANY,2026,September,TDHBHC-12/450,HB HOT CHOCOLATE 12/450GR,000ITZF7S,Closed,0.0,2026-02-18,2026-02-24,DR 2026 - 2026-08-28 (EXCEXP_TLS_000JHWRH0).xlsx,Rebates,4448,TD  GT Hot Choc Jan
mom,Fcst Inc Cases is not positive,Northwest Company,NA-NORTHWEST COMPANY,2026,September,TDSSKC-6/12,SS KCOMP 6/12CT,000ITZ1SS,Closed,0.0,2026-02-01,2026-02-28,DR 2026 - 2026-08-28 (EXCEXP_TLS_000JHWRH0).xlsx,Rebates,4450,TD NWC GT Monthly promotion
mom,Fcst Inc Cases is not positive,Northwest Company,NA-NORTHWEST COMPANY,2026,September,TDSSKC-6/10,SS KCOMP 6/10CT,000ITZ1SS,Closed,0.0,2026-02-01,2026-02-28,DR 2026 - 2026-08-28 (EXCEXP_TLS_000JHWRH0).xlsx,Rebates,4451,TD NWC GT Monthly promotion
mom,Fcst Inc Cases is not positive,Northwest Company,NA-NORTHWEST COMPANY,2026,September,TDSSKC-4/30,SS KCOMP 4/30CT,000ITZ1SS,Closed,0.0,2026-02-01,2026-02-28,DR 2026 - 2026-08-28 (EXCEXP_TLS_000JHWRH0).xlsx,Rebates,4452,TD NWC GT Monthly promotion
mom,Fcst Inc Cases is not positive,Northwest Company,NA-NORTHWEST COMPANY,2026,September,TDRGSB-6/300,R&G SMALL BAG 6/300GR,000ITZ1SS,Closed,0.0,2026-02-01,2026-02-28,DR 2026 - 2026-08-28 (EXCEXP_TLS_000JHWRH0).xlsx,Rebates,4453,TD NWC GT Monthly promotion
mom,Fcst Inc Cases is not positive,Northwest Company,NA-NORTHWEST COMPANY,2026,September,TDRGLC-6/930,R&G LARGE CAN 6/930GR,000ITZ1SS,Closed,0.0,2026-02-01,2026-02-28,DR 2026 - 2026-08-28 (EXCEXP_TLS_000JHWRH0).xlsx,Rebates,4454,TD NWC GT Monthly promotion
mom,Fcst Inc Cases is not positive,Northwest Company,NA-NORTHWEST COMPANY,2026,September,TDIC-12/100,INSTANT COFFEE 12/100GR,000ITZ1SS,Closed,0.0,2026-02-01,2026-02-28,DR 2026 - 2026-08-28 (EXCEXP_TLS_000JHWRH0).xlsx,Rebates,4455,TD NWC GT Monthly promotion
mom,Fcst Inc Cases is not positive,Northwest Company,NA-NORTHWEST COMPANY,2026,September,TDSSKC-6/12,SS KCOMP 6/12CT,000ITZ5TY,Committed,0.0,2026-02-02,2026-03-15,DR 2026 - 2026-08-28 (EXCEXP_TLS_000JHWRH0).xlsx,Rebates,4460,TD NWC GIANT TIGER PRICE INCREASE PROTECTION
mom,Fcst Inc Cases is not positive,Northwest Company,NA-NORTHWEST COMPANY,2026,September,TDSSKC-6/10,SS KCOMP 6/10CT,000ITZ5TY,Committed,0.0,2026-02-02,2026-03-15,DR 2026 - 2026-08-28 (EXCEXP_TLS_000JHWRH0).xlsx,Rebates,4461,TD NWC GIANT TIGER PRICE INCREASE PROTECTION
mom,Fcst Inc Cases is not positive,Northwest Company,NA-NORTHWEST COMPANY,2026,September,TDSSKC-4/30,SS KCOMP 4/30CT,000ITZ5TY,Committed,0.0,2026-02-02,2026-03-15,DR 2026 - 2026-08-28 (EXCEXP_TLS_000JHWRH0).xlsx,Rebates,4462,TD NWC GIANT TIGER PRICE INCREASE PROTECTION
mom,Fcst Inc Cases is not positive,Northwest Company,NA-NORTHWEST COMPANY,2026,September,TDRGSB-6/300,R&G SMALL BAG 6/300GR,000ITZ5TY,Committed,0.0,2026-02-02,2026-03-15,DR 2026 - 2026-08-28 (EXCEXP_TLS_000JHWRH0).xlsx,Rebates,4463,TD NWC GIANT TIGER PRICE INCREASE PROTECTION
mom,Fcst Inc Cases is not positive,Northwest Company,NA-NORTHWEST COMPANY,2026,September,TDSSKC-6/12,SS KCOMP 6/12CT,000ITZ5QW,Closed,0.0,2026-03-01,2026-03-31,DR 2026 - 2026-08-28 (EXCEXP_TLS_000JHWRH0).xlsx,Rebates,4469,TD NWC GT Monthly promotion
mom,Fcst Inc Cases is not positive,Northwest Company,NA-NORTHWEST COMPANY,2026,September,TDSSKC-6/10,SS KCOMP 6/10CT,000ITZ5QW,Closed,0.0,2026-03-01,2026-03-31,DR 2026 - 2026-08-28 (EXCEXP_TLS_000JHWRH0).xlsx,Rebates,4470,TD NWC GT Monthly promotion
mom,Fcst Inc Cases is not positive,Northwest Company,NA-NORTHWEST COMPANY,2026,September,TDSSKC-4/30,SS KCOMP 4/30CT,000ITZ5QW,Closed,0.0,2026-03-01,2026-03-31,DR 2026 - 2026-08-28 (EXCEXP_TLS_000JHWRH0).xlsx,Rebates,4471,TD NWC GT Monthly promotion
mom,Fcst Inc Cases is not positive,Northwest Company,NA-NORTHWEST COMPANY,2026,September,TDRGSB-6/300,R&G SMALL BAG 6/300GR,000ITZ5QW,Closed,0.0,2026-03-01,2026-03-31,DR 2026 - 2026-08-28 (EXCEXP_TLS_000JHWRH0).xlsx,Rebates,4472,TD NWC GT Monthly promotion
mom,Fcst Inc Cases is not positive,Northwest Company,NA-NORTHWEST COMPANY,2026,September,TDRGLC-6/930,R&G LARGE CAN 6/930GR,000ITZ5QW,Closed,0.0,2026-03-01,2026-03-31,DR 2026 - 2026-08-28 (EXCEXP_TLS_000JHWRH0).xlsx,Rebates,4473,TD NWC GT Monthly promotion
mom,Fcst Inc Cases is not positive,Northwest Company,NA-NORTHWEST COMPANY,2026,September,TDIC-12/100,INSTANT COFFEE 12/100GR,000ITZ5QW,Closed,0.0,2026-03-01,2026-03-31,DR 2026 - 2026-08-28 (EXCEXP_TLS_000JHWRH0).xlsx,Rebates,4474,TD NWC GT Monthly promotion
mom,Product cannot be mapped to an MPG pack size,Northwest Company,NA-NORTHWEST COMPANY,2026,September,TDL,TDL CAN,000IXIII8,Committed,1.0,2026-03-01,2026-03-31,DR 2026 - 2026-08-28 (EXCEXP_TLS_000JHWRH0).xlsx,Rebates,4476,TD-NCR Quarterly Endcap Payment
mom,Fcst Inc Cases is not positive,Northwest Company,NA-NORTHWEST COMPANY,2026,September,TDHBHC-12/450,HB HOT CHOCOLATE 12/450GR,000ITZ71J,Committed,0.0,2026-03-02,2026-04-05,DR 2026 - 2026-08-28 (EXCEXP_TLS_000JHWRH0).xlsx,Rebates,4478,TD NWC GT HOT CHOCOLATE/SS KCOMP 6/12CT March ISF
mom,Fcst Inc Cases is not positive,Northwest Company,NA-NORTHWEST COMPANY,2026,September,6320911393,TDL KCUP TEA SS 6/12 CT,000J0G634,Closed,0.0,2026-03-02,2026-04-05,DR 2026 - 2026-08-28 (EXCEXP_TLS_000JHWRH0).xlsx,Rebates,4480,"TD -GT  FVC 12/454, 12ct/10ct, HC March  ISF"
mom,Fcst Inc Cases is not positive,Northwest Company,NA-NORTHWEST COMPANY,2026,September,TDSSKC-6/12,SS KCOMP 6/12CT,000ITYZ3A,Committed,0.0,2026-04-01,2026-06-30,DR 2026 - 2026-08-28 (EXCEXP_TLS_000JHWRH0).xlsx,Rebates,4496,TD NWC GT Ongoing BB (was Monthly)
mom,Fcst Inc Cases is not positive,Northwest Company,NA-NORTHWEST COMPANY,2026,September,TDSSKC-4/30,SS KCOMP 4/30CT,000ITYZ3A,Committed,0.0,2026-04-01,2026-06-30,DR 2026 - 2026-08-28 (EXCEXP_TLS_000JHWRH0).xlsx,Rebates,4497,TD NWC GT Ongoing BB (was Monthly)
mom,Fcst Inc Cases is not positive,Northwest Company,NA-NORTHWEST COMPANY,2026,September,TDRGSB-6/300,R&G SMALL BAG 6/300GR,000ITYZ3A,Committed,0.0,2026-04-01,2026-06-30,DR 2026 - 2026-08-28 (EXCEXP_TLS_000JHWRH0).xlsx,Rebates,4498,TD NWC GT Ongoing BB (was Monthly)
mom,Product cannot be mapped to an MPG pack size,Northwest Company,NA-NORTHWEST COMPANY,2026,September,TDL,TDL CAN,000IXIIIF,Committed,1.0,2026-06-01,2026-06-30,DR 2026 - 2026-08-28 (EXCEXP_TLS_000JHWRH0).xlsx,Rebates,4520,TD-NCR Quarterly Endcap Payment
mom,Fcst Inc Cases is not positive,Northwest Company,NA-NORTHWEST COMPANY,2026,September,TDSHSP-12/540,SOUPS 12/540ML,000JEJJP7,Committed,0.0,2026-06-16,2026-12-31,DR 2026 - 2026-08-28 (EXCEXP_TLS_000JHWRH0).xlsx,Rebates,4525,TD NWC GT East/West cost Gap Soup Eff Jun 16
mom,Fcst Inc Cases is not positive,Northwest Company,NA-NORTHWEST COMPANY,2026,September,TDSHHB-12/425,HOT BOWLS 12/425GR,000JEJJP7,Committed,0.0,2026-06-16,2026-12-31,DR 2026 - 2026-08-28 (EXCEXP_TLS_000JHWRH0).xlsx,Rebates,4526,TD NWC GT East/West cost Gap Soup Eff Jun 16
mom,Fcst Inc Cases is not positive,Northwest Company,NA-NORTHWEST COMPANY,2026,September,TDL,TDL CAN,000JDU0J4,Committed,0.0,2026-07-01,2026-09-30,DR 2026 - 2026-08-28 (EXCEXP_TLS_000JHWRH0).xlsx,Rebates,4534,TD-NCR Quarterly Endcap Payment
mom,Fcst Inc Cases is not positive,Northwest Company,NA-NORTHWEST COMPANY,2026,September,TDHBHC-12/450,HB HOT CHOCOLATE 12/450GR,000ITZIZA,Planned,0.0,2026-10-14,2026-10-20,DR 2026 - 2026-08-28 (EXCEXP_TLS_000JHWRH0).xlsx,Rebates,4565,TD-GT HOT CHOCOLATE 500gr October Flyer
mom,Product cannot be mapped to an MPG pack size,Northwest Company,NA-NORTHWEST COMPANY,2026,September,TDL,TDL CAN,000JDU0JA,Committed,1.0,2026-10-01,2026-12-31,DR 2026 - 2026-08-28 (EXCEXP_TLS_000JHWRH0).xlsx,Rebates,4571,TD-NCR Quarterly Endcap Payment
mom,Fcst Inc Cases is not positive,Northwest Company,NA-NORTHWEST COMPANY,2026,September,TDHBHC-12/450,HB HOT CHOCOLATE 12/450GR,000ITZFQY,Planned,0.0,2026-12-09,2026-12-15,DR 2026 - 2026-08-28 (EXCEXP_TLS_000JHWRH0).xlsx,Rebates,4593,TD-GT HOT CHOCOLATE 500gr Flyer Dec
mom,Fcst Inc Cases is not positive,PFG,NA-PATTISON FOOD GROUP,2026,September,TDHBHC-5/8,HB HOT CHOCOLATE 5/8CT,000J7SVI8,Closed,0.0,2026-01-18,2026-02-14,DR 2026 - 2026-08-28 (EXCEXP_TLS_000JHWRH0).xlsx,Rebates,4628,TD GM ISF WK5-8 8CT SACHET
mom,Fcst Inc Cases is not positive,PFG,NA-PATTISON FOOD GROUP,2026,September,TDSSKC-6/12,SS KCOMP 6/12CT,000IVREDB,Closed,0.0,2026-03-05,2026-03-11,DR 2026 - 2026-08-28 (EXCEXP_TLS_000JHWRH0).xlsx,Rebates,4657,"TD SOF WK 10 TRIBUTE AD LUMP SUM 300G, 825-875G, 12CT, 30CT"
mom,Fcst Inc Cases is not positive,PFG,NA-PATTISON FOOD GROUP,2026,September,TDSSKC-4/30,SS KCOMP 4/30CT,000IVREDB,Closed,0.0,2026-03-05,2026-03-11,DR 2026 - 2026-08-28 (EXCEXP_TLS_000JHWRH0).xlsx,Rebates,4658,"TD SOF WK 10 TRIBUTE AD LUMP SUM 300G, 825-875G, 12CT, 30CT"
mom,Fcst Inc Cases is not positive,PFG,NA-PATTISON FOOD GROUP,2026,September,TDRGSB-6/300,R&G SMALL BAG 6/300GR,000IVREDB,Closed,0.0,2026-03-05,2026-03-11,DR 2026 - 2026-08-28 (EXCEXP_TLS_000JHWRH0).xlsx,Rebates,4659,"TD SOF WK 10 TRIBUTE AD LUMP SUM 300G, 825-875G, 12CT, 30CT"
mom,Fcst Inc Cases is not positive,PFG,NA-PATTISON FOOD GROUP,2026,September,TDRGLC-6/930,R&G LARGE CAN 6/930GR,000IVREDB,Closed,0.0,2026-03-05,2026-03-11,DR 2026 - 2026-08-28 (EXCEXP_TLS_000JHWRH0).xlsx,Rebates,4660,"TD SOF WK 10 TRIBUTE AD LUMP SUM 300G, 825-875G, 12CT, 30CT"
mom,Fcst Inc Cases is not positive,PFG,NA-PATTISON FOOD GROUP,2026,September,TDRGLB-6/2,R&G LARGE BAG 6/2LB,000IVREDB,Closed,0.0,2026-03-05,2026-03-11,DR 2026 - 2026-08-28 (EXCEXP_TLS_000JHWRH0).xlsx,Rebates,4661,"TD SOF WK 10 TRIBUTE AD LUMP SUM 300G, 825-875G, 12CT, 30CT"
mom,Fcst Inc Cases is not positive,PFG,NA-PATTISON FOOD GROUP,2026,September,TDHBHC-12/500,HB HOT CHOCOLATE 12/500GR,000IVREDB,Closed,0.0,2026-03-05,2026-03-11,DR 2026 - 2026-08-28 (EXCEXP_TLS_000JHWRH0).xlsx,Rebates,4662,"TD SOF WK 10 TRIBUTE AD LUMP SUM 300G, 825-875G, 12CT, 30CT"
mom,Fcst Inc Cases is not positive,PFG,NA-PATTISON FOOD GROUP,2026,September,TDHBCAP-12/343,HB CAPPUCCINO 12/454GR,000IVREDB,Closed,0.0,2026-03-05,2026-03-11,DR 2026 - 2026-08-28 (EXCEXP_TLS_000JHWRH0).xlsx,Rebates,4663,"TD SOF WK 10 TRIBUTE AD LUMP SUM 300G, 825-875G, 12CT, 30CT"
mom,Fcst Inc Cases is not positive,PFG,NA-PATTISON FOOD GROUP,2026,September,TDSHHB-12/425,HOT BOWLS 12/425GR,000JEI13Z,Closed,0.0,2026-03-26,2026-04-08,DR 2026 - 2026-08-28 (EXCEXP_TLS_000JHWRH0).xlsx,Rebates,4677,"TD GM ISF WK 13-14 8CT SACHET, CHILLI 425G"
mom,Fcst Inc Cases is not positive,PFG,NA-PATTISON FOOD GROUP,2026,September,TDSSKC-4/30,SS KCOMP 4/30CT,000IVREIJ,Committed,0.0,2026-04-16,2026-04-29,DR 2026 - 2026-08-28 (EXCEXP_TLS_000JHWRH0).xlsx,Rebates,4700,TD SOF WEEK 16-17  ISF 30CT 48CT PODS
mom,Fcst Inc Cases is not positive,PFG,NA-PATTISON FOOD GROUP,2026,September,TDHBHC-5/8,HB HOT CHOCOLATE 5/8CT,000J7WXON,Closed,0.0,2026-05-21,2026-05-27,DR 2026 - 2026-08-28 (EXCEXP_TLS_000JHWRH0).xlsx,Rebates,4715,TD GM 21-22 CAPP SACKET 8CT
mom,Fcst Inc Cases is not positive,PFG,NA-PATTISON FOOD GROUP,2026,September,TDSHSP-12/540,SOUPS 12/540ML,000J8PJO0,Committed,0.0,2026-06-26,2026-07-09,DR 2026 - 2026-08-28 (EXCEXP_TLS_000JHWRH0).xlsx,Rebates,4752,"TD GM WEEK 27-28 AD 300G, 540ML SOUP"
mom,Fcst Inc Cases is not positive,PFG,NA-PATTISON FOOD GROUP,2026,September,TDSIC-12/470,SYRUPS 12/470ML,000JHAK62,Committed,0.0,2026-07-09,2026-07-25,DR 2026 - 2026-08-28 (EXCEXP_TLS_000JHWRH0).xlsx,Rebates,4771,"TD BLD WEEK 28 ISF 470ML SYRUPS, 10CT NESPRESSO, 100G INSTAN"
mom,Fcst Inc Cases is not positive,PFG,NA-PATTISON FOOD GROUP,2026,September,TDNC-10/10,NCOMP 10/10CT,000JHAK62,Committed,0.0,2026-07-09,2026-07-25,DR 2026 - 2026-08-28 (EXCEXP_TLS_000JHWRH0).xlsx,Rebates,4772,"TD BLD WEEK 28 ISF 470ML SYRUPS, 10CT NESPRESSO, 100G INSTAN"
mom,Fcst Inc Cases is not positive,PFG,NA-PATTISON FOOD GROUP,2026,September,TDIC-12/100,INSTANT COFFEE 12/100GR,000JHAK62,Committed,0.0,2026-07-09,2026-07-25,DR 2026 - 2026-08-28 (EXCEXP_TLS_000JHWRH0).xlsx,Rebates,4773,"TD BLD WEEK 28 ISF 470ML SYRUPS, 10CT NESPRESSO, 100G INSTAN"
mom,Fcst Inc Cases is not positive,PFG,NA-PATTISON FOOD GROUP,2026,September,TDSSKC-4/48,SS KCOMP 4/48CT,000JHT5N6,Committed,0.0,2026-07-09,2026-07-29,DR 2026 - 2026-08-28 (EXCEXP_TLS_000JHWRH0).xlsx,Rebates,4775,TD BLD WEEK 28-30 ISF 48CT PODS
mom,Fcst Inc Cases is not positive,PFG,NA-PATTISON FOOD GROUP,2026,September,TDSSKC-4/30,SS KCOMP 4/30CT,000JHT5NN,Committed,0.0,2026-07-30,2026-08-12,DR 2026 - 2026-08-28 (EXCEXP_TLS_000JHWRH0).xlsx,Rebates,4798,"TD BLD WEEK 31-32 ISF 30CT PODS, 2LB"
mom,Fcst Inc Cases is not positive,PFG,NA-PATTISON FOOD GROUP,2026,September,TDRGLB-6/2,R&G LARGE BAG 6/2LB,000JHT5NN,Committed,0.0,2026-07-30,2026-08-12,DR 2026 - 2026-08-28 (EXCEXP_TLS_000JHWRH0).xlsx,Rebates,4799,"TD BLD WEEK 31-32 ISF 30CT PODS, 2LB"
mom,Fcst Inc Cases is not positive,PFG,NA-PATTISON FOOD GROUP,2026,September,TDSSKC-4/30,SS KCOMP 4/30CT,000IVRJV4,Committed,0.0,2026-08-06,2026-09-16,DR 2026 - 2026-08-28 (EXCEXP_TLS_000JHWRH0).xlsx,Rebates,4811,"TD SOF WEEK 32-37 ISF BACK TO SCHOOL PROMO LUMP SUM 10CT, 30"
mom,Fcst Inc Cases is not positive,PFG,NA-PATTISON FOOD GROUP,2026,September,TDRGSB-6/300,R&G SMALL BAG 6/300GR,000IVRJV4,Committed,0.0,2026-08-06,2026-09-16,DR 2026 - 2026-08-28 (EXCEXP_TLS_000JHWRH0).xlsx,Rebates,4812,"TD SOF WEEK 32-37 ISF BACK TO SCHOOL PROMO LUMP SUM 10CT, 30"
mom,Fcst Inc Cases is not positive,PFG,NA-PATTISON FOOD GROUP,2026,September,TDRGLC-6/930,R&G LARGE CAN 6/930GR,000IVRJV4,Committed,0.0,2026-08-06,2026-09-16,DR 2026 - 2026-08-28 (EXCEXP_TLS_000JHWRH0).xlsx,Rebates,4813,"TD SOF WEEK 32-37 ISF BACK TO SCHOOL PROMO LUMP SUM 10CT, 30"
mom,Fcst Inc Cases is not positive,PFG,NA-PATTISON FOOD GROUP,2026,September,TDNC-10/10,NCOMP 10/10CT,000IVRJV4,Committed,0.0,2026-08-06,2026-09-16,DR 2026 - 2026-08-28 (EXCEXP_TLS_000JHWRH0).xlsx,Rebates,4814,"TD SOF WEEK 32-37 ISF BACK TO SCHOOL PROMO LUMP SUM 10CT, 30"
mom,Fcst Inc Cases is not positive,PFG,NA-PATTISON FOOD GROUP,2026,September,TDSIC-12/470,SYRUPS 12/470ML,000JHT5O9,Committed,0.0,2026-08-13,2026-08-19,DR 2026 - 2026-08-28 (EXCEXP_TLS_000JHWRH0).xlsx,Rebates,4818,"TD BLD WEEK 33 ISF 300G, 12CT PODS, 100G INSTANT, 10CT NESPR"
mom,Fcst Inc Cases is not positive,PFG,NA-PATTISON FOOD GROUP,2026,September,TDSSKC-6/12,SS KCOMP 6/12CT,000JHT5O9,Committed,0.0,2026-08-13,2026-08-19,DR 2026 - 2026-08-28 (EXCEXP_TLS_000JHWRH0).xlsx,Rebates,4819,"TD BLD WEEK 33 ISF 300G, 12CT PODS, 100G INSTANT, 10CT NESPR"
mom,Fcst Inc Cases is not positive,PFG,NA-PATTISON FOOD GROUP,2026,September,TDRGSB-6/300,R&G SMALL BAG 6/300GR,000JHT5O9,Committed,0.0,2026-08-13,2026-08-19,DR 2026 - 2026-08-28 (EXCEXP_TLS_000JHWRH0).xlsx,Rebates,4820,"TD BLD WEEK 33 ISF 300G, 12CT PODS, 100G INSTANT, 10CT NESPR"
mom,Fcst Inc Cases is not positive,PFG,NA-PATTISON FOOD GROUP,2026,September,TDNC-10/10,NCOMP 10/10CT,000JHT5O9,Committed,0.0,2026-08-13,2026-08-19,DR 2026 - 2026-08-28 (EXCEXP_TLS_000JHWRH0).xlsx,Rebates,4821,"TD BLD WEEK 33 ISF 300G, 12CT PODS, 100G INSTANT, 10CT NESPR"
mom,Fcst Inc Cases is not positive,PFG,NA-PATTISON FOOD GROUP,2026,September,TDIC-12/100,INSTANT COFFEE 12/100GR,000JHT5O9,Committed,0.0,2026-08-13,2026-08-19,DR 2026 - 2026-08-28 (EXCEXP_TLS_000JHWRH0).xlsx,Rebates,4822,"TD BLD WEEK 33 ISF 300G, 12CT PODS, 100G INSTANT, 10CT NESPR"
mom,Fcst Inc Cases is not positive,PFG,NA-PATTISON FOOD GROUP,2026,September,TDSSKC-4/48,SS KCOMP 4/48CT,000JHT5NZ,Committed,0.0,2026-08-13,2026-08-19,DR 2026 - 2026-08-28 (EXCEXP_TLS_000JHWRH0).xlsx,Rebates,4824,TD BLD WEEK 33 AD 48CT PODS
mom,Fcst Inc Cases is not positive,PFG,NA-PATTISON FOOD GROUP,2026,September,TDSIC-12/470,SYRUPS 12/470ML,000JHTYTT,Committed,0.0,2026-08-20,2026-08-26,DR 2026 - 2026-08-28 (EXCEXP_TLS_000JHWRH0).xlsx,Rebates,4830,"TD BLD WEEK 34 ISF 300G, 12CT PODS, 100G INSTANT, 10CT NESPR"
mom,Fcst Inc Cases is not positive,PFG,NA-PATTISON FOOD GROUP,2026,September,TDSSKC-6/12,SS KCOMP 6/12CT,000JHTYTT,Committed,0.0,2026-08-20,2026-08-26,DR 2026 - 2026-08-28 (EXCEXP_TLS_000JHWRH0).xlsx,Rebates,4831,"TD BLD WEEK 34 ISF 300G, 12CT PODS, 100G INSTANT, 10CT NESPR"
mom,Fcst Inc Cases is not positive,PFG,NA-PATTISON FOOD GROUP,2026,September,TDSSKC-4/48,SS KCOMP 4/48CT,000JHTYTT,Committed,0.0,2026-08-20,2026-08-26,DR 2026 - 2026-08-28 (EXCEXP_TLS_000JHWRH0).xlsx,Rebates,4832,"TD BLD WEEK 34 ISF 300G, 12CT PODS, 100G INSTANT, 10CT NESPR"
mom,Fcst Inc Cases is not positive,PFG,NA-PATTISON FOOD GROUP,2026,September,TDRGSB-6/300,R&G SMALL BAG 6/300GR,000JHTYTT,Committed,0.0,2026-08-20,2026-08-26,DR 2026 - 2026-08-28 (EXCEXP_TLS_000JHWRH0).xlsx,Rebates,4833,"TD BLD WEEK 34 ISF 300G, 12CT PODS, 100G INSTANT, 10CT NESPR"
mom,Fcst Inc Cases is not positive,PFG,NA-PATTISON FOOD GROUP,2026,September,TDNC-10/10,NCOMP 10/10CT,000JHTYTT,Committed,0.0,2026-08-20,2026-08-26,DR 2026 - 2026-08-28 (EXCEXP_TLS_000JHWRH0).xlsx,Rebates,4834,"TD BLD WEEK 34 ISF 300G, 12CT PODS, 100G INSTANT, 10CT NESPR"
mom,Fcst Inc Cases is not positive,PFG,NA-PATTISON FOOD GROUP,2026,September,TDIC-12/100,INSTANT COFFEE 12/100GR,000JHTYTT,Committed,0.0,2026-08-20,2026-08-26,DR 2026 - 2026-08-28 (EXCEXP_TLS_000JHWRH0).xlsx,Rebates,4835,"TD BLD WEEK 34 ISF 300G, 12CT PODS, 100G INSTANT, 10CT NESPR"
mom,Fcst Inc Cases is not positive,PFG,NA-PATTISON FOOD GROUP,2026,September,TDRGLC-6/930,R&G LARGE CAN 6/930GR,000JHT5MZ,Committed,0.0,2026-08-27,2026-09-02,DR 2026 - 2026-08-28 (EXCEXP_TLS_000JHWRH0).xlsx,Rebates,4837,TD BLD WEEK 35 AD 825G-875G TINS
mom,Fcst Inc Cases is not positive,PFG,NA-PATTISON FOOD GROUP,2026,September,TDRGLC-6/930,R&G LARGE CAN 6/930GR,000JHT5ME,Committed,0.0,2026-09-03,2026-09-23,DR 2026 - 2026-08-28 (EXCEXP_TLS_000JHWRH0).xlsx,Rebates,4845,TD BLD WEEK 36-38 ISF 825G-875G TINS
mom,Fcst Inc Cases is not positive,PFG,NA-PATTISON FOOD GROUP,2026,September,TDSSKC-4/30,SS KCOMP 4/30CT,000JHTYUK,Planned,0.0,2026-09-24,2026-09-30,DR 2026 - 2026-08-28 (EXCEXP_TLS_000JHWRH0).xlsx,Rebates,4862,TD BLD WEEK 39 AD 30CT PODS
mom,Fcst Inc Cases is not positive,PFG,NA-PATTISON FOOD GROUP,2026,September,TDSIC-12/470,SYRUPS 12/470ML,000JHT5L1,Planned,0.0,2026-09-24,2026-09-30,DR 2026 - 2026-08-28 (EXCEXP_TLS_000JHWRH0).xlsx,Rebates,4864,"TD BLD WEEK 39 ISF 300G, 12CT, 100G INST, 10CT NESPR, 30CT"
mom,Fcst Inc Cases is not positive,PFG,NA-PATTISON FOOD GROUP,2026,September,TDSSKC-6/12,SS KCOMP 6/12CT,000JHT5L1,Planned,0.0,2026-09-24,2026-09-30,DR 2026 - 2026-08-28 (EXCEXP_TLS_000JHWRH0).xlsx,Rebates,4865,"TD BLD WEEK 39 ISF 300G, 12CT, 100G INST, 10CT NESPR, 30CT"
mom,Fcst Inc Cases is not positive,PFG,NA-PATTISON FOOD GROUP,2026,September,TDRGSB-6/300,R&G SMALL BAG 6/300GR,000JHT5L1,Planned,0.0,2026-09-24,2026-09-30,DR 2026 - 2026-08-28 (EXCEXP_TLS_000JHWRH0).xlsx,Rebates,4866,"TD BLD WEEK 39 ISF 300G, 12CT, 100G INST, 10CT NESPR, 30CT"
mom,Fcst Inc Cases is not positive,PFG,NA-PATTISON FOOD GROUP,2026,September,TDRGLB-6/2,R&G LARGE BAG 6/2LB,000JHT5L1,Planned,0.0,2026-09-24,2026-09-30,DR 2026 - 2026-08-28 (EXCEXP_TLS_000JHWRH0).xlsx,Rebates,4867,"TD BLD WEEK 39 ISF 300G, 12CT, 100G INST, 10CT NESPR, 30CT"
mom,Fcst Inc Cases is not positive,PFG,NA-PATTISON FOOD GROUP,2026,September,TDNC-10/10,NCOMP 10/10CT,000JHT5L1,Planned,0.0,2026-09-24,2026-09-30,DR 2026 - 2026-08-28 (EXCEXP_TLS_000JHWRH0).xlsx,Rebates,4868,"TD BLD WEEK 39 ISF 300G, 12CT, 100G INST, 10CT NESPR, 30CT"
mom,Fcst Inc Cases is not positive,PFG,NA-PATTISON FOOD GROUP,2026,September,TDIC-12/100,INSTANT COFFEE 12/100GR,000JHT5L1,Planned,0.0,2026-09-24,2026-09-30,DR 2026 - 2026-08-28 (EXCEXP_TLS_000JHWRH0).xlsx,Rebates,4869,"TD BLD WEEK 39 ISF 300G, 12CT, 100G INST, 10CT NESPR, 30CT"
mom,Fcst Inc Cases is not positive,PFG,NA-PATTISON FOOD GROUP,2026,September,TDHBHC-12/500,HB HOT CHOCOLATE 12/500GR,000JHT5L1,Planned,0.0,2026-09-24,2026-09-30,DR 2026 - 2026-08-28 (EXCEXP_TLS_000JHWRH0).xlsx,Rebates,4870,"TD BLD WEEK 39 ISF 300G, 12CT, 100G INST, 10CT NESPR, 30CT"
mom,Fcst Inc Cases is not positive,PFG,NA-PATTISON FOOD GROUP,2026,September,TDHBCAP-12/343,HB CAPPUCCINO 12/454GR,000JHT5L1,Planned,0.0,2026-09-24,2026-09-30,DR 2026 - 2026-08-28 (EXCEXP_TLS_000JHWRH0).xlsx,Rebates,4871,"TD BLD WEEK 39 ISF 300G, 12CT, 100G INST, 10CT NESPR, 30CT"
mom,Fcst Inc Cases is not positive,PFG,NA-PATTISON FOOD GROUP,2026,September,TDRGLB-6/2,R&G LARGE BAG 6/2LB,000JHT5JJ,Planned,0.0,2026-10-01,2026-10-07,DR 2026 - 2026-08-28 (EXCEXP_TLS_000JHWRH0).xlsx,Rebates,4880,TD SOF WEEK 40  ISF 2LB
mom,Fcst Inc Cases is not positive,PFG,NA-PATTISON FOOD GROUP,2026,September,TDSIC-12/470,SYRUPS 12/470ML,000JHT5JQ,Planned,0.0,2026-10-01,2026-10-14,DR 2026 - 2026-08-28 (EXCEXP_TLS_000JHWRH0).xlsx,Rebates,4884,"TD BLD WEEK 40-41 ISF 300G, 6/12CT 12/100G 10/10CT  470ML SY"
mom,Fcst Inc Cases is not positive,PFG,NA-PATTISON FOOD GROUP,2026,September,TDSSKC-6/12,SS KCOMP 6/12CT,000JHT5JQ,Planned,0.0,2026-10-01,2026-10-14,DR 2026 - 2026-08-28 (EXCEXP_TLS_000JHWRH0).xlsx,Rebates,4885,"TD BLD WEEK 40-41 ISF 300G, 6/12CT 12/100G 10/10CT  470ML SY"
mom,Fcst Inc Cases is not positive,PFG,NA-PATTISON FOOD GROUP,2026,September,TDSSKC-4/30,SS KCOMP 4/30CT,000JHT5JQ,Planned,0.0,2026-10-01,2026-10-14,DR 2026 - 2026-08-28 (EXCEXP_TLS_000JHWRH0).xlsx,Rebates,4886,"TD BLD WEEK 40-41 ISF 300G, 6/12CT 12/100G 10/10CT  470ML SY"
mom,Fcst Inc Cases is not positive,PFG,NA-PATTISON FOOD GROUP,2026,September,TDRGSB-6/300,R&G SMALL BAG 6/300GR,000JHT5JQ,Planned,0.0,2026-10-01,2026-10-14,DR 2026 - 2026-08-28 (EXCEXP_TLS_000JHWRH0).xlsx,Rebates,4887,"TD BLD WEEK 40-41 ISF 300G, 6/12CT 12/100G 10/10CT  470ML SY"
mom,Fcst Inc Cases is not positive,PFG,NA-PATTISON FOOD GROUP,2026,September,TDRGLB-6/2,R&G LARGE BAG 6/2LB,000JHT5JQ,Planned,0.0,2026-10-01,2026-10-14,DR 2026 - 2026-08-28 (EXCEXP_TLS_000JHWRH0).xlsx,Rebates,4888,"TD BLD WEEK 40-41 ISF 300G, 6/12CT 12/100G 10/10CT  470ML SY"
mom,Fcst Inc Cases is not positive,PFG,NA-PATTISON FOOD GROUP,2026,September,TDNC-10/10,NCOMP 10/10CT,000JHT5JQ,Planned,0.0,2026-10-01,2026-10-14,DR 2026 - 2026-08-28 (EXCEXP_TLS_000JHWRH0).xlsx,Rebates,4889,"TD BLD WEEK 40-41 ISF 300G, 6/12CT 12/100G 10/10CT  470ML SY"
mom,Fcst Inc Cases is not positive,PFG,NA-PATTISON FOOD GROUP,2026,September,TDIC-12/100,INSTANT COFFEE 12/100GR,000JHT5JQ,Planned,0.0,2026-10-01,2026-10-14,DR 2026 - 2026-08-28 (EXCEXP_TLS_000JHWRH0).xlsx,Rebates,4890,"TD BLD WEEK 40-41 ISF 300G, 6/12CT 12/100G 10/10CT  470ML SY"
mom,Fcst Inc Cases is not positive,PFG,NA-PATTISON FOOD GROUP,2026,September,TDHBHC-12/500,HB HOT CHOCOLATE 12/500GR,000JHT5JQ,Planned,0.0,2026-10-01,2026-10-14,DR 2026 - 2026-08-28 (EXCEXP_TLS_000JHWRH0).xlsx,Rebates,4891,"TD BLD WEEK 40-41 ISF 300G, 6/12CT 12/100G 10/10CT  470ML SY"
mom,Fcst Inc Cases is not positive,PFG,NA-PATTISON FOOD GROUP,2026,September,TDHBCAP-12/343,HB CAPPUCCINO 12/454GR,000JHT5JQ,Planned,0.0,2026-10-01,2026-10-14,DR 2026 - 2026-08-28 (EXCEXP_TLS_000JHWRH0).xlsx,Rebates,4892,"TD BLD WEEK 40-41 ISF 300G, 6/12CT 12/100G 10/10CT  470ML SY"
mom,Fcst Inc Cases is not positive,PFG,NA-PATTISON FOOD GROUP,2026,September,TDSSKC-6/12,SS KCOMP 6/12CT,000IVRJWA,Committed,0.0,2026-10-22,2026-10-28,DR 2026 - 2026-08-28 (EXCEXP_TLS_000JHWRH0).xlsx,Rebates,4919,"TD SOF WK 43 TRIBUTE AD LUMP SUM 300G, 825-875G, 12CT, 30CT"
mom,Fcst Inc Cases is not positive,PFG,NA-PATTISON FOOD GROUP,2026,September,TDSSKC-4/30,SS KCOMP 4/30CT,000IVRJWA,Committed,0.0,2026-10-22,2026-10-28,DR 2026 - 2026-08-28 (EXCEXP_TLS_000JHWRH0).xlsx,Rebates,4920,"TD SOF WK 43 TRIBUTE AD LUMP SUM 300G, 825-875G, 12CT, 30CT"
mom,Fcst Inc Cases is not positive,PFG,NA-PATTISON FOOD GROUP,2026,September,TDSHSP-12/540,SOUPS 12/540ML,000IVRJWA,Committed,0.0,2026-10-22,2026-10-28,DR 2026 - 2026-08-28 (EXCEXP_TLS_000JHWRH0).xlsx,Rebates,4921,"TD SOF WK 43 TRIBUTE AD LUMP SUM 300G, 825-875G, 12CT, 30CT"
mom,Fcst Inc Cases is not positive,PFG,NA-PATTISON FOOD GROUP,2026,September,TDRGSB-6/300,R&G SMALL BAG 6/300GR,000IVRJWA,Committed,0.0,2026-10-22,2026-10-28,DR 2026 - 2026-08-28 (EXCEXP_TLS_000JHWRH0).xlsx,Rebates,4922,"TD SOF WK 43 TRIBUTE AD LUMP SUM 300G, 825-875G, 12CT, 30CT"
mom,Fcst Inc Cases is not positive,PFG,NA-PATTISON FOOD GROUP,2026,September,TDRGLC-6/930,R&G LARGE CAN 6/930GR,000IVRJWA,Committed,0.0,2026-10-22,2026-10-28,DR 2026 - 2026-08-28 (EXCEXP_TLS_000JHWRH0).xlsx,Rebates,4923,"TD SOF WK 43 TRIBUTE AD LUMP SUM 300G, 825-875G, 12CT, 30CT"
mom,Fcst Inc Cases is not positive,PFG,NA-PATTISON FOOD GROUP,2026,September,TDRGLC-6/930,R&G LARGE CAN 6/930GR,000JHT5IW,Planned,0.0,2026-10-22,2026-10-28,DR 2026 - 2026-08-28 (EXCEXP_TLS_000JHWRH0).xlsx,Rebates,4925,TD BLD WEEK 43 AD 825G-875G TINS
mom,Fcst Inc Cases is not positive,PFG,NA-PATTISON FOOD GROUP,2026,September,TDSSKC-4/30,SS KCOMP 4/30CT,000JHT5IO,Planned,0.0,2026-10-29,2026-11-04,DR 2026 - 2026-08-28 (EXCEXP_TLS_000JHWRH0).xlsx,Rebates,4934,TD BLD WEEK 44 AD 30CT PODS
mom,Fcst Inc Cases is not positive,PFG,NA-PATTISON FOOD GROUP,2026,September,TDSIC-12/470,SYRUPS 12/470ML,000JHRP9F,Planned,0.0,2026-11-05,2026-11-11,DR 2026 - 2026-08-28 (EXCEXP_TLS_000JHWRH0).xlsx,Rebates,4942,"TD BLD WEEK 45 AD 12CT PODS, 454G FVC, 10CT NESPRESSO, 470ML"
mom,Fcst Inc Cases is not positive,PFG,NA-PATTISON FOOD GROUP,2026,September,TDSSKC-6/12,SS KCOMP 6/12CT,000JHRP9F,Planned,0.0,2026-11-05,2026-11-11,DR 2026 - 2026-08-28 (EXCEXP_TLS_000JHWRH0).xlsx,Rebates,4943,"TD BLD WEEK 45 AD 12CT PODS, 454G FVC, 10CT NESPRESSO, 470ML"
mom,Fcst Inc Cases is not positive,PFG,NA-PATTISON FOOD GROUP,2026,September,TDNC-10/10,NCOMP 10/10CT,000JHRP9F,Planned,0.0,2026-11-05,2026-11-11,DR 2026 - 2026-08-28 (EXCEXP_TLS_000JHWRH0).xlsx,Rebates,4944,"TD BLD WEEK 45 AD 12CT PODS, 454G FVC, 10CT NESPRESSO, 470ML"
mom,Fcst Inc Cases is not positive,PFG,NA-PATTISON FOOD GROUP,2026,September,TDHBCAP-12/343,HB CAPPUCCINO 12/454GR,000JHRP9F,Planned,0.0,2026-11-05,2026-11-11,DR 2026 - 2026-08-28 (EXCEXP_TLS_000JHWRH0).xlsx,Rebates,4945,"TD BLD WEEK 45 AD 12CT PODS, 454G FVC, 10CT NESPRESSO, 470ML"
mom,Fcst Inc Cases is not positive,PFG,NA-PATTISON FOOD GROUP,2026,September,TDRGSB-6/300,R&G SMALL BAG 6/300GR,000JHT5HV,Planned,0.0,2026-11-05,2026-11-11,DR 2026 - 2026-08-28 (EXCEXP_TLS_000JHWRH0).xlsx,Rebates,4947,TD BLD WEEK 45 ISF 300G
mom,Fcst Inc Cases is not positive,PFG,NA-PATTISON FOOD GROUP,2026,September,TDIC-12/100,INSTANT COFFEE 12/100GR,000JHT5I1,Planned,0.0,2026-11-05,2026-11-25,DR 2026 - 2026-08-28 (EXCEXP_TLS_000JHWRH0).xlsx,Rebates,4953,TD BLD WEEK 45-47 ISF100G INSTANT
mom,Fcst Inc Cases is not positive,PFG,NA-PATTISON FOOD GROUP,2026,September,TDSSKC-6/12,SS KCOMP 6/12CT,000JHRPA2,Planned,0.0,2026-11-12,2026-11-18,DR 2026 - 2026-08-28 (EXCEXP_TLS_000JHWRH0).xlsx,Rebates,4961,"TD BLD WEEK 46 ISF 12CT PODS, 454G FVC, 10CT NESPRESSO, 470M"
mom,Fcst Inc Cases is not positive,PFG,NA-PATTISON FOOD GROUP,2026,September,TDHBCAP-12/343,HB CAPPUCCINO 12/454GR,000JHRPA2,Planned,0.0,2026-11-12,2026-11-18,DR 2026 - 2026-08-28 (EXCEXP_TLS_000JHWRH0).xlsx,Rebates,4962,"TD BLD WEEK 46 ISF 12CT PODS, 454G FVC, 10CT NESPRESSO, 470M"
mom,Fcst Inc Cases is not positive,PFG,NA-PATTISON FOOD GROUP,2026,September,TDRGSB-6/300,R&G SMALL BAG 6/300GR,000JHRPAX,Planned,0.0,2026-11-12,2026-11-18,DR 2026 - 2026-08-28 (EXCEXP_TLS_000JHWRH0).xlsx,Rebates,4964,TD BLD WEEK 46 AD 300G
mom,Fcst Inc Cases is not positive,PFG,NA-PATTISON FOOD GROUP,2026,September,TDSIC-12/470,SYRUPS 12/470ML,000JHRP8X,Planned,0.0,2026-11-12,2026-11-25,DR 2026 - 2026-08-28 (EXCEXP_TLS_000JHWRH0).xlsx,Rebates,4968,"TD BLD WEEK 46-47 ISF 48CT PODS, 10CT NESPRESSO, 470ML SYRUP"
mom,Fcst Inc Cases is not positive,PFG,NA-PATTISON FOOD GROUP,2026,September,TDSSKC-48/10,SS KCOMP 48/10CT,000JHRP8X,Planned,0.0,2026-11-12,2026-11-25,DR 2026 - 2026-08-28 (EXCEXP_TLS_000JHWRH0).xlsx,Rebates,4969,"TD BLD WEEK 46-47 ISF 48CT PODS, 10CT NESPRESSO, 470ML SYRUP"
mom,Fcst Inc Cases is not positive,PFG,NA-PATTISON FOOD GROUP,2026,September,TDNC-10/10,NCOMP 10/10CT,000JHRP8X,Planned,0.0,2026-11-12,2026-11-25,DR 2026 - 2026-08-28 (EXCEXP_TLS_000JHWRH0).xlsx,Rebates,4970,"TD BLD WEEK 46-47 ISF 48CT PODS, 10CT NESPRESSO, 470ML SYRUP"
mom,Fcst Inc Cases is not positive,PFG,NA-PATTISON FOOD GROUP,2026,September,TDHBHC-12/500,HB HOT CHOCOLATE 12/500GR,000JHQ591,Planned,0.0,2026-11-19,2026-11-25,DR 2026 - 2026-08-28 (EXCEXP_TLS_000JHWRH0).xlsx,Rebates,4976,TD BLD WEEK 47 AD 500G HOT CHOCOLATE
mom,Fcst Inc Cases is not positive,PFG,NA-PATTISON FOOD GROUP,2026,September,TDRGSB-6/300,R&G SMALL BAG 6/300GR,000JHQ598,Planned,0.0,2026-11-19,2026-11-25,DR 2026 - 2026-08-28 (EXCEXP_TLS_000JHWRH0).xlsx,Rebates,4978,TD BLD WEEK 47 ISF 300G
mom,Fcst Inc Cases is not positive,PFG,NA-PATTISON FOOD GROUP,2026,September,TDRGLC-6/930,R&G LARGE CAN 6/930GR,000JHQ59O,Planned,0.0,2026-11-19,2026-12-02,DR 2026 - 2026-08-28 (EXCEXP_TLS_000JHWRH0).xlsx,Rebates,4980,TD BLD WEEK 47-48 ISF 825G-875G TINS
mom,Fcst Inc Cases is not positive,PFG,NA-PATTISON FOOD GROUP,2026,September,TDHBHC-12/500,HB HOT CHOCOLATE 12/500GR,000JHQ59V,Planned,0.0,2026-11-26,2026-12-16,DR 2026 - 2026-08-28 (EXCEXP_TLS_000JHWRH0).xlsx,Rebates,4994,TD BLD WEEK 48-50 ISF 500G HOT CHOCOLATE
mom,Promo status outside dashboard methodology,PFG,NA-PATTISON FOOD GROUP,2026,September,TDSSKC-6/12,SS KCOMP 6/12CT,000JHRP8G,Pending,0.0,2026-12-03,2026-12-09,DR 2026 - 2026-08-28 (EXCEXP_TLS_000JHWRH0).xlsx,Rebates,4998,"TD BLD WEEK 49-50 ISF 12CT PODS, 454G FVC, 2LB WB"
mom,Promo status outside dashboard methodology,PFG,NA-PATTISON FOOD GROUP,2026,September,TDRGLB-6/2,R&G LARGE BAG 6/2LB,000JHRP8G,Pending,0.0,2026-12-03,2026-12-09,DR 2026 - 2026-08-28 (EXCEXP_TLS_000JHWRH0).xlsx,Rebates,4999,"TD BLD WEEK 49-50 ISF 12CT PODS, 454G FVC, 2LB WB"
mom,Promo status outside dashboard methodology,PFG,NA-PATTISON FOOD GROUP,2026,September,TDHBCAP-12/343,HB CAPPUCCINO 12/454GR,000JHRP8G,Pending,0.0,2026-12-03,2026-12-09,DR 2026 - 2026-08-28 (EXCEXP_TLS_000JHWRH0).xlsx,Rebates,5000,"TD BLD WEEK 49-50 ISF 12CT PODS, 454G FVC, 2LB WB"
mom,Fcst Inc Cases is not positive,PFG,NA-PATTISON FOOD GROUP,2026,September,TDSIC-12/470,SYRUPS 12/470ML,000JHRP7Z,Planned,0.0,2026-12-03,2026-12-09,DR 2026 - 2026-08-28 (EXCEXP_TLS_000JHWRH0).xlsx,Rebates,5002,"TD BLD WEEK 49 ISF 100G INSTANT, 10CT NESPRESSO, 470ML SYRUP"
mom,Fcst Inc Cases is not positive,PFG,NA-PATTISON FOOD GROUP,2026,September,TDNC-10/10,NCOMP 10/10CT,000JHRP7Z,Planned,0.0,2026-12-03,2026-12-09,DR 2026 - 2026-08-28 (EXCEXP_TLS_000JHWRH0).xlsx,Rebates,5003,"TD BLD WEEK 49 ISF 100G INSTANT, 10CT NESPRESSO, 470ML SYRUP"
mom,Fcst Inc Cases is not positive,PFG,NA-PATTISON FOOD GROUP,2026,September,TDIC-12/100,INSTANT COFFEE 12/100GR,000JHRP7Z,Planned,0.0,2026-12-03,2026-12-09,DR 2026 - 2026-08-28 (EXCEXP_TLS_000JHWRH0).xlsx,Rebates,5004,"TD BLD WEEK 49 ISF 100G INSTANT, 10CT NESPRESSO, 470ML SYRUP"
mom,Fcst Inc Cases is not positive,PFG,NA-PATTISON FOOD GROUP,2026,September,TDSSKC-4/48,SS KCOMP 4/48CT,000JHQ56Y,Planned,0.0,2026-12-17,2026-12-23,DR 2026 - 2026-08-28 (EXCEXP_TLS_000JHWRH0).xlsx,Rebates,5030,"TD BLD WEEK 51 AD 500G HC, 825G-875G TINS, 48CT PODS"
mom,Fcst Inc Cases is not positive,PFG,NA-PATTISON FOOD GROUP,2026,September,TDRGLC-6/930,R&G LARGE CAN 6/930GR,000JHQ56Y,Planned,0.0,2026-12-17,2026-12-23,DR 2026 - 2026-08-28 (EXCEXP_TLS_000JHWRH0).xlsx,Rebates,5031,"TD BLD WEEK 51 AD 500G HC, 825G-875G TINS, 48CT PODS"
mom,Fcst Inc Cases is not positive,PFG,NA-PATTISON FOOD GROUP,2026,September,TDHBHC-12/500,HB HOT CHOCOLATE 12/500GR,000JHQ56Y,Planned,0.0,2026-12-17,2026-12-23,DR 2026 - 2026-08-28 (EXCEXP_TLS_000JHWRH0).xlsx,Rebates,5032,"TD BLD WEEK 51 AD 500G HC, 825G-875G TINS, 48CT PODS"
mom,Fcst Inc Cases is not positive,PFG,NA-PATTISON FOOD GROUP,2026,September,TDSSKC-6/12,SS KCOMP 6/12CT,000IVRKCU,Committed,0.0,2026-12-17,2026-12-23,DR 2026 - 2026-08-28 (EXCEXP_TLS_000JHWRH0).xlsx,Rebates,5034,"TD SOF WK 51 TRIBUTE AD LUMP SUM 300G, 825-875G, 12CT , 30CT"
mom,Fcst Inc Cases is not positive,PFG,NA-PATTISON FOOD GROUP,2026,September,TDSSKC-4/30,SS KCOMP 4/30CT,000IVRKCU,Committed,0.0,2026-12-17,2026-12-23,DR 2026 - 2026-08-28 (EXCEXP_TLS_000JHWRH0).xlsx,Rebates,5035,"TD SOF WK 51 TRIBUTE AD LUMP SUM 300G, 825-875G, 12CT , 30CT"
mom,Fcst Inc Cases is not positive,PFG,NA-PATTISON FOOD GROUP,2026,September,TDSHSP-12/540,SOUPS 12/540ML,000IVRKCU,Committed,0.0,2026-12-17,2026-12-23,DR 2026 - 2026-08-28 (EXCEXP_TLS_000JHWRH0).xlsx,Rebates,5036,"TD SOF WK 51 TRIBUTE AD LUMP SUM 300G, 825-875G, 12CT , 30CT"
mom,Fcst Inc Cases is not positive,PFG,NA-PATTISON FOOD GROUP,2026,September,TDRGSB-6/300,R&G SMALL BAG 6/300GR,000IVRKCU,Committed,0.0,2026-12-17,2026-12-23,DR 2026 - 2026-08-28 (EXCEXP_TLS_000JHWRH0).xlsx,Rebates,5037,"TD SOF WK 51 TRIBUTE AD LUMP SUM 300G, 825-875G, 12CT , 30CT"
mom,Fcst Inc Cases is not positive,PFG,NA-PATTISON FOOD GROUP,2026,September,TDRGLC-6/930,R&G LARGE CAN 6/930GR,000IVRKCU,Committed,0.0,2026-12-17,2026-12-23,DR 2026 - 2026-08-28 (EXCEXP_TLS_000JHWRH0).xlsx,Rebates,5038,"TD SOF WK 51 TRIBUTE AD LUMP SUM 300G, 825-875G, 12CT , 30CT"
mom,Fcst Inc Cases is not positive,PFG,NA-PATTISON FOOD GROUP,2026,September,TDPS-24/473,SAUCES 24/473 ML,000JHQ58N,Planned,0.0,2026-12-17,2026-12-30,DR 2026 - 2026-08-28 (EXCEXP_TLS_000JHWRH0).xlsx,Rebates,5046,TD SOF WEEK 51-52 ISF POPEYE'S DIPPING SAUCES
mom,Fcst Inc Cases is not positive,PFG,NA-PATTISON FOOD GROUP,2026,September,TDSSKC-4/48,SS KCOMP 4/48CT,000JHQ563,Planned,0.0,2026-12-24,2026-12-30,DR 2026 - 2026-08-28 (EXCEXP_TLS_000JHWRH0).xlsx,Rebates,5052,"TD BLD WEEK 52 ISF 500G HC, 825G-875G TINS, 48CT PODS, 30CT"
mom,Fcst Inc Cases is not positive,PFG,NA-PATTISON FOOD GROUP,2026,September,TDSSKC-4/30,SS KCOMP 4/30CT,000JHQ563,Planned,0.0,2026-12-24,2026-12-30,DR 2026 - 2026-08-28 (EXCEXP_TLS_000JHWRH0).xlsx,Rebates,5053,"TD BLD WEEK 52 ISF 500G HC, 825G-875G TINS, 48CT PODS, 30CT"
mom,Fcst Inc Cases is not positive,PFG,NA-PATTISON FOOD GROUP,2026,September,TDRGLC-6/930,R&G LARGE CAN 6/930GR,000JHQ563,Planned,0.0,2026-12-24,2026-12-30,DR 2026 - 2026-08-28 (EXCEXP_TLS_000JHWRH0).xlsx,Rebates,5054,"TD BLD WEEK 52 ISF 500G HC, 825G-875G TINS, 48CT PODS, 30CT"
mom,Fcst Inc Cases is not positive,PFG,NA-PATTISON FOOD GROUP,2026,September,TDHBHC-12/500,HB HOT CHOCOLATE 12/500GR,000JHQ563,Planned,0.0,2026-12-24,2026-12-30,DR 2026 - 2026-08-28 (EXCEXP_TLS_000JHWRH0).xlsx,Rebates,5055,"TD BLD WEEK 52 ISF 500G HC, 825G-875G TINS, 48CT PODS, 30CT"
mom,Fcst Inc Cases is not positive,PFG,NA-PATTISON FOOD GROUP,2026,September,TDHBCAP-12/343,HB CAPPUCCINO 12/454GR,000JHQ57I,Planned,0.0,2026-12-24,2026-12-30,DR 2026 - 2026-08-28 (EXCEXP_TLS_000JHWRH0).xlsx,Rebates,5065,TD BLD WEEK 52 AD 454G FVC
mom,Fcst Inc Cases is not positive,Pipers,NA-PIPERS DEPARTMENT STORES,2026,September,TDSSKC-6/12,SS KCOMP 6/12CT,000ITZ9PR,Committed,0.0,2026-04-23,2026-04-30,DR 2026 - 2026-08-28 (EXCEXP_TLS_000JHWRH0).xlsx,Rebates,5076,TD PIPERS April ISF & WK FLYER LS  12ct / 10ct/300g Bag
mom,Fcst Inc Cases is not positive,Pipers,NA-PIPERS DEPARTMENT STORES,2026,September,TDSSKC-4/30,SS KCOMP 4/30CT,000ITZOK1,Committed,0.0,2026-06-04,2026-06-10,DR 2026 - 2026-08-28 (EXCEXP_TLS_000JHWRH0).xlsx,Rebates,5082,TD PIPERS 4/30 TPR
mom,Fcst Inc Cases is not positive,Pipers,NA-PIPERS DEPARTMENT STORES,2026,September,TDSSKC-6/12,SS KCOMP 6/12CT,000ITZESO,Committed,0.0,2026-09-17,2026-09-23,DR 2026 - 2026-08-28 (EXCEXP_TLS_000JHWRH0).xlsx,Rebates,5088,TD PIPERS September ISF & WK FLYER LS  12ct / 10ct/300g Ba
mom,Fcst Inc Cases is not positive,Pipers,NA-PIPERS DEPARTMENT STORES,2026,September,TDSSKC-4/30,SS KCOMP 4/30CT,000ITZCOG,Planned,0.0,2026-12-03,2026-12-09,DR 2026 - 2026-08-28 (EXCEXP_TLS_000JHWRH0).xlsx,Rebates,5101,TD PIPERS 4/30 - R&G 300g FLYER RPC + Lumpsum
mom,Fcst Inc Cases is not positive,Pratts Wholesale,NA-PRATTS WHSL,2026,September,TDSSKC-48/12,SS KCOMP 48/12CT,000ITZINT,Committed,0.0,2026-01-01,2026-01-25,DR 2026 - 2026-08-28 (EXCEXP_TLS_000JHWRH0).xlsx,Rebates,5107,TD-PRATTS Jan TPR Tins 30ct Soups 12ct  Bags/12ct TAS Wk 1-5
mom,Fcst Inc Cases is not positive,Pratts Wholesale,NA-PRATTS WHSL,2026,September,TDSSKC-48/12,SS KCOMP 48/12CT,000ITYDX6,Committed,0.0,2026-01-01,2026-01-31,DR 2026 - 2026-08-28 (EXCEXP_TLS_000JHWRH0).xlsx,Rebates,5121,"TD - PRATTS Jan Kcup, HC, Granola,display booking"
mom,Fcst Inc Cases is not positive,Pratts Wholesale,NA-PRATTS WHSL,2026,September,TDHBHC-12/500,HB HOT CHOCOLATE 12/500GR,000ITYDX6,Committed,0.0,2026-01-01,2026-01-31,DR 2026 - 2026-08-28 (EXCEXP_TLS_000JHWRH0).xlsx,Rebates,5122,"TD - PRATTS Jan Kcup, HC, Granola,display booking"
mom,Fcst Inc Cases is not positive,Pratts Wholesale,NA-PRATTS WHSL,2026,September,TDGB-12/5/30,GRANOLA BAR 12/5/30GR,000ITYDX6,Committed,0.0,2026-01-01,2026-01-31,DR 2026 - 2026-08-28 (EXCEXP_TLS_000JHWRH0).xlsx,Rebates,5123,"TD - PRATTS Jan Kcup, HC, Granola,display booking"
mom,Fcst Inc Cases is not positive,Pratts Wholesale,NA-PRATTS WHSL,2026,September,TDSSTA-5/14,SS TASSIMO 5/14CT,000ITYE3D,Planned,0.0,2026-11-27,2026-12-26,DR 2026 - 2026-08-28 (EXCEXP_TLS_000JHWRH0).xlsx,Rebates,5271,TD-PRATTS DecTPR Tins 30ct Soups /12ct /Inst /Bags/TAS 49-52
mom,Fcst Inc Cases is not positive,Pratts Wholesale,NA-PRATTS WHSL,2026,September,TDRGLC-6/930,R&G LARGE CAN 6/930GR,000ITZBM9,Planned,0.0,2026-11-29,2026-12-29,DR 2026 - 2026-08-28 (EXCEXP_TLS_000JHWRH0).xlsx,Rebates,5283,TD - PRATTS Fee Fall Booking
mom,Fcst Inc Cases is not positive,Sobeys National,NA-SOBEYS,2026,September,TDL,TDL CAN,000ITISJN,Planned,0.0,2026-07-31,2026-08-14,DR 2026 - 2026-08-28 (EXCEXP_TLS_000JHWRH0).xlsx,Rebates,5285,TD Sobeys 2023 Invalid 600+ days aging write-off
mom,Fcst Inc Cases is not positive,Walmart,NA-WAL-MART,2026,September,TDSSKCC-4/24,SS KCOMP CAP 4/24CT,000IVDNHA,Committed,0.0,2026-01-01,2026-01-31,DR 2026 - 2026-08-28 (EXCEXP_TLS_000JHWRH0).xlsx,Rebates,5287,TD WM 30CT LPI2 EDLP
mom,Fcst Inc Cases is not positive,Walmart,NA-WAL-MART,2026,September,TDSSKC-4/30,SS KCOMP 4/30CT,000IVDNHA,Committed,0.0,2026-01-01,2026-01-31,DR 2026 - 2026-08-28 (EXCEXP_TLS_000JHWRH0).xlsx,Rebates,5288,TD WM 30CT LPI2 EDLP
mom,Fcst Inc Cases is not positive,Walmart,NA-WAL-MART,2026,September,TDRGSB-6/300,R&G SMALL BAG 6/300GR,000J4WDP2,Committed,0.0,2026-02-01,2026-12-31,DR 2026 - 2026-08-28 (EXCEXP_TLS_000JHWRH0).xlsx,Rebates,5294,TD Every Day BDF Baseline Coffee
mom,Fcst Inc Cases is not positive,Walmart,NA-WAL-MART,2026,September,TDRGLC-6/930,R&G LARGE CAN 6/930GR,000J4WDP2,Committed,0.0,2026-02-01,2026-12-31,DR 2026 - 2026-08-28 (EXCEXP_TLS_000JHWRH0).xlsx,Rebates,5295,TD Every Day BDF Baseline Coffee
mom,Fcst Inc Cases is not positive,Walmart,NA-WAL-MART,2026,September,TDRGLB-6/652,R&G LARGE BAG 6/652GR,000J4WDP2,Committed,0.0,2026-02-01,2026-12-31,DR 2026 - 2026-08-28 (EXCEXP_TLS_000JHWRH0).xlsx,Rebates,5296,TD Every Day BDF Baseline Coffee
mom,Fcst Inc Cases is not positive,Walmart,NA-WAL-MART,2026,September,TDRGLB-6/2,R&G LARGE BAG 6/2LB,000J4WDP2,Committed,0.0,2026-02-01,2026-12-31,DR 2026 - 2026-08-28 (EXCEXP_TLS_000JHWRH0).xlsx,Rebates,5297,TD Every Day BDF Baseline Coffee
mom,Fcst Inc Cases is not positive,Walmart,NA-WAL-MART,2026,September,TDSSKCC-4/24,SS KCOMP CAP 4/24CT,000J4WDUW,Committed,0.0,2026-02-01,2026-12-31,DR 2026 - 2026-08-28 (EXCEXP_TLS_000JHWRH0).xlsx,Rebates,5299,TD WM 30CT LPI3 EDLP Base
mom,Fcst Inc Cases is not positive,Walmart,NA-WAL-MART,2026,September,TDSSKC-4/30,SS KCOMP 4/30CT,000J4WDUW,Committed,0.0,2026-02-01,2026-12-31,DR 2026 - 2026-08-28 (EXCEXP_TLS_000JHWRH0).xlsx,Rebates,5300,TD WM 30CT LPI3 EDLP Base
mom,Fcst Inc Cases is not positive,Walmart,NA-WAL-MART,2026,September,TDSHSP-12/540,SOUPS 12/540ML,000IVDMIY,Committed,0.0,2026-02-24,2026-03-24,DR 2026 - 2026-08-28 (EXCEXP_TLS_000JHWRH0).xlsx,Rebates,5308,TD Walmart Soup $2.37 (BDF 0.40/unit)  RUTW
mom,Fcst Inc Cases is not positive,Walmart,NA-WAL-MART,2026,September,TDSSKC-4/30,SS KCOMP 4/30CT,000IVDMGK,Committed,0.0,2026-02-26,2026-03-26,DR 2026 - 2026-08-28 (EXCEXP_TLS_000JHWRH0).xlsx,Rebates,5312,TD WM 30 CT KCUP RUTW
mom,Fcst Inc Cases is not positive,Walmart,NA-WAL-MART,2026,September,TDRGLC-6/930,R&G LARGE CAN 6/930GR,000IVDMJG,Committed,0.0,2026-04-16,2026-05-13,DR 2026 - 2026-08-28 (EXCEXP_TLS_000JHWRH0).xlsx,Rebates,5322,TD WM 930g WM- April
mom,Fcst Inc Cases is not positive,Walmart,NA-WAL-MART,2026,September,TDRGSB-220/300,R&G SMALL BAG 220/300GR,000J0O9FP,Committed,0.0,2026-06-04,2026-07-02,DR 2026 - 2026-08-28 (EXCEXP_TLS_000JHWRH0).xlsx,Rebates,5327,TD WM 300G RG May
mom,Fcst Inc Cases is not positive,Walmart,NA-WAL-MART,2026,September,TDRGLC-6/930,R&G LARGE CAN 6/930GR,000IVDNFE,Committed,0.0,2026-06-18,2026-07-16,DR 2026 - 2026-08-28 (EXCEXP_TLS_000JHWRH0).xlsx,Rebates,5339,TD WM Ground 930G June
mom,Fcst Inc Cases is not positive,Walmart,NA-WAL-MART,2026,September,TDSHSP-576/284,SOUPS 576/284ML,000IVDMLJ,Committed,0.0,2026-06-24,2026-07-22,DR 2026 - 2026-08-28 (EXCEXP_TLS_000JHWRH0).xlsx,Rebates,5341,TD WM CONDENSED SOUP WK 22 - WK 25 ROLLBACK
mom,Fcst Inc Cases is not positive,Walmart,NA-WAL-MART,2026,September,TDSHSP-24/284,SOUPS 24/284ML,000IVDMLJ,Committed,0.0,2026-06-24,2026-07-22,DR 2026 - 2026-08-28 (EXCEXP_TLS_000JHWRH0).xlsx,Rebates,5342,TD WM CONDENSED SOUP WK 22 - WK 25 ROLLBACK
mom,Fcst Inc Cases is not positive,Walmart,NA-WAL-MART,2026,September,TDSSKCC-4/24,SS KCOMP CAP 4/24CT,000JBG9EE,Planned,0.0,2026-08-20,2026-09-17,DR 2026 - 2026-08-28 (EXCEXP_TLS_000JHWRH0).xlsx,Rebates,5347,TD WM 30CT Aug/Sept Promo
mom,Fcst Inc Cases is not positive,Walmart,NA-WAL-MART,2026,September,TDSSKC-6/12,SS KCOMP 6/12CT,000J9B420,Planned,0.0,2026-09-17,2026-10-15,DR 2026 - 2026-08-28 (EXCEXP_TLS_000JHWRH0).xlsx,Rebates,5351,TD WM 12CT Promo with LTO (Pump.SP 7 Iced) Sept/Oct
mom,Fcst Inc Cases is not positive,Walmart,NA-WAL-MART,2026,September,TDSSKC-6/10,SS KCOMP 6/10CT,000J9B420,Planned,0.0,2026-09-17,2026-10-15,DR 2026 - 2026-08-28 (EXCEXP_TLS_000JHWRH0).xlsx,Rebates,5352,TD WM 12CT Promo with LTO (Pump.SP 7 Iced) Sept/Oct
mom,Fcst Inc Cases is not positive,Walmart,NA-WAL-MART,2026,September,TDRGLC-6/930,R&G LARGE CAN 6/930GR,000IVDNEY,Planned,0.0,2026-09-24,2026-10-22,DR 2026 - 2026-08-28 (EXCEXP_TLS_000JHWRH0).xlsx,Rebates,5357,TD WM LGE CAN 930GR - WK25 - WK 26 ($2)
mom,Fcst Inc Cases is not positive,Walmart,NA-WAL-MART,2026,September,TDSHSP-12/540,SOUPS 12/540ML,000IVDMII,Planned,0.0,2026-10-01,2026-11-30,DR 2026 - 2026-08-28 (EXCEXP_TLS_000JHWRH0).xlsx,Rebates,5360,TD Walmart Soup $2.37 (BDF 0.40/unit) WK 37
mom,Fcst Inc Cases is not positive,Walmart,NA-WAL-MART,2026,September,6320923611,TDL CAPPUCCINO FRENCH VANILLA 6/1 KG,000IVDNFQ,Planned,0.0,2026-10-01,2026-10-29,DR 2026 - 2026-08-28 (EXCEXP_TLS_000JHWRH0).xlsx,Rebates,5363,TD WM HC LARGE - WK37-WK40 ($1) NHL
mom,Fcst Inc Cases is not positive,Walmart,NA-WAL-MART,2026,September,TDHBHC-6/1.5,HB HOT CHOCOLATE 6/1.5KG,000IVDNFQ,Planned,0.0,2026-10-01,2026-10-29,DR 2026 - 2026-08-28 (EXCEXP_TLS_000JHWRH0).xlsx,Rebates,5364,TD WM HC LARGE - WK37-WK40 ($1) NHL
mom,Fcst Inc Cases is not positive,Walmart,NA-WAL-MART,2026,September,6320915513,TDL INSTANT MED/DR/DCF 1/2 DRP 288/100GR,000IVDMGA,Planned,0.0,2026-10-01,2026-11-26,DR 2026 - 2026-08-28 (EXCEXP_TLS_000JHWRH0).xlsx,Rebates,5371,TD WM Instant -Oct/Nov Iced W Syrups
mom,Fcst Inc Cases is not positive,Walmart,NA-WAL-MART,2026,September,TDSIC-12/470,SYRUPS 12/470ML,000IVDMGA,Planned,0.0,2026-10-01,2026-11-26,DR 2026 - 2026-08-28 (EXCEXP_TLS_000JHWRH0).xlsx,Rebates,5372,TD WM Instant -Oct/Nov Iced W Syrups
mom,Fcst Inc Cases is not positive,Walmart,NA-WAL-MART,2026,September,TDRGSB-220/300,R&G SMALL BAG 220/300GR,000J0O9FZ,Planned,0.0,2026-10-22,2026-12-17,DR 2026 - 2026-08-28 (EXCEXP_TLS_000JHWRH0).xlsx,Rebates,5378,TD WM 300G RG Aug
mom,Fcst Inc Cases is not positive,Walmart,NA-WAL-MART,2026,September,6320924394,TDL HOT CHOC/FVC 1/2 DRP 150/1 EA,000IVDNIB,Planned,0.0,2026-10-29,2026-11-26,DR 2026 - 2026-08-28 (EXCEXP_TLS_000JHWRH0).xlsx,Rebates,5384,TD WM HC Large WK45-48 ($1) EXT 2026
mom,Fcst Inc Cases is not positive,Walmart,NA-WAL-MART,2026,September,6320923611,TDL CAPPUCCINO FRENCH VANILLA 6/1 KG,000IVDNIB,Planned,0.0,2026-10-29,2026-11-26,DR 2026 - 2026-08-28 (EXCEXP_TLS_000JHWRH0).xlsx,Rebates,5385,TD WM HC Large WK45-48 ($1) EXT 2026
mom,Fcst Inc Cases is not positive,Walmart,NA-WAL-MART,2026,September,TDHBHC-6/1.5,HB HOT CHOCOLATE 6/1.5KG,000IVDNIB,Planned,0.0,2026-10-29,2026-11-26,DR 2026 - 2026-08-28 (EXCEXP_TLS_000JHWRH0).xlsx,Rebates,5386,TD WM HC Large WK45-48 ($1) EXT 2026
mom,Fcst Inc Cases is not positive,Walmart,NA-WAL-MART,2026,September,TDSSKCC-4/24,SS KCOMP CAP 4/24CT,000IVDNGN,Planned,0.0,2026-11-12,2026-12-10,DR 2026 - 2026-08-28 (EXCEXP_TLS_000JHWRH0).xlsx,Rebates,5389,TD WM 30CT WK45-46($2.94)
mom,Fcst Inc Cases is not positive,Walmart,NA-WAL-MART,2026,September,6320920264,TDL CANDY CANE HOT CHOCOLATE 12/450 GR,000IVDNEP,Planned,0.0,2026-11-26,2026-12-24,DR 2026 - 2026-08-28 (EXCEXP_TLS_000JHWRH0).xlsx,Rebates,5395,TD WM W HC 500g (0.41) With CANDY CANE
mom,Fcst Inc Cases is not positive,Walmart,NA-WAL-MART,2026,September,TDSHSP-576/284,SOUPS 576/284ML,000IVDMM2,Planned,0.0,2026-11-26,2026-12-24,DR 2026 - 2026-08-28 (EXCEXP_TLS_000JHWRH0).xlsx,Rebates,5400,TD WM CONDENSED SOUP WK 43 - WK 46 ROLLBACK
mom,Fcst Inc Cases is not positive,Walmart,NA-WAL-MART,2026,September,TDSHSP-24/284,SOUPS 24/284ML,000IVDMM2,Planned,0.0,2026-11-26,2026-12-24,DR 2026 - 2026-08-28 (EXCEXP_TLS_000JHWRH0).xlsx,Rebates,5401,TD WM CONDENSED SOUP WK 43 - WK 46 ROLLBACK
mom,Fcst Inc Cases is not positive,Walmart,NA-WAL-MART,2026,September,TDRGLC-6/930,R&G LARGE CAN 6/930GR,000IVDMI2,Planned,0.0,2026-12-17,2026-12-30,DR 2026 - 2026-08-28 (EXCEXP_TLS_000JHWRH0).xlsx,Rebates,5404,TD WM LGE CAN 930GR - December
mom,Fcst Inc Cases is not positive,Walmart,NA-WAL-MART,2026,September,TDSSKC-6/12,SS KCOMP 6/12CT,000J9B42P,Planned,0.0,2026-12-03,2026-12-31,DR 2026 - 2026-08-28 (EXCEXP_TLS_000JHWRH0).xlsx,Rebates,5407,TD WM 12CT Promo with LTO (Ginger Bread)OCT HALLOW
mom,Fcst Inc Cases is not positive,Walmart,NA-WAL-MART,2026,September,TDSSKC-6/10,SS KCOMP 6/10CT,000J9B42P,Planned,0.0,2026-12-03,2026-12-31,DR 2026 - 2026-08-28 (EXCEXP_TLS_000JHWRH0).xlsx,Rebates,5408,TD WM 12CT Promo with LTO (Ginger Bread)OCT HALLOW
mom,Fcst Inc Cases is not positive,Walmart,NA-WAL-MART,2026,September,TDIC-12/100,INSTANT COFFEE 12/100GR,000JEP7ZL,Planned,0.0,2026-12-01,2026-12-30,DR 2026 - 2026-08-28 (EXCEXP_TLS_000JHWRH0).xlsx,Rebates,5410,TD WM Instant Trade Block Opp Regional Activation
mom,Fcst Inc Cases is not positive,Walmart,NA-WAL-MART,2026,September,TDSSKC-4/30,SS KCOMP 4/30CT,000JGFA6I,Planned,0.0,2026-12-01,2026-12-30,DR 2026 - 2026-08-28 (EXCEXP_TLS_000JHWRH0).xlsx,Rebates,5412,TD WM 30Ct Trade Block Incr Activity
mom,Fcst Inc Cases is not positive,Western Wholesale,NA-WESTERN WHSL,2026,September,TDSSKC-4/30,SS KCOMP 4/30CT,000ITZ9K4,Committed,0.0,2026-03-05,2026-03-11,DR 2026 - 2026-08-28 (EXCEXP_TLS_000JHWRH0).xlsx,Rebates,5426,TD WW Kcups 30ct Flyer - RUTW Feature
mom,Fcst Inc Cases is not positive,Western Wholesale,NA-WESTERN WHSL,2026,September,TDSSKC-6/12,SS KCOMP 6/12CT,000ITZR0L,Committed,0.0,2026-03-12,2026-03-18,DR 2026 - 2026-08-28 (EXCEXP_TLS_000JHWRH0).xlsx,Rebates,5431,TD WW  KCUPS 6/12CT 10CT / 300g - RUTW Feature
mom,Fcst Inc Cases is not positive,Western Wholesale,NA-WESTERN WHSL,2026,September,TDSSKC-6/12,SS KCOMP 6/12CT,000ITZPJO,Closed,0.0,2026-04-16,2026-05-07,DR 2026 - 2026-08-28 (EXCEXP_TLS_000JHWRH0).xlsx,Rebates,5448,TD Colemans 2026 Community Champions Program Apr-May - SS
mom,Fcst Inc Cases is not positive,Western Wholesale,NA-WESTERN WHSL,2026,September,TDSSKC-6/12,SS KCOMP 6/12CT,000ITZFUY,Committed,0.0,2026-05-21,2026-05-27,DR 2026 - 2026-08-28 (EXCEXP_TLS_000JHWRH0).xlsx,Rebates,5451,"TD WW CHILI, SOUP, KCUPS 6/12CT 10CT, 300g RPC"
mom,Fcst Inc Cases is not positive,Western Wholesale,NA-WESTERN WHSL,2026,September,TDSSKC-4/30,SS KCOMP 4/30CT,000ITZ3KE,Committed,0.0,2026-09-03,2026-09-09,DR 2026 - 2026-08-28 (EXCEXP_TLS_000JHWRH0).xlsx,Rebates,5477,"TD WW Half Page Ad Tins 875-825g/12ct,10ct/30ct"
mom,Fcst Inc Cases is not positive,Western Wholesale,NA-WESTERN WHSL,2026,September,TDSSKC-4/30,SS KCOMP 4/30CT,000ITZ4S0,Planned,0.0,2026-12-10,2026-12-16,DR 2026 - 2026-08-28 (EXCEXP_TLS_000JHWRH0).xlsx,Rebates,5523,"TD WW K Comp 4/30ct , Ad Fee"
mom,Fcst Inc Cases is not positive,Sobeys Quebec,BT-SOBEYS QC MONTREAL,2026,October,TDL,TDL CAN,000JIM4BO,Committed,0.0,2026-02-09,2026-02-09,DR 2026 - 2026-10-02 (EXCEXP_TLS_000JJKSJR).xlsx,Rebates,7,TD*Unrecoverable  $54.31 6/12CT 2026
mom,Fcst Inc Cases is not positive,,BT-SOBEYS WEST,2026,October,TDSHHB-12/425,HOT BOWLS 12/425GR,000JI5IRX,Closed,0.0,2026-03-02,2026-03-02,DR 2026 - 2026-10-02 (EXCEXP_TLS_000JJKSJR).xlsx,Rebates,9,TD Missed OI - Pricing Discrepancy Chili
mom,Fcst Inc Cases is not positive,Costco,CG-COSTCO EAST,2026,October,6320908885,TDL ORIGINAL BLEND 252/3 LB,000ITPJOP,Closed,0.0,2026-01-01,2026-08-27,DR 2026 - 2026-10-02 (EXCEXP_TLS_000JJKSJR).xlsx,Rebates,11,TD Costco East Pulsed 3LB Can Endcap-see notes for contracts
mom,Fcst Inc Cases is not positive,Costco,CG-COSTCO WEST,2026,October,6320908885,TDL ORIGINAL BLEND 252/3 LB,000ITPJO2,Closed,0.0,2026-01-01,2026-08-27,DR 2026 - 2026-10-02 (EXCEXP_TLS_000JJKSJR).xlsx,Rebates,13,TD Costco West Pulsed 3LB Can Endcap-see notes for contracts
mom,Fcst Inc Cases is not positive,Loblaw,CG-LCL,2026,October,TDSHSP-12/540,SOUPS 12/540ML,000JI9WIS,Committed,0.0,2026-09-08,2026-10-10,DR 2026 - 2026-10-02 (EXCEXP_TLS_000JJKSJR).xlsx,Rebates,15,TD LCL MRKT RTS + LOADED SOUP EDBB Q3 Wks 29-41
mom,Fcst Inc Cases is not positive,Loblaw,CG-LCL,2026,October,TDSHLS-12/540,LOADED SOUPS 12/540ML,000JI9WIS,Committed,0.0,2026-09-08,2026-10-10,DR 2026 - 2026-10-02 (EXCEXP_TLS_000JJKSJR).xlsx,Rebates,16,TD LCL MRKT RTS + LOADED SOUP EDBB Q3 Wks 29-41
mom,Fcst Inc Cases is not positive,Loblaw,CG-LCL,2026,October,TDSHSP-12/540,SOUPS 12/540ML,000JI9WJV,Committed,0.0,2026-09-08,2026-10-10,DR 2026 - 2026-10-02 (EXCEXP_TLS_000JJKSJR).xlsx,Rebates,18,TD LCL RCSS RTS + LOADED SOUP EDBB Wks 29-41
mom,Fcst Inc Cases is not positive,Loblaw,CG-LCL,2026,October,TDSHLS-12/540,LOADED SOUPS 12/540ML,000JI9WJV,Committed,0.0,2026-09-08,2026-10-10,DR 2026 - 2026-10-02 (EXCEXP_TLS_000JJKSJR).xlsx,Rebates,19,TD LCL RCSS RTS + LOADED SOUP EDBB Wks 29-41
mom,Fcst Inc Cases is not positive,Loblaw,CG-LCL,2026,October,TDSHSP-12/540,SOUPS 12/540ML,000JISOTF,Planned,0.0,2026-09-21,2026-12-31,DR 2026 - 2026-10-02 (EXCEXP_TLS_000JJKSJR).xlsx,Rebates,21,TD LCL DISCOUNT RTS EDBB Wks 39-53
mom,Fcst Inc Cases is not positive,Loblaw,CG-LCL,2026,October,6320920264,TDL CANDY CANE HOT CHOCOLATE 12/450 GR,000IVXC2X,Committed,0.0,2026-11-05,2026-12-02,DR 2026 - 2026-10-02 (EXCEXP_TLS_000JJKSJR).xlsx,Rebates,24,TD RCSS WK 45-48 HB- BigBrand
mom,Fcst Inc Cases is not positive,Loblaw,CG-LCL,2026,October,TDHB,HOT BEVERAGE,000IVXC2X,Committed,0.0,2026-11-05,2026-12-02,DR 2026 - 2026-10-02 (EXCEXP_TLS_000JJKSJR).xlsx,Rebates,25,TD RCSS WK 45-48 HB- BigBrand
mom,Fcst Inc Cases is not positive,Loblaw,CG-LCL,2026,October,TDHBHC-12/500,HB HOT CHOCOLATE 12/500GR,000IVXC2X,Committed,0.0,2026-11-05,2026-12-02,DR 2026 - 2026-10-02 (EXCEXP_TLS_000JJKSJR).xlsx,Rebates,26,TD RCSS WK 45-48 HB- BigBrand
mom,Fcst Inc Cases is not positive,Loblaw,CG-LCL,2026,October,6320923582,TDL ITALIAN WEDDING 12/540 ML,000IUB0ZR,Planned,0.0,2026-11-05,2026-12-09,DR 2026 - 2026-10-02 (EXCEXP_TLS_000JJKSJR).xlsx,Rebates,28,TD RCSS + RASS/DOM WK 45-48 SOUP - BigBrand
mom,Fcst Inc Cases is not positive,Loblaw,CG-LCL,2026,October,6320912804,TDL CREAM OF BROCCOLI 12/540 ML,000IUB0ZR,Planned,0.0,2026-11-05,2026-12-09,DR 2026 - 2026-10-02 (EXCEXP_TLS_000JJKSJR).xlsx,Rebates,29,TD RCSS + RASS/DOM WK 45-48 SOUP - BigBrand
mom,Fcst Inc Cases is not positive,Loblaw,CG-LCL,2026,October,6320912805,TDL CHICKEN NOODLE 12/540 ML,000IUB0ZR,Planned,0.0,2026-11-05,2026-12-09,DR 2026 - 2026-10-02 (EXCEXP_TLS_000JJKSJR).xlsx,Rebates,31,TD RCSS + RASS/DOM WK 45-48 SOUP - BigBrand
mom,Fcst Inc Cases is not positive,Loblaw,CG-LCL,2026,October,TDSHSP-12/540,SOUPS 12/540ML,000IUB0ZR,Planned,0.0,2026-11-05,2026-12-09,DR 2026 - 2026-10-02 (EXCEXP_TLS_000JJKSJR).xlsx,Rebates,32,TD RCSS + RASS/DOM WK 45-48 SOUP - BigBrand
mom,Fcst Inc Cases is not positive,SDM,CG-SDM,2026,October,TDSSKC-6/10,SS KCOMP 6/10CT,000IOS347,Committed,0.0,2026-02-28,2026-03-06,DR 2026 - 2026-10-02 (EXCEXP_TLS_000JJKSJR).xlsx,Rebates,98,TD SDM WK 9 Kcups 10/12ct ISF
mom,Fcst Inc Cases is not positive,SDM,CG-SDM,2026,October,TDSSKC-6/10,SS KCOMP 6/10CT,000IYNUSU,Committed,0.0,2026-03-14,2026-03-20,DR 2026 - 2026-10-02 (EXCEXP_TLS_000JJKSJR).xlsx,Rebates,112,TD SDM WK 11 Kcups 10/12ct ISF
mom,Fcst Inc Cases is not positive,SDM,CG-SDM,2026,October,TDSSKC-6/10,SS KCOMP 6/10CT,000J0SSEL,Committed,0.0,2026-03-28,2026-04-03,DR 2026 - 2026-10-02 (EXCEXP_TLS_000JJKSJR).xlsx,Rebates,126,TD SDM WK 13 Kcups 10/12ct ISF
mom,Fcst Inc Cases is not positive,SDM,CG-SDM,2026,October,TDSSKC-6/10,SS KCOMP 6/10CT,000J6O4SW,Committed,0.0,2026-05-23,2026-05-29,DR 2026 - 2026-10-02 (EXCEXP_TLS_000JJKSJR).xlsx,Rebates,171,TD SDM Wk 21 Kcups 10/12Ct ISF
mom,Fcst Inc Cases is not positive,SDM,CG-SDM,2026,October,TDSSKC-6/10,SS KCOMP 6/10CT,000J7O6OG,Committed,0.0,2026-06-06,2026-06-12,DR 2026 - 2026-10-02 (EXCEXP_TLS_000JJKSJR).xlsx,Rebates,185,TD SDM Wk 23 Kcups 10/12Ct ISF
mom,Fcst Inc Cases is not positive,SDM,CG-SDM,2026,October,TDSSKC-6/10,SS KCOMP 6/10CT,000J9FJYU,Committed,0.0,2026-06-20,2026-06-26,DR 2026 - 2026-10-02 (EXCEXP_TLS_000JJKSJR).xlsx,Rebates,192,TD SDM Wk 25 Kcups 10/12Ct ISF
mom,Fcst Inc Cases is not positive,SDM,CG-SDM,2026,October,TDSSKC-6/10,SS KCOMP 6/10CT,000JB0EIE,Committed,0.0,2026-07-04,2026-07-10,DR 2026 - 2026-10-02 (EXCEXP_TLS_000JJKSJR).xlsx,Rebates,203,TD SDM Wk 27 Kcups 10/12Ct ISF
mom,Fcst Inc Cases is not positive,SDM,CG-SDM,2026,October,TDSSKC-6/10,SS KCOMP 6/10CT,000JCHLH4,Committed,0.0,2026-07-18,2026-07-24,DR 2026 - 2026-10-02 (EXCEXP_TLS_000JJKSJR).xlsx,Rebates,210,TD SDM Wk 27 Kcups 10/12Ct ISF
mom,Fcst Inc Cases is not positive,SDM,CG-SDM,2026,October,TDSHSP-12/540,SOUPS 12/540ML,000JIS3LR,Planned,0.0,2026-09-21,2026-12-31,DR 2026 - 2026-10-02 (EXCEXP_TLS_000JJKSJR).xlsx,Rebates,224,TD SDM RTS + LOADED SOUP EDBB Wks 39-53
mom,Fcst Inc Cases is not positive,SDM,CG-SDM,2026,October,TDSHLS-12/540,LOADED SOUPS 12/540ML,000JIS3LR,Planned,0.0,2026-09-21,2026-12-31,DR 2026 - 2026-10-02 (EXCEXP_TLS_000JJKSJR).xlsx,Rebates,225,TD SDM RTS + LOADED SOUP EDBB Wks 39-53
mom,Fcst Inc Cases is not positive,Sobeys Quebec,CG-SOBEY'S QUEBEC,2026,October,TDSHSP-24/284,SOUPS 24/284ML,000IQ3QUT,Closed,0.0,2026-01-01,2026-01-28,DR 2026 - 2026-10-02 (EXCEXP_TLS_000JJKSJR).xlsx,Rebates,256,TD IGA AD  Jan 22-28  Soups 284ml
mom,Fcst Inc Cases is not positive,Sobeys Quebec,CG-SOBEY'S QUEBEC,2026,October,TDL,TDL CAN,000ITIX4J,Closed,0.0,2026-02-05,2026-02-11,DR 2026 - 2026-10-02 (EXCEXP_TLS_000JJKSJR).xlsx,Rebates,280,TD IGA  Flap Up Beverage AD 5 to 11 feb   HC Event Breakfast
mom,Fcst Inc Cases is not positive,Sobeys Quebec,CG-SOBEY'S QUEBEC,2026,October,6320912133,TDL ORG/DR KCUP DISPLAY 48/12 CT,000ITIV0R,Closed,0.0,2026-02-19,2026-02-25,DR 2026 - 2026-10-02 (EXCEXP_TLS_000JJKSJR).xlsx,Rebates,310,TD IGA AD & Booking Feb 19-25   300g Bags-Buying show price
mom,Fcst Inc Cases is not positive,Sobeys Quebec,CG-SOBEY'S QUEBEC,2026,October,TDL,TDL CAN,000J34387,Closed,0.0,2026-02-19,2026-04-08,DR 2026 - 2026-10-02 (EXCEXP_TLS_000JJKSJR).xlsx,Rebates,324,TD IGA Side Panel for Promo Feb 19-April 8
mom,Fcst Inc Cases is not positive,Sobeys Quebec,CG-SOBEY'S QUEBEC,2026,October,TDL,TDL CAN,000J5H5H4,Closed,0.0,2026-03-19,2026-03-25,DR 2026 - 2026-10-02 (EXCEXP_TLS_000JJKSJR).xlsx,Rebates,334,TD IGA AD  Mar 19-25  Scene points (price increase Agreement
mom,Fcst Inc Cases is not positive,Sobeys Quebec,CG-SOBEY'S QUEBEC,2026,October,TDL,TDL CAN,000J7SVIL,Closed,0.0,2026-04-09,2026-05-13,DR 2026 - 2026-10-02 (EXCEXP_TLS_000JJKSJR).xlsx,Rebates,368,TD IGA Side Panel for Promo April 9- May 13 Kcup 12
mom,Fcst Inc Cases is not positive,Sobeys Quebec,CG-SOBEY'S QUEBEC,2026,October,TDL,TDL CAN,000J5H5HE,Committed,0.0,2026-04-16,2026-04-22,DR 2026 - 2026-10-02 (EXCEXP_TLS_000JJKSJR).xlsx,Rebates,379,TD IGA AD  April 16-22 Scene points(price increase Agreement
mom,Fcst Inc Cases is not positive,Sobeys Quebec,CG-SOBEY'S QUEBEC,2026,October,TDL,TDL CAN,000ITIUBV,Closed,0.0,2026-05-01,2026-05-30,DR 2026 - 2026-10-02 (EXCEXP_TLS_000JJKSJR).xlsx,Rebates,400,TD SBYQ  Flap Up Beverage AD MAP WE March 5
mom,Fcst Inc Cases is not positive,Sobeys Quebec,CG-SOBEY'S QUEBEC,2026,October,TDL,TDL CAN,000ITIY69,Closed,0.0,2026-05-14,2026-07-08,DR 2026 - 2026-10-02 (EXCEXP_TLS_000JJKSJR).xlsx,Rebates,429,TD IGA Side Panel  2026 Promo May 14-July 8 300g  Org $29K
mom,Fcst Inc Cases is not positive,Sobeys Quebec,CG-SOBEY'S QUEBEC,2026,October,TDSSKC-6/10,SS KCOMP 6/10CT,000J8X0UQ,Committed,0.0,2026-06-04,2026-06-10,DR 2026 - 2026-10-02 (EXCEXP_TLS_000JJKSJR).xlsx,Rebates,464,TD Bonichoix BP June 4-10   12ct
mom,Fcst Inc Cases is not positive,Sobeys Quebec,CG-SOBEY'S QUEBEC,2026,October,TDL,TDL CAN,000ITIV2V,Committed,0.0,2026-07-09,2026-07-15,DR 2026 - 2026-10-02 (EXCEXP_TLS_000JJKSJR).xlsx,Rebates,521,TD IGA AD July 9-15  HC 10ct 12ct - Scene Points (price incr
mom,Fcst Inc Cases is not positive,Sobeys Quebec,CG-SOBEY'S QUEBEC,2026,October,TDSHSP-24/284,SOUPS 24/284ML,000ITIW24,Committed,0.0,2026-07-09,2026-08-26,DR 2026 - 2026-10-02 (EXCEXP_TLS_000JJKSJR).xlsx,Rebates,533,TD IGA EDLP July 9-Aug 26   Hot Bowls
mom,Fcst Inc Cases is not positive,Sobeys Quebec,CG-SOBEY'S QUEBEC,2026,October,TDL,TDL CAN,000ITISDH,Committed,0.0,2026-07-23,2026-07-29,DR 2026 - 2026-10-02 (EXCEXP_TLS_000JJKSJR).xlsx,Rebates,550,TD IGA AD  July 23-29  300gr Bags ( Scene points price incre
mom,Fcst Inc Cases is not positive,Sobeys Quebec,CG-SOBEY'S QUEBEC,2026,October,6320923343,TDL KCUP PUMPKIN SPICE SS 6/12 CT,000ITISJZ,Committed,0.0,2026-08-20,2026-08-26,DR 2026 - 2026-10-02 (EXCEXP_TLS_000JJKSJR).xlsx,Rebates,592,TD IGA AD & Booking  Aug 20-26   HC-10ct 12ct
mom,Fcst Inc Cases is not positive,Sobeys Quebec,CG-SOBEY'S QUEBEC,2026,October,TDL,TDL CAN,000IW11HO,Committed,0.0,2026-11-19,2026-11-25,DR 2026 - 2026-10-02 (EXCEXP_TLS_000JJKSJR).xlsx,Rebates,733,TD IGA  AD Nov 19-25   30ct Plus 100 Scene points per unit
mom,Fcst Inc Cases is not positive,Sobeys ROC,CG-SOBEY'S ROC,2026,October,TDRGSB-6/300,R&G SMALL BAG 6/300GR,000ISEXVR,Committed,0.0,2026-01-01,2026-01-14,DR 2026 - 2026-10-02 (EXCEXP_TLS_000JJKSJR).xlsx,Rebates,822,TD Freshco TH 300gm + Nespresso + FVC instore - PART 2
mom,Fcst Inc Cases is not positive,Sobeys ROC,CG-SOBEY'S ROC,2026,October,TDHBHC-36/500,HB HOT CHOCOLATE 36/500GR,000ISEXVR,Committed,0.0,2026-01-01,2026-01-14,DR 2026 - 2026-10-02 (EXCEXP_TLS_000JJKSJR).xlsx,Rebates,824,TD Freshco TH 300gm + Nespresso + FVC instore - PART 2
mom,Fcst Inc Cases is not positive,Sobeys ROC,CG-SOBEY'S ROC,2026,October,TDHBHC-12/500,HB HOT CHOCOLATE 12/500GR,000ISEXVR,Committed,0.0,2026-01-01,2026-01-14,DR 2026 - 2026-10-02 (EXCEXP_TLS_000JJKSJR).xlsx,Rebates,825,TD Freshco TH 300gm + Nespresso + FVC instore - PART 2
mom,Fcst Inc Cases is not positive,Sobeys ROC,CG-SOBEY'S ROC,2026,October,TDHBHC-12/450,HB HOT CHOCOLATE 12/450GR,000ISEXVR,Committed,0.0,2026-01-01,2026-01-14,DR 2026 - 2026-10-02 (EXCEXP_TLS_000JJKSJR).xlsx,Rebates,826,TD Freshco TH 300gm + Nespresso + FVC instore - PART 2
mom,Fcst Inc Cases is not positive,Sobeys ROC,CG-SOBEY'S ROC,2026,October,TDHBCAP-12/343,HB CAPPUCCINO 12/454GR,000ISEXVR,Committed,0.0,2026-01-01,2026-01-14,DR 2026 - 2026-10-02 (EXCEXP_TLS_000JJKSJR).xlsx,Rebates,827,TD Freshco TH 300gm + Nespresso + FVC instore - PART 2
mom,Fcst Inc Cases is not positive,Sobeys ROC,CG-SOBEY'S ROC,2026,October,TDRGSB-6/300,R&G SMALL BAG 6/300GR,000ISEW8Z,Committed,0.0,2026-01-01,2026-01-14,DR 2026 - 2026-10-02 (EXCEXP_TLS_000JJKSJR).xlsx,Rebates,835,TD Freshco NOV EVENT part 2
mom,Fcst Inc Cases is not positive,Sobeys ROC,CG-SOBEY'S ROC,2026,October,TDRGLB-6/652,R&G LARGE BAG 6/652GR,000HMCXGV,Committed,0.0,2026-01-01,2026-02-11,DR 2026 - 2026-10-02 (EXCEXP_TLS_000JJKSJR).xlsx,Rebates,847,TD Sobeys C8F25 Roast & Ground - Part 2
mom,Fcst Inc Cases is not positive,Sobeys ROC,CG-SOBEY'S ROC,2026,October,TDHBHC-36/500,HB HOT CHOCOLATE 36/500GR,000ISF2ZB,Committed,0.0,2026-01-15,2026-03-11,DR 2026 - 2026-10-02 (EXCEXP_TLS_000JJKSJR).xlsx,Rebates,855,TD Freshco Hot Chocolate
mom,Fcst Inc Cases is not positive,Sobeys ROC,CG-SOBEY'S ROC,2026,October,6320909463,TDL COFFEE FINE GRIND HALF DRP 126/930GR,000ISEWBL,Committed,0.0,2026-01-01,2026-12-31,DR 2026 - 2026-10-02 (EXCEXP_TLS_000JJKSJR).xlsx,Rebates,866,TD Sobeys ROC On-going DISPLAY ALLOWANCE
mom,Fcst Inc Cases is not positive,Sobeys ROC,CG-SOBEY'S ROC,2026,October,TDSSKC-48/12,SS KCOMP 48/12CT,000ISEWBL,Committed,0.0,2026-01-01,2026-12-31,DR 2026 - 2026-10-02 (EXCEXP_TLS_000JJKSJR).xlsx,Rebates,867,TD Sobeys ROC On-going DISPLAY ALLOWANCE
mom,Fcst Inc Cases is not positive,Sobeys ROC,CG-SOBEY'S ROC,2026,October,TDSSKC-16/30,SS KCOMP 16/30CT,000ISEWBL,Committed,0.0,2026-01-01,2026-12-31,DR 2026 - 2026-10-02 (EXCEXP_TLS_000JJKSJR).xlsx,Rebates,868,TD Sobeys ROC On-going DISPLAY ALLOWANCE
mom,Fcst Inc Cases is not positive,Sobeys ROC,CG-SOBEY'S ROC,2026,October,TDSSKC-145/30,SS KCOMP 145/30CT,000ISEWBL,Committed,0.0,2026-01-01,2026-12-31,DR 2026 - 2026-10-02 (EXCEXP_TLS_000JJKSJR).xlsx,Rebates,869,TD Sobeys ROC On-going DISPLAY ALLOWANCE
mom,Fcst Inc Cases is not positive,Sobeys ROC,CG-SOBEY'S ROC,2026,October,TDSHSP-192/540,SOUPS 192/540ML,000ISEWBL,Committed,0.0,2026-01-01,2026-12-31,DR 2026 - 2026-10-02 (EXCEXP_TLS_000JJKSJR).xlsx,Rebates,870,TD Sobeys ROC On-going DISPLAY ALLOWANCE
mom,Fcst Inc Cases is not positive,Sobeys ROC,CG-SOBEY'S ROC,2026,October,TDRGSB-48/300,R&G SMALL BAG 48/300GR,000ISEWBL,Committed,0.0,2026-01-01,2026-12-31,DR 2026 - 2026-10-02 (EXCEXP_TLS_000JJKSJR).xlsx,Rebates,871,TD Sobeys ROC On-going DISPLAY ALLOWANCE
mom,Fcst Inc Cases is not positive,Sobeys ROC,CG-SOBEY'S ROC,2026,October,TDRGLC-126/930,R&G LARGE CAN 126/930GR,000ISEWBL,Committed,0.0,2026-01-01,2026-12-31,DR 2026 - 2026-10-02 (EXCEXP_TLS_000JJKSJR).xlsx,Rebates,872,TD Sobeys ROC On-going DISPLAY ALLOWANCE
mom,Fcst Inc Cases is not positive,Sobeys ROC,CG-SOBEY'S ROC,2026,October,TDRGLC-126/930,R&G LARGE CAN 126/930GR,000ISEWBL,Committed,0.0,2026-01-01,2026-12-31,DR 2026 - 2026-10-02 (EXCEXP_TLS_000JJKSJR).xlsx,Rebates,873,TD Sobeys ROC On-going DISPLAY ALLOWANCE
mom,Fcst Inc Cases is not positive,Sobeys ROC,CG-SOBEY'S ROC,2026,October,TDNC-32/10,NCOMP 32/10CT,000ISEWBL,Committed,0.0,2026-01-01,2026-12-31,DR 2026 - 2026-10-02 (EXCEXP_TLS_000JJKSJR).xlsx,Rebates,874,TD Sobeys ROC On-going DISPLAY ALLOWANCE
mom,Fcst Inc Cases is not positive,Sobeys ROC,CG-SOBEY'S ROC,2026,October,TDIC-60/100,INSTANT COFFEE 60/100GR,000ISEWBL,Committed,0.0,2026-01-01,2026-12-31,DR 2026 - 2026-10-02 (EXCEXP_TLS_000JJKSJR).xlsx,Rebates,875,TD Sobeys ROC On-going DISPLAY ALLOWANCE
mom,Fcst Inc Cases is not positive,Sobeys ROC,CG-SOBEY'S ROC,2026,October,TDIC-36/100,INSTANT COFFEE 36/100GR,000ISEWBL,Committed,0.0,2026-01-01,2026-12-31,DR 2026 - 2026-10-02 (EXCEXP_TLS_000JJKSJR).xlsx,Rebates,876,TD Sobeys ROC On-going DISPLAY ALLOWANCE
mom,Fcst Inc Cases is not positive,Sobeys ROC,CG-SOBEY'S ROC,2026,October,TDIC-288/100,INSTANT COFFEE 288/100GR,000ISEWBL,Committed,0.0,2026-01-01,2026-12-31,DR 2026 - 2026-10-02 (EXCEXP_TLS_000JJKSJR).xlsx,Rebates,877,TD Sobeys ROC On-going DISPLAY ALLOWANCE
mom,Fcst Inc Cases is not positive,Sobeys ROC,CG-SOBEY'S ROC,2026,October,TDHBMX-48/10,HB MIX DISPLAYER 48/10EA,000ISEWBL,Committed,0.0,2026-01-01,2026-12-31,DR 2026 - 2026-10-02 (EXCEXP_TLS_000JJKSJR).xlsx,Rebates,878,TD Sobeys ROC On-going DISPLAY ALLOWANCE
mom,Fcst Inc Cases is not positive,Sobeys ROC,CG-SOBEY'S ROC,2026,October,TDHBMX-36/1,HB MIX DISPLAYER 36/1EA,000ISEWBL,Committed,0.0,2026-01-01,2026-12-31,DR 2026 - 2026-10-02 (EXCEXP_TLS_000JJKSJR).xlsx,Rebates,879,TD Sobeys ROC On-going DISPLAY ALLOWANCE
mom,Fcst Inc Cases is not positive,Sobeys ROC,CG-SOBEY'S ROC,2026,October,TDHBHC-36/500,HB HOT CHOCOLATE 36/500GR,000ISEWBL,Committed,0.0,2026-01-01,2026-12-31,DR 2026 - 2026-10-02 (EXCEXP_TLS_000JJKSJR).xlsx,Rebates,880,TD Sobeys ROC On-going DISPLAY ALLOWANCE
mom,Fcst Inc Cases is not positive,Sobeys ROC,CG-SOBEY'S ROC,2026,October,TDSSKC-6/12,SS KCOMP 6/12CT,000ISF5RE,Committed,0.0,2026-01-22,2026-01-28,DR 2026 - 2026-10-02 (EXCEXP_TLS_000JJKSJR).xlsx,Rebates,884,TD Wholesale P2 12ct & 300g Bags
mom,Fcst Inc Cases is not positive,Sobeys ROC,CG-SOBEY'S ROC,2026,October,TDRGSB-6/300,R&G SMALL BAG 6/300GR,000ISF5RE,Committed,0.0,2026-01-22,2026-01-28,DR 2026 - 2026-10-02 (EXCEXP_TLS_000JJKSJR).xlsx,Rebates,886,TD Wholesale P2 12ct & 300g Bags
mom,Fcst Inc Cases is not positive,Sobeys ROC,CG-SOBEY'S ROC,2026,October,TDDCR-6/750,CREAMER 6/750ML,000ISEYZX,Committed,0.0,2026-01-29,2026-02-04,DR 2026 - 2026-10-02 (EXCEXP_TLS_000JJKSJR).xlsx,Rebates,888,TD Wholesale  Creamers 750ml
mom,Fcst Inc Cases is not positive,Sobeys ROC,CG-SOBEY'S ROC,2026,October,TDSHSP-24/284,SOUPS 24/284ML,000ISF05N,Committed,0.0,2026-01-29,2026-02-04,DR 2026 - 2026-10-02 (EXCEXP_TLS_000JJKSJR).xlsx,Rebates,890,TD Sobeys C8 F26 Condensed Ad - Community
mom,Fcst Inc Cases is not positive,Sobeys ROC,CG-SOBEY'S ROC,2026,October,TDRGSB-6/300,R&G SMALL BAG 6/300GR,000ISEZHL,Committed,0.0,2026-02-12,2026-02-18,DR 2026 - 2026-10-02 (EXCEXP_TLS_000JJKSJR).xlsx,Rebates,892,TD Wholesale 300g Bags
mom,Fcst Inc Cases is not positive,Sobeys ROC,CG-SOBEY'S ROC,2026,October,TDSHSP-12/540,SOUPS 12/540ML,000ISF1WF,Committed,0.0,2026-02-12,2026-03-18,DR 2026 - 2026-10-02 (EXCEXP_TLS_000JJKSJR).xlsx,Rebates,896,TD Wholesale Soup & Chili
mom,Fcst Inc Cases is not positive,Sobeys ROC,CG-SOBEY'S ROC,2026,October,TDSHHB-12/425,HOT BOWLS 12/425GR,000ISF1WF,Committed,0.0,2026-02-12,2026-03-18,DR 2026 - 2026-10-02 (EXCEXP_TLS_000JJKSJR).xlsx,Rebates,897,TD Wholesale Soup & Chili
mom,Fcst Inc Cases is not positive,Sobeys ROC,CG-SOBEY'S ROC,2026,October,TDDCR-6/750,CREAMER 6/750ML,000ISEU2S,Committed,0.0,2026-02-12,2026-03-18,DR 2026 - 2026-10-02 (EXCEXP_TLS_000JJKSJR).xlsx,Rebates,905,TD Wholesale TH Creamers 750ml
mom,Fcst Inc Cases is not positive,Sobeys ROC,CG-SOBEY'S ROC,2026,October,TDHBHC-3/20,HB HOT CHOCOLATE 3/20CT,000ISF5U5,Committed,0.0,2026-02-12,2026-03-18,DR 2026 - 2026-10-02 (EXCEXP_TLS_000JJKSJR).xlsx,Rebates,914,TD Sobeys C9F25 Hot Beverage
mom,Fcst Inc Cases is not positive,Sobeys ROC,CG-SOBEY'S ROC,2026,October,TDNC-32/10,NCOMP 32/10CT,000ISF32H,Committed,0.0,2026-02-12,2026-03-18,DR 2026 - 2026-10-02 (EXCEXP_TLS_000JJKSJR).xlsx,Rebates,932,TD Sobeys C9F25 Instant Nespresso Tea + AD
mom,Fcst Inc Cases is not positive,Sobeys ROC,CG-SOBEY'S ROC,2026,October,TDIC-6/300,INSTANT COFFEE 6/300GR,000ISF32H,Committed,0.0,2026-02-12,2026-03-18,DR 2026 - 2026-10-02 (EXCEXP_TLS_000JJKSJR).xlsx,Rebates,935,TD Sobeys C9F25 Instant Nespresso Tea + AD
mom,Fcst Inc Cases is not positive,Sobeys ROC,CG-SOBEY'S ROC,2026,October,TDIC-36/100,INSTANT COFFEE 36/100GR,000ISF32H,Committed,0.0,2026-02-12,2026-03-18,DR 2026 - 2026-10-02 (EXCEXP_TLS_000JJKSJR).xlsx,Rebates,937,TD Sobeys C9F25 Instant Nespresso Tea + AD
mom,Fcst Inc Cases is not positive,Sobeys ROC,CG-SOBEY'S ROC,2026,October,TDTB-6/20,TEA BAG 6/20CT,000ISF30R,Committed,0.0,2026-02-12,2026-03-18,DR 2026 - 2026-10-02 (EXCEXP_TLS_000JJKSJR).xlsx,Rebates,941,TD Sobeys C9F25 Single Serve
mom,Fcst Inc Cases is not positive,Sobeys ROC,CG-SOBEY'S ROC,2026,October,6320918750,TDL ORG KCUP DISPLAY 16/30 CT,000ISF30R,Committed,0.0,2026-02-12,2026-03-18,DR 2026 - 2026-10-02 (EXCEXP_TLS_000JJKSJR).xlsx,Rebates,943,TD Sobeys C9F25 Single Serve
mom,Fcst Inc Cases is not positive,Sobeys ROC,CG-SOBEY'S ROC,2026,October,TDL,TDL CAN,000J3T3HP,Committed,0.0,2026-02-19,2026-03-25,DR 2026 - 2026-10-02 (EXCEXP_TLS_000JJKSJR).xlsx,Rebates,951,TD Sobeys C9F25 Regular Ad Fee Lumpsum
mom,Fcst Inc Cases is not positive,Sobeys ROC,CG-SOBEY'S ROC,2026,October,TDL,TDL CAN,000J3T3HK,Committed,0.0,2026-02-19,2026-03-25,DR 2026 - 2026-10-02 (EXCEXP_TLS_000JJKSJR).xlsx,Rebates,953,TD Sobeys C9F25 Gold Tribute Coffee Lumpsum
mom,Fcst Inc Cases is not positive,Sobeys ROC,CG-SOBEY'S ROC,2026,October,TDRGSB-6/300,R&G SMALL BAG 6/300GR,000ISF5SL,Committed,0.0,2026-02-26,2026-03-04,DR 2026 - 2026-10-02 (EXCEXP_TLS_000JJKSJR).xlsx,Rebates,955,TD Freshco Feb-March 300gm
mom,Fcst Inc Cases is not positive,Sobeys ROC,CG-SOBEY'S ROC,2026,October,TDSSKCC-4/24,SS KCOMP CAP 4/24CT,000ISF6T2,Committed,0.0,2026-03-05,2026-03-11,DR 2026 - 2026-10-02 (EXCEXP_TLS_000JJKSJR).xlsx,Rebates,957,TD Wholesale P4 LG Tin & 30ct
mom,Fcst Inc Cases is not positive,Sobeys ROC,CG-SOBEY'S ROC,2026,October,TDRGLB-6/2,R&G LARGE BAG 6/2LB,000ISF6T2,Committed,0.0,2026-03-05,2026-03-11,DR 2026 - 2026-10-02 (EXCEXP_TLS_000JJKSJR).xlsx,Rebates,960,TD Wholesale P4 LG Tin & 30ct
mom,Fcst Inc Cases is not positive,Sobeys ROC,CG-SOBEY'S ROC,2026,October,6320913827,TDL CN/COB/CR SOUP 1/2 DRP 192/540 ML,000ISF061,Committed,0.0,2026-03-19,2026-03-25,DR 2026 - 2026-10-02 (EXCEXP_TLS_000JJKSJR).xlsx,Rebates,964,TD Sobeys C9F25 Soup
mom,Fcst Inc Cases is not positive,Sobeys ROC,CG-SOBEY'S ROC,2026,October,TDSHSP-192/540,SOUPS 192/540ML,000ISF061,Committed,0.0,2026-03-19,2026-03-25,DR 2026 - 2026-10-02 (EXCEXP_TLS_000JJKSJR).xlsx,Rebates,965,TD Sobeys C9F25 Soup
mom,Fcst Inc Cases is not positive,Sobeys ROC,CG-SOBEY'S ROC,2026,October,TDSHSP-12/540,SOUPS 12/540ML,000ISF061,Committed,0.0,2026-03-19,2026-03-25,DR 2026 - 2026-10-02 (EXCEXP_TLS_000JJKSJR).xlsx,Rebates,966,TD Sobeys C9F25 Soup
mom,Fcst Inc Cases is not positive,Sobeys ROC,CG-SOBEY'S ROC,2026,October,TDSHSP-12/540,SOUPS 12/540ML,000ISF061,Committed,0.0,2026-03-19,2026-03-25,DR 2026 - 2026-10-02 (EXCEXP_TLS_000JJKSJR).xlsx,Rebates,967,TD Sobeys C9F25 Soup
mom,Fcst Inc Cases is not positive,Sobeys ROC,CG-SOBEY'S ROC,2026,October,TDSHSP-12/400,SOUPS 12/400ML,000ISF061,Committed,0.0,2026-03-19,2026-03-25,DR 2026 - 2026-10-02 (EXCEXP_TLS_000JJKSJR).xlsx,Rebates,968,TD Sobeys C9F25 Soup
mom,Fcst Inc Cases is not positive,Sobeys ROC,CG-SOBEY'S ROC,2026,October,TDSSTA-5/14,SS TASSIMO 5/14CT,000J3437D,Committed,0.0,2026-03-19,2026-03-25,DR 2026 - 2026-10-02 (EXCEXP_TLS_000JJKSJR).xlsx,Rebates,970,TD Sobeys C10F25 Tassimo 14ct
mom,Fcst Inc Cases is not positive,Sobeys ROC,CG-SOBEY'S ROC,2026,October,TDHBMX-4/24,HB MIX 4/24EA,000ISF4XW,Committed,0.0,2026-03-19,2026-04-29,DR 2026 - 2026-10-02 (EXCEXP_TLS_000JJKSJR).xlsx,Rebates,973,TD Sobeys C10F25 Hot Beverage
mom,Fcst Inc Cases is not positive,Sobeys ROC,CG-SOBEY'S ROC,2026,October,TDHBCAP-12/343,HB CAPPUCCINO 12/454GR,000ISF4XW,Committed,0.0,2026-03-19,2026-04-29,DR 2026 - 2026-10-02 (EXCEXP_TLS_000JJKSJR).xlsx,Rebates,976,TD Sobeys C10F25 Hot Beverage
mom,Fcst Inc Cases is not positive,Sobeys ROC,CG-SOBEY'S ROC,2026,October,TDSSKCC-4/24,SS KCOMP CAP 4/24CT,000ISF1XK,Committed,0.0,2026-03-19,2026-04-29,DR 2026 - 2026-10-02 (EXCEXP_TLS_000JJKSJR).xlsx,Rebates,979,TD Wholesale 930g LG Tin/30ct
mom,Fcst Inc Cases is not positive,Sobeys ROC,CG-SOBEY'S ROC,2026,October,TDRGSB-48/300,R&G SMALL BAG 48/300GR,000IYJI10,Committed,0.0,2026-03-19,2026-04-29,DR 2026 - 2026-10-02 (EXCEXP_TLS_000JJKSJR).xlsx,Rebates,985,TD Freshco R&G 300 G
mom,Fcst Inc Cases is not positive,Sobeys ROC,CG-SOBEY'S ROC,2026,October,TDSSKC-1/30,SS KCOMP 1/30CT,000J6XSFG,Planned,0.0,2026-03-19,2026-04-29,DR 2026 - 2026-10-02 (EXCEXP_TLS_000JJKSJR).xlsx,Rebates,995,TD Sobeys C10F25 LUMPSUM AD FEES (placeholder)
mom,Fcst Inc Cases is not positive,Sobeys ROC,CG-SOBEY'S ROC,2026,October,TDDCR-6/750,CREAMER 6/750ML,000ISEWDK,Committed,0.0,2026-04-09,2026-04-15,DR 2026 - 2026-10-02 (EXCEXP_TLS_000JJKSJR).xlsx,Rebates,999,TD Wholesale Creamers 750ml
mom,Fcst Inc Cases is not positive,Sobeys ROC,CG-SOBEY'S ROC,2026,October,TDSHSP-24/284,SOUPS 24/284ML,000IVV5Z3,Committed,0.0,2026-04-09,2026-04-15,DR 2026 - 2026-10-02 (EXCEXP_TLS_000JJKSJR).xlsx,Rebates,1001,TD Sobeys C10F25 Condensed Promo 1WK W/S 04-09
mom,Fcst Inc Cases is not positive,Sobeys ROC,CG-SOBEY'S ROC,2026,October,TDSSKC-6/12,SS KCOMP 6/12CT,000ISF1UD,Committed,0.0,2026-04-09,2026-04-15,DR 2026 - 2026-10-02 (EXCEXP_TLS_000JJKSJR).xlsx,Rebates,1004,TD Freshco TH Lg Tins & SS 1 week
mom,Fcst Inc Cases is not positive,Sobeys ROC,CG-SOBEY'S ROC,2026,October,TDSSKC-6/10,SS KCOMP 6/10CT,000ISF1UD,Committed,0.0,2026-04-09,2026-04-15,DR 2026 - 2026-10-02 (EXCEXP_TLS_000JJKSJR).xlsx,Rebates,1005,TD Freshco TH Lg Tins & SS 1 week
mom,Fcst Inc Cases is not positive,Sobeys ROC,CG-SOBEY'S ROC,2026,October,TDRGSB-6/300,R&G SMALL BAG 6/300GR,000ISEWAT,Committed,0.0,2026-05-21,2026-05-27,DR 2026 - 2026-10-02 (EXCEXP_TLS_000JJKSJR).xlsx,Rebates,1008,TD Wholesale 300g Bags
mom,Fcst Inc Cases is not positive,Sobeys ROC,CG-SOBEY'S ROC,2026,October,TDDCR-6/750,CREAMER 6/750ML,000ISF3UR,Committed,0.0,2026-04-30,2026-06-03,DR 2026 - 2026-10-02 (EXCEXP_TLS_000JJKSJR).xlsx,Rebates,1022,TD Wholesale TH Creamers 750ml
mom,Fcst Inc Cases is not positive,Sobeys ROC,CG-SOBEY'S ROC,2026,October,TDSSKC-6/12,SS KCOMP 6/12CT,000ISEXXD,Committed,0.0,2026-04-30,2026-07-01,DR 2026 - 2026-10-02 (EXCEXP_TLS_000JJKSJR).xlsx,Rebates,1036,TD Wholesale P5 Kcup 12ct
mom,Fcst Inc Cases is not positive,Sobeys ROC,CG-SOBEY'S ROC,2026,October,TDSSKC-6/10,SS KCOMP 6/10CT,000ISEXXD,Committed,0.0,2026-04-30,2026-07-01,DR 2026 - 2026-10-02 (EXCEXP_TLS_000JJKSJR).xlsx,Rebates,1038,TD Wholesale P5 Kcup 12ct
mom,Fcst Inc Cases is not positive,Sobeys ROC,CG-SOBEY'S ROC,2026,October,TDSSKC-6/10,SS KCOMP 6/10CT,000ISEXXD,Committed,0.0,2026-04-30,2026-07-01,DR 2026 - 2026-10-02 (EXCEXP_TLS_000JJKSJR).xlsx,Rebates,1039,TD Wholesale P5 Kcup 12ct
mom,Fcst Inc Cases is not positive,Sobeys ROC,CG-SOBEY'S ROC,2026,October,TDRGSB-6/300,R&G SMALL BAG 6/300GR,000JCNH7A,Committed,0.0,2026-05-01,2026-05-06,DR 2026 - 2026-10-02 (EXCEXP_TLS_000JJKSJR).xlsx,Rebates,1041,TD Sobeys ROC R&G 300GR LUMP SUM AD
mom,Fcst Inc Cases is not positive,Sobeys ROC,CG-SOBEY'S ROC,2026,October,TDSIC-12/470,SYRUPS 12/470ML,000J8X954,Committed,0.0,2026-05-14,2026-05-20,DR 2026 - 2026-10-02 (EXCEXP_TLS_000JJKSJR).xlsx,Rebates,1045,TD Sobeys C2F26 Syrups 1WK
mom,Fcst Inc Cases is not positive,Sobeys ROC,CG-SOBEY'S ROC,2026,October,TDRDIC-6/142,ICED COFFEE 6/1.42L,000J8X94W,Committed,0.0,2026-05-14,2026-05-27,DR 2026 - 2026-10-02 (EXCEXP_TLS_000JJKSJR).xlsx,Rebates,1047,TD Sobeys C2F26 RTD 1.42L
mom,Fcst Inc Cases is not positive,Sobeys ROC,CG-SOBEY'S ROC,2026,October,TDSIC-12/470,SYRUPS 12/470ML,000J8P2OQ,Committed,0.0,2026-05-20,2026-05-27,DR 2026 - 2026-10-02 (EXCEXP_TLS_000JJKSJR).xlsx,Rebates,1049,TD Sobeys C2F26 RTD & Syrups LS Tribute
mom,Fcst Inc Cases is not positive,Sobeys ROC,CG-SOBEY'S ROC,2026,October,TDRDIC-6/142,ICED COFFEE 6/1.42L,000J8P2OQ,Committed,0.0,2026-05-20,2026-05-27,DR 2026 - 2026-10-02 (EXCEXP_TLS_000JJKSJR).xlsx,Rebates,1050,TD Sobeys C2F26 RTD & Syrups LS Tribute
mom,Fcst Inc Cases is not positive,Sobeys ROC,CG-SOBEY'S ROC,2026,October,6320923230,TDL ICED COFFEE VANILLA EXTRACT 6/1.42 L,000J95ZLW,Committed,0.0,2026-05-28,2026-06-03,DR 2026 - 2026-10-02 (EXCEXP_TLS_000JJKSJR).xlsx,Rebates,1052,TD Freshco RTD 1.42L
mom,Fcst Inc Cases is not positive,Sobeys ROC,CG-SOBEY'S ROC,2026,October,6320923231,TDL ICED COFFEE CARAMEL EXTRACT 6/1.42 L,000J95ZLW,Committed,0.0,2026-05-28,2026-06-03,DR 2026 - 2026-10-02 (EXCEXP_TLS_000JJKSJR).xlsx,Rebates,1053,TD Freshco RTD 1.42L
mom,Fcst Inc Cases is not positive,Sobeys ROC,CG-SOBEY'S ROC,2026,October,6320923208,TDL ICED COFFEE BLACK EXTRACT 6/1.42 L,000J95ZLW,Committed,0.0,2026-05-28,2026-06-03,DR 2026 - 2026-10-02 (EXCEXP_TLS_000JJKSJR).xlsx,Rebates,1054,TD Freshco RTD 1.42L
mom,Fcst Inc Cases is not positive,Sobeys ROC,CG-SOBEY'S ROC,2026,October,TDSSKC-4/48,SS KCOMP 4/48CT,000JD91WK,Committed,0.0,2026-05-22,2026-05-29,DR 2026 - 2026-10-02 (EXCEXP_TLS_000JJKSJR).xlsx,Rebates,1056,TD Sobeys C2F26 lump sum ad 48ct
mom,Fcst Inc Cases is not positive,Sobeys ROC,CG-SOBEY'S ROC,2026,October,TDSIC-12/470,SYRUPS 12/470ML,000J6XSGC,Committed,0.0,2026-06-04,2026-06-10,DR 2026 - 2026-10-02 (EXCEXP_TLS_000JJKSJR).xlsx,Rebates,1059,TD Sobeys C2F26 Syrups 12/470ml
mom,Fcst Inc Cases is not positive,Sobeys ROC,CG-SOBEY'S ROC,2026,October,TDSSKC-6/10,SS KCOMP 6/10CT,000ISF1Z0,Committed,0.0,2026-06-04,2026-06-10,DR 2026 - 2026-10-02 (EXCEXP_TLS_000JJKSJR).xlsx,Rebates,1062,TD Freshco 300gr & SS 1 WK
mom,Fcst Inc Cases is not positive,Sobeys ROC,CG-SOBEY'S ROC,2026,October,TDIC-12/100,INSTANT COFFEE 12/100GR,000ISF5T5,Committed,0.0,2026-06-04,2026-07-08,DR 2026 - 2026-10-02 (EXCEXP_TLS_000JJKSJR).xlsx,Rebates,1067,TD Wholesale 30ct & instant 100gr
mom,Fcst Inc Cases is not positive,Sobeys ROC,CG-SOBEY'S ROC,2026,October,TDRGSC-6/640,R&G SMALL CAN 6/640GR,000ISEZ2N,Committed,0.0,2026-06-04,2026-07-08,DR 2026 - 2026-10-02 (EXCEXP_TLS_000JJKSJR).xlsx,Rebates,1071,TD Sobeys C2F26 Roast & Ground
mom,Fcst Inc Cases is not positive,Sobeys ROC,CG-SOBEY'S ROC,2026,October,TDRGSB-6/300,R&G SMALL BAG 6/300GR,000ISEZ2N,Committed,0.0,2026-06-04,2026-07-08,DR 2026 - 2026-10-02 (EXCEXP_TLS_000JJKSJR).xlsx,Rebates,1073,TD Sobeys C2F26 Roast & Ground
mom,Fcst Inc Cases is not positive,Sobeys ROC,CG-SOBEY'S ROC,2026,October,TDSSKC-1/30,SS KCOMP 1/30CT,000J6XSFN,Committed,0.0,2026-06-04,2026-07-08,DR 2026 - 2026-10-02 (EXCEXP_TLS_000JJKSJR).xlsx,Rebates,1077,TD Sobeys C2F26 GOLD PACKAGE
mom,Fcst Inc Cases is not positive,Sobeys ROC,CG-SOBEY'S ROC,2026,October,6320909463,TDL COFFEE FINE GRIND HALF DRP 126/930GR,000ISEVI4,Committed,0.0,2026-06-04,2026-07-08,DR 2026 - 2026-10-02 (EXCEXP_TLS_000JJKSJR).xlsx,Rebates,1080,"TD Sobeys C2F26 Instant, Nespr, Tassimo, 30ct & 300GR"
mom,Fcst Inc Cases is not positive,Sobeys ROC,CG-SOBEY'S ROC,2026,October,TDSSKC-4/30,SS KCOMP 4/30CT,000ISEVI4,Committed,0.0,2026-06-04,2026-07-08,DR 2026 - 2026-10-02 (EXCEXP_TLS_000JJKSJR).xlsx,Rebates,1084,"TD Sobeys C2F26 Instant, Nespr, Tassimo, 30ct & 300GR"
mom,Fcst Inc Cases is not positive,Sobeys ROC,CG-SOBEY'S ROC,2026,October,TDSSKC-4/30,SS KCOMP 4/30CT,000ISEVI4,Committed,0.0,2026-06-04,2026-07-08,DR 2026 - 2026-10-02 (EXCEXP_TLS_000JJKSJR).xlsx,Rebates,1085,"TD Sobeys C2F26 Instant, Nespr, Tassimo, 30ct & 300GR"
mom,Fcst Inc Cases is not positive,Sobeys ROC,CG-SOBEY'S ROC,2026,October,TDNC-10/10,NCOMP 10/10CT,000ISEVI4,Committed,0.0,2026-06-04,2026-07-08,DR 2026 - 2026-10-02 (EXCEXP_TLS_000JJKSJR).xlsx,Rebates,1087,"TD Sobeys C2F26 Instant, Nespr, Tassimo, 30ct & 300GR"
mom,Fcst Inc Cases is not positive,Sobeys ROC,CG-SOBEY'S ROC,2026,October,TDIC-6/300,INSTANT COFFEE 6/300GR,000ISEVI4,Committed,0.0,2026-06-04,2026-07-08,DR 2026 - 2026-10-02 (EXCEXP_TLS_000JJKSJR).xlsx,Rebates,1089,"TD Sobeys C2F26 Instant, Nespr, Tassimo, 30ct & 300GR"
mom,Fcst Inc Cases is not positive,Sobeys ROC,CG-SOBEY'S ROC,2026,October,6320923706,TDL COFFEE FINE GRIND 1/2 DRP 126/875 GR,000ISF6PO,Committed,0.0,2026-06-18,2026-08-12,DR 2026 - 2026-10-02 (EXCEXP_TLS_000JJKSJR).xlsx,Rebates,1092,TD Freshco TH 30ct/Lg Tins Summer Promo
mom,Fcst Inc Cases is not positive,Sobeys ROC,CG-SOBEY'S ROC,2026,October,TDSSKC-4/30,SS KCOMP 4/30CT,000ISF6PO,Committed,0.0,2026-06-18,2026-08-12,DR 2026 - 2026-10-02 (EXCEXP_TLS_000JJKSJR).xlsx,Rebates,1093,TD Freshco TH 30ct/Lg Tins Summer Promo
mom,Fcst Inc Cases is not positive,Sobeys ROC,CG-SOBEY'S ROC,2026,October,TDRDIC-6/142,ICED COFFEE 6/1.42L,000JC34FT,Committed,0.0,2026-06-11,2026-06-17,DR 2026 - 2026-10-02 (EXCEXP_TLS_000JJKSJR).xlsx,Rebates,1099,TD Sobeys C2F26 RTD 1.42L 1WK
mom,Fcst Inc Cases is not positive,Sobeys ROC,CG-SOBEY'S ROC,2026,October,TDRDIC-6/142,ICED COFFEE 6/1.42L,000JC2VDG,Committed,0.0,2026-06-18,2026-06-24,DR 2026 - 2026-10-02 (EXCEXP_TLS_000JJKSJR).xlsx,Rebates,1101,TD Sobeys C2F26 RTD 1.42L 1WK
mom,Fcst Inc Cases is not positive,Sobeys ROC,CG-SOBEY'S ROC,2026,October,TDSSKC-4/48,SS KCOMP 4/48CT,000J6XSG3,Committed,0.0,2026-06-18,2026-06-24,DR 2026 - 2026-10-02 (EXCEXP_TLS_000JJKSJR).xlsx,Rebates,1106,TD Sobeys C2F26 Single Serve 48CT
mom,Fcst Inc Cases is not positive,Sobeys ROC,CG-SOBEY'S ROC,2026,October,TDSIC-12/470,SYRUPS 12/470ML,000JCWSXF,Committed,0.0,2026-06-25,2026-07-01,DR 2026 - 2026-10-02 (EXCEXP_TLS_000JJKSJR).xlsx,Rebates,1109,TD Sobeys C3F26 Syrups 1WK
mom,Fcst Inc Cases is not positive,Sobeys ROC,CG-SOBEY'S ROC,2026,October,TDDCR-6/750,CREAMER 6/750ML,000ISF77L,Committed,0.0,2026-06-25,2026-07-01,DR 2026 - 2026-10-02 (EXCEXP_TLS_000JJKSJR).xlsx,Rebates,1111,TD Wholesale TH Creamers 750ml
mom,Fcst Inc Cases is not positive,Sobeys ROC,CG-SOBEY'S ROC,2026,October,TDRDIC-6/142,ICED COFFEE 6/1.42L,000JC2VD6,Committed,0.0,2026-07-02,2026-07-15,DR 2026 - 2026-10-02 (EXCEXP_TLS_000JJKSJR).xlsx,Rebates,1115,TD Sobeys C2F26 RTD 1.42L
mom,Fcst Inc Cases is not positive,Sobeys ROC,CG-SOBEY'S ROC,2026,October,TDL,TDL CAN,000J6XSFY,Committed,0.0,2026-07-09,2026-08-12,DR 2026 - 2026-10-02 (EXCEXP_TLS_000JJKSJR).xlsx,Rebates,1126,TD Sobeys C3F26 SILVER PACKAGE 75k IN LIEU OF 2025 LT CRC
mom,Fcst Inc Cases is not positive,Sobeys ROC,CG-SOBEY'S ROC,2026,October,TDTB-9/20,TEA BAG 9/20CT,000ISEVKS,Committed,0.0,2026-07-09,2026-08-12,DR 2026 - 2026-10-02 (EXCEXP_TLS_000JJKSJR).xlsx,Rebates,1130,TD Sobeys C3F26 Tea & Instant 100gr
mom,Fcst Inc Cases is not positive,Sobeys ROC,CG-SOBEY'S ROC,2026,October,TDIC-36/100,INSTANT COFFEE 36/100GR,000ISEVKS,Committed,0.0,2026-07-09,2026-08-12,DR 2026 - 2026-10-02 (EXCEXP_TLS_000JJKSJR).xlsx,Rebates,1133,TD Sobeys C3F26 Tea & Instant 100gr
mom,Fcst Inc Cases is not positive,Sobeys ROC,CG-SOBEY'S ROC,2026,October,TDL,TDL CAN,000JE6AHT,Committed,0.0,2026-07-09,2026-08-12,DR 2026 - 2026-10-02 (EXCEXP_TLS_000JJKSJR).xlsx,Rebates,1140,TD Sobeys C3F26 SILVER PACKAGE 60K IN LIEU OF 2025 LT CRC
mom,Fcst Inc Cases is not positive,Sobeys ROC,CG-SOBEY'S ROC,2026,October,TDRDIC-6/142,ICED COFFEE 6/1.42L,000JCZA1X,Committed,0.0,2026-07-09,2026-08-12,DR 2026 - 2026-10-02 (EXCEXP_TLS_000JJKSJR).xlsx,Rebates,1148,TD Sobeys C3F26 RTD 1.42L SILVER PACKAGE  75K
mom,Fcst Inc Cases is not positive,Sobeys ROC,CG-SOBEY'S ROC,2026,October,TDL,TDL CAN,000J732EE,Planned,0.0,2026-07-09,2026-08-12,DR 2026 - 2026-10-02 (EXCEXP_TLS_000JJKSJR).xlsx,Rebates,1159,TD Sobeys C3F26 TRIBUTE AD FEES
mom,Fcst Inc Cases is not positive,Sobeys ROC,CG-SOBEY'S ROC,2026,October,TDDCR-6/750,CREAMER 6/750ML,000ISEWD1,Committed,0.0,2026-07-30,2026-08-05,DR 2026 - 2026-10-02 (EXCEXP_TLS_000JJKSJR).xlsx,Rebates,1163,TD Wholesale TH Creamers 750ml
mom,Fcst Inc Cases is not positive,Sobeys ROC,CG-SOBEY'S ROC,2026,October,6320923704,TDL DARK ROAST CAN 6/825 GR,000JDDCMZ,Committed,0.0,2026-07-30,2026-08-05,DR 2026 - 2026-10-02 (EXCEXP_TLS_000JJKSJR).xlsx,Rebates,1167,TD Sobeys C3F26 Single Serve 30CT
mom,Fcst Inc Cases is not positive,Sobeys ROC,CG-SOBEY'S ROC,2026,October,6320923703,TDL COFFEE FINE GRIND CAN 6/875 GR,000JDDCMZ,Committed,0.0,2026-07-30,2026-08-05,DR 2026 - 2026-10-02 (EXCEXP_TLS_000JJKSJR).xlsx,Rebates,1168,TD Sobeys C3F26 Single Serve 30CT
mom,Fcst Inc Cases is not positive,Sobeys ROC,CG-SOBEY'S ROC,2026,October,TDL,TDL CAN,000ISF5SB,Planned,0.0,2026-08-01,2026-08-31,DR 2026 - 2026-10-02 (EXCEXP_TLS_000JJKSJR).xlsx,Rebates,1177,TD Sob National Golf
mom,Fcst Inc Cases is not positive,Sobeys ROC,CG-SOBEY'S ROC,2026,October,TDSSKC-4/48,SS KCOMP 4/48CT,000JE6AHB,Committed,0.0,2026-08-05,2026-08-12,DR 2026 - 2026-10-02 (EXCEXP_TLS_000JJKSJR).xlsx,Rebates,1179,TD Sobeys C3F26 K-cup 48CT LS AD FEES 15k IN LIEU OF 2025 LT
mom,Fcst Inc Cases is not positive,Sobeys ROC,CG-SOBEY'S ROC,2026,October,TDRGSB-6/300,R&G SMALL BAG 6/300GR,000J6XSFS,Committed,0.0,2026-08-13,2026-09-16,DR 2026 - 2026-10-02 (EXCEXP_TLS_000JJKSJR).xlsx,Rebates,1181,TD Sobeys C4F26 LS AD FEES 75k IN LIEU OF 2025 LT CRC
mom,Fcst Inc Cases is not positive,Sobeys ROC,CG-SOBEY'S ROC,2026,October,TDHBHC-36/500,HB HOT CHOCOLATE 36/500GR,000ISEX9E,Committed,0.0,2026-08-13,2026-09-16,DR 2026 - 2026-10-02 (EXCEXP_TLS_000JJKSJR).xlsx,Rebates,1194,TD Sobeys C4F26 Hot Beverage
mom,Fcst Inc Cases is not positive,Sobeys ROC,CG-SOBEY'S ROC,2026,October,TDNC-32/10,NCOMP 32/10CT,000ISF52K,Committed,0.0,2026-08-13,2026-09-16,DR 2026 - 2026-10-02 (EXCEXP_TLS_000JJKSJR).xlsx,Rebates,1199,TD Sobeys C4F26 Nespresso & Tassimo
mom,Fcst Inc Cases is not positive,Sobeys ROC,CG-SOBEY'S ROC,2026,October,TDRDIC-6/142,ICED COFFEE 6/1.42L,000JC7FTF,Committed,0.0,2026-08-13,2026-09-30,DR 2026 - 2026-10-02 (EXCEXP_TLS_000JJKSJR).xlsx,Rebates,1220,TD Freshco C4F26 RTD display 70k
mom,Fcst Inc Cases is not positive,Sobeys ROC,CG-SOBEY'S ROC,2026,October,TDL,TDL CAN,000ISF1WA,Planned,0.0,2026-08-07,2026-08-07,DR 2026 - 2026-10-02 (EXCEXP_TLS_000JJKSJR).xlsx,Rebates,1230,TD FRESHCO Golf Tournament
mom,Fcst Inc Cases is not positive,Sobeys ROC,CG-SOBEY'S ROC,2026,October,TDSSKC-6/12,SS KCOMP 6/12CT,000ISF6SX,Committed,0.0,2026-08-13,2026-09-30,DR 2026 - 2026-10-02 (EXCEXP_TLS_000JJKSJR).xlsx,Rebates,1238,TD Freshco TH Back School Event Lumpsum
mom,Fcst Inc Cases is not positive,Sobeys ROC,CG-SOBEY'S ROC,2026,October,TDDCR-6/750,CREAMER 6/750ML,000ISF77S,Committed,0.0,2026-08-27,2026-09-02,DR 2026 - 2026-10-02 (EXCEXP_TLS_000JJKSJR).xlsx,Rebates,1240,TD Wholesale TH Creamers 750ml
mom,Fcst Inc Cases is not positive,Sobeys ROC,CG-SOBEY'S ROC,2026,October,TDSSKC-1/30,SS KCOMP 1/30CT,000ISF3V2,Committed,0.0,2026-08-27,2026-09-02,DR 2026 - 2026-10-02 (EXCEXP_TLS_000JJKSJR).xlsx,Rebates,1244,TD Wholesale P9 30ct
mom,Fcst Inc Cases is not positive,Sobeys ROC,CG-SOBEY'S ROC,2026,October,TDTB-9/20,TEA BAG 9/20CT,000ISF6OS,Committed,0.0,2026-08-27,2026-09-02,DR 2026 - 2026-10-02 (EXCEXP_TLS_000JJKSJR).xlsx,Rebates,1246,TD Sobeys C4F26 Tea & Instant 100gr
mom,Fcst Inc Cases is not positive,Sobeys ROC,CG-SOBEY'S ROC,2026,October,TDSSKC-4/48,SS KCOMP 4/48CT,000JE6AHM,Committed,0.0,2026-09-09,2026-09-16,DR 2026 - 2026-10-02 (EXCEXP_TLS_000JJKSJR).xlsx,Rebates,1265,TD Sobeys C4F26 K-cup 48CT LS AD FEES 15k IN LIEU OF 2025 LT
mom,Fcst Inc Cases is not positive,Sobeys ROC,CG-SOBEY'S ROC,2026,October,TDDCR-6/750,CREAMER 6/750ML,000ISF780,Committed,0.0,2026-09-17,2026-10-21,DR 2026 - 2026-10-02 (EXCEXP_TLS_000JJKSJR).xlsx,Rebates,1272,TD Wholesale TH Creamers 750ml
mom,Fcst Inc Cases is not positive,Sobeys ROC,CG-SOBEY'S ROC,2026,October,TDIC-12/100,INSTANT COFFEE 12/100GR,000ISF1ZS,Committed,0.0,2026-09-17,2026-10-21,DR 2026 - 2026-10-02 (EXCEXP_TLS_000JJKSJR).xlsx,Rebates,1274,TD Wholesale  instant Jars 100g
mom,Promo status outside dashboard methodology,Sobeys ROC,CG-SOBEY'S ROC,2026,October,TDRGSB-6/300,R&G SMALL BAG 6/300GR,000JJ3LYK,Pending,0.0,2026-09-23,2026-10-21,DR 2026 - 2026-10-02 (EXCEXP_TLS_000JJKSJR).xlsx,Rebates,1305,TD Sobeys C5F26 Silver Package
mom,Fcst Inc Cases is not positive,Sobeys ROC,CG-SOBEY'S ROC,2026,October,6320923397,*TDL PKS/CMT/ORG KCUP DISPLAY 48/12CT,000ISF3XB,Planned,0.0,2026-09-25,2026-09-25,DR 2026 - 2026-10-02 (EXCEXP_TLS_000JJKSJR).xlsx,Rebates,1313,TD Sobeys C6 Clearout Funding BOI Displays
mom,Fcst Inc Cases is not positive,Sobeys ROC,CG-SOBEY'S ROC,2026,October,TDSHSP-192/540,SOUPS 192/540ML,000ISEZDJ,Planned,0.0,2026-10-14,2026-10-21,DR 2026 - 2026-10-02 (EXCEXP_TLS_000JJKSJR).xlsx,Rebates,1318,TD Sobeys C5F26 540ml BPG
mom,Fcst Inc Cases is not positive,Sobeys ROC,CG-SOBEY'S ROC,2026,October,TDSHHB-12/425,HOT BOWLS 12/425GR,000ISEZDJ,Planned,0.0,2026-10-14,2026-10-21,DR 2026 - 2026-10-02 (EXCEXP_TLS_000JJKSJR).xlsx,Rebates,1320,TD Sobeys C5F26 540ml BPG
mom,Promo status outside dashboard methodology,Sobeys ROC,CG-SOBEY'S ROC,2026,October,TDRGSB-6/300,R&G SMALL BAG 6/300GR,000JIJRUL,Pending,845.0,2026-10-22,2026-11-25,DR 2026 - 2026-10-02 (EXCEXP_TLS_000JJKSJR).xlsx,Rebates,1326,TD Sobeys C6F26 Roast & Ground 300gr
mom,Promo status outside dashboard methodology,Sobeys ROC,CG-SOBEY'S ROC,2026,October,TDRGSB-48/300,R&G SMALL BAG 48/300GR,000JIJRUL,Pending,0.0,2026-10-22,2026-11-25,DR 2026 - 2026-10-02 (EXCEXP_TLS_000JJKSJR).xlsx,Rebates,1327,TD Sobeys C6F26 Roast & Ground 300gr
mom,Promo status outside dashboard methodology,Sobeys ROC,CG-SOBEY'S ROC,2026,October,TDRGLC-6/930,R&G LARGE CAN 6/930GR,000JGL0RF,Pending,0.0,2026-10-22,2026-11-25,DR 2026 - 2026-10-02 (EXCEXP_TLS_000JJKSJR).xlsx,Rebates,1332,TD Sobeys C6F26 75k LS
mom,Fcst Inc Cases is not positive,Sobeys ROC,CG-SOBEY'S ROC,2026,October,TDSHSP,SOUPS,000J6XSHH,Committed,0.0,2026-10-22,2026-10-28,DR 2026 - 2026-10-02 (EXCEXP_TLS_000JJKSJR).xlsx,Rebates,1336,TD Sobeys C6F26 Silver package Soups 284ml
mom,Fcst Inc Cases is not positive,Sobeys ROC,CG-SOBEY'S ROC,2026,October,TDNC-32/10,NCOMP 32/10CT,000ISEZE5,Committed,0.0,2026-10-22,2026-11-25,DR 2026 - 2026-10-02 (EXCEXP_TLS_000JJKSJR).xlsx,Rebates,1356,TD Sobeys C6F26 Instant & Nespresso
mom,Fcst Inc Cases is not positive,Sobeys ROC,CG-SOBEY'S ROC,2026,October,TDPBM-6/322,BISCUIT MIX 6/322GR,000JF2950,Committed,0.0,2026-10-29,2026-11-25,DR 2026 - 2026-10-02 (EXCEXP_TLS_000JJKSJR).xlsx,Rebates,1373,TD Sobeys C6F26 Popeyes Biscuit
mom,Promo status outside dashboard methodology,Sobeys ROC,CG-SOBEY'S ROC,2026,October,TDRDIC-6/142,ICED COFFEE 6/1.42L,000JIMPQD,Pending,612.0,2026-10-22,2026-11-25,DR 2026 - 2026-10-02 (EXCEXP_TLS_000JJKSJR).xlsx,Rebates,1380,TD Sobeys C6F26 RTD 1.42L Community
mom,Fcst Inc Cases is not positive,Sobeys ROC,CG-SOBEY'S ROC,2026,October,TDL,TDL CAN,000ISEZF3,Planned,0.0,2026-10-31,2026-12-30,DR 2026 - 2026-10-02 (EXCEXP_TLS_000JJKSJR).xlsx,Rebates,1394,TD Sob ATL Gift Gala Sponsor
mom,Promo status outside dashboard methodology,Sobeys ROC,CG-SOBEY'S ROC,2026,October,TDSSKC-4/30,SS KCOMP 4/30CT,000JGL0S5,Pending,0.0,2026-11-12,2026-12-30,DR 2026 - 2026-10-02 (EXCEXP_TLS_000JJKSJR).xlsx,Rebates,1405,TD Freshco Holiday event LS
mom,Fcst Inc Cases is not positive,Sobeys ROC,CG-SOBEY'S ROC,2026,October,TDSSKC-16/30,SS KCOMP 16/30CT,000ISF1VH,Committed,0.0,2026-11-12,2026-12-31,DR 2026 - 2026-10-02 (EXCEXP_TLS_000JJKSJR).xlsx,Rebates,1408,TD Freshco TH 30ct/Large Tins Holiday event
mom,Fcst Inc Cases is not positive,Sobeys ROC,CG-SOBEY'S ROC,2026,October,TDPS-6/473,SAUCES 6/473ML,000JGSZSS,Committed,0.0,2026-11-20,2026-12-30,DR 2026 - 2026-10-02 (EXCEXP_TLS_000JJKSJR).xlsx,Rebates,1413,TD Sobeys C7F26 Popeyes Bronze Package Sauce
mom,Fcst Inc Cases is not positive,Sobeys ROC,CG-SOBEY'S ROC,2026,October,TDDCR-6/750,CREAMER 6/750ML,000ISEWBE,Planned,0.0,2026-11-27,2026-12-30,DR 2026 - 2026-10-02 (EXCEXP_TLS_000JJKSJR).xlsx,Rebates,1417,TD Wholesale TH Creamers 750ml
mom,Promo status outside dashboard methodology,Sobeys ROC,CG-SOBEY'S ROC,2026,October,TDRDIC-6/142,ICED COFFEE 6/1.42L,000JIMPQX,Pending,1300.0,2026-11-26,2026-12-31,DR 2026 - 2026-10-02 (EXCEXP_TLS_000JJKSJR).xlsx,Rebates,1419,TD Sobeys C7F26 RTD 1.42L
mom,Promo status outside dashboard methodology,Sobeys ROC,CG-SOBEY'S ROC,2026,October,TDSHSP-192/540,SOUPS 192/540ML,000JJ8Z8P,Pending,0.0,2026-01-01,2027-02-11,DR 2026 - 2026-10-02 (EXCEXP_TLS_000JJKSJR).xlsx,Rebates,1459,TD Sobeys C8F26 Soup 540ml & Chilli-No Volume yet
mom,Promo status outside dashboard methodology,Sobeys ROC,CG-SOBEY'S ROC,2026,October,TDSHSP-12/540,SOUPS 12/540ML,000JJ8Z8P,Pending,0.0,2026-01-01,2027-02-11,DR 2026 - 2026-10-02 (EXCEXP_TLS_000JJKSJR).xlsx,Rebates,1460,TD Sobeys C8F26 Soup 540ml & Chilli-No Volume yet
mom,Promo status outside dashboard methodology,Sobeys ROC,CG-SOBEY'S ROC,2026,October,TDSHHB-12/425,HOT BOWLS 12/425GR,000JJ8Z8P,Pending,0.0,2026-01-01,2027-02-11,DR 2026 - 2026-10-02 (EXCEXP_TLS_000JJKSJR).xlsx,Rebates,1461,TD Sobeys C8F26 Soup 540ml & Chilli-No Volume yet
mom,Fcst Inc Cases is not positive,Amazon,NA-AMAZON CANADA,2026,October,TDL,TDL CAN,000ITPMZC,Committed,0.0,2026-01-01,2026-01-31,DR 2026 - 2026-10-02 (EXCEXP_TLS_000JJKSJR).xlsx,Rebates,1463,TD 2026 Amzn B2B $50k Accrual - monthly payment January
mom,Fcst Inc Cases is not positive,Amazon,NA-AMAZON CANADA,2026,October,TDL,TDL CAN,000ITPMUK,Committed,0.0,2026-05-31,2026-12-30,DR 2026 - 2026-10-02 (EXCEXP_TLS_000JJKSJR).xlsx,Rebates,1465,TD 2026 Amzn Marketing Co-Op $100k annual
mom,Fcst Inc Cases is not positive,Amazon,NA-AMAZON CANADA,2026,October,TDTB-6/20,TEA BAG 6/20CT,000IWFCGD,Closed,0.0,2026-01-26,2026-01-26,DR 2026 - 2026-10-02 (EXCEXP_TLS_000JJKSJR).xlsx,Rebates,1467,TD 2026 Amzn Business - Jan Bulk Buy Offer - Kcup 12ct
mom,Fcst Inc Cases is not positive,Amazon,NA-AMAZON CANADA,2026,October,6320917204,TDL VANILLA BLACK TEA 6/20 CT,000IWFCGD,Closed,0.0,2026-01-26,2026-01-26,DR 2026 - 2026-10-02 (EXCEXP_TLS_000JJKSJR).xlsx,Rebates,1468,TD 2026 Amzn Business - Jan Bulk Buy Offer - Kcup 12ct
mom,Fcst Inc Cases is not positive,Amazon,NA-AMAZON CANADA,2026,October,6320915575,TDL POTATO BACON 12/540 ML,000IWFCGD,Closed,0.0,2026-01-26,2026-01-26,DR 2026 - 2026-10-02 (EXCEXP_TLS_000JJKSJR).xlsx,Rebates,1469,TD 2026 Amzn Business - Jan Bulk Buy Offer - Kcup 12ct
mom,Fcst Inc Cases is not positive,Amazon,NA-AMAZON CANADA,2026,October,6320918583,TDL NCOMP DECAF ESPRESSO JDE 10/10 CT,000IWFCGD,Closed,0.0,2026-01-26,2026-01-26,DR 2026 - 2026-10-02 (EXCEXP_TLS_000JJKSJR).xlsx,Rebates,1470,TD 2026 Amzn Business - Jan Bulk Buy Offer - Kcup 12ct
mom,Fcst Inc Cases is not positive,Amazon,NA-AMAZON CANADA,2026,October,6320919832,TDL NCOMP DARK LUNGO 10/10 CT,000IWFCGD,Closed,0.0,2026-01-26,2026-01-26,DR 2026 - 2026-10-02 (EXCEXP_TLS_000JJKSJR).xlsx,Rebates,1471,TD 2026 Amzn Business - Jan Bulk Buy Offer - Kcup 12ct
mom,Fcst Inc Cases is not positive,Amazon,NA-AMAZON CANADA,2026,October,6320918580,TDL NCOMP CLASSIC LUNGO JDE 10/10 CT,000IWFCGD,Closed,0.0,2026-01-26,2026-01-26,DR 2026 - 2026-10-02 (EXCEXP_TLS_000JJKSJR).xlsx,Rebates,1472,TD 2026 Amzn Business - Jan Bulk Buy Offer - Kcup 12ct
mom,Fcst Inc Cases is not positive,Amazon,NA-AMAZON CANADA,2026,October,6320919834,TDL NCOMP CARAMEL ESPRESSO JDE 10/10 CT,000IWFCGD,Closed,0.0,2026-01-26,2026-01-26,DR 2026 - 2026-10-02 (EXCEXP_TLS_000JJKSJR).xlsx,Rebates,1473,TD 2026 Amzn Business - Jan Bulk Buy Offer - Kcup 12ct
mom,Fcst Inc Cases is not positive,Amazon,NA-AMAZON CANADA,2026,October,6320918581,TDL NCOMP BRIGHT ESPRESSO JDE 10/10 CT,000IWFCGD,Closed,0.0,2026-01-26,2026-01-26,DR 2026 - 2026-10-02 (EXCEXP_TLS_000JJKSJR).xlsx,Rebates,1474,TD 2026 Amzn Business - Jan Bulk Buy Offer - Kcup 12ct
mom,Fcst Inc Cases is not positive,Amazon,NA-AMAZON CANADA,2026,October,6320918582,TDL NCOMP BOLD ESPRESSO JDE 10/10 CT,000IWFCGD,Closed,0.0,2026-01-26,2026-01-26,DR 2026 - 2026-10-02 (EXCEXP_TLS_000JJKSJR).xlsx,Rebates,1475,TD 2026 Amzn Business - Jan Bulk Buy Offer - Kcup 12ct
mom,Fcst Inc Cases is not positive,Amazon,NA-AMAZON CANADA,2026,October,6320919183,TDL MINESTRONE 12/540 ML,000IWFCGD,Closed,0.0,2026-01-26,2026-01-26,DR 2026 - 2026-10-02 (EXCEXP_TLS_000JJKSJR).xlsx,Rebates,1476,TD 2026 Amzn Business - Jan Bulk Buy Offer - Kcup 12ct
mom,Fcst Inc Cases is not positive,Amazon,NA-AMAZON CANADA,2026,October,6320911794,TDL INSTANT COFFEE LIGHT 12/100 GR,000IWFCGD,Closed,0.0,2026-01-26,2026-01-26,DR 2026 - 2026-10-02 (EXCEXP_TLS_000JJKSJR).xlsx,Rebates,1478,TD 2026 Amzn Business - Jan Bulk Buy Offer - Kcup 12ct
mom,Fcst Inc Cases is not positive,Amazon,NA-AMAZON CANADA,2026,October,6320911793,TDL INSTANT COFFEE DECAF 12/100 GR,000IWFCGD,Closed,0.0,2026-01-26,2026-01-26,DR 2026 - 2026-10-02 (EXCEXP_TLS_000JJKSJR).xlsx,Rebates,1479,TD 2026 Amzn Business - Jan Bulk Buy Offer - Kcup 12ct
mom,Fcst Inc Cases is not positive,Amazon,NA-AMAZON CANADA,2026,October,6320914642,TDL INSTANT COFFEE DARK 12/100 GR,000IWFCGD,Closed,0.0,2026-01-26,2026-01-26,DR 2026 - 2026-10-02 (EXCEXP_TLS_000JJKSJR).xlsx,Rebates,1480,TD 2026 Amzn Business - Jan Bulk Buy Offer - Kcup 12ct
mom,Fcst Inc Cases is not positive,Amazon,NA-AMAZON CANADA,2026,October,6320915074,TDL HOT CHOC / FV PACKET 4/24 EA,000IWFCGD,Closed,0.0,2026-01-26,2026-01-26,DR 2026 - 2026-10-02 (EXCEXP_TLS_000JJKSJR).xlsx,Rebates,1481,TD 2026 Amzn Business - Jan Bulk Buy Offer - Kcup 12ct
mom,Fcst Inc Cases is not positive,Amazon,NA-AMAZON CANADA,2026,October,6320914197,TDL GRANOLA BAR SALTED CARAMEL 12/5 EA,000IWFCGD,Closed,0.0,2026-01-26,2026-01-26,DR 2026 - 2026-10-02 (EXCEXP_TLS_000JJKSJR).xlsx,Rebates,1482,TD 2026 Amzn Business - Jan Bulk Buy Offer - Kcup 12ct
mom,Fcst Inc Cases is not positive,Amazon,NA-AMAZON CANADA,2026,October,6320916556,TDL GRANOLA BAR BLUEBERRY 12/5 EA,000IWFCGD,Closed,0.0,2026-01-26,2026-01-26,DR 2026 - 2026-10-02 (EXCEXP_TLS_000JJKSJR).xlsx,Rebates,1483,TD 2026 Amzn Business - Jan Bulk Buy Offer - Kcup 12ct
mom,Fcst Inc Cases is not positive,Amazon,NA-AMAZON CANADA,2026,October,6320914195,TDL GRANOLA BAR APPLE FRITTER 12/5 EA,000IWFCGD,Closed,0.0,2026-01-26,2026-01-26,DR 2026 - 2026-10-02 (EXCEXP_TLS_000JJKSJR).xlsx,Rebates,1484,TD 2026 Amzn Business - Jan Bulk Buy Offer - Kcup 12ct
mom,Fcst Inc Cases is not positive,Amazon,NA-AMAZON CANADA,2026,October,6320916881,TDL DOUBLE DOUBLE PACKET 5/8 EA,000IWFCGD,Closed,0.0,2026-01-26,2026-01-26,DR 2026 - 2026-10-02 (EXCEXP_TLS_000JJKSJR).xlsx,Rebates,1485,TD 2026 Amzn Business - Jan Bulk Buy Offer - Kcup 12ct
mom,Fcst Inc Cases is not positive,Amazon,NA-AMAZON CANADA,2026,October,6320919180,TDL CREAMY CHICKEN 12/540 ML,000IWFCGD,Closed,0.0,2026-01-26,2026-01-26,DR 2026 - 2026-10-02 (EXCEXP_TLS_000JJKSJR).xlsx,Rebates,1486,TD 2026 Amzn Business - Jan Bulk Buy Offer - Kcup 12ct
mom,Fcst Inc Cases is not positive,Amazon,NA-AMAZON CANADA,2026,October,6320917201,TDL BUTTERNUT SQUASH 12/540 ML,000IWFCGD,Closed,0.0,2026-01-26,2026-01-26,DR 2026 - 2026-10-02 (EXCEXP_TLS_000JJKSJR).xlsx,Rebates,1487,TD 2026 Amzn Business - Jan Bulk Buy Offer - Kcup 12ct
mom,Fcst Inc Cases is not positive,Amazon,NA-AMAZON CANADA,2026,October,6320922294,TDL BEEF BARLEY + VEGETABLES 12/540 ML,000IWFCGD,Closed,0.0,2026-01-26,2026-01-26,DR 2026 - 2026-10-02 (EXCEXP_TLS_000JJKSJR).xlsx,Rebates,1488,TD 2026 Amzn Business - Jan Bulk Buy Offer - Kcup 12ct
mom,Fcst Inc Cases is not positive,Amazon,NA-AMAZON CANADA,2026,October,TDL,TDL CAN,000ITPMY5,Committed,0.0,2026-01-31,2026-02-28,DR 2026 - 2026-10-02 (EXCEXP_TLS_000JJKSJR).xlsx,Rebates,1513,TD 2026 Amzn B2B $50k Accrual - monthly payment February
mom,Fcst Inc Cases is not positive,Amazon,NA-AMAZON CANADA,2026,October,TDTB-6/20,TEA BAG 6/20CT,000IWNXEA,Closed,0.0,2026-02-25,2026-02-25,DR 2026 - 2026-10-02 (EXCEXP_TLS_000JJKSJR).xlsx,Rebates,1515,TD 2026 Amzn Business - Feb Bulk Buy Offer- Tea
mom,Fcst Inc Cases is not positive,Amazon,NA-AMAZON CANADA,2026,October,6320917204,TDL VANILLA BLACK TEA 6/20 CT,000IWNXEA,Closed,0.0,2026-02-25,2026-02-25,DR 2026 - 2026-10-02 (EXCEXP_TLS_000JJKSJR).xlsx,Rebates,1516,TD 2026 Amzn Business - Feb Bulk Buy Offer- Tea
mom,Fcst Inc Cases is not positive,Amazon,NA-AMAZON CANADA,2026,October,6320915575,TDL POTATO BACON 12/540 ML,000IWNXEA,Closed,0.0,2026-02-25,2026-02-25,DR 2026 - 2026-10-02 (EXCEXP_TLS_000JJKSJR).xlsx,Rebates,1517,TD 2026 Amzn Business - Feb Bulk Buy Offer- Tea
mom,Fcst Inc Cases is not positive,Amazon,NA-AMAZON CANADA,2026,October,6320918583,TDL NCOMP DECAF ESPRESSO JDE 10/10 CT,000IWNXEA,Closed,0.0,2026-02-25,2026-02-25,DR 2026 - 2026-10-02 (EXCEXP_TLS_000JJKSJR).xlsx,Rebates,1518,TD 2026 Amzn Business - Feb Bulk Buy Offer- Tea
mom,Fcst Inc Cases is not positive,Amazon,NA-AMAZON CANADA,2026,October,6320919832,TDL NCOMP DARK LUNGO 10/10 CT,000IWNXEA,Closed,0.0,2026-02-25,2026-02-25,DR 2026 - 2026-10-02 (EXCEXP_TLS_000JJKSJR).xlsx,Rebates,1519,TD 2026 Amzn Business - Feb Bulk Buy Offer- Tea
mom,Fcst Inc Cases is not positive,Amazon,NA-AMAZON CANADA,2026,October,6320918580,TDL NCOMP CLASSIC LUNGO JDE 10/10 CT,000IWNXEA,Closed,0.0,2026-02-25,2026-02-25,DR 2026 - 2026-10-02 (EXCEXP_TLS_000JJKSJR).xlsx,Rebates,1520,TD 2026 Amzn Business - Feb Bulk Buy Offer- Tea
mom,Fcst Inc Cases is not positive,Amazon,NA-AMAZON CANADA,2026,October,6320919834,TDL NCOMP CARAMEL ESPRESSO JDE 10/10 CT,000IWNXEA,Closed,0.0,2026-02-25,2026-02-25,DR 2026 - 2026-10-02 (EXCEXP_TLS_000JJKSJR).xlsx,Rebates,1521,TD 2026 Amzn Business - Feb Bulk Buy Offer- Tea
mom,Fcst Inc Cases is not positive,Amazon,NA-AMAZON CANADA,2026,October,6320918581,TDL NCOMP BRIGHT ESPRESSO JDE 10/10 CT,000IWNXEA,Closed,0.0,2026-02-25,2026-02-25,DR 2026 - 2026-10-02 (EXCEXP_TLS_000JJKSJR).xlsx,Rebates,1522,TD 2026 Amzn Business - Feb Bulk Buy Offer- Tea
mom,Fcst Inc Cases is not positive,Amazon,NA-AMAZON CANADA,2026,October,6320918582,TDL NCOMP BOLD ESPRESSO JDE 10/10 CT,000IWNXEA,Closed,0.0,2026-02-25,2026-02-25,DR 2026 - 2026-10-02 (EXCEXP_TLS_000JJKSJR).xlsx,Rebates,1523,TD 2026 Amzn Business - Feb Bulk Buy Offer- Tea
mom,Fcst Inc Cases is not positive,Amazon,NA-AMAZON CANADA,2026,October,6320919183,TDL MINESTRONE 12/540 ML,000IWNXEA,Closed,0.0,2026-02-25,2026-02-25,DR 2026 - 2026-10-02 (EXCEXP_TLS_000JJKSJR).xlsx,Rebates,1524,TD 2026 Amzn Business - Feb Bulk Buy Offer- Tea
mom,Fcst Inc Cases is not positive,Amazon,NA-AMAZON CANADA,2026,October,6320911794,TDL INSTANT COFFEE LIGHT 12/100 GR,000IWNXEA,Closed,0.0,2026-02-25,2026-02-25,DR 2026 - 2026-10-02 (EXCEXP_TLS_000JJKSJR).xlsx,Rebates,1526,TD 2026 Amzn Business - Feb Bulk Buy Offer- Tea
mom,Fcst Inc Cases is not positive,Amazon,NA-AMAZON CANADA,2026,October,6320911793,TDL INSTANT COFFEE DECAF 12/100 GR,000IWNXEA,Closed,0.0,2026-02-25,2026-02-25,DR 2026 - 2026-10-02 (EXCEXP_TLS_000JJKSJR).xlsx,Rebates,1527,TD 2026 Amzn Business - Feb Bulk Buy Offer- Tea
mom,Fcst Inc Cases is not positive,Amazon,NA-AMAZON CANADA,2026,October,6320914642,TDL INSTANT COFFEE DARK 12/100 GR,000IWNXEA,Closed,0.0,2026-02-25,2026-02-25,DR 2026 - 2026-10-02 (EXCEXP_TLS_000JJKSJR).xlsx,Rebates,1528,TD 2026 Amzn Business - Feb Bulk Buy Offer- Tea
mom,Fcst Inc Cases is not positive,Amazon,NA-AMAZON CANADA,2026,October,6320915074,TDL HOT CHOC / FV PACKET 4/24 EA,000IWNXEA,Closed,0.0,2026-02-25,2026-02-25,DR 2026 - 2026-10-02 (EXCEXP_TLS_000JJKSJR).xlsx,Rebates,1529,TD 2026 Amzn Business - Feb Bulk Buy Offer- Tea
mom,Fcst Inc Cases is not positive,Amazon,NA-AMAZON CANADA,2026,October,6320914197,TDL GRANOLA BAR SALTED CARAMEL 12/5 EA,000IWNXEA,Closed,0.0,2026-02-25,2026-02-25,DR 2026 - 2026-10-02 (EXCEXP_TLS_000JJKSJR).xlsx,Rebates,1530,TD 2026 Amzn Business - Feb Bulk Buy Offer- Tea
mom,Fcst Inc Cases is not positive,Amazon,NA-AMAZON CANADA,2026,October,6320916556,TDL GRANOLA BAR BLUEBERRY 12/5 EA,000IWNXEA,Closed,0.0,2026-02-25,2026-02-25,DR 2026 - 2026-10-02 (EXCEXP_TLS_000JJKSJR).xlsx,Rebates,1531,TD 2026 Amzn Business - Feb Bulk Buy Offer- Tea
mom,Fcst Inc Cases is not positive,Amazon,NA-AMAZON CANADA,2026,October,6320914195,TDL GRANOLA BAR APPLE FRITTER 12/5 EA,000IWNXEA,Closed,0.0,2026-02-25,2026-02-25,DR 2026 - 2026-10-02 (EXCEXP_TLS_000JJKSJR).xlsx,Rebates,1532,TD 2026 Amzn Business - Feb Bulk Buy Offer- Tea
mom,Fcst Inc Cases is not positive,Amazon,NA-AMAZON CANADA,2026,October,6320916881,TDL DOUBLE DOUBLE PACKET 5/8 EA,000IWNXEA,Closed,0.0,2026-02-25,2026-02-25,DR 2026 - 2026-10-02 (EXCEXP_TLS_000JJKSJR).xlsx,Rebates,1533,TD 2026 Amzn Business - Feb Bulk Buy Offer- Tea
mom,Fcst Inc Cases is not positive,Amazon,NA-AMAZON CANADA,2026,October,6320919180,TDL CREAMY CHICKEN 12/540 ML,000IWNXEA,Closed,0.0,2026-02-25,2026-02-25,DR 2026 - 2026-10-02 (EXCEXP_TLS_000JJKSJR).xlsx,Rebates,1534,TD 2026 Amzn Business - Feb Bulk Buy Offer- Tea
mom,Fcst Inc Cases is not positive,Amazon,NA-AMAZON CANADA,2026,October,6320917201,TDL BUTTERNUT SQUASH 12/540 ML,000IWNXEA,Closed,0.0,2026-02-25,2026-02-25,DR 2026 - 2026-10-02 (EXCEXP_TLS_000JJKSJR).xlsx,Rebates,1535,TD 2026 Amzn Business - Feb Bulk Buy Offer- Tea
mom,Fcst Inc Cases is not positive,Amazon,NA-AMAZON CANADA,2026,October,6320922294,TDL BEEF BARLEY + VEGETABLES 12/540 ML,000IWNXEA,Closed,0.0,2026-02-25,2026-02-25,DR 2026 - 2026-10-02 (EXCEXP_TLS_000JJKSJR).xlsx,Rebates,1536,TD 2026 Amzn Business - Feb Bulk Buy Offer- Tea
mom,Fcst Inc Cases is not positive,Amazon,NA-AMAZON CANADA,2026,October,6320915575,TDL POTATO BACON 12/540 ML,000IW1257,Closed,0.0,2026-02-26,2026-02-26,DR 2026 - 2026-10-02 (EXCEXP_TLS_000JJKSJR).xlsx,Rebates,1540,TD 2026 Amzn Business - Feb Bulk Buy Offer
mom,Fcst Inc Cases is not positive,Amazon,NA-AMAZON CANADA,2026,October,6320914642,TDL INSTANT COFFEE DARK 12/100 GR,000IW1257,Closed,0.0,2026-02-26,2026-02-26,DR 2026 - 2026-10-02 (EXCEXP_TLS_000JJKSJR).xlsx,Rebates,1551,TD 2026 Amzn Business - Feb Bulk Buy Offer
mom,Fcst Inc Cases is not positive,Amazon,NA-AMAZON CANADA,2026,October,6320915074,TDL HOT CHOC / FV PACKET 4/24 EA,000IW1257,Closed,0.0,2026-02-26,2026-02-26,DR 2026 - 2026-10-02 (EXCEXP_TLS_000JJKSJR).xlsx,Rebates,1552,TD 2026 Amzn Business - Feb Bulk Buy Offer
mom,Fcst Inc Cases is not positive,Amazon,NA-AMAZON CANADA,2026,October,6320916556,TDL GRANOLA BAR BLUEBERRY 12/5 EA,000IW1257,Closed,0.0,2026-02-26,2026-02-26,DR 2026 - 2026-10-02 (EXCEXP_TLS_000JJKSJR).xlsx,Rebates,1554,TD 2026 Amzn Business - Feb Bulk Buy Offer
mom,Fcst Inc Cases is not positive,Amazon,NA-AMAZON CANADA,2026,October,6320919180,TDL CREAMY CHICKEN 12/540 ML,000IW1257,Closed,0.0,2026-02-26,2026-02-26,DR 2026 - 2026-10-02 (EXCEXP_TLS_000JJKSJR).xlsx,Rebates,1557,TD 2026 Amzn Business - Feb Bulk Buy Offer
mom,Fcst Inc Cases is not positive,Amazon,NA-AMAZON CANADA,2026,October,TDL,TDL CAN,000ITPMZ7,Committed,0.0,2026-02-28,2026-03-31,DR 2026 - 2026-10-02 (EXCEXP_TLS_000JJKSJR).xlsx,Rebates,1561,TD 2026 Amzn B2B $50k Accrual - monthly payment March
mom,Fcst Inc Cases is not positive,Amazon,NA-AMAZON CANADA,2026,October,TDL,TDL CAN,000ITPMZ2,Committed,0.0,2026-03-31,2026-04-30,DR 2026 - 2026-10-02 (EXCEXP_TLS_000JJKSJR).xlsx,Rebates,1570,TD 2026 Amzn B2B $50k Accrual - monthly payment April
mom,Fcst Inc Cases is not positive,Amazon,NA-AMAZON CANADA,2026,October,TDL,TDL CAN,000ITPNHX,Committed,0.0,2026-04-30,2026-05-31,DR 2026 - 2026-10-02 (EXCEXP_TLS_000JJKSJR).xlsx,Rebates,1576,TD 2026 Amzn B2B $50k Accrual - monthly payment May
mom,Fcst Inc Cases is not positive,Amazon,NA-AMAZON CANADA,2026,October,6320912804,TDL CREAM OF BROCCOLI 12/540 ML,000JFNTRU,Closed,0.0,2026-07-27,2026-07-27,DR 2026 - 2026-10-02 (EXCEXP_TLS_000JJKSJR).xlsx,Rebates,1614,TD 2026 Amzn - July 27 Bulk Buy
mom,Fcst Inc Cases is not positive,Amazon,NA-AMAZON CANADA,2026,October,6320911274,TDL VARIETY KCUP SS 4/30 CT,000JFOQSZ,Closed,0.0,2026-07-28,2026-07-28,DR 2026 - 2026-10-02 (EXCEXP_TLS_000JJKSJR).xlsx,Rebates,1622,TD 2026 Amzn - July 27 Bulk Buy
mom,Fcst Inc Cases is not positive,Amazon,NA-AMAZON CANADA,2026,October,6320911273,TDL ORIGINAL KCUP SS 4/30 CT,000JFOQSZ,Closed,0.0,2026-07-28,2026-07-28,DR 2026 - 2026-10-02 (EXCEXP_TLS_000JJKSJR).xlsx,Rebates,1623,TD 2026 Amzn - July 27 Bulk Buy
mom,Fcst Inc Cases is not positive,Amazon,NA-AMAZON CANADA,2026,October,6320918583,TDL NCOMP DECAF ESPRESSO JDE 10/10 CT,000JFOQSZ,Closed,0.0,2026-07-28,2026-07-28,DR 2026 - 2026-10-02 (EXCEXP_TLS_000JJKSJR).xlsx,Rebates,1624,TD 2026 Amzn - July 27 Bulk Buy
mom,Fcst Inc Cases is not positive,Amazon,NA-AMAZON CANADA,2026,October,6320914723,TDL KCUP ORIGINAL SS 4/48 CT,000JFOQSZ,Closed,0.0,2026-07-28,2026-07-28,DR 2026 - 2026-10-02 (EXCEXP_TLS_000JJKSJR).xlsx,Rebates,1629,TD 2026 Amzn - July 27 Bulk Buy
mom,Fcst Inc Cases is not positive,Amazon,NA-AMAZON CANADA,2026,October,6320912574,TDL KCUP ORANGE PEKOE TEA 4/30 CT,000JFOQSZ,Closed,0.0,2026-07-28,2026-07-28,DR 2026 - 2026-10-02 (EXCEXP_TLS_000JJKSJR).xlsx,Rebates,1630,TD 2026 Amzn - July 27 Bulk Buy
mom,Fcst Inc Cases is not positive,Amazon,NA-AMAZON CANADA,2026,October,6320916482,TDL KCUP MAPLE SS 6/12 CT,000JFOQSZ,Closed,0.0,2026-07-28,2026-07-28,DR 2026 - 2026-10-02 (EXCEXP_TLS_000JJKSJR).xlsx,Rebates,1631,TD 2026 Amzn - July 27 Bulk Buy
mom,Fcst Inc Cases is not positive,Amazon,NA-AMAZON CANADA,2026,October,6320911300,TDL KCUP HOT CHOC ORIGINAL SS 6/10 CT,000JFOQSZ,Closed,0.0,2026-07-28,2026-07-28,DR 2026 - 2026-10-02 (EXCEXP_TLS_000JJKSJR).xlsx,Rebates,1632,TD 2026 Amzn - July 27 Bulk Buy
mom,Fcst Inc Cases is not positive,Amazon,NA-AMAZON CANADA,2026,October,6320911855,TDL KCUP FRENCH VANILLA SS 6/12 CT,000JFOQSZ,Closed,0.0,2026-07-28,2026-07-28,DR 2026 - 2026-10-02 (EXCEXP_TLS_000JJKSJR).xlsx,Rebates,1634,TD 2026 Amzn - July 27 Bulk Buy
mom,Fcst Inc Cases is not positive,Amazon,NA-AMAZON CANADA,2026,October,6320914562,TDL KCUP FRENCH VANILLA 4/30 CT,000JFOQSZ,Closed,0.0,2026-07-28,2026-07-28,DR 2026 - 2026-10-02 (EXCEXP_TLS_000JJKSJR).xlsx,Rebates,1635,TD 2026 Amzn - July 27 Bulk Buy
mom,Fcst Inc Cases is not positive,Amazon,NA-AMAZON CANADA,2026,October,6320911851,TDL KCUP DARK ROAST SS 6/12 CT,000JFOQSZ,Closed,0.0,2026-07-28,2026-07-28,DR 2026 - 2026-10-02 (EXCEXP_TLS_000JJKSJR).xlsx,Rebates,1637,TD 2026 Amzn - July 27 Bulk Buy
mom,Fcst Inc Cases is not positive,Amazon,NA-AMAZON CANADA,2026,October,6320911853,TDL KCUP COLOMBIAN SS 6/12 CT,000JFOQSZ,Closed,0.0,2026-07-28,2026-07-28,DR 2026 - 2026-10-02 (EXCEXP_TLS_000JJKSJR).xlsx,Rebates,1639,TD 2026 Amzn - July 27 Bulk Buy
mom,Fcst Inc Cases is not positive,Amazon,NA-AMAZON CANADA,2026,October,6320911272,TDL KCUP CAPPUCCNO FRNCH VAN SS 6/10CT,000JFOQSZ,Closed,0.0,2026-07-28,2026-07-28,DR 2026 - 2026-10-02 (EXCEXP_TLS_000JJKSJR).xlsx,Rebates,1640,TD 2026 Amzn - July 27 Bulk Buy
mom,Fcst Inc Cases is not positive,Amazon,NA-AMAZON CANADA,2026,October,6320916559,TDL GRANOLA BAR CAFE MOCHA 12/5 EA,000JFOQSZ,Closed,0.0,2026-07-28,2026-07-28,DR 2026 - 2026-10-02 (EXCEXP_TLS_000JJKSJR).xlsx,Rebates,1641,TD 2026 Amzn - July 27 Bulk Buy
mom,Fcst Inc Cases is not positive,Amazon,NA-AMAZON CANADA,2026,October,6320911277,TDL DECAF KCUP SS 4/30 CT,000JFOQSZ,Closed,0.0,2026-07-28,2026-07-28,DR 2026 - 2026-10-02 (EXCEXP_TLS_000JJKSJR).xlsx,Rebates,1642,TD 2026 Amzn - July 27 Bulk Buy
mom,Fcst Inc Cases is not positive,Amazon,NA-AMAZON CANADA,2026,October,6320911276,TDL DARK ROAST KCUP SS 4/30 CT,000JFOQSZ,Closed,0.0,2026-07-28,2026-07-28,DR 2026 - 2026-10-02 (EXCEXP_TLS_000JJKSJR).xlsx,Rebates,1643,TD 2026 Amzn - July 27 Bulk Buy
mom,Fcst Inc Cases is not positive,Amazon,NA-AMAZON CANADA,2026,October,6320919087,TDL DARK ROAST BAG 6/652 GR,000JFOQSZ,Closed,0.0,2026-07-28,2026-07-28,DR 2026 - 2026-10-02 (EXCEXP_TLS_000JJKSJR).xlsx,Rebates,1644,TD 2026 Amzn - July 27 Bulk Buy
mom,Fcst Inc Cases is not positive,Amazon,NA-AMAZON CANADA,2026,October,6320917200,TDL CREAM OF MUSHROOM 12/540 ML,000JFOQSZ,Closed,0.0,2026-07-28,2026-07-28,DR 2026 - 2026-10-02 (EXCEXP_TLS_000JJKSJR).xlsx,Rebates,1645,TD 2026 Amzn - July 27 Bulk Buy
mom,Fcst Inc Cases is not positive,Amazon,NA-AMAZON CANADA,2026,October,6320912804,TDL CREAM OF BROCCOLI 12/540 ML,000JFOQSZ,Closed,0.0,2026-07-28,2026-07-28,DR 2026 - 2026-10-02 (EXCEXP_TLS_000JJKSJR).xlsx,Rebates,1646,TD 2026 Amzn - July 27 Bulk Buy
mom,Fcst Inc Cases is not positive,Amazon,NA-AMAZON CANADA,2026,October,6320912646,TDL CHAI TEA 6/20 CT,000JFOQSZ,Closed,0.0,2026-07-28,2026-07-28,DR 2026 - 2026-10-02 (EXCEXP_TLS_000JJKSJR).xlsx,Rebates,1648,TD 2026 Amzn - July 27 Bulk Buy
mom,Fcst Inc Cases is not positive,Amazon,NA-AMAZON CANADA,2026,October,6320909370,TDL CAPPUCCINO FRENCH VANILLA 12/454 GR,000JFOQSZ,Closed,0.0,2026-07-28,2026-07-28,DR 2026 - 2026-10-02 (EXCEXP_TLS_000JJKSJR).xlsx,Rebates,1649,TD 2026 Amzn - July 27 Bulk Buy
mom,Fcst Inc Cases is not positive,Amazon,NA-AMAZON CANADA,2026,October,6320920264,TDL CANDY CANE HOT CHOCOLATE 12/450 GR,000JFOQSZ,Closed,0.0,2026-07-28,2026-07-28,DR 2026 - 2026-10-02 (EXCEXP_TLS_000JJKSJR).xlsx,Rebates,1650,TD 2026 Amzn - July 27 Bulk Buy
mom,Fcst Inc Cases is not positive,Amazon,NA-AMAZON CANADA,2026,October,6320916882,TDL CAFE MOCHA PACKET 5/8 EA,000JFOQSZ,Closed,0.0,2026-07-28,2026-07-28,DR 2026 - 2026-10-02 (EXCEXP_TLS_000JJKSJR).xlsx,Rebates,1651,TD 2026 Amzn - July 27 Bulk Buy
mom,Fcst Inc Cases is not positive,Amazon,NA-AMAZON CANADA,2026,October,6320912645,TDL APPLE CINNAMON TEA 6/20 CT,000JFOQSZ,Closed,0.0,2026-07-28,2026-07-28,DR 2026 - 2026-10-02 (EXCEXP_TLS_000JJKSJR).xlsx,Rebates,1652,TD 2026 Amzn - July 27 Bulk Buy
mom,Fcst Inc Cases is not positive,Amazon,NA-AMAZON CANADA,2026,October,6320916482,TDL KCUP MAPLE SS 6/12 CT,000JFOQVN,Closed,0.0,2026-08-24,2026-08-24,DR 2026 - 2026-10-02 (EXCEXP_TLS_000JJKSJR).xlsx,Rebates,1664,TD 2026 Amzn - Aug 24 Bulk Buy
mom,Fcst Inc Cases is not positive,Amazon,NA-AMAZON CANADA,2026,October,6320911274,TDL VARIETY KCUP SS 4/30 CT,000JFPND8,Closed,0.0,2026-08-25,2026-08-25,DR 2026 - 2026-10-02 (EXCEXP_TLS_000JJKSJR).xlsx,Rebates,1687,TD 2026 Amzn - Aug 25 Bulk Buy
mom,Fcst Inc Cases is not positive,Amazon,NA-AMAZON CANADA,2026,October,6320911273,TDL ORIGINAL KCUP SS 4/30 CT,000JFPND8,Closed,0.0,2026-08-25,2026-08-25,DR 2026 - 2026-10-02 (EXCEXP_TLS_000JJKSJR).xlsx,Rebates,1688,TD 2026 Amzn - Aug 25 Bulk Buy
mom,Fcst Inc Cases is not positive,Amazon,NA-AMAZON CANADA,2026,October,6320918583,TDL NCOMP DECAF ESPRESSO JDE 10/10 CT,000JFPND8,Closed,0.0,2026-08-25,2026-08-25,DR 2026 - 2026-10-02 (EXCEXP_TLS_000JJKSJR).xlsx,Rebates,1689,TD 2026 Amzn - Aug 25 Bulk Buy
mom,Fcst Inc Cases is not positive,Amazon,NA-AMAZON CANADA,2026,October,6320911393,TDL KCUP TEA SS 6/12 CT,000JFPND8,Closed,0.0,2026-08-25,2026-08-25,DR 2026 - 2026-10-02 (EXCEXP_TLS_000JJKSJR).xlsx,Rebates,1693,TD 2026 Amzn - Aug 25 Bulk Buy
mom,Fcst Inc Cases is not positive,Amazon,NA-AMAZON CANADA,2026,October,6320914723,TDL KCUP ORIGINAL SS 4/48 CT,000JFPND8,Closed,0.0,2026-08-25,2026-08-25,DR 2026 - 2026-10-02 (EXCEXP_TLS_000JJKSJR).xlsx,Rebates,1695,TD 2026 Amzn - Aug 25 Bulk Buy
mom,Fcst Inc Cases is not positive,Amazon,NA-AMAZON CANADA,2026,October,6320912574,TDL KCUP ORANGE PEKOE TEA 4/30 CT,000JFPND8,Closed,0.0,2026-08-25,2026-08-25,DR 2026 - 2026-10-02 (EXCEXP_TLS_000JJKSJR).xlsx,Rebates,1696,TD 2026 Amzn - Aug 25 Bulk Buy
mom,Fcst Inc Cases is not positive,Amazon,NA-AMAZON CANADA,2026,October,6320916482,TDL KCUP MAPLE SS 6/12 CT,000JFPND8,Closed,0.0,2026-08-25,2026-08-25,DR 2026 - 2026-10-02 (EXCEXP_TLS_000JJKSJR).xlsx,Rebates,1697,TD 2026 Amzn - Aug 25 Bulk Buy
mom,Fcst Inc Cases is not positive,Amazon,NA-AMAZON CANADA,2026,October,6320911300,TDL KCUP HOT CHOC ORIGINAL SS 6/10 CT,000JFPND8,Closed,0.0,2026-08-25,2026-08-25,DR 2026 - 2026-10-02 (EXCEXP_TLS_000JJKSJR).xlsx,Rebates,1698,TD 2026 Amzn - Aug 25 Bulk Buy
mom,Fcst Inc Cases is not positive,Amazon,NA-AMAZON CANADA,2026,October,6320911855,TDL KCUP FRENCH VANILLA SS 6/12 CT,000JFPND8,Closed,0.0,2026-08-25,2026-08-25,DR 2026 - 2026-10-02 (EXCEXP_TLS_000JJKSJR).xlsx,Rebates,1700,TD 2026 Amzn - Aug 25 Bulk Buy
mom,Fcst Inc Cases is not positive,Amazon,NA-AMAZON CANADA,2026,October,6320914562,TDL KCUP FRENCH VANILLA 4/30 CT,000JFPND8,Closed,0.0,2026-08-25,2026-08-25,DR 2026 - 2026-10-02 (EXCEXP_TLS_000JJKSJR).xlsx,Rebates,1701,TD 2026 Amzn - Aug 25 Bulk Buy
mom,Fcst Inc Cases is not positive,Amazon,NA-AMAZON CANADA,2026,October,6320911851,TDL KCUP DARK ROAST SS 6/12 CT,000JFPND8,Closed,0.0,2026-08-25,2026-08-25,DR 2026 - 2026-10-02 (EXCEXP_TLS_000JJKSJR).xlsx,Rebates,1703,TD 2026 Amzn - Aug 25 Bulk Buy
mom,Fcst Inc Cases is not positive,Amazon,NA-AMAZON CANADA,2026,October,6320914724,TDL KCUP DARK ROAST SS 4/48 CT,000JFPND8,Closed,0.0,2026-08-25,2026-08-25,DR 2026 - 2026-10-02 (EXCEXP_TLS_000JJKSJR).xlsx,Rebates,1704,TD 2026 Amzn - Aug 25 Bulk Buy
mom,Fcst Inc Cases is not positive,Amazon,NA-AMAZON CANADA,2026,October,6320911853,TDL KCUP COLOMBIAN SS 6/12 CT,000JFPND8,Closed,0.0,2026-08-25,2026-08-25,DR 2026 - 2026-10-02 (EXCEXP_TLS_000JJKSJR).xlsx,Rebates,1705,TD 2026 Amzn - Aug 25 Bulk Buy
mom,Fcst Inc Cases is not positive,Amazon,NA-AMAZON CANADA,2026,October,6320911272,TDL KCUP CAPPUCCNO FRNCH VAN SS 6/10CT,000JFPND8,Closed,0.0,2026-08-25,2026-08-25,DR 2026 - 2026-10-02 (EXCEXP_TLS_000JJKSJR).xlsx,Rebates,1706,TD 2026 Amzn - Aug 25 Bulk Buy
mom,Fcst Inc Cases is not positive,Amazon,NA-AMAZON CANADA,2026,October,6320916559,TDL GRANOLA BAR CAFE MOCHA 12/5 EA,000JFPND8,Closed,0.0,2026-08-25,2026-08-25,DR 2026 - 2026-10-02 (EXCEXP_TLS_000JJKSJR).xlsx,Rebates,1707,TD 2026 Amzn - Aug 25 Bulk Buy
mom,Fcst Inc Cases is not positive,Amazon,NA-AMAZON CANADA,2026,October,6320911277,TDL DECAF KCUP SS 4/30 CT,000JFPND8,Closed,0.0,2026-08-25,2026-08-25,DR 2026 - 2026-10-02 (EXCEXP_TLS_000JJKSJR).xlsx,Rebates,1708,TD 2026 Amzn - Aug 25 Bulk Buy
mom,Fcst Inc Cases is not positive,Amazon,NA-AMAZON CANADA,2026,October,6320911276,TDL DARK ROAST KCUP SS 4/30 CT,000JFPND8,Closed,0.0,2026-08-25,2026-08-25,DR 2026 - 2026-10-02 (EXCEXP_TLS_000JJKSJR).xlsx,Rebates,1709,TD 2026 Amzn - Aug 25 Bulk Buy
mom,Fcst Inc Cases is not positive,Amazon,NA-AMAZON CANADA,2026,October,6320919087,TDL DARK ROAST BAG 6/652 GR,000JFPND8,Closed,0.0,2026-08-25,2026-08-25,DR 2026 - 2026-10-02 (EXCEXP_TLS_000JJKSJR).xlsx,Rebates,1710,TD 2026 Amzn - Aug 25 Bulk Buy
mom,Fcst Inc Cases is not positive,Amazon,NA-AMAZON CANADA,2026,October,6320917200,TDL CREAM OF MUSHROOM 12/540 ML,000JFPND8,Closed,0.0,2026-08-25,2026-08-25,DR 2026 - 2026-10-02 (EXCEXP_TLS_000JJKSJR).xlsx,Rebates,1711,TD 2026 Amzn - Aug 25 Bulk Buy
mom,Fcst Inc Cases is not positive,Amazon,NA-AMAZON CANADA,2026,October,6320912804,TDL CREAM OF BROCCOLI 12/540 ML,000JFPND8,Closed,0.0,2026-08-25,2026-08-25,DR 2026 - 2026-10-02 (EXCEXP_TLS_000JJKSJR).xlsx,Rebates,1712,TD 2026 Amzn - Aug 25 Bulk Buy
mom,Fcst Inc Cases is not positive,Amazon,NA-AMAZON CANADA,2026,October,6618809040,TDL COFFEE TASSIMO REG 5/14 CT,000JFPND8,Closed,0.0,2026-08-25,2026-08-25,DR 2026 - 2026-10-02 (EXCEXP_TLS_000JJKSJR).xlsx,Rebates,1713,TD 2026 Amzn - Aug 25 Bulk Buy
mom,Fcst Inc Cases is not positive,Amazon,NA-AMAZON CANADA,2026,October,6320912646,TDL CHAI TEA 6/20 CT,000JFPND8,Closed,0.0,2026-08-25,2026-08-25,DR 2026 - 2026-10-02 (EXCEXP_TLS_000JJKSJR).xlsx,Rebates,1714,TD 2026 Amzn - Aug 25 Bulk Buy
mom,Fcst Inc Cases is not positive,Amazon,NA-AMAZON CANADA,2026,October,6320909370,TDL CAPPUCCINO FRENCH VANILLA 12/454 GR,000JFPND8,Closed,0.0,2026-08-25,2026-08-25,DR 2026 - 2026-10-02 (EXCEXP_TLS_000JJKSJR).xlsx,Rebates,1715,TD 2026 Amzn - Aug 25 Bulk Buy
mom,Fcst Inc Cases is not positive,Amazon,NA-AMAZON CANADA,2026,October,6320920264,TDL CANDY CANE HOT CHOCOLATE 12/450 GR,000JFPND8,Closed,0.0,2026-08-25,2026-08-25,DR 2026 - 2026-10-02 (EXCEXP_TLS_000JJKSJR).xlsx,Rebates,1716,TD 2026 Amzn - Aug 25 Bulk Buy
mom,Fcst Inc Cases is not positive,Amazon,NA-AMAZON CANADA,2026,October,6320916882,TDL CAFE MOCHA PACKET 5/8 EA,000JFPND8,Closed,0.0,2026-08-25,2026-08-25,DR 2026 - 2026-10-02 (EXCEXP_TLS_000JJKSJR).xlsx,Rebates,1717,TD 2026 Amzn - Aug 25 Bulk Buy
mom,Fcst Inc Cases is not positive,Amazon,NA-AMAZON CANADA,2026,October,6320912645,TDL APPLE CINNAMON TEA 6/20 CT,000JFPND8,Closed,0.0,2026-08-25,2026-08-25,DR 2026 - 2026-10-02 (EXCEXP_TLS_000JJKSJR).xlsx,Rebates,1718,TD 2026 Amzn - Aug 25 Bulk Buy
mom,Fcst Inc Cases is not positive,Amazon,NA-AMAZON CANADA,2026,October,6320914723,TDL KCUP ORIGINAL SS 4/48 CT,000JGQLDT,Closed,0.0,2026-08-25,2026-08-25,DR 2026 - 2026-10-02 (EXCEXP_TLS_000JJKSJR).xlsx,Rebates,1723,TD 2026 Amzn - Aug 25 Bulk Buy 2
mom,Fcst Inc Cases is not positive,Amazon,NA-AMAZON CANADA,2026,October,6320911300,TDL KCUP HOT CHOC ORIGINAL SS 6/10 CT,000JGQLDT,Closed,0.0,2026-08-25,2026-08-25,DR 2026 - 2026-10-02 (EXCEXP_TLS_000JJKSJR).xlsx,Rebates,1724,TD 2026 Amzn - Aug 25 Bulk Buy 2
mom,Fcst Inc Cases is not positive,Amazon,NA-AMAZON CANADA,2026,October,6320919087,TDL DARK ROAST BAG 6/652 GR,000JGQLDT,Closed,0.0,2026-08-25,2026-08-25,DR 2026 - 2026-10-02 (EXCEXP_TLS_000JJKSJR).xlsx,Rebates,1731,TD 2026 Amzn - Aug 25 Bulk Buy 2
mom,Fcst Inc Cases is not positive,Amazon,NA-AMAZON CANADA,2026,October,6320917200,TDL CREAM OF MUSHROOM 12/540 ML,000JGQLDT,Closed,0.0,2026-08-25,2026-08-25,DR 2026 - 2026-10-02 (EXCEXP_TLS_000JJKSJR).xlsx,Rebates,1732,TD 2026 Amzn - Aug 25 Bulk Buy 2
mom,Fcst Inc Cases is not positive,Amazon,NA-AMAZON CANADA,2026,October,6320912804,TDL CREAM OF BROCCOLI 12/540 ML,000JGQLDT,Closed,0.0,2026-08-25,2026-08-25,DR 2026 - 2026-10-02 (EXCEXP_TLS_000JJKSJR).xlsx,Rebates,1733,TD 2026 Amzn - Aug 25 Bulk Buy 2
mom,Fcst Inc Cases is not positive,Amazon,NA-AMAZON CANADA,2026,October,6320912646,TDL CHAI TEA 6/20 CT,000JGQLDT,Closed,0.0,2026-08-25,2026-08-25,DR 2026 - 2026-10-02 (EXCEXP_TLS_000JJKSJR).xlsx,Rebates,1735,TD 2026 Amzn - Aug 25 Bulk Buy 2
mom,Fcst Inc Cases is not positive,Amazon,NA-AMAZON CANADA,2026,October,6320920264,TDL CANDY CANE HOT CHOCOLATE 12/450 GR,000JGQLDT,Closed,0.0,2026-08-25,2026-08-25,DR 2026 - 2026-10-02 (EXCEXP_TLS_000JJKSJR).xlsx,Rebates,1736,TD 2026 Amzn - Aug 25 Bulk Buy 2
mom,Fcst Inc Cases is not positive,Amazon,NA-AMAZON CANADA,2026,October,6320916882,TDL CAFE MOCHA PACKET 5/8 EA,000JGQLDT,Closed,0.0,2026-08-25,2026-08-25,DR 2026 - 2026-10-02 (EXCEXP_TLS_000JJKSJR).xlsx,Rebates,1737,TD 2026 Amzn - Aug 25 Bulk Buy 2
mom,Fcst Inc Cases is not positive,Amazon,NA-AMAZON CANADA,2026,October,6320912645,TDL APPLE CINNAMON TEA 6/20 CT,000JGQLDT,Closed,0.0,2026-08-25,2026-08-25,DR 2026 - 2026-10-02 (EXCEXP_TLS_000JJKSJR).xlsx,Rebates,1738,TD 2026 Amzn - Aug 25 Bulk Buy 2
mom,Fcst Inc Cases is not positive,Amazon,NA-AMAZON CANADA,2026,October,6320911393,TDL KCUP TEA SS 6/12 CT,000JFPNGV,Closed,0.0,2026-09-23,2026-09-23,DR 2026 - 2026-10-02 (EXCEXP_TLS_000JJKSJR).xlsx,Rebates,1749,TD 2026 Amzn - Sept 23 Bulk Buy
mom,Fcst Inc Cases is not positive,Amazon,NA-AMAZON CANADA,2026,October,6320911274,TDL VARIETY KCUP SS 4/30 CT,000JFPPOV,Closed,0.0,2026-09-24,2026-09-24,DR 2026 - 2026-10-02 (EXCEXP_TLS_000JJKSJR).xlsx,Rebates,1776,TD 2026 Amzn - Sept 24 Bulk Buy
mom,Fcst Inc Cases is not positive,Amazon,NA-AMAZON CANADA,2026,October,6320911273,TDL ORIGINAL KCUP SS 4/30 CT,000JFPPOV,Closed,0.0,2026-09-24,2026-09-24,DR 2026 - 2026-10-02 (EXCEXP_TLS_000JJKSJR).xlsx,Rebates,1777,TD 2026 Amzn - Sept 24 Bulk Buy
mom,Fcst Inc Cases is not positive,Amazon,NA-AMAZON CANADA,2026,October,6320918583,TDL NCOMP DECAF ESPRESSO JDE 10/10 CT,000JFPPOV,Closed,0.0,2026-09-24,2026-09-24,DR 2026 - 2026-10-02 (EXCEXP_TLS_000JJKSJR).xlsx,Rebates,1778,TD 2026 Amzn - Sept 24 Bulk Buy
mom,Fcst Inc Cases is not positive,Amazon,NA-AMAZON CANADA,2026,October,6320911393,TDL KCUP TEA SS 6/12 CT,000JFPPOV,Closed,0.0,2026-09-24,2026-09-24,DR 2026 - 2026-10-02 (EXCEXP_TLS_000JJKSJR).xlsx,Rebates,1782,TD 2026 Amzn - Sept 24 Bulk Buy
mom,Fcst Inc Cases is not positive,Amazon,NA-AMAZON CANADA,2026,October,6320914723,TDL KCUP ORIGINAL SS 4/48 CT,000JFPPOV,Closed,0.0,2026-09-24,2026-09-24,DR 2026 - 2026-10-02 (EXCEXP_TLS_000JJKSJR).xlsx,Rebates,1784,TD 2026 Amzn - Sept 24 Bulk Buy
mom,Fcst Inc Cases is not positive,Amazon,NA-AMAZON CANADA,2026,October,6320912574,TDL KCUP ORANGE PEKOE TEA 4/30 CT,000JFPPOV,Closed,0.0,2026-09-24,2026-09-24,DR 2026 - 2026-10-02 (EXCEXP_TLS_000JJKSJR).xlsx,Rebates,1785,TD 2026 Amzn - Sept 24 Bulk Buy
mom,Fcst Inc Cases is not positive,Amazon,NA-AMAZON CANADA,2026,October,6320916482,TDL KCUP MAPLE SS 6/12 CT,000JFPPOV,Closed,0.0,2026-09-24,2026-09-24,DR 2026 - 2026-10-02 (EXCEXP_TLS_000JJKSJR).xlsx,Rebates,1786,TD 2026 Amzn - Sept 24 Bulk Buy
mom,Fcst Inc Cases is not positive,Amazon,NA-AMAZON CANADA,2026,October,6320911300,TDL KCUP HOT CHOC ORIGINAL SS 6/10 CT,000JFPPOV,Closed,0.0,2026-09-24,2026-09-24,DR 2026 - 2026-10-02 (EXCEXP_TLS_000JJKSJR).xlsx,Rebates,1787,TD 2026 Amzn - Sept 24 Bulk Buy
mom,Fcst Inc Cases is not positive,Amazon,NA-AMAZON CANADA,2026,October,6320911855,TDL KCUP FRENCH VANILLA SS 6/12 CT,000JFPPOV,Closed,0.0,2026-09-24,2026-09-24,DR 2026 - 2026-10-02 (EXCEXP_TLS_000JJKSJR).xlsx,Rebates,1789,TD 2026 Amzn - Sept 24 Bulk Buy
mom,Fcst Inc Cases is not positive,Amazon,NA-AMAZON CANADA,2026,October,6320914562,TDL KCUP FRENCH VANILLA 4/30 CT,000JFPPOV,Closed,0.0,2026-09-24,2026-09-24,DR 2026 - 2026-10-02 (EXCEXP_TLS_000JJKSJR).xlsx,Rebates,1790,TD 2026 Amzn - Sept 24 Bulk Buy
mom,Fcst Inc Cases is not positive,Amazon,NA-AMAZON CANADA,2026,October,6320911851,TDL KCUP DARK ROAST SS 6/12 CT,000JFPPOV,Closed,0.0,2026-09-24,2026-09-24,DR 2026 - 2026-10-02 (EXCEXP_TLS_000JJKSJR).xlsx,Rebates,1792,TD 2026 Amzn - Sept 24 Bulk Buy
mom,Fcst Inc Cases is not positive,Amazon,NA-AMAZON CANADA,2026,October,6320914724,TDL KCUP DARK ROAST SS 4/48 CT,000JFPPOV,Closed,0.0,2026-09-24,2026-09-24,DR 2026 - 2026-10-02 (EXCEXP_TLS_000JJKSJR).xlsx,Rebates,1793,TD 2026 Amzn - Sept 24 Bulk Buy
mom,Fcst Inc Cases is not positive,Amazon,NA-AMAZON CANADA,2026,October,6320911853,TDL KCUP COLOMBIAN SS 6/12 CT,000JFPPOV,Closed,0.0,2026-09-24,2026-09-24,DR 2026 - 2026-10-02 (EXCEXP_TLS_000JJKSJR).xlsx,Rebates,1794,TD 2026 Amzn - Sept 24 Bulk Buy
mom,Fcst Inc Cases is not positive,Amazon,NA-AMAZON CANADA,2026,October,6320911272,TDL KCUP CAPPUCCNO FRNCH VAN SS 6/10CT,000JFPPOV,Closed,0.0,2026-09-24,2026-09-24,DR 2026 - 2026-10-02 (EXCEXP_TLS_000JJKSJR).xlsx,Rebates,1795,TD 2026 Amzn - Sept 24 Bulk Buy
mom,Fcst Inc Cases is not positive,Amazon,NA-AMAZON CANADA,2026,October,6320916559,TDL GRANOLA BAR CAFE MOCHA 12/5 EA,000JFPPOV,Closed,0.0,2026-09-24,2026-09-24,DR 2026 - 2026-10-02 (EXCEXP_TLS_000JJKSJR).xlsx,Rebates,1796,TD 2026 Amzn - Sept 24 Bulk Buy
mom,Fcst Inc Cases is not positive,Amazon,NA-AMAZON CANADA,2026,October,6320911277,TDL DECAF KCUP SS 4/30 CT,000JFPPOV,Closed,0.0,2026-09-24,2026-09-24,DR 2026 - 2026-10-02 (EXCEXP_TLS_000JJKSJR).xlsx,Rebates,1797,TD 2026 Amzn - Sept 24 Bulk Buy
mom,Fcst Inc Cases is not positive,Amazon,NA-AMAZON CANADA,2026,October,6320911276,TDL DARK ROAST KCUP SS 4/30 CT,000JFPPOV,Closed,0.0,2026-09-24,2026-09-24,DR 2026 - 2026-10-02 (EXCEXP_TLS_000JJKSJR).xlsx,Rebates,1798,TD 2026 Amzn - Sept 24 Bulk Buy
mom,Fcst Inc Cases is not positive,Amazon,NA-AMAZON CANADA,2026,October,6320919087,TDL DARK ROAST BAG 6/652 GR,000JFPPOV,Closed,0.0,2026-09-24,2026-09-24,DR 2026 - 2026-10-02 (EXCEXP_TLS_000JJKSJR).xlsx,Rebates,1799,TD 2026 Amzn - Sept 24 Bulk Buy
mom,Fcst Inc Cases is not positive,Amazon,NA-AMAZON CANADA,2026,October,6320917200,TDL CREAM OF MUSHROOM 12/540 ML,000JFPPOV,Closed,0.0,2026-09-24,2026-09-24,DR 2026 - 2026-10-02 (EXCEXP_TLS_000JJKSJR).xlsx,Rebates,1800,TD 2026 Amzn - Sept 24 Bulk Buy
mom,Fcst Inc Cases is not positive,Amazon,NA-AMAZON CANADA,2026,October,6320912804,TDL CREAM OF BROCCOLI 12/540 ML,000JFPPOV,Closed,0.0,2026-09-24,2026-09-24,DR 2026 - 2026-10-02 (EXCEXP_TLS_000JJKSJR).xlsx,Rebates,1801,TD 2026 Amzn - Sept 24 Bulk Buy
mom,Fcst Inc Cases is not positive,Amazon,NA-AMAZON CANADA,2026,October,6618809040,TDL COFFEE TASSIMO REG 5/14 CT,000JFPPOV,Closed,0.0,2026-09-24,2026-09-24,DR 2026 - 2026-10-02 (EXCEXP_TLS_000JJKSJR).xlsx,Rebates,1802,TD 2026 Amzn - Sept 24 Bulk Buy
mom,Fcst Inc Cases is not positive,Amazon,NA-AMAZON CANADA,2026,October,6320912646,TDL CHAI TEA 6/20 CT,000JFPPOV,Closed,0.0,2026-09-24,2026-09-24,DR 2026 - 2026-10-02 (EXCEXP_TLS_000JJKSJR).xlsx,Rebates,1803,TD 2026 Amzn - Sept 24 Bulk Buy
mom,Fcst Inc Cases is not positive,Amazon,NA-AMAZON CANADA,2026,October,6320909370,TDL CAPPUCCINO FRENCH VANILLA 12/454 GR,000JFPPOV,Closed,0.0,2026-09-24,2026-09-24,DR 2026 - 2026-10-02 (EXCEXP_TLS_000JJKSJR).xlsx,Rebates,1804,TD 2026 Amzn - Sept 24 Bulk Buy
mom,Fcst Inc Cases is not positive,Amazon,NA-AMAZON CANADA,2026,October,6320920264,TDL CANDY CANE HOT CHOCOLATE 12/450 GR,000JFPPOV,Closed,0.0,2026-09-24,2026-09-24,DR 2026 - 2026-10-02 (EXCEXP_TLS_000JJKSJR).xlsx,Rebates,1805,TD 2026 Amzn - Sept 24 Bulk Buy
mom,Fcst Inc Cases is not positive,Amazon,NA-AMAZON CANADA,2026,October,6320916882,TDL CAFE MOCHA PACKET 5/8 EA,000JFPPOV,Closed,0.0,2026-09-24,2026-09-24,DR 2026 - 2026-10-02 (EXCEXP_TLS_000JJKSJR).xlsx,Rebates,1806,TD 2026 Amzn - Sept 24 Bulk Buy
mom,Fcst Inc Cases is not positive,Amazon,NA-AMAZON CANADA,2026,October,6320912645,TDL APPLE CINNAMON TEA 6/20 CT,000JFPPOV,Closed,0.0,2026-09-24,2026-09-24,DR 2026 - 2026-10-02 (EXCEXP_TLS_000JJKSJR).xlsx,Rebates,1807,TD 2026 Amzn - Sept 24 Bulk Buy
mom,Fcst Inc Cases is not positive,Amazon,NA-AMAZON CANADA,2026,October,6320911300,TDL KCUP HOT CHOC ORIGINAL SS 6/10 CT,000JH0QDQ,Closed,0.0,2026-09-24,2026-09-24,DR 2026 - 2026-10-02 (EXCEXP_TLS_000JJKSJR).xlsx,Rebates,1814,TD 2026 Amzn - Sept 25 Bulk Buy 2
mom,Fcst Inc Cases is not positive,Amazon,NA-AMAZON CANADA,2026,October,6320919087,TDL DARK ROAST BAG 6/652 GR,000JH0QDQ,Closed,0.0,2026-09-24,2026-09-24,DR 2026 - 2026-10-02 (EXCEXP_TLS_000JJKSJR).xlsx,Rebates,1822,TD 2026 Amzn - Sept 25 Bulk Buy 2
mom,Fcst Inc Cases is not positive,Amazon,NA-AMAZON CANADA,2026,October,6320917200,TDL CREAM OF MUSHROOM 12/540 ML,000JH0QDQ,Closed,0.0,2026-09-24,2026-09-24,DR 2026 - 2026-10-02 (EXCEXP_TLS_000JJKSJR).xlsx,Rebates,1823,TD 2026 Amzn - Sept 25 Bulk Buy 2
mom,Fcst Inc Cases is not positive,Amazon,NA-AMAZON CANADA,2026,October,6320912646,TDL CHAI TEA 6/20 CT,000JH0QDQ,Closed,0.0,2026-09-24,2026-09-24,DR 2026 - 2026-10-02 (EXCEXP_TLS_000JJKSJR).xlsx,Rebates,1826,TD 2026 Amzn - Sept 25 Bulk Buy 2
mom,Fcst Inc Cases is not positive,Amazon,NA-AMAZON CANADA,2026,October,6320920264,TDL CANDY CANE HOT CHOCOLATE 12/450 GR,000JH0QDQ,Closed,0.0,2026-09-24,2026-09-24,DR 2026 - 2026-10-02 (EXCEXP_TLS_000JJKSJR).xlsx,Rebates,1827,TD 2026 Amzn - Sept 25 Bulk Buy 2
mom,Fcst Inc Cases is not positive,Amazon,NA-AMAZON CANADA,2026,October,6320916882,TDL CAFE MOCHA PACKET 5/8 EA,000JH0QDQ,Closed,0.0,2026-09-24,2026-09-24,DR 2026 - 2026-10-02 (EXCEXP_TLS_000JJKSJR).xlsx,Rebates,1828,TD 2026 Amzn - Sept 25 Bulk Buy 2
mom,Fcst Inc Cases is not positive,Amazon,NA-AMAZON CANADA,2026,October,6320912645,TDL APPLE CINNAMON TEA 6/20 CT,000JH0QDQ,Closed,0.0,2026-09-24,2026-09-24,DR 2026 - 2026-10-02 (EXCEXP_TLS_000JJKSJR).xlsx,Rebates,1829,TD 2026 Amzn - Sept 25 Bulk Buy 2
mom,Fcst Inc Cases is not positive,Amazon,NA-AMAZON CANADA,2026,October,6320911300,TDL KCUP HOT CHOC ORIGINAL SS 6/10 CT,000JH0QG4,Committed,0.0,2026-10-26,2026-10-26,DR 2026 - 2026-10-02 (EXCEXP_TLS_000JJKSJR).xlsx,Rebates,1838,TD 2026 Amzn - Oct 26 Bulk Buy 2
mom,Fcst Inc Cases is not positive,Amazon,NA-AMAZON CANADA,2026,October,6320917200,TDL CREAM OF MUSHROOM 12/540 ML,000JH0QG4,Committed,0.0,2026-10-26,2026-10-26,DR 2026 - 2026-10-02 (EXCEXP_TLS_000JJKSJR).xlsx,Rebates,1849,TD 2026 Amzn - Oct 26 Bulk Buy 2
mom,Fcst Inc Cases is not positive,Amazon,NA-AMAZON CANADA,2026,October,6320912646,TDL CHAI TEA 6/20 CT,000JH0QG4,Committed,0.0,2026-10-26,2026-10-26,DR 2026 - 2026-10-02 (EXCEXP_TLS_000JJKSJR).xlsx,Rebates,1852,TD 2026 Amzn - Oct 26 Bulk Buy 2
mom,Fcst Inc Cases is not positive,Amazon,NA-AMAZON CANADA,2026,October,6320920264,TDL CANDY CANE HOT CHOCOLATE 12/450 GR,000JH0QG4,Committed,0.0,2026-10-26,2026-10-26,DR 2026 - 2026-10-02 (EXCEXP_TLS_000JJKSJR).xlsx,Rebates,1853,TD 2026 Amzn - Oct 26 Bulk Buy 2
mom,Fcst Inc Cases is not positive,Amazon,NA-AMAZON CANADA,2026,October,6320916882,TDL CAFE MOCHA PACKET 5/8 EA,000JH0QG4,Committed,0.0,2026-10-26,2026-10-26,DR 2026 - 2026-10-02 (EXCEXP_TLS_000JJKSJR).xlsx,Rebates,1854,TD 2026 Amzn - Oct 26 Bulk Buy 2
mom,Fcst Inc Cases is not positive,Amazon,NA-AMAZON CANADA,2026,October,6320912645,TDL APPLE CINNAMON TEA 6/20 CT,000JH0QG4,Committed,0.0,2026-10-26,2026-10-26,DR 2026 - 2026-10-02 (EXCEXP_TLS_000JJKSJR).xlsx,Rebates,1855,TD 2026 Amzn - Oct 26 Bulk Buy 2
mom,Fcst Inc Cases is not positive,Associated Grocers,NA-ASSOCIATED GROCERS,2026,October,TDHBKC-6/10,HB KCOMP 6/10CT,000ITZNQ0,Closed,0.0,2026-03-29,2026-04-04,DR 2026 - 2026-10-02 (EXCEXP_TLS_000JJKSJR).xlsx,Rebates,1904,"TD - AG WEEK 14 AD 12CT PODS, 14 TASS, 10CT HC, 825G-875G TI"
mom,Fcst Inc Cases is not positive,Atlantic Grocers,NA-ATLANTIC GROC,2026,October,6320911393,TDL KCUP TEA SS 6/12 CT,000JHTYVE,Committed,0.0,2026-01-01,2026-12-31,DR 2026 - 2026-10-02 (EXCEXP_TLS_000JJKSJR).xlsx,Rebates,2027,TD Spoilage - Kcups BOI SS
mom,Fcst Inc Cases is not positive,Atlantic Grocers,NA-ATLANTIC GROC,2026,October,TDIC-12/100,INSTANT COFFEE 12/100GR,000ITZIYN,Committed,0.0,2026-06-04,2026-06-10,DR 2026 - 2026-10-02 (EXCEXP_TLS_000JJKSJR).xlsx,Rebates,2063,TD AGD Instant Coffee RPC
mom,Fcst Inc Cases is not positive,Atlantic Grocers,NA-ATLANTIC GROC,2026,October,TDSSKC-4/30,SS KCOMP 4/30CT,000ITZBMN,Committed,0.0,2026-08-13,2026-08-19,DR 2026 - 2026-10-02 (EXCEXP_TLS_000JJKSJR).xlsx,Rebates,2065,TD AGD Kcups 30ct RPC-  LS $500 Klondyke Days & Celebration
mom,Fcst Inc Cases is not positive,Atlantic Grocers,NA-ATLANTIC GROC,2026,October,TDSSKC-6/12,SS KCOMP 6/12CT,000ITYZLI,Committed,0.0,2026-09-30,2026-10-30,DR 2026 - 2026-10-02 (EXCEXP_TLS_000JJKSJR).xlsx,Rebates,2076,TD AGD - Wholesale Program 6/12ct Q4
mom,Fcst Inc Cases is not positive,Atlantic Grocers,NA-ATLANTIC GROC,2026,October,TDHBHC-12/500,HB HOT CHOCOLATE 12/500GR,000JDR220,Committed,0.0,2026-10-22,2026-10-28,DR 2026 - 2026-10-02 (EXCEXP_TLS_000JJKSJR).xlsx,Rebates,2083,TDL CANDY CANE HC 450g - GINGERBREAD K-CUPS 12CT-HC 500G
mom,Fcst Inc Cases is not positive,Atlantic Grocers,NA-ATLANTIC GROC,2026,October,TDSSKC-4/30,SS KCOMP 4/30CT,000ITZ1MQ,Planned,0.0,2026-11-11,2026-11-30,DR 2026 - 2026-10-02 (EXCEXP_TLS_000JJKSJR).xlsx,Rebates,2090,TD AGD 30Ct Kcup Powell's Anniversary Flyer Bronze Level
mom,Fcst Inc Cases is not positive,Beaudry & Cadrin,NA-BEAUDRY & CADRIN,2026,October,TDSSTA-5/14,SS TASSIMO 5/14CT,000ITZ72U,Closed,0.0,2026-01-01,2026-02-01,DR 2026 - 2026-10-02 (EXCEXP_TLS_000JJKSJR).xlsx,Rebates,2100,TD-B&C  Promo Spend Ends Feb 1
mom,Fcst Inc Cases is not positive,Beaudry & Cadrin,NA-BEAUDRY & CADRIN,2026,October,TDSSKC-6/12,SS KCOMP 6/12CT,000ITZ72U,Closed,0.0,2026-01-01,2026-02-01,DR 2026 - 2026-10-02 (EXCEXP_TLS_000JJKSJR).xlsx,Rebates,2101,TD-B&C  Promo Spend Ends Feb 1
mom,Fcst Inc Cases is not positive,Beaudry & Cadrin,NA-BEAUDRY & CADRIN,2026,October,TDSSKC-4/30,SS KCOMP 4/30CT,000ITZ72U,Closed,0.0,2026-01-01,2026-02-01,DR 2026 - 2026-10-02 (EXCEXP_TLS_000JJKSJR).xlsx,Rebates,2102,TD-B&C  Promo Spend Ends Feb 1
mom,Fcst Inc Cases is not positive,Beaudry & Cadrin,NA-BEAUDRY & CADRIN,2026,October,TDSHSP-12/540,SOUPS 12/540ML,000ITZ72U,Closed,0.0,2026-01-01,2026-02-01,DR 2026 - 2026-10-02 (EXCEXP_TLS_000JJKSJR).xlsx,Rebates,2103,TD-B&C  Promo Spend Ends Feb 1
mom,Fcst Inc Cases is not positive,Beaudry & Cadrin,NA-BEAUDRY & CADRIN,2026,October,TDRGSB-6/300,R&G SMALL BAG 6/300GR,000ITZ72U,Closed,0.0,2026-01-01,2026-02-01,DR 2026 - 2026-10-02 (EXCEXP_TLS_000JJKSJR).xlsx,Rebates,2104,TD-B&C  Promo Spend Ends Feb 1
mom,Fcst Inc Cases is not positive,Beaudry & Cadrin,NA-BEAUDRY & CADRIN,2026,October,TDRGLC-6/930,R&G LARGE CAN 6/930GR,000ITZ72U,Closed,0.0,2026-01-01,2026-02-01,DR 2026 - 2026-10-02 (EXCEXP_TLS_000JJKSJR).xlsx,Rebates,2105,TD-B&C  Promo Spend Ends Feb 1
mom,Fcst Inc Cases is not positive,Beaudry & Cadrin,NA-BEAUDRY & CADRIN,2026,October,TDIC-12/100,INSTANT COFFEE 12/100GR,000ITZ72U,Closed,0.0,2026-01-01,2026-02-01,DR 2026 - 2026-10-02 (EXCEXP_TLS_000JJKSJR).xlsx,Rebates,2106,TD-B&C  Promo Spend Ends Feb 1
mom,Fcst Inc Cases is not positive,Beaudry & Cadrin,NA-BEAUDRY & CADRIN,2026,October,TDGB-12/5/30,GRANOLA BAR 12/5/30GR,000ITZ72U,Closed,0.0,2026-01-01,2026-02-01,DR 2026 - 2026-10-02 (EXCEXP_TLS_000JJKSJR).xlsx,Rebates,2107,TD-B&C  Promo Spend Ends Feb 1
mom,Fcst Inc Cases is not positive,Beaudry & Cadrin,NA-BEAUDRY & CADRIN,2026,October,TDSSTA-5/14,SS TASSIMO 5/14CT,000J3Y846,Committed,0.0,2026-02-02,2026-12-31,DR 2026 - 2026-10-02 (EXCEXP_TLS_000JJKSJR).xlsx,Rebates,2109,TD-B&C  Promo Spend Ends Eff Feb 2
mom,Fcst Inc Cases is not positive,Beaudry & Cadrin,NA-BEAUDRY & CADRIN,2026,October,TDSSKC-6/12,SS KCOMP 6/12CT,000J3Y846,Committed,0.0,2026-02-02,2026-12-31,DR 2026 - 2026-10-02 (EXCEXP_TLS_000JJKSJR).xlsx,Rebates,2110,TD-B&C  Promo Spend Ends Eff Feb 2
mom,Fcst Inc Cases is not positive,Beaudry & Cadrin,NA-BEAUDRY & CADRIN,2026,October,TDSSKC-4/30,SS KCOMP 4/30CT,000J3Y846,Committed,0.0,2026-02-02,2026-12-31,DR 2026 - 2026-10-02 (EXCEXP_TLS_000JJKSJR).xlsx,Rebates,2111,TD-B&C  Promo Spend Ends Eff Feb 2
mom,Fcst Inc Cases is not positive,Beaudry & Cadrin,NA-BEAUDRY & CADRIN,2026,October,TDSHSP-12/540,SOUPS 12/540ML,000J3Y846,Committed,0.0,2026-02-02,2026-12-31,DR 2026 - 2026-10-02 (EXCEXP_TLS_000JJKSJR).xlsx,Rebates,2112,TD-B&C  Promo Spend Ends Eff Feb 2
mom,Fcst Inc Cases is not positive,Beaudry & Cadrin,NA-BEAUDRY & CADRIN,2026,October,TDRGSB-6/300,R&G SMALL BAG 6/300GR,000J3Y846,Committed,0.0,2026-02-02,2026-12-31,DR 2026 - 2026-10-02 (EXCEXP_TLS_000JJKSJR).xlsx,Rebates,2113,TD-B&C  Promo Spend Ends Eff Feb 2
mom,Fcst Inc Cases is not positive,Beaudry & Cadrin,NA-BEAUDRY & CADRIN,2026,October,TDRGLC-6/930,R&G LARGE CAN 6/930GR,000J3Y846,Committed,0.0,2026-02-02,2026-12-31,DR 2026 - 2026-10-02 (EXCEXP_TLS_000JJKSJR).xlsx,Rebates,2114,TD-B&C  Promo Spend Ends Eff Feb 2
mom,Fcst Inc Cases is not positive,Beaudry & Cadrin,NA-BEAUDRY & CADRIN,2026,October,TDIC-12/100,INSTANT COFFEE 12/100GR,000J3Y846,Committed,0.0,2026-02-02,2026-12-31,DR 2026 - 2026-10-02 (EXCEXP_TLS_000JJKSJR).xlsx,Rebates,2115,TD-B&C  Promo Spend Ends Eff Feb 2
mom,Fcst Inc Cases is not positive,Beaudry & Cadrin,NA-BEAUDRY & CADRIN,2026,October,TDGB-12/5/30,GRANOLA BAR 12/5/30GR,000J3Y846,Committed,0.0,2026-02-02,2026-12-31,DR 2026 - 2026-10-02 (EXCEXP_TLS_000JJKSJR).xlsx,Rebates,2116,TD-B&C  Promo Spend Ends Eff Feb 2
mom,Fcst Inc Cases is not positive,Canadian Tire,NA-CANADIAN TIRE,2026,October,TDIC-12/100,INSTANT COFFEE 12/100GR,000ITPKGF,Committed,0.0,2026-01-23,2026-01-29,DR 2026 - 2026-10-02 (EXCEXP_TLS_000JJKSJR).xlsx,Rebates,2120,TD - CTC Deal 104 - Instant 100G
mom,Fcst Inc Cases is not positive,Canadian Tire,NA-CANADIAN TIRE,2026,October,TDIC-12/100,INSTANT COFFEE 12/100GR,000ITPMYP,Committed,0.0,2026-02-27,2026-03-05,DR 2026 - 2026-10-02 (EXCEXP_TLS_000JJKSJR).xlsx,Rebates,2128,TD - CTC Deal 109 - Instant 100G
mom,Promo status outside dashboard methodology,Canadian Tire,NA-CANADIAN TIRE,2026,October,TDRGLC-6/930,R&G LARGE CAN 6/930GR,000JJHVU7,Pending,412.0,2026-12-24,2026-12-31,DR 2026 - 2026-10-02 (EXCEXP_TLS_000JJKSJR).xlsx,Rebates,2198,TD CTC Deal 327 R&G LgCan Flyer
mom,Fcst Inc Cases is not positive,Chens,NA-CHENS ENT,2026,October,TDHBHC-5/8,HB HOT CHOCOLATE 5/8CT,000ITZI5Y,Closed,0.0,2026-01-01,2026-01-24,DR 2026 - 2026-10-02 (EXCEXP_TLS_000JJKSJR).xlsx,Rebates,2203,TD- Chens Oct OI - Distributor Order Instant Bags Tea
mom,Fcst Inc Cases is not positive,Chens,NA-CHENS ENT,2026,October,TDHBCAP-5/8,HB CAPPUCCINO 5/8CT,000ITZI5Y,Closed,0.0,2026-01-01,2026-01-24,DR 2026 - 2026-10-02 (EXCEXP_TLS_000JJKSJR).xlsx,Rebates,2204,TD- Chens Oct OI - Distributor Order Instant Bags Tea
mom,Fcst Inc Cases is not positive,Chens,NA-CHENS ENT,2026,October,6320916881,TDL DOUBLE DOUBLE PACKET 5/8 EA,000ITZI63,Closed,0.0,2026-01-28,2026-02-04,DR 2026 - 2026-10-02 (EXCEXP_TLS_000JJKSJR).xlsx,Rebates,2208,TD- Chens Oct OI - Truckload Sale HC 500g 5/8ct
mom,Fcst Inc Cases is not positive,Chens,NA-CHENS ENT,2026,October,6320915305,TDL CAPPUCCINO FRENCH VAN PACKET 5/8 EA,000ITZI63,Closed,0.0,2026-01-28,2026-02-04,DR 2026 - 2026-10-02 (EXCEXP_TLS_000JJKSJR).xlsx,Rebates,2209,TD- Chens Oct OI - Truckload Sale HC 500g 5/8ct
mom,Fcst Inc Cases is not positive,Chens,NA-CHENS ENT,2026,October,6320916882,TDL CAFE MOCHA PACKET 5/8 EA,000ITZI63,Closed,0.0,2026-01-28,2026-02-04,DR 2026 - 2026-10-02 (EXCEXP_TLS_000JJKSJR).xlsx,Rebates,2210,TD- Chens Oct OI - Truckload Sale HC 500g 5/8ct
mom,Fcst Inc Cases is not positive,Chens,NA-CHENS ENT,2026,October,TDRGSB-6/300,R&G SMALL BAG 6/300GR,000ITZI63,Closed,0.0,2026-01-28,2026-02-04,DR 2026 - 2026-10-02 (EXCEXP_TLS_000JJKSJR).xlsx,Rebates,2211,TD- Chens Oct OI - Truckload Sale HC 500g 5/8ct
mom,Fcst Inc Cases is not positive,Chens,NA-CHENS ENT,2026,October,TDIC-12/100,INSTANT COFFEE 12/100GR,000ITZI63,Closed,0.0,2026-01-28,2026-02-04,DR 2026 - 2026-10-02 (EXCEXP_TLS_000JJKSJR).xlsx,Rebates,2212,TD- Chens Oct OI - Truckload Sale HC 500g 5/8ct
mom,Fcst Inc Cases is not positive,Chens,NA-CHENS ENT,2026,October,TDHBHC-5/8,HB HOT CHOCOLATE 5/8CT,000ITZI63,Closed,0.0,2026-01-28,2026-02-04,DR 2026 - 2026-10-02 (EXCEXP_TLS_000JJKSJR).xlsx,Rebates,2213,TD- Chens Oct OI - Truckload Sale HC 500g 5/8ct
mom,Fcst Inc Cases is not positive,Chens,NA-CHENS ENT,2026,October,TDHBHC-12/500,HB HOT CHOCOLATE 12/500GR,000ITZI63,Closed,0.0,2026-01-28,2026-02-04,DR 2026 - 2026-10-02 (EXCEXP_TLS_000JJKSJR).xlsx,Rebates,2214,TD- Chens Oct OI - Truckload Sale HC 500g 5/8ct
mom,Fcst Inc Cases is not positive,Chens,NA-CHENS ENT,2026,October,TDTB-6/20,TEA BAG 6/20CT,000ITZF9T,Closed,0.0,2026-02-06,2026-02-20,DR 2026 - 2026-10-02 (EXCEXP_TLS_000JJKSJR).xlsx,Rebates,2216,TD- Chens Oct OI - Truckload Sale HC 500g 5/8ct
mom,Fcst Inc Cases is not positive,Chens,NA-CHENS ENT,2026,October,TDIC-12/100,INSTANT COFFEE 12/100GR,000ITZF9T,Closed,0.0,2026-02-06,2026-02-20,DR 2026 - 2026-10-02 (EXCEXP_TLS_000JJKSJR).xlsx,Rebates,2217,TD- Chens Oct OI - Truckload Sale HC 500g 5/8ct
mom,Fcst Inc Cases is not positive,Chens,NA-CHENS ENT,2026,October,TDHBHC-5/8,HB HOT CHOCOLATE 5/8CT,000ITZF9T,Closed,0.0,2026-02-06,2026-02-20,DR 2026 - 2026-10-02 (EXCEXP_TLS_000JJKSJR).xlsx,Rebates,2218,TD- Chens Oct OI - Truckload Sale HC 500g 5/8ct
mom,Fcst Inc Cases is not positive,Chens,NA-CHENS ENT,2026,October,TDHBCAP-5/8,HB CAPPUCCINO 5/8CT,000ITZF9T,Closed,0.0,2026-02-06,2026-02-20,DR 2026 - 2026-10-02 (EXCEXP_TLS_000JJKSJR).xlsx,Rebates,2219,TD- Chens Oct OI - Truckload Sale HC 500g 5/8ct
mom,Fcst Inc Cases is not positive,Chens,NA-CHENS ENT,2026,October,TDHBCAP-12/343,HB CAPPUCCINO 12/454GR,000ITZF9T,Closed,0.0,2026-02-06,2026-02-20,DR 2026 - 2026-10-02 (EXCEXP_TLS_000JJKSJR).xlsx,Rebates,2220,TD- Chens Oct OI - Truckload Sale HC 500g 5/8ct
mom,Fcst Inc Cases is not positive,Chens,NA-CHENS ENT,2026,October,TDTB-6/20,TEA BAG 6/20CT,000ITZFB5,Closed,0.0,2026-03-25,2026-04-05,DR 2026 - 2026-10-02 (EXCEXP_TLS_000JJKSJR).xlsx,Rebates,2222,TD- Chens Wholesaler pricing HC 500g 5/8ct Instant soups tea
mom,Fcst Inc Cases is not positive,Chens,NA-CHENS ENT,2026,October,TDSHSP-12/540,SOUPS 12/540ML,000ITZFB5,Closed,0.0,2026-03-25,2026-04-05,DR 2026 - 2026-10-02 (EXCEXP_TLS_000JJKSJR).xlsx,Rebates,2223,TD- Chens Wholesaler pricing HC 500g 5/8ct Instant soups tea
mom,Fcst Inc Cases is not positive,Chens,NA-CHENS ENT,2026,October,TDIC-12/100,INSTANT COFFEE 12/100GR,000ITZFB5,Closed,0.0,2026-03-25,2026-04-05,DR 2026 - 2026-10-02 (EXCEXP_TLS_000JJKSJR).xlsx,Rebates,2224,TD- Chens Wholesaler pricing HC 500g 5/8ct Instant soups tea
mom,Fcst Inc Cases is not positive,Chens,NA-CHENS ENT,2026,October,TDHBHC-5/8,HB HOT CHOCOLATE 5/8CT,000ITZFB5,Closed,0.0,2026-03-25,2026-04-05,DR 2026 - 2026-10-02 (EXCEXP_TLS_000JJKSJR).xlsx,Rebates,2225,TD- Chens Wholesaler pricing HC 500g 5/8ct Instant soups tea
mom,Fcst Inc Cases is not positive,Chens,NA-CHENS ENT,2026,October,TDHBCAP-5/8,HB CAPPUCCINO 5/8CT,000ITZFB5,Closed,0.0,2026-03-25,2026-04-05,DR 2026 - 2026-10-02 (EXCEXP_TLS_000JJKSJR).xlsx,Rebates,2226,TD- Chens Wholesaler pricing HC 500g 5/8ct Instant soups tea
mom,Fcst Inc Cases is not positive,Chens,NA-CHENS ENT,2026,October,TDTB-6/20,TEA BAG 6/20CT,000JDJ19S,Closed,0.0,2026-03-26,2026-03-26,DR 2026 - 2026-10-02 (EXCEXP_TLS_000JJKSJR).xlsx,Rebates,2228,TD Missed OI - Wholesaler HC 500g 5/8ct Instant soups tea
mom,Fcst Inc Cases is not positive,Chens,NA-CHENS ENT,2026,October,TDSHSP-12/540,SOUPS 12/540ML,000JDJ19S,Closed,0.0,2026-03-26,2026-03-26,DR 2026 - 2026-10-02 (EXCEXP_TLS_000JJKSJR).xlsx,Rebates,2229,TD Missed OI - Wholesaler HC 500g 5/8ct Instant soups tea
mom,Fcst Inc Cases is not positive,Chens,NA-CHENS ENT,2026,October,TDIC-12/100,INSTANT COFFEE 12/100GR,000JDJ19S,Closed,0.0,2026-03-26,2026-03-26,DR 2026 - 2026-10-02 (EXCEXP_TLS_000JJKSJR).xlsx,Rebates,2230,TD Missed OI - Wholesaler HC 500g 5/8ct Instant soups tea
mom,Fcst Inc Cases is not positive,Chens,NA-CHENS ENT,2026,October,TDHBHC-5/8,HB HOT CHOCOLATE 5/8CT,000JDJ19S,Closed,0.0,2026-03-26,2026-03-26,DR 2026 - 2026-10-02 (EXCEXP_TLS_000JJKSJR).xlsx,Rebates,2231,TD Missed OI - Wholesaler HC 500g 5/8ct Instant soups tea
mom,Fcst Inc Cases is not positive,Chens,NA-CHENS ENT,2026,October,TDHBCAP-5/8,HB CAPPUCCINO 5/8CT,000JDJ19S,Closed,0.0,2026-03-26,2026-03-26,DR 2026 - 2026-10-02 (EXCEXP_TLS_000JJKSJR).xlsx,Rebates,2232,TD Missed OI - Wholesaler HC 500g 5/8ct Instant soups tea
mom,Fcst Inc Cases is not positive,Chens,NA-CHENS ENT,2026,October,TDIC-12/100,INSTANT COFFEE 12/100GR,000ITZDMS,Closed,0.0,2026-05-14,2026-06-04,DR 2026 - 2026-10-02 (EXCEXP_TLS_000JJKSJR).xlsx,Rebates,2236,TD- Chens June Bulk Buy on Wholesaler OI
mom,Fcst Inc Cases is not positive,Chens,NA-CHENS ENT,2026,October,TDHBHC-5/8,HB HOT CHOCOLATE 5/8CT,000ITZDMS,Closed,0.0,2026-05-14,2026-06-04,DR 2026 - 2026-10-02 (EXCEXP_TLS_000JJKSJR).xlsx,Rebates,2237,TD- Chens June Bulk Buy on Wholesaler OI
mom,Fcst Inc Cases is not positive,Chens,NA-CHENS ENT,2026,October,TDHBCAP-5/8,HB CAPPUCCINO 5/8CT,000ITZDMS,Closed,0.0,2026-05-14,2026-06-04,DR 2026 - 2026-10-02 (EXCEXP_TLS_000JJKSJR).xlsx,Rebates,2238,TD- Chens June Bulk Buy on Wholesaler OI
mom,Fcst Inc Cases is not positive,Chens,NA-CHENS ENT,2026,October,TDRGSB-6/300,R&G SMALL BAG 6/300GR,000ITZI7P,Closed,0.0,2026-06-03,2026-06-15,DR 2026 - 2026-10-02 (EXCEXP_TLS_000JJKSJR).xlsx,Rebates,2240,TD- Chens June Bulk Buy on Wholesaler OI
mom,Fcst Inc Cases is not positive,Chens,NA-CHENS ENT,2026,October,TDHBCAP-12/343,HB CAPPUCCINO 12/454GR,000ITZI7P,Closed,0.0,2026-06-03,2026-06-15,DR 2026 - 2026-10-02 (EXCEXP_TLS_000JJKSJR).xlsx,Rebates,2241,TD- Chens June Bulk Buy on Wholesaler OI
mom,Fcst Inc Cases is not positive,Chens,NA-CHENS ENT,2026,October,TDTB-6/20,TEA BAG 6/20CT,000ITZ752,Closed,0.0,2026-06-30,2026-07-10,DR 2026 - 2026-10-02 (EXCEXP_TLS_000JJKSJR).xlsx,Rebates,2243,TD- Chens July Bulk Buy on Wholesaler OI
mom,Fcst Inc Cases is not positive,Chens,NA-CHENS ENT,2026,October,TDIC-12/100,INSTANT COFFEE 12/100GR,000ITZ752,Closed,0.0,2026-06-30,2026-07-10,DR 2026 - 2026-10-02 (EXCEXP_TLS_000JJKSJR).xlsx,Rebates,2244,TD- Chens July Bulk Buy on Wholesaler OI
mom,Fcst Inc Cases is not positive,Chens,NA-CHENS ENT,2026,October,TDHBHC-5/8,HB HOT CHOCOLATE 5/8CT,000ITZ752,Closed,0.0,2026-06-30,2026-07-10,DR 2026 - 2026-10-02 (EXCEXP_TLS_000JJKSJR).xlsx,Rebates,2245,TD- Chens July Bulk Buy on Wholesaler OI
mom,Fcst Inc Cases is not positive,Chens,NA-CHENS ENT,2026,October,TDHBCAP-5/8,HB CAPPUCCINO 5/8CT,000ITZ752,Closed,0.0,2026-06-30,2026-07-10,DR 2026 - 2026-10-02 (EXCEXP_TLS_000JJKSJR).xlsx,Rebates,2246,TD- Chens July Bulk Buy on Wholesaler OI
mom,Fcst Inc Cases is not positive,Chens,NA-CHENS ENT,2026,October,TDRGSB-6/300,R&G SMALL BAG 6/300GR,000ITZ2DC,Closed,0.0,2026-08-19,2026-09-23,DR 2026 - 2026-10-02 (EXCEXP_TLS_000JJKSJR).xlsx,Rebates,2248,TD- Chens Aug Bulk Buy on Wholesaler OI
mom,Fcst Inc Cases is not positive,Chens,NA-CHENS ENT,2026,October,TDIC-12/100,INSTANT COFFEE 12/100GR,000ITZ2DC,Closed,0.0,2026-08-19,2026-09-23,DR 2026 - 2026-10-02 (EXCEXP_TLS_000JJKSJR).xlsx,Rebates,2249,TD- Chens Aug Bulk Buy on Wholesaler OI
mom,Fcst Inc Cases is not positive,Chens,NA-CHENS ENT,2026,October,TDHBHC-5/8,HB HOT CHOCOLATE 5/8CT,000ITZ2DC,Closed,0.0,2026-08-19,2026-09-23,DR 2026 - 2026-10-02 (EXCEXP_TLS_000JJKSJR).xlsx,Rebates,2250,TD- Chens Aug Bulk Buy on Wholesaler OI
mom,Fcst Inc Cases is not positive,Chens,NA-CHENS ENT,2026,October,TDHBCAP-5/8,HB CAPPUCCINO 5/8CT,000ITZ2DC,Closed,0.0,2026-08-19,2026-09-23,DR 2026 - 2026-10-02 (EXCEXP_TLS_000JJKSJR).xlsx,Rebates,2251,TD- Chens Aug Bulk Buy on Wholesaler OI
mom,Fcst Inc Cases is not positive,Chens,NA-CHENS ENT,2026,October,TDHBCAP-12/343,HB CAPPUCCINO 12/454GR,000ITZ2DP,Closed,0.0,2026-09-04,2026-09-20,DR 2026 - 2026-10-02 (EXCEXP_TLS_000JJKSJR).xlsx,Rebates,2254,TD- Chens Wholesale OI Two TL 12/500g HC split order Nov/Jan
mom,Fcst Inc Cases is not positive,Chens,NA-CHENS ENT,2026,October,TDTB-6/20,TEA BAG 6/20CT,000ITZILV,Committed,0.0,2026-09-24,2026-10-19,DR 2026 - 2026-10-02 (EXCEXP_TLS_000JJKSJR).xlsx,Rebates,2256,TD- Chens Sep Bulk Buy on Wholesaler OI
mom,Fcst Inc Cases is not positive,Chens,NA-CHENS ENT,2026,October,TDRGSB-6/300,R&G SMALL BAG 6/300GR,000ITZILV,Committed,0.0,2026-09-24,2026-10-19,DR 2026 - 2026-10-02 (EXCEXP_TLS_000JJKSJR).xlsx,Rebates,2257,TD- Chens Sep Bulk Buy on Wholesaler OI
mom,Fcst Inc Cases is not positive,Chens,NA-CHENS ENT,2026,October,TDIC-12/100,INSTANT COFFEE 12/100GR,000ITZILV,Committed,0.0,2026-09-24,2026-10-19,DR 2026 - 2026-10-02 (EXCEXP_TLS_000JJKSJR).xlsx,Rebates,2258,TD- Chens Sep Bulk Buy on Wholesaler OI
mom,Fcst Inc Cases is not positive,Chens,NA-CHENS ENT,2026,October,TDHBHC-5/8,HB HOT CHOCOLATE 5/8CT,000ITZILV,Committed,0.0,2026-09-24,2026-10-19,DR 2026 - 2026-10-02 (EXCEXP_TLS_000JJKSJR).xlsx,Rebates,2259,TD- Chens Sep Bulk Buy on Wholesaler OI
mom,Fcst Inc Cases is not positive,Chens,NA-CHENS ENT,2026,October,TDHBCAP-5/8,HB CAPPUCCINO 5/8CT,000ITZILV,Committed,0.0,2026-09-24,2026-10-19,DR 2026 - 2026-10-02 (EXCEXP_TLS_000JJKSJR).xlsx,Rebates,2260,TD- Chens Sep Bulk Buy on Wholesaler OI
mom,Fcst Inc Cases is not positive,CJR Wholesale,NA-CJR WHOLESALE,2026,October,TDSSTA-5/14,SS TASSIMO 5/14CT,000ITZEW1,Committed,0.0,2026-03-04,2026-04-27,DR 2026 - 2026-10-02 (EXCEXP_TLS_000JJKSJR).xlsx,Rebates,2264,TD CJR 6/300g Bag Coffee Promo
mom,Fcst Inc Cases is not positive,Cold Star Solutions,NA-COLD STAR SOLUTIONS,2026,October,TDTB-6/20,TEA BAG 6/20CT,000ITZBNJ,Closed,0.0,2026-01-01,2026-01-31,DR 2026 - 2026-10-02 (EXCEXP_TLS_000JJKSJR).xlsx,Rebates,2293,TD-ColdStar On-going promos (Catalogue) Coop Ends Jan 31
mom,Fcst Inc Cases is not positive,Cold Star Solutions,NA-COLD STAR SOLUTIONS,2026,October,TDSSKC-4/30,SS KCOMP 4/30CT,000ITZBNJ,Closed,0.0,2026-01-01,2026-01-31,DR 2026 - 2026-10-02 (EXCEXP_TLS_000JJKSJR).xlsx,Rebates,2295,TD-ColdStar On-going promos (Catalogue) Coop Ends Jan 31
mom,Fcst Inc Cases is not positive,Cold Star Solutions,NA-COLD STAR SOLUTIONS,2026,October,TDSHSP-24/284,SOUPS 24/284ML,000ITZBNJ,Closed,0.0,2026-01-01,2026-01-31,DR 2026 - 2026-10-02 (EXCEXP_TLS_000JJKSJR).xlsx,Rebates,2296,TD-ColdStar On-going promos (Catalogue) Coop Ends Jan 31
mom,Fcst Inc Cases is not positive,Cold Star Solutions,NA-COLD STAR SOLUTIONS,2026,October,TDHBHC-4/20,HB HOT CHOCOLATE 4/20CT,000ITZBNJ,Closed,0.0,2026-01-01,2026-01-31,DR 2026 - 2026-10-02 (EXCEXP_TLS_000JJKSJR).xlsx,Rebates,2303,TD-ColdStar On-going promos (Catalogue) Coop Ends Jan 31
mom,Fcst Inc Cases is not positive,Cold Star Solutions,NA-COLD STAR SOLUTIONS,2026,October,TDTB-6/20,TEA BAG 6/20CT,000J5CXME,Committed,0.0,2026-02-01,2026-12-31,DR 2026 - 2026-10-02 (EXCEXP_TLS_000JJKSJR).xlsx,Rebates,2308,TD-ColdStar On-going promos (Catalogue) Coop Eff Feb 1
mom,Fcst Inc Cases is not positive,Cold Star Solutions,NA-COLD STAR SOLUTIONS,2026,October,TDSSKC-6/12,SS KCOMP 6/12CT,000J5CXME,Committed,0.0,2026-02-01,2026-12-31,DR 2026 - 2026-10-02 (EXCEXP_TLS_000JJKSJR).xlsx,Rebates,2309,TD-ColdStar On-going promos (Catalogue) Coop Eff Feb 1
mom,Fcst Inc Cases is not positive,Cold Star Solutions,NA-COLD STAR SOLUTIONS,2026,October,TDSSKC-4/30,SS KCOMP 4/30CT,000J5CXME,Committed,0.0,2026-02-01,2026-12-31,DR 2026 - 2026-10-02 (EXCEXP_TLS_000JJKSJR).xlsx,Rebates,2310,TD-ColdStar On-going promos (Catalogue) Coop Eff Feb 1
mom,Fcst Inc Cases is not positive,Cold Star Solutions,NA-COLD STAR SOLUTIONS,2026,October,TDSHSP-24/284,SOUPS 24/284ML,000J5CXME,Committed,0.0,2026-02-01,2026-12-31,DR 2026 - 2026-10-02 (EXCEXP_TLS_000JJKSJR).xlsx,Rebates,2311,TD-ColdStar On-going promos (Catalogue) Coop Eff Feb 1
mom,Fcst Inc Cases is not positive,Cold Star Solutions,NA-COLD STAR SOLUTIONS,2026,October,TDSHSP-12/540,SOUPS 12/540ML,000J5CXME,Committed,0.0,2026-02-01,2026-12-31,DR 2026 - 2026-10-02 (EXCEXP_TLS_000JJKSJR).xlsx,Rebates,2312,TD-ColdStar On-going promos (Catalogue) Coop Eff Feb 1
mom,Fcst Inc Cases is not positive,Cold Star Solutions,NA-COLD STAR SOLUTIONS,2026,October,TDRGSB-6/300,R&G SMALL BAG 6/300GR,000J5CXME,Committed,0.0,2026-02-01,2026-12-31,DR 2026 - 2026-10-02 (EXCEXP_TLS_000JJKSJR).xlsx,Rebates,2313,TD-ColdStar On-going promos (Catalogue) Coop Eff Feb 1
mom,Fcst Inc Cases is not positive,Cold Star Solutions,NA-COLD STAR SOLUTIONS,2026,October,TDRGLC-6/930,R&G LARGE CAN 6/930GR,000J5CXME,Committed,0.0,2026-02-01,2026-12-31,DR 2026 - 2026-10-02 (EXCEXP_TLS_000JJKSJR).xlsx,Rebates,2314,TD-ColdStar On-going promos (Catalogue) Coop Eff Feb 1
mom,Fcst Inc Cases is not positive,Cold Star Solutions,NA-COLD STAR SOLUTIONS,2026,October,TDRGLB-6/2,R&G LARGE BAG 6/2LB,000J5CXME,Committed,0.0,2026-02-01,2026-12-31,DR 2026 - 2026-10-02 (EXCEXP_TLS_000JJKSJR).xlsx,Rebates,2315,TD-ColdStar On-going promos (Catalogue) Coop Eff Feb 1
mom,Fcst Inc Cases is not positive,Cold Star Solutions,NA-COLD STAR SOLUTIONS,2026,October,TDIC-12/100,INSTANT COFFEE 12/100GR,000J5CXME,Committed,0.0,2026-02-01,2026-12-31,DR 2026 - 2026-10-02 (EXCEXP_TLS_000JJKSJR).xlsx,Rebates,2316,TD-ColdStar On-going promos (Catalogue) Coop Eff Feb 1
mom,Fcst Inc Cases is not positive,Cold Star Solutions,NA-COLD STAR SOLUTIONS,2026,October,TDSHHB-12/425,HOT BOWLS 12/425GR,000J5CXME,Committed,0.0,2026-02-01,2026-12-31,DR 2026 - 2026-10-02 (EXCEXP_TLS_000JJKSJR).xlsx,Rebates,2317,TD-ColdStar On-going promos (Catalogue) Coop Eff Feb 1
mom,Fcst Inc Cases is not positive,Cold Star Solutions,NA-COLD STAR SOLUTIONS,2026,October,TDHBHC-4/20,HB HOT CHOCOLATE 4/20CT,000J5CXME,Committed,0.0,2026-02-01,2026-12-31,DR 2026 - 2026-10-02 (EXCEXP_TLS_000JJKSJR).xlsx,Rebates,2318,TD-ColdStar On-going promos (Catalogue) Coop Eff Feb 1
mom,Fcst Inc Cases is not positive,Cold Star Solutions,NA-COLD STAR SOLUTIONS,2026,October,TDHBHC-12/500,HB HOT CHOCOLATE 12/500GR,000J5CXME,Committed,0.0,2026-02-01,2026-12-31,DR 2026 - 2026-10-02 (EXCEXP_TLS_000JJKSJR).xlsx,Rebates,2319,TD-ColdStar On-going promos (Catalogue) Coop Eff Feb 1
mom,Fcst Inc Cases is not positive,Cold Star Solutions,NA-COLD STAR SOLUTIONS,2026,October,TDHBCAP-5/8,HB CAPPUCCINO 5/8CT,000J5CXME,Committed,0.0,2026-02-01,2026-12-31,DR 2026 - 2026-10-02 (EXCEXP_TLS_000JJKSJR).xlsx,Rebates,2320,TD-ColdStar On-going promos (Catalogue) Coop Eff Feb 1
mom,Fcst Inc Cases is not positive,Cold Star Solutions,NA-COLD STAR SOLUTIONS,2026,October,TDGB-12/5/30,GRANOLA BAR 12/5/30GR,000J5CXME,Committed,0.0,2026-02-01,2026-12-31,DR 2026 - 2026-10-02 (EXCEXP_TLS_000JJKSJR).xlsx,Rebates,2321,TD-ColdStar On-going promos (Catalogue) Coop Eff Feb 1
mom,Fcst Inc Cases is not positive,Costco,NA-COSTCO,2026,October,6320908885,TDL ORIGINAL BLEND 252/3 LB,000ITPJP9,Committed,0.0,2026-01-01,2026-12-30,DR 2026 - 2026-10-02 (EXCEXP_TLS_000JJKSJR).xlsx,Rebates,2323,TD Costco Demo Funds
mom,Fcst Inc Cases is not positive,Costco,NA-COSTCO,2026,October,6320915282,TDL HOT CHOC / FV PACKET 256/30 EA,000ITPJP9,Committed,0.0,2026-01-01,2026-12-30,DR 2026 - 2026-10-02 (EXCEXP_TLS_000JJKSJR).xlsx,Rebates,2324,TD Costco Demo Funds
mom,Fcst Inc Cases is not positive,Costco,NA-COSTCO,2026,October,6320911511,TDL ORIGINAL KCUP SS 1/80 CT,000ITPKB8,Committed,0.0,2026-01-01,2026-12-30,DR 2026 - 2026-10-02 (EXCEXP_TLS_000JJKSJR).xlsx,Rebates,2326,TD Costco 2026  Connection Fees
mom,Fcst Inc Cases is not positive,Costco,NA-COSTCO,2026,October,6320916636,TDL KCUP STEEPED TEA ORANGE PEKOE 1/72CT,000ITPKB8,Committed,0.0,2026-01-01,2026-12-30,DR 2026 - 2026-10-02 (EXCEXP_TLS_000JJKSJR).xlsx,Rebates,2327,TD Costco 2026  Connection Fees
mom,Fcst Inc Cases is not positive,Costco,NA-COSTCO,2026,October,TDRGLC-252/3,R&G LARGE CAN 252/3LB,000ITPKB8,Committed,0.0,2026-01-01,2026-12-30,DR 2026 - 2026-10-02 (EXCEXP_TLS_000JJKSJR).xlsx,Rebates,2328,TD Costco 2026  Connection Fees
mom,Fcst Inc Cases is not positive,Costco,NA-COSTCO,2026,October,6320908885,TDL ORIGINAL BLEND 252/3 LB,000ITPJNE,Committed,0.0,2026-01-01,2026-12-31,DR 2026 - 2026-10-02 (EXCEXP_TLS_000JJKSJR).xlsx,Rebates,2330,TD Costco.ca 3LB Can E-Mail Blast
mom,Fcst Inc Cases is not positive,Costco,NA-COSTCO,2026,October,TDSSKC-1/80,SS KCOMP 1/80CT,000ITPJNQ,Committed,0.0,2026-01-01,2026-12-31,DR 2026 - 2026-10-02 (EXCEXP_TLS_000JJKSJR).xlsx,Rebates,2332,TD Costco Pulsed Single Serve Endcap-see notes for contracts
mom,Fcst Inc Cases is not positive,Costco,NA-COSTCO,2026,October,TDSSKC-1/80,SS KCOMP 1/80CT,000J0O9H7,Committed,0.0,2026-01-09,2026-01-11,DR 2026 - 2026-10-02 (EXCEXP_TLS_000JJKSJR).xlsx,Rebates,2334,TD Costco KCUP 80CT 2025 Winter TPD 3-Day Extension Maritime
mom,Fcst Inc Cases is not positive,Costco,NA-COSTCO,2026,October,TDSSKC-1/80,SS KCOMP 1/80CT,000ITPJLW,Closed,0.0,2026-02-16,2026-03-01,DR 2026 - 2026-10-02 (EXCEXP_TLS_000JJKSJR).xlsx,Rebates,2343,TD Costco 80CT SS TPD Q1
mom,Fcst Inc Cases is not positive,Costco,NA-COSTCO,2026,October,TDSSKC-1/80,SS KCOMP 1/80CT,000ITPJLW,Closed,0.0,2026-02-16,2026-03-01,DR 2026 - 2026-10-02 (EXCEXP_TLS_000JJKSJR).xlsx,Rebates,2344,TD Costco 80CT SS TPD Q1
mom,Fcst Inc Cases is not positive,Costco,NA-COSTCO,2026,October,TDSSKC-1/80,SS KCOMP 1/80CT,000ITPJLW,Closed,0.0,2026-02-16,2026-03-01,DR 2026 - 2026-10-02 (EXCEXP_TLS_000JJKSJR).xlsx,Rebates,2345,TD Costco 80CT SS TPD Q1
mom,Fcst Inc Cases is not positive,Costco,NA-COSTCO,2026,October,6320911511,TDL ORIGINAL KCUP SS 1/80 CT,000J7WXRJ,Committed,0.0,2026-03-06,2026-03-08,DR 2026 - 2026-10-02 (EXCEXP_TLS_000JJKSJR).xlsx,Rebates,2347,TD Costco 80CT SS TPD Q1 (3-day)
mom,Fcst Inc Cases is not positive,Costco,NA-COSTCO,2026,October,6320924954,TDL COLOMBIAN KCUP SS 1/80 CT,000JD60CC,Committed,0.0,2026-04-28,2026-05-31,DR 2026 - 2026-10-02 (EXCEXP_TLS_000JJKSJR).xlsx,Rebates,2351,TD Costco SS TPD Columbian Hangover
mom,Fcst Inc Cases is not positive,Costco,NA-COSTCO,2026,October,6320908885,TDL ORIGINAL BLEND 252/3 LB,000J8TDWH,Committed,0.0,2026-05-04,2026-05-10,DR 2026 - 2026-10-02 (EXCEXP_TLS_000JJKSJR).xlsx,Rebates,2353,TD Costco 1.3KG 1-Week TPD
mom,Fcst Inc Cases is not positive,Costco,NA-COSTCO,2026,October,TDSSKC-1/80,SS KCOMP 1/80CT,000J732D3,Closed,0.0,2026-05-25,2026-06-07,DR 2026 - 2026-10-02 (EXCEXP_TLS_000JJKSJR).xlsx,Rebates,2359,TD Costco 80CT SS TPD Q2 (May)
mom,Fcst Inc Cases is not positive,Costco,NA-COSTCO,2026,October,6320908885,TDL ORIGINAL BLEND 252/3 LB,000JEGR7H,Committed,0.0,2026-06-04,2026-06-05,DR 2026 - 2026-10-02 (EXCEXP_TLS_000JJKSJR).xlsx,Rebates,2361,TD Costco Newfoundland 3LB June 2-Day TPD
mom,Fcst Inc Cases is not positive,Costco,NA-COSTCO,2026,October,TDSSKC-1/80,SS KCOMP 1/80CT,000ITPJJQ,Committed,0.0,2026-07-06,2026-07-23,DR 2026 - 2026-10-02 (EXCEXP_TLS_000JJKSJR).xlsx,Rebates,2367,TD Costco 80CT SS TPD Q2
mom,Fcst Inc Cases is not positive,Costco,NA-COSTCO,2026,October,TDSSKC-1/80,SS KCOMP 1/80CT,000ITPJMN,Committed,0.0,2026-08-31,2026-09-13,DR 2026 - 2026-10-02 (EXCEXP_TLS_000JJKSJR).xlsx,Rebates,2377,TD Costco 80CT SS TPD Q3
mom,Fcst Inc Cases is not positive,Costco,NA-COSTCO,2026,October,TDSSKC-1/80,SS KCOMP 1/80CT,000ITPJMN,Committed,0.0,2026-08-31,2026-09-13,DR 2026 - 2026-10-02 (EXCEXP_TLS_000JJKSJR).xlsx,Rebates,2378,TD Costco 80CT SS TPD Q3
mom,Fcst Inc Cases is not positive,Costco,NA-COSTCO,2026,October,6320911511,TDL ORIGINAL KCUP SS 1/80 CT,000JIDO4C,Planned,0.0,2026-09-29,2026-09-29,DR 2026 - 2026-10-02 (EXCEXP_TLS_000JJKSJR).xlsx,Rebates,2380,TD Costco Buy More Save More
mom,Fcst Inc Cases is not positive,Costco,NA-COSTCO,2026,October,6320915282,TDL HOT CHOC / FV PACKET 256/30 EA,000ITPJLE,Planned,0.0,2026-11-09,2026-11-22,DR 2026 - 2026-10-02 (EXCEXP_TLS_000JJKSJR).xlsx,Rebates,2382,TD Costco National FVHC TPD
mom,Fcst Inc Cases is not positive,Costco,NA-COSTCO,2026,October,6320911274,TDL VARIETY KCUP SS 4/30 CT,000ITPJPH,Planned,0.0,2026-11-24,2026-12-07,DR 2026 - 2026-10-02 (EXCEXP_TLS_000JJKSJR).xlsx,Rebates,2387,TD Costco.ca TPD Q4
mom,Fcst Inc Cases is not positive,Costco,NA-COSTCO,2026,October,6320916636,TDL KCUP STEEPED TEA ORANGE PEKOE 1/72CT,000ITPJPH,Planned,0.0,2026-11-24,2026-12-07,DR 2026 - 2026-10-02 (EXCEXP_TLS_000JJKSJR).xlsx,Rebates,2388,TD Costco.ca TPD Q4
mom,Fcst Inc Cases is not positive,Costco,NA-COSTCO,2026,October,6320911272,TDL KCUP CAPPUCCNO FRNCH VAN SS 6/10CT,000ITPJPH,Planned,0.0,2026-11-24,2026-12-07,DR 2026 - 2026-10-02 (EXCEXP_TLS_000JJKSJR).xlsx,Rebates,2389,TD Costco.ca TPD Q4
mom,Fcst Inc Cases is not positive,Costco,NA-COSTCO,2026,October,TDNC-1/60,NCOMP 1/60CT,000ITPJPH,Planned,0.0,2026-11-24,2026-12-07,DR 2026 - 2026-10-02 (EXCEXP_TLS_000JJKSJR).xlsx,Rebates,2390,TD Costco.ca TPD Q4
mom,Fcst Inc Cases is not positive,Costco,NA-COSTCO,2026,October,TDSSKC-1/80,SS KCOMP 1/80CT,000ITPJKI,Planned,0.0,2026-12-08,2026-12-22,DR 2026 - 2026-10-02 (EXCEXP_TLS_000JJKSJR).xlsx,Rebates,2396,TD Costco 80CT SS TPD Q4
mom,Fcst Inc Cases is not positive,Dist Benmar,NA-DIST BENMAR,2026,October,TDSSTA-5/14,SS TASSIMO 5/14CT,000ITZNL0,Closed,0.0,2026-01-01,2026-01-31,DR 2026 - 2026-10-02 (EXCEXP_TLS_000JJKSJR).xlsx,Rebates,2398,TD Ben-Mar annual rebates Ends Jan 31
mom,Fcst Inc Cases is not positive,Dist Benmar,NA-DIST BENMAR,2026,October,TDSSKC-6/12,SS KCOMP 6/12CT,000ITZNL0,Closed,0.0,2026-01-01,2026-01-31,DR 2026 - 2026-10-02 (EXCEXP_TLS_000JJKSJR).xlsx,Rebates,2399,TD Ben-Mar annual rebates Ends Jan 31
mom,Fcst Inc Cases is not positive,Dist Benmar,NA-DIST BENMAR,2026,October,TDSSKC-4/30,SS KCOMP 4/30CT,000ITZNL0,Closed,0.0,2026-01-01,2026-01-31,DR 2026 - 2026-10-02 (EXCEXP_TLS_000JJKSJR).xlsx,Rebates,2400,TD Ben-Mar annual rebates Ends Jan 31
mom,Fcst Inc Cases is not positive,Dist Benmar,NA-DIST BENMAR,2026,October,TDSSKC-4/30,SS KCOMP 4/30CT,000ITZNL0,Closed,0.0,2026-01-01,2026-01-31,DR 2026 - 2026-10-02 (EXCEXP_TLS_000JJKSJR).xlsx,Rebates,2401,TD Ben-Mar annual rebates Ends Jan 31
mom,Fcst Inc Cases is not positive,Dist Benmar,NA-DIST BENMAR,2026,October,TDSHSP-12/540,SOUPS 12/540ML,000ITZNL0,Closed,0.0,2026-01-01,2026-01-31,DR 2026 - 2026-10-02 (EXCEXP_TLS_000JJKSJR).xlsx,Rebates,2402,TD Ben-Mar annual rebates Ends Jan 31
mom,Fcst Inc Cases is not positive,Dist Benmar,NA-DIST BENMAR,2026,October,TDRGSB-6/300,R&G SMALL BAG 6/300GR,000ITZNL0,Closed,0.0,2026-01-01,2026-01-31,DR 2026 - 2026-10-02 (EXCEXP_TLS_000JJKSJR).xlsx,Rebates,2403,TD Ben-Mar annual rebates Ends Jan 31
mom,Fcst Inc Cases is not positive,Dist Benmar,NA-DIST BENMAR,2026,October,TDRGLC-6/930,R&G LARGE CAN 6/930GR,000ITZNL0,Closed,0.0,2026-01-01,2026-01-31,DR 2026 - 2026-10-02 (EXCEXP_TLS_000JJKSJR).xlsx,Rebates,2404,TD Ben-Mar annual rebates Ends Jan 31
mom,Fcst Inc Cases is not positive,Dist Benmar,NA-DIST BENMAR,2026,October,TDIC-12/100,INSTANT COFFEE 12/100GR,000ITZNL0,Closed,0.0,2026-01-01,2026-01-31,DR 2026 - 2026-10-02 (EXCEXP_TLS_000JJKSJR).xlsx,Rebates,2405,TD Ben-Mar annual rebates Ends Jan 31
mom,Fcst Inc Cases is not positive,Dist Benmar,NA-DIST BENMAR,2026,October,TDSHHB-12/425,HOT BOWLS 12/425GR,000ITZNL0,Closed,0.0,2026-01-01,2026-01-31,DR 2026 - 2026-10-02 (EXCEXP_TLS_000JJKSJR).xlsx,Rebates,2406,TD Ben-Mar annual rebates Ends Jan 31
mom,Fcst Inc Cases is not positive,Dist Benmar,NA-DIST BENMAR,2026,October,TDHBHC-12/500,HB HOT CHOCOLATE 12/500GR,000ITZNL0,Closed,0.0,2026-01-01,2026-01-31,DR 2026 - 2026-10-02 (EXCEXP_TLS_000JJKSJR).xlsx,Rebates,2407,TD Ben-Mar annual rebates Ends Jan 31
mom,Fcst Inc Cases is not positive,Dist Benmar,NA-DIST BENMAR,2026,October,TDGB-12/5/30,GRANOLA BAR 12/5/30GR,000ITZNL0,Closed,0.0,2026-01-01,2026-01-31,DR 2026 - 2026-10-02 (EXCEXP_TLS_000JJKSJR).xlsx,Rebates,2408,TD Ben-Mar annual rebates Ends Jan 31
mom,Fcst Inc Cases is not positive,Dist Benmar,NA-DIST BENMAR,2026,October,TDSSKC-6/12,SS KCOMP 6/12CT,000J3YBB7,Committed,0.0,2026-02-01,2026-12-30,DR 2026 - 2026-10-02 (EXCEXP_TLS_000JJKSJR).xlsx,Rebates,2411,TD Ben-Mar annual rebates Eff Feb 1 PI
mom,Fcst Inc Cases is not positive,Dist Benmar,NA-DIST BENMAR,2026,October,TDSSKC-4/30,SS KCOMP 4/30CT,000J3YBB7,Committed,0.0,2026-02-01,2026-12-30,DR 2026 - 2026-10-02 (EXCEXP_TLS_000JJKSJR).xlsx,Rebates,2412,TD Ben-Mar annual rebates Eff Feb 1 PI
mom,Fcst Inc Cases is not positive,Dist Benmar,NA-DIST BENMAR,2026,October,TDSHSP-12/540,SOUPS 12/540ML,000J3YBB7,Committed,0.0,2026-02-01,2026-12-30,DR 2026 - 2026-10-02 (EXCEXP_TLS_000JJKSJR).xlsx,Rebates,2413,TD Ben-Mar annual rebates Eff Feb 1 PI
mom,Fcst Inc Cases is not positive,Dist Benmar,NA-DIST BENMAR,2026,October,TDRGSB-6/300,R&G SMALL BAG 6/300GR,000J3YBB7,Committed,0.0,2026-02-01,2026-12-30,DR 2026 - 2026-10-02 (EXCEXP_TLS_000JJKSJR).xlsx,Rebates,2414,TD Ben-Mar annual rebates Eff Feb 1 PI
mom,Fcst Inc Cases is not positive,Dist Benmar,NA-DIST BENMAR,2026,October,TDRGLC-6/930,R&G LARGE CAN 6/930GR,000J3YBB7,Committed,0.0,2026-02-01,2026-12-30,DR 2026 - 2026-10-02 (EXCEXP_TLS_000JJKSJR).xlsx,Rebates,2415,TD Ben-Mar annual rebates Eff Feb 1 PI
mom,Fcst Inc Cases is not positive,Dist Benmar,NA-DIST BENMAR,2026,October,TDIC-12/100,INSTANT COFFEE 12/100GR,000J3YBB7,Committed,0.0,2026-02-01,2026-12-30,DR 2026 - 2026-10-02 (EXCEXP_TLS_000JJKSJR).xlsx,Rebates,2416,TD Ben-Mar annual rebates Eff Feb 1 PI
mom,Fcst Inc Cases is not positive,Dist Benmar,NA-DIST BENMAR,2026,October,TDSHHB-12/425,HOT BOWLS 12/425GR,000J3YBB7,Committed,0.0,2026-02-01,2026-12-30,DR 2026 - 2026-10-02 (EXCEXP_TLS_000JJKSJR).xlsx,Rebates,2417,TD Ben-Mar annual rebates Eff Feb 1 PI
mom,Fcst Inc Cases is not positive,Dist Benmar,NA-DIST BENMAR,2026,October,TDHBHC-12/500,HB HOT CHOCOLATE 12/500GR,000J3YBB7,Committed,0.0,2026-02-01,2026-12-30,DR 2026 - 2026-10-02 (EXCEXP_TLS_000JJKSJR).xlsx,Rebates,2418,TD Ben-Mar annual rebates Eff Feb 1 PI
mom,Fcst Inc Cases is not positive,Dist Benmar,NA-DIST BENMAR,2026,October,TDGB-12/5/30,GRANOLA BAR 12/5/30GR,000J3YBB7,Committed,0.0,2026-02-01,2026-12-30,DR 2026 - 2026-10-02 (EXCEXP_TLS_000JJKSJR).xlsx,Rebates,2419,TD Ben-Mar annual rebates Eff Feb 1 PI
mom,Fcst Inc Cases is not positive,Dist Benmar,NA-DIST BENMAR,2026,October,TDSSKC-6/12,SS KCOMP 6/12CT,000ITZ2DK,Committed,0.0,2026-02-01,2026-12-31,DR 2026 - 2026-10-02 (EXCEXP_TLS_000JJKSJR).xlsx,Rebates,2421,TD- BenMar Bulk Rate net of Ann. Rates -depends on order qty
mom,Fcst Inc Cases is not positive,Dist Benmar,NA-DIST BENMAR,2026,October,TDSSKC-4/30,SS KCOMP 4/30CT,000ITZ2DK,Committed,0.0,2026-02-01,2026-12-31,DR 2026 - 2026-10-02 (EXCEXP_TLS_000JJKSJR).xlsx,Rebates,2422,TD- BenMar Bulk Rate net of Ann. Rates -depends on order qty
mom,Fcst Inc Cases is not positive,Dist Benmar,NA-DIST BENMAR,2026,October,TDRGSB-6/300,R&G SMALL BAG 6/300GR,000ITZ2DK,Committed,0.0,2026-02-01,2026-12-31,DR 2026 - 2026-10-02 (EXCEXP_TLS_000JJKSJR).xlsx,Rebates,2423,TD- BenMar Bulk Rate net of Ann. Rates -depends on order qty
mom,Fcst Inc Cases is not positive,Dist Benmar,NA-DIST BENMAR,2026,October,TDRGLC-6/930,R&G LARGE CAN 6/930GR,000ITZ2DK,Committed,0.0,2026-02-01,2026-12-31,DR 2026 - 2026-10-02 (EXCEXP_TLS_000JJKSJR).xlsx,Rebates,2424,TD- BenMar Bulk Rate net of Ann. Rates -depends on order qty
mom,Fcst Inc Cases is not positive,Dist Benmar,NA-DIST BENMAR,2026,October,TDRGLC-6/930,R&G LARGE CAN 6/930GR,000ITZ2DK,Committed,0.0,2026-02-01,2026-12-31,DR 2026 - 2026-10-02 (EXCEXP_TLS_000JJKSJR).xlsx,Rebates,2425,TD- BenMar Bulk Rate net of Ann. Rates -depends on order qty
mom,Fcst Inc Cases is not positive,Fed Coop,NA-FED CO-OP,2026,October,TDSSTA-5/14,SS TASSIMO 5/14CT,000JB0FUX,Closed,0.0,2026-01-01,2026-01-05,DR 2026 - 2026-10-02 (EXCEXP_TLS_000JJKSJR).xlsx,Rebates,2427,TD Price Drop Week 50-53 Pt2
mom,Fcst Inc Cases is not positive,Fed Coop,NA-FED CO-OP,2026,October,TDIC-12/100,INSTANT COFFEE 12/100GR,000JB0FUX,Closed,0.0,2026-01-01,2026-01-05,DR 2026 - 2026-10-02 (EXCEXP_TLS_000JJKSJR).xlsx,Rebates,2428,TD Price Drop Week 50-53 Pt2
mom,Fcst Inc Cases is not positive,Fed Coop,NA-FED CO-OP,2026,October,TDSHHB-12/425,HOT BOWLS 12/425GR,000JB0FUX,Closed,0.0,2026-01-01,2026-01-05,DR 2026 - 2026-10-02 (EXCEXP_TLS_000JJKSJR).xlsx,Rebates,2429,TD Price Drop Week 50-53 Pt2
mom,Fcst Inc Cases is not positive,Fed Coop,NA-FED CO-OP,2026,October,6320923707,TDL COFFEE FINE/DARK 1/2 DRP 126/1 EA,000J433WO,Committed,0.0,2026-02-01,2026-12-31,DR 2026 - 2026-10-02 (EXCEXP_TLS_000JJKSJR).xlsx,Rebates,2439,TD FCL 15% OI Disp Eff. Feb 1
mom,Fcst Inc Cases is not positive,Fed Coop,NA-FED CO-OP,2026,October,TDSSKC-16/30,SS KCOMP 16/30CT,000J433WO,Committed,0.0,2026-02-01,2026-12-31,DR 2026 - 2026-10-02 (EXCEXP_TLS_000JJKSJR).xlsx,Rebates,2440,TD FCL 15% OI Disp Eff. Feb 1
mom,Fcst Inc Cases is not positive,Fed Coop,NA-FED CO-OP,2026,October,TDSSKC-145/30,SS KCOMP 145/30CT,000J433WO,Committed,0.0,2026-02-01,2026-12-31,DR 2026 - 2026-10-02 (EXCEXP_TLS_000JJKSJR).xlsx,Rebates,2441,TD FCL 15% OI Disp Eff. Feb 1
mom,Fcst Inc Cases is not positive,Fed Coop,NA-FED CO-OP,2026,October,TDSHSP-288/540,SOUPS 288/540ML,000J433WO,Committed,0.0,2026-02-01,2026-12-31,DR 2026 - 2026-10-02 (EXCEXP_TLS_000JJKSJR).xlsx,Rebates,2442,TD FCL 15% OI Disp Eff. Feb 1
mom,Fcst Inc Cases is not positive,Fed Coop,NA-FED CO-OP,2026,October,TDSHHB-12/425,HOT BOWLS 12/425GR,000J6OUU6,Closed,0.0,2026-04-16,2026-05-06,DR 2026 - 2026-10-02 (EXCEXP_TLS_000JJKSJR).xlsx,Rebates,2465,TD PRICE DROP 516   - CHILE
mom,Fcst Inc Cases is not positive,Fed Coop,NA-FED CO-OP,2026,October,6320911393,TDL KCUP TEA SS 6/12 CT,000ITP8SQ,Closed,0.0,2026-05-07,2026-05-27,DR 2026 - 2026-10-02 (EXCEXP_TLS_000JJKSJR).xlsx,Rebates,2467,TD Price Drop wk 19 HC10ct 12ct ncomp FVC Tass
mom,Fcst Inc Cases is not positive,Fed Coop,NA-FED CO-OP,2026,October,TDSSKC-16/30,SS KCOMP 16/30CT,000JCUO5D,Closed,0.0,2026-04-20,2026-05-10,DR 2026 - 2026-10-02 (EXCEXP_TLS_000JJKSJR).xlsx,Rebates,2478,TD FCL Temp Additional OI 16/30
mom,Fcst Inc Cases is not positive,Fed Coop,NA-FED CO-OP,2026,October,TDSHSP-12/540,SOUPS 12/540ML,000JBBU6F,Committed,0.0,2026-06-25,2026-07-01,DR 2026 - 2026-10-02 (EXCEXP_TLS_000JJKSJR).xlsx,Rebates,2489,TD WK 26 Flyer Soup/Chili
mom,Fcst Inc Cases is not positive,Fed Coop,NA-FED CO-OP,2026,October,TDSHHB-12/425,HOT BOWLS 12/425GR,000JBBU6F,Committed,0.0,2026-06-25,2026-07-01,DR 2026 - 2026-10-02 (EXCEXP_TLS_000JJKSJR).xlsx,Rebates,2491,TD WK 26 Flyer Soup/Chili
mom,Fcst Inc Cases is not positive,Fed Coop,NA-FED CO-OP,2026,October,6320911274,TDL VARIETY KCUP SS 4/30 CT,000ITPAQT,Committed,0.0,2026-07-02,2026-07-08,DR 2026 - 2026-10-02 (EXCEXP_TLS_000JJKSJR).xlsx,Rebates,2495,TD WK 27 Flyer Tins 2lb 4/30ct 4/24ct FVC 6/640g
mom,Fcst Inc Cases is not positive,Fed Coop,NA-FED CO-OP,2026,October,6320911273,TDL ORIGINAL KCUP SS 4/30 CT,000ITPAQT,Committed,0.0,2026-07-02,2026-07-08,DR 2026 - 2026-10-02 (EXCEXP_TLS_000JJKSJR).xlsx,Rebates,2497,TD WK 27 Flyer Tins 2lb 4/30ct 4/24ct FVC 6/640g
mom,Fcst Inc Cases is not positive,Fed Coop,NA-FED CO-OP,2026,October,6320912574,TDL KCUP ORANGE PEKOE TEA 4/30 CT,000ITPAQT,Committed,0.0,2026-07-02,2026-07-08,DR 2026 - 2026-10-02 (EXCEXP_TLS_000JJKSJR).xlsx,Rebates,2499,TD WK 27 Flyer Tins 2lb 4/30ct 4/24ct FVC 6/640g
mom,Fcst Inc Cases is not positive,Fed Coop,NA-FED CO-OP,2026,October,6320914562,TDL KCUP FRENCH VANILLA 4/30 CT,000ITPAQT,Committed,0.0,2026-07-02,2026-07-08,DR 2026 - 2026-10-02 (EXCEXP_TLS_000JJKSJR).xlsx,Rebates,2501,TD WK 27 Flyer Tins 2lb 4/30ct 4/24ct FVC 6/640g
mom,Fcst Inc Cases is not positive,Fed Coop,NA-FED CO-OP,2026,October,6320911277,TDL DECAF KCUP SS 4/30 CT,000ITPAQT,Committed,0.0,2026-07-02,2026-07-08,DR 2026 - 2026-10-02 (EXCEXP_TLS_000JJKSJR).xlsx,Rebates,2503,TD WK 27 Flyer Tins 2lb 4/30ct 4/24ct FVC 6/640g
mom,Fcst Inc Cases is not positive,Fed Coop,NA-FED CO-OP,2026,October,6320911276,TDL DARK ROAST KCUP SS 4/30 CT,000ITPAQT,Committed,0.0,2026-07-02,2026-07-08,DR 2026 - 2026-10-02 (EXCEXP_TLS_000JJKSJR).xlsx,Rebates,2505,TD WK 27 Flyer Tins 2lb 4/30ct 4/24ct FVC 6/640g
mom,Fcst Inc Cases is not positive,Fed Coop,NA-FED CO-OP,2026,October,6320911275,TDL COLOMBIAN KCUP SS 4/30 CT,000ITPAQT,Committed,0.0,2026-07-02,2026-07-08,DR 2026 - 2026-10-02 (EXCEXP_TLS_000JJKSJR).xlsx,Rebates,2507,TD WK 27 Flyer Tins 2lb 4/30ct 4/24ct FVC 6/640g
mom,Fcst Inc Cases is not positive,Fed Coop,NA-FED CO-OP,2026,October,TDSSKCC-4/24,SS KCOMP CAP 4/24CT,000ITPAQT,Committed,0.0,2026-07-02,2026-07-08,DR 2026 - 2026-10-02 (EXCEXP_TLS_000JJKSJR).xlsx,Rebates,2511,TD WK 27 Flyer Tins 2lb 4/30ct 4/24ct FVC 6/640g
mom,Fcst Inc Cases is not positive,Fed Coop,NA-FED CO-OP,2026,October,TDRGLC-6/930,R&G LARGE CAN 6/930GR,000ITPAQT,Committed,0.0,2026-07-02,2026-07-08,DR 2026 - 2026-10-02 (EXCEXP_TLS_000JJKSJR).xlsx,Rebates,2513,TD WK 27 Flyer Tins 2lb 4/30ct 4/24ct FVC 6/640g
mom,Fcst Inc Cases is not positive,Fed Coop,NA-FED CO-OP,2026,October,TDRGLB-6/2,R&G LARGE BAG 6/2LB,000ITPAQT,Committed,0.0,2026-07-02,2026-07-08,DR 2026 - 2026-10-02 (EXCEXP_TLS_000JJKSJR).xlsx,Rebates,2515,TD WK 27 Flyer Tins 2lb 4/30ct 4/24ct FVC 6/640g
mom,Fcst Inc Cases is not positive,Fed Coop,NA-FED CO-OP,2026,October,TDRDIC-6/142,ICED COFFEE 6/1.42L,000JDPWKL,Committed,0.0,2026-07-09,2026-07-29,DR 2026 - 2026-10-02 (EXCEXP_TLS_000JJKSJR).xlsx,Rebates,2518,TD Price Drop WK28 Iced Coffee
mom,Fcst Inc Cases is not positive,Fed Coop,NA-FED CO-OP,2026,October,TDSHSP-12/540,SOUPS 12/540ML,000ITPAS7,Committed,0.0,2026-07-16,2026-07-22,DR 2026 - 2026-10-02 (EXCEXP_TLS_000JJKSJR).xlsx,Rebates,2520,TD WK 29 Flyer Soup 540ML
mom,Fcst Inc Cases is not positive,Fed Coop,NA-FED CO-OP,2026,October,TDSSKC-4/30,SS KCOMP 4/30CT,000ITPAVG,Committed,0.0,2026-08-13,2026-09-16,DR 2026 - 2026-10-02 (EXCEXP_TLS_000JJKSJR).xlsx,Rebates,2532,TD WK 34-38 BTS Large tin
mom,Fcst Inc Cases is not positive,Fed Coop,NA-FED CO-OP,2026,October,TDSHSP-12/540,SOUPS 12/540ML,000ITPAUT,Committed,0.0,2026-08-13,2026-09-16,DR 2026 - 2026-10-02 (EXCEXP_TLS_000JJKSJR).xlsx,Rebates,2536,TD BTS WK 33-37 Flyer Soup
mom,Fcst Inc Cases is not positive,Fed Coop,NA-FED CO-OP,2026,October,TDSHSP-12/540,SOUPS 12/540ML,000ITPAUT,Committed,0.0,2026-08-13,2026-09-16,DR 2026 - 2026-10-02 (EXCEXP_TLS_000JJKSJR).xlsx,Rebates,2537,TD BTS WK 33-37 Flyer Soup
mom,Fcst Inc Cases is not positive,Fed Coop,NA-FED CO-OP,2026,October,TDSHSP-12/540,SOUPS 12/540ML,000JJ8HCU,Planned,0.0,2026-11-12,2026-11-18,DR 2026 - 2026-10-02 (EXCEXP_TLS_000JJKSJR).xlsx,Rebates,2581,TD WK 48 Flyer CHILI/LOADED/SOUPS
mom,Fcst Inc Cases is not positive,Fed Coop,NA-FED CO-OP,2026,October,TDSHHB-12/425,HOT BOWLS 12/425GR,000JJ8HCU,Planned,0.0,2026-11-12,2026-11-18,DR 2026 - 2026-10-02 (EXCEXP_TLS_000JJKSJR).xlsx,Rebates,2583,TD WK 48 Flyer CHILI/LOADED/SOUPS
mom,Fcst Inc Cases is not positive,Fed Coop,NA-FED CO-OP,2026,October,TDSSKC-4/30,SS KCOMP 4/30CT,000JJF865,Committed,0.0,2026-12-03,2026-12-16,DR 2026 - 2026-10-02 (EXCEXP_TLS_000JJKSJR).xlsx,Rebates,2606,TD WK 49-50 Festive Flyer Kcup 30Ct
mom,Fcst Inc Cases is not positive,FKK Wholesale,NA-FKK WHSL,2026,October,TDRGSB-6/300,R&G SMALL BAG 6/300GR,000JAM6UZ,Closed,0.0,2026-03-25,2026-04-10,DR 2026 - 2026-10-02 (EXCEXP_TLS_000JJKSJR).xlsx,Rebates,2609,TD - FKK Wholesaler bulk buy OI
mom,Fcst Inc Cases is not positive,FKK Wholesale,NA-FKK WHSL,2026,October,TDSSKC-6/12,SS KCOMP 6/12CT,000JHAK7P,Closed,0.0,2026-08-11,2026-08-21,DR 2026 - 2026-10-02 (EXCEXP_TLS_000JJKSJR).xlsx,Rebates,2611,TD - FKK Wholesaler bulk buy OI
mom,Fcst Inc Cases is not positive,FKK Wholesale,NA-FKK WHSL,2026,October,TDSSKC-6/10,SS KCOMP 6/10CT,000JHAK7P,Closed,0.0,2026-08-11,2026-08-21,DR 2026 - 2026-10-02 (EXCEXP_TLS_000JJKSJR).xlsx,Rebates,2612,TD - FKK Wholesaler bulk buy OI
mom,Fcst Inc Cases is not positive,FKK Wholesale,NA-FKK WHSL,2026,October,TDRGSB-6/300,R&G SMALL BAG 6/300GR,000JHAK7P,Closed,0.0,2026-08-11,2026-08-21,DR 2026 - 2026-10-02 (EXCEXP_TLS_000JJKSJR).xlsx,Rebates,2613,TD - FKK Wholesaler bulk buy OI
mom,Fcst Inc Cases is not positive,FKK Wholesale,NA-FKK WHSL,2026,October,TDHBHC-6/10,HB HOT CHOCOLATE 6/10CT,000JHAK7P,Closed,0.0,2026-08-11,2026-08-21,DR 2026 - 2026-10-02 (EXCEXP_TLS_000JJKSJR).xlsx,Rebates,2614,TD - FKK Wholesaler bulk buy OI
mom,Fcst Inc Cases is not positive,Giant Tiger,NA-GIANT TIGER,2026,October,TDSHHB-12/425,HOT BOWLS 12/425GR,000ITPJ35,Closed,0.0,2026-01-01,2026-06-30,DR 2026 - 2026-10-02 (EXCEXP_TLS_000JJKSJR).xlsx,Rebates,2634,TD GT East/West cost Gap Chili
mom,Fcst Inc Cases is not positive,Giant Tiger,NA-GIANT TIGER,2026,October,TDNC-10/10,NCOMP 10/10CT,000J2UO1K,Committed,0.0,2026-01-01,2026-12-31,DR 2026 - 2026-10-02 (EXCEXP_TLS_000JJKSJR).xlsx,Rebates,2636,TD NESPRESSO OFF INVOICE
mom,Fcst Inc Cases is not positive,Giant Tiger,NA-GIANT TIGER,2026,October,TDSHSP-12/540,SOUPS 12/540ML,000ITPH27,Committed,0.0,2026-01-01,2026-12-31,DR 2026 - 2026-10-02 (EXCEXP_TLS_000JJKSJR).xlsx,Rebates,2638,TD GT East/West cost Gap Soup
mom,Fcst Inc Cases is not positive,Giant Tiger,NA-GIANT TIGER,2026,October,TDSHSP-12/400,SOUPS 12/400ML,000ITPBW2,Closed,0.0,2026-01-07,2026-01-13,DR 2026 - 2026-10-02 (EXCEXP_TLS_000JJKSJR).xlsx,Rebates,2643,TD GT January  SOUP Flyer
mom,Fcst Inc Cases is not positive,Giant Tiger,NA-GIANT TIGER,2026,October,TDSSKC-6/12,SS KCOMP 6/12CT,000ITPGSV,Closed,0.0,2026-02-01,2026-02-28,DR 2026 - 2026-10-02 (EXCEXP_TLS_000JJKSJR).xlsx,Rebates,2653,TD Giant Tiger Monthly promotion
mom,Fcst Inc Cases is not positive,Giant Tiger,NA-GIANT TIGER,2026,October,TDSSKC-6/10,SS KCOMP 6/10CT,000ITPGSV,Closed,0.0,2026-02-01,2026-02-28,DR 2026 - 2026-10-02 (EXCEXP_TLS_000JJKSJR).xlsx,Rebates,2654,TD Giant Tiger Monthly promotion
mom,Fcst Inc Cases is not positive,Giant Tiger,NA-GIANT TIGER,2026,October,TDSSKC-4/30,SS KCOMP 4/30CT,000ITPGSV,Closed,0.0,2026-02-01,2026-02-28,DR 2026 - 2026-10-02 (EXCEXP_TLS_000JJKSJR).xlsx,Rebates,2655,TD Giant Tiger Monthly promotion
mom,Fcst Inc Cases is not positive,Giant Tiger,NA-GIANT TIGER,2026,October,TDRGSB-6/300,R&G SMALL BAG 6/300GR,000ITPGSV,Closed,0.0,2026-02-01,2026-02-28,DR 2026 - 2026-10-02 (EXCEXP_TLS_000JJKSJR).xlsx,Rebates,2656,TD Giant Tiger Monthly promotion
mom,Fcst Inc Cases is not positive,Giant Tiger,NA-GIANT TIGER,2026,October,TDRGLC-6/930,R&G LARGE CAN 6/930GR,000ITPGSV,Closed,0.0,2026-02-01,2026-02-28,DR 2026 - 2026-10-02 (EXCEXP_TLS_000JJKSJR).xlsx,Rebates,2657,TD Giant Tiger Monthly promotion
mom,Fcst Inc Cases is not positive,Giant Tiger,NA-GIANT TIGER,2026,October,TDIC-12/100,INSTANT COFFEE 12/100GR,000ITPGSV,Closed,0.0,2026-02-01,2026-02-28,DR 2026 - 2026-10-02 (EXCEXP_TLS_000JJKSJR).xlsx,Rebates,2658,TD Giant Tiger Monthly promotion
mom,Fcst Inc Cases is not positive,Giant Tiger,NA-GIANT TIGER,2026,October,TDSSKC-6/12,SS KCOMP 6/12CT,000ITPI9K,Closed,0.0,2026-02-02,2026-03-30,DR 2026 - 2026-10-02 (EXCEXP_TLS_000JJKSJR).xlsx,Rebates,2664,TD GIANT TIGER PRICE INCREASE PROTECTION
mom,Fcst Inc Cases is not positive,Giant Tiger,NA-GIANT TIGER,2026,October,TDSSKC-6/10,SS KCOMP 6/10CT,000ITPI9K,Closed,0.0,2026-02-02,2026-03-30,DR 2026 - 2026-10-02 (EXCEXP_TLS_000JJKSJR).xlsx,Rebates,2665,TD GIANT TIGER PRICE INCREASE PROTECTION
mom,Fcst Inc Cases is not positive,Giant Tiger,NA-GIANT TIGER,2026,October,TDSSKC-4/30,SS KCOMP 4/30CT,000ITPI9K,Closed,0.0,2026-02-02,2026-03-30,DR 2026 - 2026-10-02 (EXCEXP_TLS_000JJKSJR).xlsx,Rebates,2666,TD GIANT TIGER PRICE INCREASE PROTECTION
mom,Fcst Inc Cases is not positive,Giant Tiger,NA-GIANT TIGER,2026,October,TDSHSP-12/540,SOUPS 12/540ML,000ITPI9K,Closed,0.0,2026-02-02,2026-03-30,DR 2026 - 2026-10-02 (EXCEXP_TLS_000JJKSJR).xlsx,Rebates,2667,TD GIANT TIGER PRICE INCREASE PROTECTION
mom,Fcst Inc Cases is not positive,Giant Tiger,NA-GIANT TIGER,2026,October,TDRGSB-6/300,R&G SMALL BAG 6/300GR,000ITPI9K,Closed,0.0,2026-02-02,2026-03-30,DR 2026 - 2026-10-02 (EXCEXP_TLS_000JJKSJR).xlsx,Rebates,2668,TD GIANT TIGER PRICE INCREASE PROTECTION
mom,Fcst Inc Cases is not positive,Giant Tiger,NA-GIANT TIGER,2026,October,6320911393,TDL KCUP TEA SS 6/12 CT,000ITPH5L,Committed,0.0,2026-03-02,2026-04-05,DR 2026 - 2026-10-02 (EXCEXP_TLS_000JJKSJR).xlsx,Rebates,2673,TD GT HOT CHOCOLATE/SS KCOMP 6/12CT March ISF
mom,Fcst Inc Cases is not positive,Giant Tiger,NA-GIANT TIGER,2026,October,6320916881,TDL DOUBLE DOUBLE PACKET 5/8 EA,000ITPH5L,Committed,0.0,2026-03-02,2026-04-05,DR 2026 - 2026-10-02 (EXCEXP_TLS_000JJKSJR).xlsx,Rebates,2674,TD GT HOT CHOCOLATE/SS KCOMP 6/12CT March ISF
mom,Fcst Inc Cases is not positive,Giant Tiger,NA-GIANT TIGER,2026,October,6320915305,TDL CAPPUCCINO FRENCH VAN PACKET 5/8 EA,000ITPH5L,Committed,0.0,2026-03-02,2026-04-05,DR 2026 - 2026-10-02 (EXCEXP_TLS_000JJKSJR).xlsx,Rebates,2675,TD GT HOT CHOCOLATE/SS KCOMP 6/12CT March ISF
mom,Fcst Inc Cases is not positive,Giant Tiger,NA-GIANT TIGER,2026,October,6320920264,TDL CANDY CANE HOT CHOCOLATE 12/450 GR,000ITPH5L,Committed,0.0,2026-03-02,2026-04-05,DR 2026 - 2026-10-02 (EXCEXP_TLS_000JJKSJR).xlsx,Rebates,2676,TD GT HOT CHOCOLATE/SS KCOMP 6/12CT March ISF
mom,Fcst Inc Cases is not positive,Giant Tiger,NA-GIANT TIGER,2026,October,TDHBHC-12/450,HB HOT CHOCOLATE 12/450GR,000ITPH5L,Committed,0.0,2026-03-02,2026-04-05,DR 2026 - 2026-10-02 (EXCEXP_TLS_000JJKSJR).xlsx,Rebates,2682,TD GT HOT CHOCOLATE/SS KCOMP 6/12CT March ISF
mom,Fcst Inc Cases is not positive,Giant Tiger,NA-GIANT TIGER,2026,October,TDSSKC-6/12,SS KCOMP 6/12CT,000ITPICX,Closed,0.0,2026-03-01,2026-03-31,DR 2026 - 2026-10-02 (EXCEXP_TLS_000JJKSJR).xlsx,Rebates,2684,TD Giant Tiger Monthly promotion
mom,Fcst Inc Cases is not positive,Giant Tiger,NA-GIANT TIGER,2026,October,TDSSKC-6/10,SS KCOMP 6/10CT,000ITPICX,Closed,0.0,2026-03-01,2026-03-31,DR 2026 - 2026-10-02 (EXCEXP_TLS_000JJKSJR).xlsx,Rebates,2685,TD Giant Tiger Monthly promotion
mom,Fcst Inc Cases is not positive,Giant Tiger,NA-GIANT TIGER,2026,October,TDSSKC-4/30,SS KCOMP 4/30CT,000ITPICX,Closed,0.0,2026-03-01,2026-03-31,DR 2026 - 2026-10-02 (EXCEXP_TLS_000JJKSJR).xlsx,Rebates,2686,TD Giant Tiger Monthly promotion
mom,Fcst Inc Cases is not positive,Giant Tiger,NA-GIANT TIGER,2026,October,TDRGSB-6/300,R&G SMALL BAG 6/300GR,000ITPICX,Closed,0.0,2026-03-01,2026-03-31,DR 2026 - 2026-10-02 (EXCEXP_TLS_000JJKSJR).xlsx,Rebates,2687,TD Giant Tiger Monthly promotion
mom,Fcst Inc Cases is not positive,Giant Tiger,NA-GIANT TIGER,2026,October,TDRGLC-6/930,R&G LARGE CAN 6/930GR,000ITPICX,Closed,0.0,2026-03-01,2026-03-31,DR 2026 - 2026-10-02 (EXCEXP_TLS_000JJKSJR).xlsx,Rebates,2688,TD Giant Tiger Monthly promotion
mom,Fcst Inc Cases is not positive,Giant Tiger,NA-GIANT TIGER,2026,October,TDIC-12/100,INSTANT COFFEE 12/100GR,000ITPICX,Closed,0.0,2026-03-01,2026-03-31,DR 2026 - 2026-10-02 (EXCEXP_TLS_000JJKSJR).xlsx,Rebates,2689,TD Giant Tiger Monthly promotion
mom,Fcst Inc Cases is not positive,Giant Tiger,NA-GIANT TIGER,2026,October,TDSSKC-6/12,SS KCOMP 6/12CT,000ITPIYP,Closed,0.0,2026-04-01,2026-06-30,DR 2026 - 2026-10-02 (EXCEXP_TLS_000JJKSJR).xlsx,Rebates,2694,TD Giant Tiger Ongoing BB (was Monthly Promo)
mom,Fcst Inc Cases is not positive,Giant Tiger,NA-GIANT TIGER,2026,October,TDSSKC-4/30,SS KCOMP 4/30CT,000ITPIYP,Closed,0.0,2026-04-01,2026-06-30,DR 2026 - 2026-10-02 (EXCEXP_TLS_000JJKSJR).xlsx,Rebates,2695,TD Giant Tiger Ongoing BB (was Monthly Promo)
mom,Fcst Inc Cases is not positive,Giant Tiger,NA-GIANT TIGER,2026,October,TDRGSB-6/300,R&G SMALL BAG 6/300GR,000ITPIYP,Closed,0.0,2026-04-01,2026-06-30,DR 2026 - 2026-10-02 (EXCEXP_TLS_000JJKSJR).xlsx,Rebates,2696,TD Giant Tiger Ongoing BB (was Monthly Promo)
mom,Fcst Inc Cases is not positive,Giant Tiger,NA-GIANT TIGER,2026,October,TDRGLC-6/930,R&G LARGE CAN 6/930GR,000ITPIYP,Closed,0.0,2026-04-01,2026-06-30,DR 2026 - 2026-10-02 (EXCEXP_TLS_000JJKSJR).xlsx,Rebates,2697,TD Giant Tiger Ongoing BB (was Monthly Promo)
mom,Fcst Inc Cases is not positive,Giant Tiger,NA-GIANT TIGER,2026,October,6320912138,TDL ORIGINAL COFFEE DISPLAY 48/300 GR,000J3YBAN,Committed,0.0,2026-06-01,2026-06-30,DR 2026 - 2026-10-02 (EXCEXP_TLS_000JJKSJR).xlsx,Rebates,2709,TD GIANT TIGER TIMBITS SOCCER
mom,Fcst Inc Cases is not positive,Giant Tiger,NA-GIANT TIGER,2026,October,TDSHHB-12/425,HOT BOWLS 12/425GR,000JE19WN,Committed,0.0,2026-05-18,2026-12-31,DR 2026 - 2026-10-02 (EXCEXP_TLS_000JJKSJR).xlsx,Rebates,2711,TD GT East/West cost Gap Chili
mom,Fcst Inc Cases is not positive,Giant Tiger,NA-GIANT TIGER,2026,October,TDSSKC-6/12,SS KCOMP 6/12CT,000ITPGR2,Committed,0.0,2026-07-01,2026-09-30,DR 2026 - 2026-10-02 (EXCEXP_TLS_000JJKSJR).xlsx,Rebates,2728,TD Giant Tiger Ongoing BB (was Monthly)
mom,Fcst Inc Cases is not positive,Giant Tiger,NA-GIANT TIGER,2026,October,TDSSKC-4/30,SS KCOMP 4/30CT,000ITPGR2,Committed,0.0,2026-07-01,2026-09-30,DR 2026 - 2026-10-02 (EXCEXP_TLS_000JJKSJR).xlsx,Rebates,2729,TD Giant Tiger Ongoing BB (was Monthly)
mom,Fcst Inc Cases is not positive,Giant Tiger,NA-GIANT TIGER,2026,October,TDRGSB-6/300,R&G SMALL BAG 6/300GR,000ITPGR2,Committed,0.0,2026-07-01,2026-09-30,DR 2026 - 2026-10-02 (EXCEXP_TLS_000JJKSJR).xlsx,Rebates,2730,TD Giant Tiger Ongoing BB (was Monthly)
mom,Fcst Inc Cases is not positive,Giant Tiger,NA-GIANT TIGER,2026,October,TDRGLC-6/930,R&G LARGE CAN 6/930GR,000ITPGR2,Committed,0.0,2026-07-01,2026-09-30,DR 2026 - 2026-10-02 (EXCEXP_TLS_000JJKSJR).xlsx,Rebates,2731,TD Giant Tiger Ongoing BB (was Monthly)
mom,Fcst Inc Cases is not positive,Giant Tiger,NA-GIANT TIGER,2026,October,6320913827,TDL CN/COB/CR SOUP 1/2 DRP 192/540 ML,000ITPGP0,Committed,0.0,2026-08-12,2026-08-18,DR 2026 - 2026-10-02 (EXCEXP_TLS_000JJKSJR).xlsx,Rebates,2737,TD Soup September Flyer
mom,Fcst Inc Cases is not positive,Giant Tiger,NA-GIANT TIGER,2026,October,TDHBHC-12/450,HB HOT CHOCOLATE 12/450GR,000ITPJJ7,Committed,0.0,2026-10-14,2026-10-20,DR 2026 - 2026-10-02 (EXCEXP_TLS_000JJKSJR).xlsx,Rebates,2755,TD GT Hot Chocolate Soup October Flyer
mom,Fcst Inc Cases is not positive,Giant Tiger,NA-GIANT TIGER,2026,October,TDSSKC-6/12,SS KCOMP 6/12CT,000ITPGRZ,Committed,0.0,2026-10-01,2026-12-31,DR 2026 - 2026-10-02 (EXCEXP_TLS_000JJKSJR).xlsx,Rebates,2760,TD Giant Tiger Ongoing BB (was Monthly)
mom,Fcst Inc Cases is not positive,Giant Tiger,NA-GIANT TIGER,2026,October,TDSSKC-4/30,SS KCOMP 4/30CT,000ITPGRZ,Committed,0.0,2026-10-01,2026-12-31,DR 2026 - 2026-10-02 (EXCEXP_TLS_000JJKSJR).xlsx,Rebates,2761,TD Giant Tiger Ongoing BB (was Monthly)
mom,Fcst Inc Cases is not positive,Giant Tiger,NA-GIANT TIGER,2026,October,TDRGSB-6/300,R&G SMALL BAG 6/300GR,000ITPGRZ,Committed,0.0,2026-10-01,2026-12-31,DR 2026 - 2026-10-02 (EXCEXP_TLS_000JJKSJR).xlsx,Rebates,2762,TD Giant Tiger Ongoing BB (was Monthly)
mom,Fcst Inc Cases is not positive,Giant Tiger,NA-GIANT TIGER,2026,October,TDRGLC-6/930,R&G LARGE CAN 6/930GR,000ITPGRZ,Committed,0.0,2026-10-01,2026-12-31,DR 2026 - 2026-10-02 (EXCEXP_TLS_000JJKSJR).xlsx,Rebates,2763,TD Giant Tiger Ongoing BB (was Monthly)
mom,Fcst Inc Cases is not positive,Giant Tiger,NA-GIANT TIGER,2026,October,TDHBHC-12/450,HB HOT CHOCOLATE 12/450GR,000ITPGPG,Committed,0.0,2026-11-02,2026-11-29,DR 2026 - 2026-10-02 (EXCEXP_TLS_000JJKSJR).xlsx,Rebates,2767,TD GT Hot Chocolat November ISF
mom,Fcst Inc Cases is not positive,Giant Tiger,NA-GIANT TIGER,2026,October,TDHBHC-12/450,HB HOT CHOCOLATE 12/450GR,000JJAQZ8,Committed,0.0,2026-12-09,2026-12-15,DR 2026 - 2026-10-02 (EXCEXP_TLS_000JJKSJR).xlsx,Rebates,2776,TD GT Hot Chocolat Decmebr flyer
mom,Fcst Inc Cases is not positive,Home Hardware,NA-HOME HARDWARE,2026,October,TDSSKC-48/12,SS KCOMP 48/12CT,000ITZNHX,Closed,0.0,2026-01-01,2026-01-31,DR 2026 - 2026-10-02 (EXCEXP_TLS_000JJKSJR).xlsx,Rebates,2801,TD HH LTO Display Allowance  OI Ends Jan 31
mom,Fcst Inc Cases is not positive,Home Hardware,NA-HOME HARDWARE,2026,October,6320908231,TDL ORIGINAL 6/300 GR,000JIMF4F,Committed,0.0,2026-09-01,2026-12-31,DR 2026 - 2026-10-02 (EXCEXP_TLS_000JJKSJR).xlsx,Rebates,2805,TD HH Sell Sheets Printing Cost LS $323
mom,Fcst Inc Cases is not positive,Island Grocers,NA-ISLAND IND BG,2026,October,TDSSKC-6/12,SS KCOMP 6/12CT,000ITZ3MT,Committed,0.0,2026-05-30,2026-06-28,DR 2026 - 2026-10-02 (EXCEXP_TLS_000JJKSJR).xlsx,Rebates,2807,TD IIBG Canada Day Tribute Ad Lump Sum
mom,Fcst Inc Cases is not positive,Island Grocers,NA-ISLAND IND BG,2026,October,TDSHSP-12/540,SOUPS 12/540ML,000ITZ3MT,Committed,0.0,2026-05-30,2026-06-28,DR 2026 - 2026-10-02 (EXCEXP_TLS_000JJKSJR).xlsx,Rebates,2808,TD IIBG Canada Day Tribute Ad Lump Sum
mom,Fcst Inc Cases is not positive,Island Grocers,NA-ISLAND IND BG,2026,October,TDRGSB-6/300,R&G SMALL BAG 6/300GR,000ITZ3MT,Committed,0.0,2026-05-30,2026-06-28,DR 2026 - 2026-10-02 (EXCEXP_TLS_000JJKSJR).xlsx,Rebates,2809,TD IIBG Canada Day Tribute Ad Lump Sum
mom,Fcst Inc Cases is not positive,Island Grocers,NA-ISLAND IND BG,2026,October,TDGB-12/5/30,GRANOLA BAR 12/5/30GR,000ITZ3MT,Committed,0.0,2026-05-30,2026-06-28,DR 2026 - 2026-10-02 (EXCEXP_TLS_000JJKSJR).xlsx,Rebates,2810,TD IIBG Canada Day Tribute Ad Lump Sum
mom,Fcst Inc Cases is not positive,Island Grocers,NA-ISLAND IND BG,2026,October,TDHBHC-12/500,HB HOT CHOCOLATE 12/500GR,000ITZ4UN,Committed,0.0,2026-10-13,2026-11-10,DR 2026 - 2026-10-02 (EXCEXP_TLS_000JJKSJR).xlsx,Rebates,2816,TD IIBG Anniversary Flyer - Oct 18 - Nov 15 Lump Sum
mom,Fcst Inc Cases is not positive,JB Hand,NA-J B HAND,2026,October,TDSSKC-6/12,SS KCOMP 6/12CT,000ITZ7NT,Committed,0.0,2026-05-31,2026-06-29,DR 2026 - 2026-10-02 (EXCEXP_TLS_000JJKSJR).xlsx,Rebates,2818,TD JB HAND - SPRING INTO SAVINGS EVENT
mom,Fcst Inc Cases is not positive,JB Hand,NA-J B HAND,2026,October,TDSSKC-4/30,SS KCOMP 4/30CT,000ITZ7NT,Committed,0.0,2026-05-31,2026-06-29,DR 2026 - 2026-10-02 (EXCEXP_TLS_000JJKSJR).xlsx,Rebates,2819,TD JB HAND - SPRING INTO SAVINGS EVENT
mom,Fcst Inc Cases is not positive,Jean Coutu,NA-JEAN COUTU,2026,October,TDSSTA-5/14,SS TASSIMO 5/14CT,000ITZER8,Closed,0.0,2026-04-01,2026-04-27,DR 2026 - 2026-10-02 (EXCEXP_TLS_000JJKSJR).xlsx,Rebates,2832,"TD JC R&G 300g/KCUP 10- 12ct, Tass Discs, Inst 100g Friendly"
mom,Fcst Inc Cases is not positive,Jean Coutu,NA-JEAN COUTU,2026,October,TDRGSB-6/300,R&G SMALL BAG 6/300GR,000ITZERT,Committed,0.0,2026-07-22,2026-08-17,DR 2026 - 2026-10-02 (EXCEXP_TLS_000JJKSJR).xlsx,Rebates,2863,TD JC Instant 100g  R&G 300g Friendly price
mom,Fcst Inc Cases is not positive,Jean Coutu,NA-JEAN COUTU,2026,October,TDSSTA-5/14,SS TASSIMO 5/14CT,000ITZIV7,Committed,0.0,2026-09-16,2026-10-12,DR 2026 - 2026-10-02 (EXCEXP_TLS_000JJKSJR).xlsx,Rebates,2870,"TD JC R&G 300g/ KCUP 10-12ct,Tass Discs, Inst 100g Freindly"
mom,Fcst Inc Cases is not positive,Loblaw,NA-LOBLAWS,2026,October,6320915305,TDL CAPPUCCINO FRENCH VAN PACKET 5/8 EA,000IZZLPG,Committed,0.0,2026-01-01,2026-01-14,DR 2026 - 2026-10-02 (EXCEXP_TLS_000JJKSJR).xlsx,Rebates,2902,TD LCL RCSS WK 1-2 HC 500gr/HC 8Ct + Sachets 8Ct ISF
mom,Fcst Inc Cases is not positive,Loblaw,NA-LOBLAWS,2026,October,TDSHSP-12/540,SOUPS 12/540ML,000IZH61N,Committed,0.0,2026-01-01,2026-02-25,DR 2026 - 2026-10-02 (EXCEXP_TLS_000JJKSJR).xlsx,Rebates,2906,TD LCL MKT WK 1-6 RTS Soups Q1 18x18 Bin Program
mom,Fcst Inc Cases is not positive,Loblaw,NA-LOBLAWS,2026,October,TDHBCAP-5/8,HB CAPPUCCINO 5/8CT,000J2UMKC,Committed,0.0,2026-01-29,2026-02-11,DR 2026 - 2026-10-02 (EXCEXP_TLS_000JJKSJR).xlsx,Rebates,2933,TD LCL MKT Wk 6 HC 500gr/HC 8ct + Sachets 8ct IP
mom,Fcst Inc Cases is not positive,Loblaw,NA-LOBLAWS,2026,October,TDHBHC-5/8,HB HOT CHOCOLATE 5/8CT,000J0ODBA,Committed,0.0,2026-01-29,2026-02-25,DR 2026 - 2026-10-02 (EXCEXP_TLS_000JJKSJR).xlsx,Rebates,2935,TD LCL MAXI Wk 5-8 HC 500gr/HC 8ct + Sachets 8ct ISF
mom,Fcst Inc Cases is not positive,Loblaw,NA-LOBLAWS,2026,October,TDHBHC-12/500,HB HOT CHOCOLATE 12/500GR,000J0ODBA,Committed,0.0,2026-01-29,2026-02-25,DR 2026 - 2026-10-02 (EXCEXP_TLS_000JJKSJR).xlsx,Rebates,2936,TD LCL MAXI Wk 5-8 HC 500gr/HC 8ct + Sachets 8ct ISF
mom,Fcst Inc Cases is not positive,Loblaw,NA-LOBLAWS,2026,October,TDHBCAP-5/8,HB CAPPUCCINO 5/8CT,000J0ODBA,Committed,0.0,2026-01-29,2026-02-25,DR 2026 - 2026-10-02 (EXCEXP_TLS_000JJKSJR).xlsx,Rebates,2937,TD LCL MAXI Wk 5-8 HC 500gr/HC 8ct + Sachets 8ct ISF
mom,Fcst Inc Cases is not positive,Loblaw,NA-LOBLAWS,2026,October,TDHBHC-12/500,HB HOT CHOCOLATE 12/500GR,000ISOIT2,Committed,0.0,2026-02-12,2026-02-18,DR 2026 - 2026-10-02 (EXCEXP_TLS_000JJKSJR).xlsx,Rebates,2954,TD LCL AI Banner WK 7 HC 500gr + Packet 8ct IP
mom,Fcst Inc Cases is not positive,Loblaw,NA-LOBLAWS,2026,October,TDSHSP-12/540,SOUPS 12/540ML,000J2UMO6,Committed,0.0,2026-02-19,2026-03-04,DR 2026 - 2026-10-02 (EXCEXP_TLS_000JJKSJR).xlsx,Rebates,2965,TD LCL NF Wk 9 RTS Soup + Chili ISF
mom,Fcst Inc Cases is not positive,Loblaw,NA-LOBLAWS,2026,October,6320923630,TDL COB/CN/IW SOUP 1/2 DRP 288/540 ML,000IZH61D,Committed,0.0,2026-02-19,2026-03-25,DR 2026 - 2026-10-02 (EXCEXP_TLS_000JJKSJR).xlsx,Rebates,2969,TD LCL RCSS RUTW Wk 9-12 Condens + RTS Soup DRP + Chili (IP)
mom,Fcst Inc Cases is not positive,Loblaw,NA-LOBLAWS,2026,October,TDSHSP-24/284,SOUPS 24/284ML,000IZH61D,Committed,0.0,2026-02-19,2026-03-25,DR 2026 - 2026-10-02 (EXCEXP_TLS_000JJKSJR).xlsx,Rebates,2970,TD LCL RCSS RUTW Wk 9-12 Condens + RTS Soup DRP + Chili (IP)
mom,Fcst Inc Cases is not positive,Loblaw,NA-LOBLAWS,2026,October,TDSHSP-24/284,SOUPS 24/284ML,000IZH61D,Committed,0.0,2026-02-19,2026-03-25,DR 2026 - 2026-10-02 (EXCEXP_TLS_000JJKSJR).xlsx,Rebates,2971,TD LCL RCSS RUTW Wk 9-12 Condens + RTS Soup DRP + Chili (IP)
mom,Fcst Inc Cases is not positive,Loblaw,NA-LOBLAWS,2026,October,TDSHHB-12/425,HOT BOWLS 12/425GR,000IZH61D,Committed,0.0,2026-02-19,2026-03-25,DR 2026 - 2026-10-02 (EXCEXP_TLS_000JJKSJR).xlsx,Rebates,2972,TD LCL RCSS RUTW Wk 9-12 Condens + RTS Soup DRP + Chili (IP)
mom,Fcst Inc Cases is not positive,Loblaw,NA-LOBLAWS,2026,October,TDSHSP-12/540,SOUPS 12/540ML,000J15RAS,Committed,0.0,2026-02-26,2026-04-22,DR 2026 - 2026-10-02 (EXCEXP_TLS_000JJKSJR).xlsx,Rebates,2978,TD LCL RASS/DOM WK 9-16 RTS Soup IP + DMAP
mom,Fcst Inc Cases is not positive,Loblaw,NA-LOBLAWS,2026,October,6320911300,TDL KCUP HOT CHOC ORIGINAL SS 6/10 CT,000J2Z427,Committed,0.0,2026-03-26,2026-04-01,DR 2026 - 2026-10-02 (EXCEXP_TLS_000JJKSJR).xlsx,Rebates,2989,TD LCL MAXI WK 13 Kcup 12ct IP
mom,Fcst Inc Cases is not positive,Loblaw,NA-LOBLAWS,2026,October,TDRDIC-6/142,ICED COFFEE 6/1.42L,000JHIVWB,Committed,0.0,2026-07-23,2026-12-31,DR 2026 - 2026-10-02 (EXCEXP_TLS_000JJKSJR).xlsx,Rebates,3046,TD LCL MRKT RCSS RTD EDBB Wks 30-52
mom,Fcst Inc Cases is not positive,Loblaw,NA-LOBLAWS,2026,October,TDRDIC-6/142,ICED COFFEE 6/1.42L,000JHJZMV,Committed,0.0,2026-07-25,2026-12-31,DR 2026 - 2026-10-02 (EXCEXP_TLS_000JJKSJR).xlsx,Rebates,3048,TD LCL MAXI RTD EDBB Wks 30-52
mom,Fcst Inc Cases is not positive,Loblaw,NA-LOBLAWS,2026,October,TDRDIC-6/142,ICED COFFEE 6/1.42L,000JHJZN2,Committed,0.0,2026-07-25,2026-12-31,DR 2026 - 2026-10-02 (EXCEXP_TLS_000JJKSJR).xlsx,Rebates,3050,TD LCL NF RTD EDBB Wks 30-52
mom,Fcst Inc Cases is not positive,Loblaw,NA-LOBLAWS,2026,October,TDSIC-12/470,SYRUPS 12/470ML,000JHASM7,Committed,0.0,2026-07-19,2026-08-15,DR 2026 - 2026-10-02 (EXCEXP_TLS_000JJKSJR).xlsx,Rebates,3052,TD LCL HD Wks 24-28 Syrups Digital Coupons
mom,Fcst Inc Cases is not positive,Loblaw,NA-LOBLAWS,2026,October,TDSHSP-12/540,SOUPS 12/540ML,000JGVGX3,Closed,0.0,2026-07-19,2026-09-08,DR 2026 - 2026-10-02 (EXCEXP_TLS_000JJKSJR).xlsx,Rebates,3054,TD LCL MRKT RTS + LOADED SOUP EDBB Q3 Wks 29-41
mom,Fcst Inc Cases is not positive,Loblaw,NA-LOBLAWS,2026,October,TDSHLS-12/540,LOADED SOUPS 12/540ML,000JGVGX3,Closed,0.0,2026-07-19,2026-09-08,DR 2026 - 2026-10-02 (EXCEXP_TLS_000JJKSJR).xlsx,Rebates,3055,TD LCL MRKT RTS + LOADED SOUP EDBB Q3 Wks 29-41
mom,Fcst Inc Cases is not positive,Loblaw,NA-LOBLAWS,2026,October,TDSHSP-12/540,SOUPS 12/540ML,000JGVGY5,Closed,0.0,2026-07-19,2026-09-08,DR 2026 - 2026-10-02 (EXCEXP_TLS_000JJKSJR).xlsx,Rebates,3057,TD LCL RCSS RTS + LOADED SOUP EDBB Wks 29-41
mom,Fcst Inc Cases is not positive,Loblaw,NA-LOBLAWS,2026,October,TDSHLS-12/540,LOADED SOUPS 12/540ML,000JGVGY5,Closed,0.0,2026-07-19,2026-09-08,DR 2026 - 2026-10-02 (EXCEXP_TLS_000JJKSJR).xlsx,Rebates,3058,TD LCL RCSS RTS + LOADED SOUP EDBB Wks 29-41
mom,Fcst Inc Cases is not positive,Loblaw,NA-LOBLAWS,2026,October,TDSHSP-12/540,SOUPS 12/540ML,000JDWKE5,Committed,0.0,2026-09-10,2026-11-04,DR 2026 - 2026-10-02 (EXCEXP_TLS_000JJKSJR).xlsx,Rebates,3123,TD LCL RASS/DOM WK 37-44 RTS Soups Cycle 5 18x18 Bin Program
mom,Fcst Inc Cases is not positive,Loblaw,NA-LOBLAWS,2026,October,TDSHSP-24/284,SOUPS 24/284ML,000ISORJO,Planned,0.0,2026-09-07,2026-10-03,DR 2026 - 2026-10-02 (EXCEXP_TLS_000JJKSJR).xlsx,Rebates,3125,TD LCL NF Wk 50-53 Soups Profit Gap (Front End)
mom,Fcst Inc Cases is not positive,Loblaw,NA-LOBLAWS,2026,October,TDSHSP-12/540,SOUPS 12/540ML,000ISORJO,Planned,0.0,2026-09-07,2026-10-03,DR 2026 - 2026-10-02 (EXCEXP_TLS_000JJKSJR).xlsx,Rebates,3126,TD LCL NF Wk 50-53 Soups Profit Gap (Front End)
mom,Fcst Inc Cases is not positive,Loblaw,NA-LOBLAWS,2026,October,6320925770,TDL LOADED CHICKEN NOODLE 12/540ML,000ISOQEQ,Committed,0.0,2026-09-13,2026-10-10,DR 2026 - 2026-10-02 (EXCEXP_TLS_000JJKSJR).xlsx,Rebates,3134,LCL MRKT WK 37 Omni Placement Loaded Chicken Noodle Soup
mom,Fcst Inc Cases is not positive,Loblaw,NA-LOBLAWS,2026,October,TDSHLS-12/540,LOADED SOUPS 12/540ML,000JHF10B,Committed,0.0,2026-10-15,2026-11-04,DR 2026 - 2026-10-02 (EXCEXP_TLS_000JJKSJR).xlsx,Rebates,3184,TD LCL FORTINOS WK 42-44 RTS + Loaded Soup ISF
mom,Promo status outside dashboard methodology,Loblaw,NA-LOBLAWS,2026,October,TDRDIC-6/142,ICED COFFEE 6/1.42L,000JI3FHL,Pending,0.0,2026-10-29,2026-11-04,DR 2026 - 2026-10-02 (EXCEXP_TLS_000JJKSJR).xlsx,Rebates,3211,TD LCL MAXI WK 44 RTD Inside
mom,Fcst Inc Cases is not positive,Loblaw,NA-LOBLAWS,2026,October,6320909069,TDL HOT CHOCOLATE 12/500 GR,000IUB10O,Planned,0.0,2026-11-03,2026-11-28,DR 2026 - 2026-10-02 (EXCEXP_TLS_000JJKSJR).xlsx,Rebates,3238,TD LCL RCSS HotChoc 500g Wk 45-52 Profit Panel
mom,Fcst Inc Cases is not positive,Loblaw,NA-LOBLAWS,2026,October,6320920672,TDL ORG/CANDY HOT CHOC DISPLAY 36/500 GR,000IU2N8H,Planned,0.0,2026-11-06,2026-12-10,DR 2026 - 2026-10-02 (EXCEXP_TLS_000JJKSJR).xlsx,Rebates,3253,TD MRKT WK 45-49 TIMH HOT CHOC CANDY CANE PPK
mom,Fcst Inc Cases is not positive,Loblaw,NA-LOBLAWS,2026,October,6320920672,TDL ORG/CANDY HOT CHOC DISPLAY 36/500 GR,000IU2N8H,Planned,0.0,2026-11-06,2026-12-10,DR 2026 - 2026-10-02 (EXCEXP_TLS_000JJKSJR).xlsx,Rebates,3254,TD MRKT WK 45-49 TIMH HOT CHOC CANDY CANE PPK
mom,Fcst Inc Cases is not positive,Loblaw,NA-LOBLAWS,2026,October,TDSHSP-12/540,SOUPS 12/540ML,000J1525Z,Planned,0.0,2026-12-03,2026-12-09,DR 2026 - 2026-10-02 (EXCEXP_TLS_000JJKSJR).xlsx,Rebates,3292,TD LCL RASS/DOM WK 49 RTS Soup IP
mom,Fcst Inc Cases is not positive,Loblaw,NA-LOBLAWS,2026,October,6320920672,TDL ORG/CANDY HOT CHOC DISPLAY 36/500 GR,000IU2NAV,Planned,0.0,2026-12-11,2026-12-31,DR 2026 - 2026-10-02 (EXCEXP_TLS_000JJKSJR).xlsx,Rebates,3317,TD MRKT WK 50-53 TIMH HOT CHOC CANDY CANE PPK
mom,Fcst Inc Cases is not positive,Loblaw,NA-LOBLAWS,2026,October,6320920672,TDL ORG/CANDY HOT CHOC DISPLAY 36/500 GR,000IU2NAV,Planned,0.0,2026-12-11,2026-12-31,DR 2026 - 2026-10-02 (EXCEXP_TLS_000JJKSJR).xlsx,Rebates,3318,TD MRKT WK 50-53 TIMH HOT CHOC CANDY CANE PPK
mom,Fcst Inc Cases is not positive,Loblaw,NA-LOBLAWS,2026,October,TDSHSP-12/540,SOUPS 12/540ML,000IU2OAB,Planned,0.0,2026-12-10,2026-12-16,DR 2026 - 2026-10-02 (EXCEXP_TLS_000JJKSJR).xlsx,Rebates,3331,TD LCL RASS/DOM WK 50 RTS Soup ISF
mom,Fcst Inc Cases is not positive,Loblaw,NA-LOBLAWS,2026,October,TDSHSP-12/540,SOUPS 12/540ML,000J15RAI,Planned,0.0,2026-12-24,2026-12-30,DR 2026 - 2026-10-02 (EXCEXP_TLS_000JJKSJR).xlsx,Rebates,3340,TD LCL RASS/DOM WK 52 RTS Soup ISF
mom,Fcst Inc Cases is not positive,London Drugs,NA-LONDON DRUGS,2026,October,6320912803,TDL BEEF CHILI 12/425 GR,000ITZNT6,Closed,0.0,2026-01-01,2026-01-25,DR 2026 - 2026-10-02 (EXCEXP_TLS_000JJKSJR).xlsx,Rebates,3350,TD - JAN MANAGERS SPECIAL
mom,Fcst Inc Cases is not positive,London Drugs,NA-LONDON DRUGS,2026,October,TDSHSP-12/540,SOUPS 12/540ML,000ITZNT6,Closed,0.0,2026-01-01,2026-01-25,DR 2026 - 2026-10-02 (EXCEXP_TLS_000JJKSJR).xlsx,Rebates,3351,TD - JAN MANAGERS SPECIAL
mom,Fcst Inc Cases is not positive,London Drugs,NA-LONDON DRUGS,2026,October,TDNC-10/10,NCOMP 10/10CT,000ITZ4PP,Closed,0.0,2026-01-01,2026-01-25,DR 2026 - 2026-10-02 (EXCEXP_TLS_000JJKSJR).xlsx,Rebates,3353,TD - JAN MANAGERS SPECIAL * Pt2
mom,Fcst Inc Cases is not positive,London Drugs,NA-LONDON DRUGS,2026,October,TDIC-12/100,INSTANT COFFEE 12/100GR,000ITZ4PP,Closed,0.0,2026-01-01,2026-01-25,DR 2026 - 2026-10-02 (EXCEXP_TLS_000JJKSJR).xlsx,Rebates,3354,TD - JAN MANAGERS SPECIAL * Pt2
mom,Fcst Inc Cases is not positive,London Drugs,NA-LONDON DRUGS,2026,October,TDHBHC-12/500,HB HOT CHOCOLATE 12/500GR,000ITZ4PP,Closed,0.0,2026-01-01,2026-01-25,DR 2026 - 2026-10-02 (EXCEXP_TLS_000JJKSJR).xlsx,Rebates,3355,TD - JAN MANAGERS SPECIAL * Pt2
mom,Fcst Inc Cases is not positive,London Drugs,NA-LONDON DRUGS,2026,October,TDHBHC-12/500,HB HOT CHOCOLATE 12/500GR,000ITZ4PP,Closed,0.0,2026-01-01,2026-01-25,DR 2026 - 2026-10-02 (EXCEXP_TLS_000JJKSJR).xlsx,Rebates,3356,TD - JAN MANAGERS SPECIAL * Pt2
mom,Fcst Inc Cases is not positive,London Drugs,NA-LONDON DRUGS,2026,October,TDL,TDL CAN,000ITZPYW,Closed,0.0,2026-01-28,2026-02-22,DR 2026 - 2026-10-02 (EXCEXP_TLS_000JJKSJR).xlsx,Rebates,3358,TD - FEB MANAGERS SPECIAL
mom,Fcst Inc Cases is not positive,London Drugs,NA-LONDON DRUGS,2026,October,TDL,TDL CAN,000ITZETS,Closed,0.0,2026-01-28,2026-02-23,DR 2026 - 2026-10-02 (EXCEXP_TLS_000JJKSJR).xlsx,Rebates,3361,TD - FEB SOUPS MANAGERS SPECIAL
mom,Fcst Inc Cases is not positive,London Drugs,NA-LONDON DRUGS,2026,October,TDL,TDL CAN,000ITYY7J,Closed,0.0,2026-02-06,2026-02-11,DR 2026 - 2026-10-02 (EXCEXP_TLS_000JJKSJR).xlsx,Rebates,3365,TD - FEB 6 FLYER
mom,Fcst Inc Cases is not positive,London Drugs,NA-LONDON DRUGS,2026,October,TDNC-10/10,NCOMP 10/10CT,000ITYY7J,Closed,0.0,2026-02-06,2026-02-11,DR 2026 - 2026-10-02 (EXCEXP_TLS_000JJKSJR).xlsx,Rebates,3366,TD - FEB 6 FLYER
mom,Fcst Inc Cases is not positive,London Drugs,NA-LONDON DRUGS,2026,October,TDL,TDL CAN,000ITZAZ9,Closed,0.0,2026-02-20,2026-02-25,DR 2026 - 2026-10-02 (EXCEXP_TLS_000JJKSJR).xlsx,Rebates,3368,TD - FEB 20 FLYER
mom,Fcst Inc Cases is not positive,London Drugs,NA-LONDON DRUGS,2026,October,TDSSKC-4/30,SS KCOMP 4/30CT,000ITZAZ9,Closed,0.0,2026-02-20,2026-02-25,DR 2026 - 2026-10-02 (EXCEXP_TLS_000JJKSJR).xlsx,Rebates,3369,TD - FEB 20 FLYER
mom,Fcst Inc Cases is not positive,London Drugs,NA-LONDON DRUGS,2026,October,TDRGSB-6/300,R&G SMALL BAG 6/300GR,000ITZAZ9,Closed,0.0,2026-02-20,2026-02-25,DR 2026 - 2026-10-02 (EXCEXP_TLS_000JJKSJR).xlsx,Rebates,3370,TD - FEB 20 FLYER
mom,Fcst Inc Cases is not positive,London Drugs,NA-LONDON DRUGS,2026,October,TDRGLB-6/652,R&G LARGE BAG 6/652GR,000ITZAZ9,Closed,0.0,2026-02-20,2026-02-25,DR 2026 - 2026-10-02 (EXCEXP_TLS_000JJKSJR).xlsx,Rebates,3372,TD - FEB 20 FLYER
mom,Fcst Inc Cases is not positive,London Drugs,NA-LONDON DRUGS,2026,October,TDL,TDL CAN,000ITZCBY,Committed,0.0,2026-02-25,2026-03-22,DR 2026 - 2026-10-02 (EXCEXP_TLS_000JJKSJR).xlsx,Rebates,3374,TD - MARCH MANAGERS SPECIAL
mom,Fcst Inc Cases is not positive,London Drugs,NA-LONDON DRUGS,2026,October,TDRGLB-6/652,R&G LARGE BAG 6/652GR,000ITZCBY,Committed,0.0,2026-02-25,2026-03-22,DR 2026 - 2026-10-02 (EXCEXP_TLS_000JJKSJR).xlsx,Rebates,3379,TD - MARCH MANAGERS SPECIAL
mom,Fcst Inc Cases is not positive,London Drugs,NA-LONDON DRUGS,2026,October,TDNC-10/10,NCOMP 10/10CT,000ITZCBY,Committed,0.0,2026-02-25,2026-03-22,DR 2026 - 2026-10-02 (EXCEXP_TLS_000JJKSJR).xlsx,Rebates,3380,TD - MARCH MANAGERS SPECIAL
mom,Fcst Inc Cases is not positive,London Drugs,NA-LONDON DRUGS,2026,October,TDIC-12/100,INSTANT COFFEE 12/100GR,000ITZCBY,Committed,0.0,2026-02-25,2026-03-22,DR 2026 - 2026-10-02 (EXCEXP_TLS_000JJKSJR).xlsx,Rebates,3381,TD - MARCH MANAGERS SPECIAL
mom,Fcst Inc Cases is not positive,London Drugs,NA-LONDON DRUGS,2026,October,TDHBHC-12/500,HB HOT CHOCOLATE 12/500GR,000ITZCBY,Committed,0.0,2026-02-25,2026-03-22,DR 2026 - 2026-10-02 (EXCEXP_TLS_000JJKSJR).xlsx,Rebates,3382,TD - MARCH MANAGERS SPECIAL
mom,Fcst Inc Cases is not positive,London Drugs,NA-LONDON DRUGS,2026,October,TDL,TDL CAN,000ITZCBJ,Committed,0.0,2026-03-13,2026-03-18,DR 2026 - 2026-10-02 (EXCEXP_TLS_000JJKSJR).xlsx,Rebates,3384,TD MARCH 13 FLYER
mom,Fcst Inc Cases is not positive,London Drugs,NA-LONDON DRUGS,2026,October,TDSHSP-12/540,SOUPS 12/540ML,000ITZCMN,Closed,0.0,2026-03-13,2026-03-28,DR 2026 - 2026-10-02 (EXCEXP_TLS_000JJKSJR).xlsx,Rebates,3388,TD MARCH 13 FLYER SOUPS/CHILI
mom,Fcst Inc Cases is not positive,London Drugs,NA-LONDON DRUGS,2026,October,TDL,TDL CAN,000ITZ453,Closed,0.0,2026-03-01,2026-03-30,DR 2026 - 2026-10-02 (EXCEXP_TLS_000JJKSJR).xlsx,Rebates,3391,TD - MARCH POWER END
mom,Product cannot be mapped to an MPG pack size,London Drugs,NA-LONDON DRUGS,2026,October,TDL,TDL CAN,000ITYZM1,Closed,40.0,2026-03-20,2026-03-25,DR 2026 - 2026-10-02 (EXCEXP_TLS_000JJKSJR).xlsx,Rebates,3395,TD - MARCH 20 FLYER
mom,Fcst Inc Cases is not positive,London Drugs,NA-LONDON DRUGS,2026,October,TDRGLC-6/930,R&G LARGE CAN 6/930GR,000ITYZM1,Closed,0.0,2026-03-20,2026-03-25,DR 2026 - 2026-10-02 (EXCEXP_TLS_000JJKSJR).xlsx,Rebates,3397,TD - MARCH 20 FLYER
mom,Fcst Inc Cases is not positive,London Drugs,NA-LONDON DRUGS,2026,October,TDSHSP-12/540,SOUPS 12/540ML,000ITZ0Z4,Committed,0.0,2026-03-25,2026-04-19,DR 2026 - 2026-10-02 (EXCEXP_TLS_000JJKSJR).xlsx,Rebates,3401,TD APRIL MANAGERS SOUPS/CHILI
mom,Fcst Inc Cases is not positive,London Drugs,NA-LONDON DRUGS,2026,October,TDL,TDL CAN,000ITZQFW,Committed,0.0,2026-03-25,2026-04-19,DR 2026 - 2026-10-02 (EXCEXP_TLS_000JJKSJR).xlsx,Rebates,3403,TD APRIL MANAGERS SPECIAL
mom,Fcst Inc Cases is not positive,London Drugs,NA-LONDON DRUGS,2026,October,TDRGLC-6/930,R&G LARGE CAN 6/930GR,000ITZQFW,Committed,0.0,2026-03-25,2026-04-19,DR 2026 - 2026-10-02 (EXCEXP_TLS_000JJKSJR).xlsx,Rebates,3405,TD APRIL MANAGERS SPECIAL
mom,Fcst Inc Cases is not positive,London Drugs,NA-LONDON DRUGS,2026,October,TDL,TDL CAN,000ITZPKR,Closed,0.0,2026-04-03,2026-04-08,DR 2026 - 2026-10-02 (EXCEXP_TLS_000JJKSJR).xlsx,Rebates,3408,TD - APRIL 3 FLYER
mom,Fcst Inc Cases is not positive,London Drugs,NA-LONDON DRUGS,2026,October,TDRGLB-6/652,R&G LARGE BAG 6/652GR,000ITZPKR,Closed,0.0,2026-04-03,2026-04-08,DR 2026 - 2026-10-02 (EXCEXP_TLS_000JJKSJR).xlsx,Rebates,3409,TD - APRIL 3 FLYER
mom,Fcst Inc Cases is not positive,London Drugs,NA-LONDON DRUGS,2026,October,TDL,TDL CAN,000ITZ0AX,Closed,0.0,2026-05-01,2026-05-06,DR 2026 - 2026-10-02 (EXCEXP_TLS_000JJKSJR).xlsx,Rebates,3411,TD - MAY 1  FLYER
mom,Fcst Inc Cases is not positive,London Drugs,NA-LONDON DRUGS,2026,October,TDL,TDL CAN,000ITZ9NK,Committed,0.0,2026-04-22,2026-05-24,DR 2026 - 2026-10-02 (EXCEXP_TLS_000JJKSJR).xlsx,Rebates,3414,TD MAY MANAGERS SPECIAL
mom,Fcst Inc Cases is not positive,London Drugs,NA-LONDON DRUGS,2026,October,TDSSKC-4/48,SS KCOMP 4/48CT,000ITZ9NK,Committed,0.0,2026-04-22,2026-05-24,DR 2026 - 2026-10-02 (EXCEXP_TLS_000JJKSJR).xlsx,Rebates,3416,TD MAY MANAGERS SPECIAL
mom,Fcst Inc Cases is not positive,London Drugs,NA-LONDON DRUGS,2026,October,TDNC-10/10,NCOMP 10/10CT,000ITZ9NK,Committed,0.0,2026-04-22,2026-05-24,DR 2026 - 2026-10-02 (EXCEXP_TLS_000JJKSJR).xlsx,Rebates,3418,TD MAY MANAGERS SPECIAL
mom,Fcst Inc Cases is not positive,London Drugs,NA-LONDON DRUGS,2026,October,TDIC-12/100,INSTANT COFFEE 12/100GR,000ITZ9NK,Committed,0.0,2026-04-22,2026-05-24,DR 2026 - 2026-10-02 (EXCEXP_TLS_000JJKSJR).xlsx,Rebates,3419,TD MAY MANAGERS SPECIAL
mom,Fcst Inc Cases is not positive,London Drugs,NA-LONDON DRUGS,2026,October,TDL,TDL CAN,000ITZHEE,Committed,0.0,2026-05-15,2026-05-20,DR 2026 - 2026-10-02 (EXCEXP_TLS_000JJKSJR).xlsx,Rebates,3422,TD - MAY 15 FLYER SOUPS/CHILI
mom,Fcst Inc Cases is not positive,London Drugs,NA-LONDON DRUGS,2026,October,TDL,TDL CAN,000IVQZEN,Closed,0.0,2026-05-01,2026-05-31,DR 2026 - 2026-10-02 (EXCEXP_TLS_000JJKSJR).xlsx,Rebates,3426,TD - MAY POWER END
mom,Fcst Inc Cases is not positive,London Drugs,NA-LONDON DRUGS,2026,October,TDSHHB-12/425,HOT BOWLS 12/425GR,000ITYY5O,Committed,0.0,2026-05-27,2026-06-29,DR 2026 - 2026-10-02 (EXCEXP_TLS_000JJKSJR).xlsx,Rebates,3431,TD JUNE MANAGERS SPECIAL
mom,Fcst Inc Cases is not positive,London Drugs,NA-LONDON DRUGS,2026,October,TDHBHC-6/1.5,HB HOT CHOCOLATE 6/1.5KG,000ITYY5O,Committed,0.0,2026-05-27,2026-06-29,DR 2026 - 2026-10-02 (EXCEXP_TLS_000JJKSJR).xlsx,Rebates,3433,TD JUNE MANAGERS SPECIAL
mom,Fcst Inc Cases is not positive,London Drugs,NA-LONDON DRUGS,2026,October,TDL,TDL CAN,000IVQZFC,Committed,0.0,2026-06-01,2026-06-11,DR 2026 - 2026-10-02 (EXCEXP_TLS_000JJKSJR).xlsx,Rebates,3436,TD JUNE 5 FLYER
mom,Fcst Inc Cases is not positive,London Drugs,NA-LONDON DRUGS,2026,October,TDL,TDL CAN,000ITZHF1,Committed,0.0,2026-06-25,2026-07-19,DR 2026 - 2026-10-02 (EXCEXP_TLS_000JJKSJR).xlsx,Rebates,3439,TD JULY MANAGERS SPECIAL
mom,Fcst Inc Cases is not positive,London Drugs,NA-LONDON DRUGS,2026,October,TDNC-10/10,NCOMP 10/10CT,000ITZHF1,Committed,0.0,2026-06-25,2026-07-19,DR 2026 - 2026-10-02 (EXCEXP_TLS_000JJKSJR).xlsx,Rebates,3445,TD JULY MANAGERS SPECIAL
mom,Fcst Inc Cases is not positive,London Drugs,NA-LONDON DRUGS,2026,October,TDL,TDL CAN,000JI96A8,Committed,0.0,2026-06-19,2026-06-25,DR 2026 - 2026-10-02 (EXCEXP_TLS_000JJKSJR).xlsx,Rebates,3449,TD JUNE 19 FLYER
mom,Fcst Inc Cases is not positive,London Drugs,NA-LONDON DRUGS,2026,October,TDRGSB-6/300,R&G SMALL BAG 6/300GR,000ITZGR3,Committed,0.0,2026-07-10,2026-07-15,DR 2026 - 2026-10-02 (EXCEXP_TLS_000JJKSJR).xlsx,Rebates,3452,TD JULY 10 FLYER
mom,Fcst Inc Cases is not positive,London Drugs,NA-LONDON DRUGS,2026,October,TDL,TDL CAN,000ITZDN3,Committed,0.0,2026-07-22,2026-08-23,DR 2026 - 2026-10-02 (EXCEXP_TLS_000JJKSJR).xlsx,Rebates,3455,TD AUGUST MANAGERS SPECIAL
mom,Fcst Inc Cases is not positive,London Drugs,NA-LONDON DRUGS,2026,October,TDL,TDL CAN,000ITZOGI,Committed,0.0,2026-08-27,2026-09-21,DR 2026 - 2026-10-02 (EXCEXP_TLS_000JJKSJR).xlsx,Rebates,3465,TD SEPTEMBER MANAGERS SPECIAL
mom,Fcst Inc Cases is not positive,London Drugs,NA-LONDON DRUGS,2026,October,TDL,TDL CAN,000ITYY6V,Committed,0.0,2026-08-31,2026-09-30,DR 2026 - 2026-10-02 (EXCEXP_TLS_000JJKSJR).xlsx,Rebates,3473,TD - SEPTEMBER DISPLAY
mom,Fcst Inc Cases is not positive,London Drugs,NA-LONDON DRUGS,2026,October,TDL,TDL CAN,000ITZ0Y7,Committed,0.0,2026-09-18,2026-09-23,DR 2026 - 2026-10-02 (EXCEXP_TLS_000JJKSJR).xlsx,Rebates,3477,TD SEPT 18 FLYER
mom,Fcst Inc Cases is not positive,London Drugs,NA-LONDON DRUGS,2026,October,TDL,TDL CAN,000ITZFTR,Committed,0.0,2026-09-11,2026-09-16,DR 2026 - 2026-10-02 (EXCEXP_TLS_000JJKSJR).xlsx,Rebates,3480,TD - SEPTEMBER 11 FLYER
mom,Fcst Inc Cases is not positive,London Drugs,NA-LONDON DRUGS,2026,October,TDSSKC-4/30,SS KCOMP 4/30CT,000ITZGOL,Committed,0.0,2026-09-23,2026-10-18,DR 2026 - 2026-10-02 (EXCEXP_TLS_000JJKSJR).xlsx,Rebates,3486,TD - OCTOBER MANAGERS SPECIAL
mom,Fcst Inc Cases is not positive,London Drugs,NA-LONDON DRUGS,2026,October,TDRGSB-6/300,R&G SMALL BAG 6/300GR,000ITZGOL,Committed,0.0,2026-09-23,2026-10-18,DR 2026 - 2026-10-02 (EXCEXP_TLS_000JJKSJR).xlsx,Rebates,3487,TD - OCTOBER MANAGERS SPECIAL
mom,Fcst Inc Cases is not positive,London Drugs,NA-LONDON DRUGS,2026,October,TDRGLC-6/930,R&G LARGE CAN 6/930GR,000IXOHM2,Committed,0.0,2026-10-02,2026-10-07,DR 2026 - 2026-10-02 (EXCEXP_TLS_000JJKSJR).xlsx,Rebates,3491,TD - OCTOBER 7 FLYER
mom,Fcst Inc Cases is not positive,London Drugs,NA-LONDON DRUGS,2026,October,TDHBHC-12/500,HB HOT CHOCOLATE 12/500GR,000ITZLRT,Committed,0.0,2026-10-31,2026-11-29,DR 2026 - 2026-10-02 (EXCEXP_TLS_000JJKSJR).xlsx,Rebates,3496,TD NOVEMBER  DISPLAY
mom,Fcst Inc Cases is not positive,London Drugs,NA-LONDON DRUGS,2026,October,TDHBHC-12/450,HB HOT CHOCOLATE 12/450GR,000ITZLRT,Committed,0.0,2026-10-31,2026-11-29,DR 2026 - 2026-10-02 (EXCEXP_TLS_000JJKSJR).xlsx,Rebates,3497,TD NOVEMBER  DISPLAY
mom,Fcst Inc Cases is not positive,London Drugs,NA-LONDON DRUGS,2026,October,TDL,TDL CAN,000ITZQEM,Committed,0.0,2026-11-13,2026-11-18,DR 2026 - 2026-10-02 (EXCEXP_TLS_000JJKSJR).xlsx,Rebates,3500,TD NOV 13 FLYER
mom,Fcst Inc Cases is not positive,London Drugs,NA-LONDON DRUGS,2026,October,TDL,TDL CAN,000ITZ88A,Committed,0.0,2026-11-25,2026-12-27,DR 2026 - 2026-10-02 (EXCEXP_TLS_000JJKSJR).xlsx,Rebates,3505,TD DECEMBER MANAGERS SPECIAL
mom,Fcst Inc Cases is not positive,London Drugs,NA-LONDON DRUGS,2026,October,TDL,TDL CAN,000ITZDQQ,Committed,0.0,2026-11-29,2026-12-31,DR 2026 - 2026-10-02 (EXCEXP_TLS_000JJKSJR).xlsx,Rebates,3511,TD DECEMBER POWER END
mom,Fcst Inc Cases is not positive,London Drugs,NA-LONDON DRUGS,2026,October,TDHBHC-12/500,HB HOT CHOCOLATE 12/500GR,000ITZ7MR,Committed,0.0,2026-12-11,2026-12-23,DR 2026 - 2026-10-02 (EXCEXP_TLS_000JJKSJR).xlsx,Rebates,3515,TD DECEMBER 13 FLYER
mom,Fcst Inc Cases is not positive,London Drugs,NA-LONDON DRUGS,2026,October,TDHBHC-12/450,HB HOT CHOCOLATE 12/450GR,000ITZ7MR,Committed,0.0,2026-12-11,2026-12-23,DR 2026 - 2026-10-02 (EXCEXP_TLS_000JJKSJR).xlsx,Rebates,3516,TD DECEMBER 13 FLYER
mom,Fcst Inc Cases is not positive,London Drugs,NA-LONDON DRUGS,2026,October,TDL,TDL CAN,000IXOHN7,Committed,0.0,2026-12-18,2026-12-24,DR 2026 - 2026-10-02 (EXCEXP_TLS_000JJKSJR).xlsx,Rebates,3519,TD DECEMBER 18 FLYER
mom,Fcst Inc Cases is not positive,Longos,NA-LONGOS,2026,October,6320911393,TDL KCUP TEA SS 6/12 CT,000ITZ7M2,Committed,0.0,2026-04-08,2026-04-22,DR 2026 - 2026-10-02 (EXCEXP_TLS_000JJKSJR).xlsx,Rebates,3529,TD -LONGOS TPR BAGS & 12ct & NCC +End Cap Display/Flyer
mom,Fcst Inc Cases is not positive,Longos,NA-LONGOS,2026,October,TDL,TDL CAN,000ITZ7M2,Committed,0.0,2026-04-08,2026-04-22,DR 2026 - 2026-10-02 (EXCEXP_TLS_000JJKSJR).xlsx,Rebates,3530,TD -LONGOS TPR BAGS & 12ct & NCC +End Cap Display/Flyer
mom,Fcst Inc Cases is not positive,Longos,NA-LONGOS,2026,October,TDL,TDL CAN,000ITZ75H,Planned,0.0,2026-10-29,2026-12-01,DR 2026 - 2026-10-02 (EXCEXP_TLS_000JJKSJR).xlsx,Rebates,3546,"TD -LONGOS TPR Lrg Tin & 30ct, HC & FVC +End Cap Display/Fly"
mom,Fcst Inc Cases is not positive,McKesson,NA-MCKESSON,2026,October,TDIC-12/100,INSTANT COFFEE 12/100GR,000J1J7SY,Closed,0.0,2026-02-27,2026-03-05,DR 2026 - 2026-10-02 (EXCEXP_TLS_000JJKSJR).xlsx,Rebates,3572,TD REXALL 1 WEEK  EVENT 24926 Instant
mom,Fcst Inc Cases is not positive,McKesson,NA-MCKESSON,2026,October,TDRGSB-6/300,R&G SMALL BAG 6/300GR,000ITZGUA,Closed,0.0,2026-03-13,2026-03-19,DR 2026 - 2026-10-02 (EXCEXP_TLS_000JJKSJR).xlsx,Rebates,3574,TD Rexall SO FRONT PAGE EVENT 25124 6/300g 6/12ct
mom,Fcst Inc Cases is not positive,McKesson,NA-MCKESSON,2026,October,TDIC-12/100,INSTANT COFFEE 12/100GR,000ITZFSK,Closed,0.0,2026-04-03,2026-04-09,DR 2026 - 2026-10-02 (EXCEXP_TLS_000JJKSJR).xlsx,Rebates,3588,TD REXALL Flyer April 3-9
mom,Fcst Inc Cases is not positive,McKesson,NA-MCKESSON,2026,October,TDRGSB-6/300,R&G SMALL BAG 6/300GR,000ITYZLN,Closed,0.0,2026-04-17,2026-04-23,DR 2026 - 2026-10-02 (EXCEXP_TLS_000JJKSJR).xlsx,Rebates,3590,TD REXALL 1 WEEK  EVENT 20427
mom,Fcst Inc Cases is not positive,McKesson,NA-MCKESSON,2026,October,TDIC-12/12,INSTANT COFFEE 12/12CT,000ITYZLN,Closed,0.0,2026-04-17,2026-04-23,DR 2026 - 2026-10-02 (EXCEXP_TLS_000JJKSJR).xlsx,Rebates,3591,TD REXALL 1 WEEK  EVENT 20427
mom,Fcst Inc Cases is not positive,McKesson,NA-MCKESSON,2026,October,TDRGSB-6/300,R&G SMALL BAG 6/300GR,000J7WXO8,Committed,0.0,2026-04-24,2026-04-30,DR 2026 - 2026-10-02 (EXCEXP_TLS_000JJKSJR).xlsx,Rebates,3600,TD REXALL 1 WEEK  EVENT 20427
mom,Fcst Inc Cases is not positive,McKesson,NA-MCKESSON,2026,October,TDSSKC-6/12,SS KCOMP 6/12CT,000J7WXOG,Closed,0.0,2026-04-24,2026-05-21,DR 2026 - 2026-10-02 (EXCEXP_TLS_000JJKSJR).xlsx,Rebates,3602,TD REXALL 4 WEEKS EVENT
mom,Fcst Inc Cases is not positive,McKesson,NA-MCKESSON,2026,October,TDIC-12/100,INSTANT COFFEE 12/100GR,000JFS2BY,Committed,0.0,2026-05-07,2026-06-10,DR 2026 - 2026-10-02 (EXCEXP_TLS_000JJKSJR).xlsx,Rebates,3607,TD UNIPRIX INSTANT - EDLP phase 204
mom,Fcst Inc Cases is not positive,McKesson,NA-MCKESSON,2026,October,TDRGSB-6/300,R&G SMALL BAG 6/300GR,000ITZEVC,Closed,0.0,2026-05-08,2026-05-14,DR 2026 - 2026-10-02 (EXCEXP_TLS_000JJKSJR).xlsx,Rebates,3610,TD REXALL 1 WEEK  EVENT 20726
mom,Fcst Inc Cases is not positive,McKesson,NA-MCKESSON,2026,October,TDRGSB-6/300,R&G SMALL BAG 6/300GR,000JDG5VO,Committed,0.0,2026-06-05,2026-06-11,DR 2026 - 2026-10-02 (EXCEXP_TLS_000JJKSJR).xlsx,Rebates,3622,TD REXALL 1 WEEK  EVENT 21127
mom,Fcst Inc Cases is not positive,McKesson,NA-MCKESSON,2026,October,TDL,TDL CAN,000ITZQHS,Committed,0.0,2026-06-30,2026-10-27,DR 2026 - 2026-10-02 (EXCEXP_TLS_000JJKSJR).xlsx,Rebates,3633,TD 6 Retail Banner Digital Promo
mom,Fcst Inc Cases is not positive,McKesson,NA-MCKESSON,2026,October,TDSSKC-6/10,SS KCOMP 6/10CT,000ITZQHS,Committed,0.0,2026-06-30,2026-10-27,DR 2026 - 2026-10-02 (EXCEXP_TLS_000JJKSJR).xlsx,Rebates,3637,TD 6 Retail Banner Digital Promo
mom,Fcst Inc Cases is not positive,McKesson,NA-MCKESSON,2026,October,TDRGSB-6/300,R&G SMALL BAG 6/300GR,000ITZQHS,Committed,0.0,2026-06-30,2026-10-27,DR 2026 - 2026-10-02 (EXCEXP_TLS_000JJKSJR).xlsx,Rebates,3639,TD 6 Retail Banner Digital Promo
mom,Fcst Inc Cases is not positive,McKesson,NA-MCKESSON,2026,October,TDHBHC-12/500,HB HOT CHOCOLATE 12/500GR,000ITZQHS,Committed,0.0,2026-06-30,2026-10-27,DR 2026 - 2026-10-02 (EXCEXP_TLS_000JJKSJR).xlsx,Rebates,3643,TD 6 Retail Banner Digital Promo
mom,Fcst Inc Cases is not positive,McKesson,NA-MCKESSON,2026,October,TDRGSB-6/300,R&G SMALL BAG 6/300GR,000ITZHE8,Committed,0.0,2026-07-03,2026-07-09,DR 2026 - 2026-10-02 (EXCEXP_TLS_000JJKSJR).xlsx,Rebates,3652,TD Rexall SO Flyer 21526
mom,Fcst Inc Cases is not positive,McKesson,NA-MCKESSON,2026,October,TDIC-12/100,INSTANT COFFEE 12/100GR,000JJ8HBK,Committed,0.0,2026-07-08,2026-07-14,DR 2026 - 2026-10-02 (EXCEXP_TLS_000JJKSJR).xlsx,Rebates,3654,TD Rexall SO june  EVENT
mom,Fcst Inc Cases is not positive,McKesson,NA-MCKESSON,2026,October,TDIC-12/100,INSTANT COFFEE 12/100GR,000JDG5VV,Committed,0.0,2026-07-10,2026-07-16,DR 2026 - 2026-10-02 (EXCEXP_TLS_000JJKSJR).xlsx,Rebates,3656,TD Rexall SO JULY EVENT 21427
mom,Fcst Inc Cases is not positive,McKesson,NA-MCKESSON,2026,October,TDTB-6/20,TEA BAG 6/20CT,000JHJ29W,Committed,0.0,2026-07-24,2026-08-20,DR 2026 - 2026-10-02 (EXCEXP_TLS_000JJKSJR).xlsx,Rebates,3664,TD Rexall TEA In-store
mom,Fcst Inc Cases is not positive,McKesson,NA-MCKESSON,2026,October,TDIC-12/100,INSTANT COFFEE 12/100GR,000JHJ29H,Committed,0.0,2026-07-31,2026-08-13,DR 2026 - 2026-10-02 (EXCEXP_TLS_000JJKSJR).xlsx,Rebates,3673,TD REXALL INSTANT FLYER
mom,Fcst Inc Cases is not positive,McKesson,NA-MCKESSON,2026,October,6320912133,TDL ORG/DR KCUP DISPLAY 48/12 CT,000ITZ1NU,Committed,0.0,2026-08-28,2026-10-10,DR 2026 - 2026-10-02 (EXCEXP_TLS_000JJKSJR).xlsx,Rebates,3675,TD PHARMACHOICE TRADE SHOW (Ship #2)
mom,Fcst Inc Cases is not positive,McKesson,NA-MCKESSON,2026,October,6320912112,TDL INSTANT COFFEE MEDIUM DISPLY36/100GR,000ITZ1NU,Committed,0.0,2026-08-28,2026-10-10,DR 2026 - 2026-10-02 (EXCEXP_TLS_000JJKSJR).xlsx,Rebates,3676,TD PHARMACHOICE TRADE SHOW (Ship #2)
mom,Fcst Inc Cases is not positive,McKesson,NA-MCKESSON,2026,October,6320917215,TDL GRANOLA BAR BC/DC/SC DISP 56/5 EA,000ITZ1NU,Committed,0.0,2026-08-28,2026-10-10,DR 2026 - 2026-10-02 (EXCEXP_TLS_000JJKSJR).xlsx,Rebates,3678,TD PHARMACHOICE TRADE SHOW (Ship #2)
mom,Fcst Inc Cases is not positive,McKesson,NA-MCKESSON,2026,October,TDRGSB-6/300,R&G SMALL BAG 6/300GR,000ITZDPC,Committed,0.0,2026-08-21,2026-08-23,DR 2026 - 2026-10-02 (EXCEXP_TLS_000JJKSJR).xlsx,Rebates,3682,TD Rexall SO Flyer 300G Event 022273 days event
mom,Fcst Inc Cases is not positive,McKesson,NA-MCKESSON,2026,October,TDSSKC-6/12,SS KCOMP 6/12CT,000ITZ4T0,Committed,0.0,2026-08-21,2026-08-23,DR 2026 - 2026-10-02 (EXCEXP_TLS_000JJKSJR).xlsx,Rebates,3684,TD REXALL SO event 22227 3 days event
mom,Fcst Inc Cases is not positive,McKesson,NA-MCKESSON,2026,October,TDSHSP-12/540,SOUPS 12/540ML,000JHJ29O,Committed,0.0,2026-10-28,2026-12-01,DR 2026 - 2026-10-02 (EXCEXP_TLS_000JJKSJR).xlsx,Rebates,3686,TD REXALL In-Store - Soups
mom,Fcst Inc Cases is not positive,McKesson,NA-MCKESSON,2026,October,TDSSKC-6/12,SS KCOMP 6/12CT,000JFOSJ8,Committed,0.0,2026-08-24,2026-08-27,DR 2026 - 2026-10-02 (EXCEXP_TLS_000JJKSJR).xlsx,Rebates,3688,TD Rexall 4 day event
mom,Fcst Inc Cases is not positive,McKesson,NA-MCKESSON,2026,October,TDRGSB-6/300,R&G SMALL BAG 6/300GR,000JFOSJ8,Committed,0.0,2026-08-24,2026-08-27,DR 2026 - 2026-10-02 (EXCEXP_TLS_000JJKSJR).xlsx,Rebates,3689,TD Rexall 4 day event
mom,Fcst Inc Cases is not positive,McKesson,NA-MCKESSON,2026,October,TDIC-12/100,INSTANT COFFEE 12/100GR,000ITZFSD,Committed,0.0,2026-08-28,2026-09-03,DR 2026 - 2026-10-02 (EXCEXP_TLS_000JJKSJR).xlsx,Rebates,3694,TD REXALL SOEvent 02227
mom,Fcst Inc Cases is not positive,McKesson,NA-MCKESSON,2026,October,TDRGSB-6/300,R&G SMALL BAG 6/300GR,000ITZ9LJ,Committed,0.0,2026-10-02,2026-10-08,DR 2026 - 2026-10-02 (EXCEXP_TLS_000JJKSJR).xlsx,Rebates,3707,TD REXALL SO FLYER BAGS 6/300GR 22827
mom,Fcst Inc Cases is not positive,McKesson,NA-MCKESSON,2026,October,TDSSKC-6/12,SS KCOMP 6/12CT,000ITZGU2,Committed,0.0,2026-10-02,2026-10-08,DR 2026 - 2026-10-02 (EXCEXP_TLS_000JJKSJR).xlsx,Rebates,3709,TD REXALL SO FLYER PP 22827
mom,Fcst Inc Cases is not positive,McKesson,NA-MCKESSON,2026,October,TDSSKC-6/12,SS KCOMP 6/12CT,000JI70CL,Committed,0.0,2026-11-13,2026-11-19,DR 2026 - 2026-10-02 (EXCEXP_TLS_000JJKSJR).xlsx,Rebates,3725,TD REXALL SO FLYER  November Event
mom,Fcst Inc Cases is not positive,McKesson,NA-MCKESSON,2026,October,TDRGSB-6/300,R&G SMALL BAG 6/300GR,000JI70CL,Committed,0.0,2026-11-13,2026-11-19,DR 2026 - 2026-10-02 (EXCEXP_TLS_000JJKSJR).xlsx,Rebates,3726,TD REXALL SO FLYER  November Event
mom,Fcst Inc Cases is not positive,McKesson,NA-MCKESSON,2026,October,TDSSKC-6/12,SS KCOMP 6/12CT,000ITZ7LW,Committed,0.0,2026-11-27,2026-12-03,DR 2026 - 2026-10-02 (EXCEXP_TLS_000JJKSJR).xlsx,Rebates,3728,TD REXALL SO FLYER BAGS 6/300GR Dec  EVENT 23623
mom,Fcst Inc Cases is not positive,McKesson,NA-MCKESSON,2026,October,TDRGSB-6/300,R&G SMALL BAG 6/300GR,000ITZ7LW,Committed,0.0,2026-11-27,2026-12-03,DR 2026 - 2026-10-02 (EXCEXP_TLS_000JJKSJR).xlsx,Rebates,3729,TD REXALL SO FLYER BAGS 6/300GR Dec  EVENT 23623
mom,Fcst Inc Cases is not positive,Metro Ontario,NA-METRO ONTARIO,2026,October,TDSSKC-4/48,SS KCOMP 4/48CT,000HSK4D5,Committed,0.0,2026-01-01,2026-01-17,DR 2026 - 2026-10-02 (EXCEXP_TLS_000JJKSJR).xlsx,Rebates,3778,TD - MO 48ct TPR AD -K-Cup P4
mom,Fcst Inc Cases is not positive,Metro Ontario,NA-METRO ONTARIO,2026,October,TDTB-6/20,TEA BAG 6/20CT,000ITO21M,Committed,0.0,2026-01-01,2026-12-31,DR 2026 - 2026-10-02 (EXCEXP_TLS_000JJKSJR).xlsx,Rebates,3780,TD - MO Delists/Markdowns
mom,Fcst Inc Cases is not positive,Metro Ontario,NA-METRO ONTARIO,2026,October,TDSSTA-5/14,SS TASSIMO 5/14CT,000ITO21M,Committed,0.0,2026-01-01,2026-12-31,DR 2026 - 2026-10-02 (EXCEXP_TLS_000JJKSJR).xlsx,Rebates,3781,TD - MO Delists/Markdowns
mom,Fcst Inc Cases is not positive,Metro Ontario,NA-METRO ONTARIO,2026,October,TDSSKC-6/12,SS KCOMP 6/12CT,000ITO21M,Committed,0.0,2026-01-01,2026-12-31,DR 2026 - 2026-10-02 (EXCEXP_TLS_000JJKSJR).xlsx,Rebates,3782,TD - MO Delists/Markdowns
mom,Fcst Inc Cases is not positive,Metro Ontario,NA-METRO ONTARIO,2026,October,TDSSKC-6/10,SS KCOMP 6/10CT,000ITO21M,Committed,0.0,2026-01-01,2026-12-31,DR 2026 - 2026-10-02 (EXCEXP_TLS_000JJKSJR).xlsx,Rebates,3783,TD - MO Delists/Markdowns
mom,Fcst Inc Cases is not positive,Metro Ontario,NA-METRO ONTARIO,2026,October,TDSSKC-4/48,SS KCOMP 4/48CT,000ITO21M,Committed,0.0,2026-01-01,2026-12-31,DR 2026 - 2026-10-02 (EXCEXP_TLS_000JJKSJR).xlsx,Rebates,3784,TD - MO Delists/Markdowns
mom,Fcst Inc Cases is not positive,Metro Ontario,NA-METRO ONTARIO,2026,October,TDSSKC-4/30,SS KCOMP 4/30CT,000ITO21M,Committed,0.0,2026-01-01,2026-12-31,DR 2026 - 2026-10-02 (EXCEXP_TLS_000JJKSJR).xlsx,Rebates,3785,TD - MO Delists/Markdowns
mom,Fcst Inc Cases is not positive,Metro Ontario,NA-METRO ONTARIO,2026,October,TDSHSP-12/540,SOUPS 12/540ML,000ITO21M,Committed,0.0,2026-01-01,2026-12-31,DR 2026 - 2026-10-02 (EXCEXP_TLS_000JJKSJR).xlsx,Rebates,3786,TD - MO Delists/Markdowns
mom,Fcst Inc Cases is not positive,Metro Ontario,NA-METRO ONTARIO,2026,October,TDSHSP-12/400,SOUPS 12/400ML,000ITO21M,Committed,0.0,2026-01-01,2026-12-31,DR 2026 - 2026-10-02 (EXCEXP_TLS_000JJKSJR).xlsx,Rebates,3787,TD - MO Delists/Markdowns
mom,Fcst Inc Cases is not positive,Metro Ontario,NA-METRO ONTARIO,2026,October,TDPS-6/473,SAUCES 6/473ML,000ITO21M,Committed,0.0,2026-01-01,2026-12-31,DR 2026 - 2026-10-02 (EXCEXP_TLS_000JJKSJR).xlsx,Rebates,3788,TD - MO Delists/Markdowns
mom,Fcst Inc Cases is not positive,Metro Ontario,NA-METRO ONTARIO,2026,October,TDRGSC-6/640,R&G SMALL CAN 6/640GR,000ITO21M,Committed,0.0,2026-01-01,2026-12-31,DR 2026 - 2026-10-02 (EXCEXP_TLS_000JJKSJR).xlsx,Rebates,3789,TD - MO Delists/Markdowns
mom,Fcst Inc Cases is not positive,Metro Ontario,NA-METRO ONTARIO,2026,October,TDRGSB-6/300,R&G SMALL BAG 6/300GR,000ITO21M,Committed,0.0,2026-01-01,2026-12-31,DR 2026 - 2026-10-02 (EXCEXP_TLS_000JJKSJR).xlsx,Rebates,3790,TD - MO Delists/Markdowns
mom,Fcst Inc Cases is not positive,Metro Ontario,NA-METRO ONTARIO,2026,October,TDNC-10/10,NCOMP 10/10CT,000ITO21M,Committed,0.0,2026-01-01,2026-12-31,DR 2026 - 2026-10-02 (EXCEXP_TLS_000JJKSJR).xlsx,Rebates,3791,TD - MO Delists/Markdowns
mom,Fcst Inc Cases is not positive,Metro Ontario,NA-METRO ONTARIO,2026,October,TDIC-12/100,INSTANT COFFEE 12/100GR,000ITO21M,Committed,0.0,2026-01-01,2026-12-31,DR 2026 - 2026-10-02 (EXCEXP_TLS_000JJKSJR).xlsx,Rebates,3792,TD - MO Delists/Markdowns
mom,Fcst Inc Cases is not positive,Metro Ontario,NA-METRO ONTARIO,2026,October,TDSHHB-12/425,HOT BOWLS 12/425GR,000ITO21M,Committed,0.0,2026-01-01,2026-12-31,DR 2026 - 2026-10-02 (EXCEXP_TLS_000JJKSJR).xlsx,Rebates,3793,TD - MO Delists/Markdowns
mom,Fcst Inc Cases is not positive,Metro Ontario,NA-METRO ONTARIO,2026,October,TDHBHC-6/10,HB HOT CHOCOLATE 6/10CT,000ITO21M,Committed,0.0,2026-01-01,2026-12-31,DR 2026 - 2026-10-02 (EXCEXP_TLS_000JJKSJR).xlsx,Rebates,3794,TD - MO Delists/Markdowns
mom,Fcst Inc Cases is not positive,Metro Ontario,NA-METRO ONTARIO,2026,October,TDHBHC-5/8,HB HOT CHOCOLATE 5/8CT,000ITO21M,Committed,0.0,2026-01-01,2026-12-31,DR 2026 - 2026-10-02 (EXCEXP_TLS_000JJKSJR).xlsx,Rebates,3795,TD - MO Delists/Markdowns
mom,Fcst Inc Cases is not positive,Metro Ontario,NA-METRO ONTARIO,2026,October,TDHBHC-12/450,HB HOT CHOCOLATE 12/450GR,000ITO21M,Committed,0.0,2026-01-01,2026-12-31,DR 2026 - 2026-10-02 (EXCEXP_TLS_000JJKSJR).xlsx,Rebates,3796,TD - MO Delists/Markdowns
mom,Fcst Inc Cases is not positive,Metro Ontario,NA-METRO ONTARIO,2026,October,TDL,TDL CAN,000ITO3D9,Committed,0.0,2026-01-01,2026-12-31,DR 2026 - 2026-10-02 (EXCEXP_TLS_000JJKSJR).xlsx,Rebates,3798,TD Metro Bnr 1.77% Rate (58% of total) Harm/LS
mom,Fcst Inc Cases is not positive,Metro Ontario,NA-METRO ONTARIO,2026,October,TDTB-6/20,TEA BAG 6/20CT,000IYJHYT,Committed,0.0,2026-01-15,2026-01-24,DR 2026 - 2026-10-02 (EXCEXP_TLS_000JJKSJR).xlsx,Rebates,3804,TD Metro Bnr Tea P5 - 5K LS
mom,Fcst Inc Cases is not positive,Metro Ontario,NA-METRO ONTARIO,2026,October,TDHBHC-12/500,HB HOT CHOCOLATE 12/500GR,000ITO1ZQ,Committed,0.0,2026-01-15,2026-03-11,DR 2026 - 2026-10-02 (EXCEXP_TLS_000JJKSJR).xlsx,Rebates,3812,TD MO Metro  TPR - Hot Choc PPK Displayer P5 & P6
mom,Fcst Inc Cases is not positive,Metro Ontario,NA-METRO ONTARIO,2026,October,TDHBHC-12/450,HB HOT CHOCOLATE 12/450GR,000ITO1ZQ,Committed,0.0,2026-01-15,2026-03-11,DR 2026 - 2026-10-02 (EXCEXP_TLS_000JJKSJR).xlsx,Rebates,3813,TD MO Metro  TPR - Hot Choc PPK Displayer P5 & P6
mom,Fcst Inc Cases is not positive,Metro Ontario,NA-METRO ONTARIO,2026,October,TDHBCAP-12/343,HB CAPPUCCINO 12/454GR,000ITO1ZQ,Committed,0.0,2026-01-15,2026-03-11,DR 2026 - 2026-10-02 (EXCEXP_TLS_000JJKSJR).xlsx,Rebates,3814,TD MO Metro  TPR - Hot Choc PPK Displayer P5 & P6
mom,Fcst Inc Cases is not positive,Metro Ontario,NA-METRO ONTARIO,2026,October,TDSHSP-12/540,SOUPS 12/540ML,000JEWDY0,Committed,0.0,2026-01-29,2026-02-07,DR 2026 - 2026-10-02 (EXCEXP_TLS_000JJKSJR).xlsx,Rebates,3816,TD FBasics Soups P5
mom,Fcst Inc Cases is not positive,Metro Ontario,NA-METRO ONTARIO,2026,October,TDSHSP-12/540,SOUPS 12/540ML,000JEWDY0,Committed,0.0,2026-01-29,2026-02-07,DR 2026 - 2026-10-02 (EXCEXP_TLS_000JJKSJR).xlsx,Rebates,3817,TD FBasics Soups P5
mom,Fcst Inc Cases is not positive,Metro Ontario,NA-METRO ONTARIO,2026,October,TDNC-10/10,NCOMP 10/10CT,000ITO0VE,Committed,0.0,2026-02-12,2026-03-11,DR 2026 - 2026-10-02 (EXCEXP_TLS_000JJKSJR).xlsx,Rebates,3826,"TD MO - TH HC -FV 454g- NCOMP 10/10, INST 100G ISF P6"
mom,Fcst Inc Cases is not positive,Metro Ontario,NA-METRO ONTARIO,2026,October,TDIC-12/100,INSTANT COFFEE 12/100GR,000ITO0VE,Committed,0.0,2026-02-12,2026-03-11,DR 2026 - 2026-10-02 (EXCEXP_TLS_000JJKSJR).xlsx,Rebates,3827,"TD MO - TH HC -FV 454g- NCOMP 10/10, INST 100G ISF P6"
mom,Fcst Inc Cases is not positive,Metro Ontario,NA-METRO ONTARIO,2026,October,TDHBHC-12/500,HB HOT CHOCOLATE 12/500GR,000ITO0VE,Committed,0.0,2026-02-12,2026-03-11,DR 2026 - 2026-10-02 (EXCEXP_TLS_000JJKSJR).xlsx,Rebates,3828,"TD MO - TH HC -FV 454g- NCOMP 10/10, INST 100G ISF P6"
mom,Fcst Inc Cases is not positive,Metro Ontario,NA-METRO ONTARIO,2026,October,TDSSKC-6/12,SS KCOMP 6/12CT,000ITO0XQ,Committed,0.0,2026-02-12,2026-03-11,DR 2026 - 2026-10-02 (EXCEXP_TLS_000JJKSJR).xlsx,Rebates,3830,TD FB Feb Front End Program K- Cups 12ct/inst Coffee 100g P6
mom,Fcst Inc Cases is not positive,Metro Ontario,NA-METRO ONTARIO,2026,October,TDSSKC-6/12,SS KCOMP 6/12CT,000ITO0XQ,Committed,0.0,2026-02-12,2026-03-11,DR 2026 - 2026-10-02 (EXCEXP_TLS_000JJKSJR).xlsx,Rebates,3831,TD FB Feb Front End Program K- Cups 12ct/inst Coffee 100g P6
mom,Fcst Inc Cases is not positive,Metro Ontario,NA-METRO ONTARIO,2026,October,TDSHSP-24/284,SOUPS 24/284ML,000ITO3HC,Committed,0.0,2026-02-26,2026-03-11,DR 2026 - 2026-10-02 (EXCEXP_TLS_000JJKSJR).xlsx,Rebates,3833,TD - MO - TPR P6 SOUP - CHILLI & 284ML TRIBUTE AD
mom,Fcst Inc Cases is not positive,Metro Ontario,NA-METRO ONTARIO,2026,October,TDSHSP-12/540,SOUPS 12/540ML,000ITO3HC,Committed,0.0,2026-02-26,2026-03-11,DR 2026 - 2026-10-02 (EXCEXP_TLS_000JJKSJR).xlsx,Rebates,3834,TD - MO - TPR P6 SOUP - CHILLI & 284ML TRIBUTE AD
mom,Fcst Inc Cases is not positive,Metro Ontario,NA-METRO ONTARIO,2026,October,TDSHSP-12/540,SOUPS 12/540ML,000ITO3HC,Committed,0.0,2026-02-26,2026-03-11,DR 2026 - 2026-10-02 (EXCEXP_TLS_000JJKSJR).xlsx,Rebates,3836,TD - MO - TPR P6 SOUP - CHILLI & 284ML TRIBUTE AD
mom,Fcst Inc Cases is not positive,Metro Ontario,NA-METRO ONTARIO,2026,October,TDRGLC-6/930,R&G LARGE CAN 6/930GR,000JE05P9,Committed,0.0,2026-03-12,2026-03-18,DR 2026 - 2026-10-02 (EXCEXP_TLS_000JJKSJR).xlsx,Rebates,3838,TD - FB Large Tin 1wk P7
mom,Fcst Inc Cases is not positive,Metro Ontario,NA-METRO ONTARIO,2026,October,TDSSTA-5/14,SS TASSIMO 5/14CT,000JE00EJ,Committed,0.0,2026-03-12,2026-04-08,DR 2026 - 2026-10-02 (EXCEXP_TLS_000JJKSJR).xlsx,Rebates,3840,"TD - MO Soup, Inst 300gr, Tassimo 14ct TPR  P7"
mom,Fcst Inc Cases is not positive,Metro Ontario,NA-METRO ONTARIO,2026,October,TDSHSP-12/540,SOUPS 12/540ML,000JE00EJ,Committed,0.0,2026-03-12,2026-04-08,DR 2026 - 2026-10-02 (EXCEXP_TLS_000JJKSJR).xlsx,Rebates,3841,"TD - MO Soup, Inst 300gr, Tassimo 14ct TPR  P7"
mom,Fcst Inc Cases is not positive,Metro Ontario,NA-METRO ONTARIO,2026,October,TDIC-6/300,INSTANT COFFEE 6/300GR,000JE00EJ,Committed,0.0,2026-03-12,2026-04-08,DR 2026 - 2026-10-02 (EXCEXP_TLS_000JJKSJR).xlsx,Rebates,3842,"TD - MO Soup, Inst 300gr, Tassimo 14ct TPR  P7"
mom,Fcst Inc Cases is not positive,Metro Ontario,NA-METRO ONTARIO,2026,October,TDSHHB-12/425,HOT BOWLS 12/425GR,000JE00EJ,Committed,0.0,2026-03-12,2026-04-08,DR 2026 - 2026-10-02 (EXCEXP_TLS_000JJKSJR).xlsx,Rebates,3843,"TD - MO Soup, Inst 300gr, Tassimo 14ct TPR  P7"
mom,Fcst Inc Cases is not positive,Metro Ontario,NA-METRO ONTARIO,2026,October,TDSSKC-4/30,SS KCOMP 4/30CT,000ITO3I9,Committed,0.0,2026-03-12,2026-04-08,DR 2026 - 2026-10-02 (EXCEXP_TLS_000JJKSJR).xlsx,Rebates,3845,TD FB March Front End Program- P7
mom,Fcst Inc Cases is not positive,Metro Ontario,NA-METRO ONTARIO,2026,October,TDSSKC-4/30,SS KCOMP 4/30CT,000ITO3I9,Committed,0.0,2026-03-12,2026-04-08,DR 2026 - 2026-10-02 (EXCEXP_TLS_000JJKSJR).xlsx,Rebates,3846,TD FB March Front End Program- P7
mom,Fcst Inc Cases is not positive,Metro Ontario,NA-METRO ONTARIO,2026,October,TDSHHB-12/425,HOT BOWLS 12/425GR,000ITO3I9,Committed,0.0,2026-03-12,2026-04-08,DR 2026 - 2026-10-02 (EXCEXP_TLS_000JJKSJR).xlsx,Rebates,3848,TD FB March Front End Program- P7
mom,Fcst Inc Cases is not positive,Metro Ontario,NA-METRO ONTARIO,2026,October,TDHBCAP-12/343,HB CAPPUCCINO 12/454GR,000ITO3I9,Committed,0.0,2026-03-12,2026-04-08,DR 2026 - 2026-10-02 (EXCEXP_TLS_000JJKSJR).xlsx,Rebates,3849,TD FB March Front End Program- P7
mom,Fcst Inc Cases is not positive,Metro Ontario,NA-METRO ONTARIO,2026,October,TDSSKC-6/10,SS KCOMP 6/10CT,000ITO3CN,Committed,0.0,2026-04-09,2026-04-15,DR 2026 - 2026-10-02 (EXCEXP_TLS_000JJKSJR).xlsx,Rebates,3854,TD MO Metro 300g & K-CUP 12CT TPR P8
mom,Fcst Inc Cases is not positive,Metro Ontario,NA-METRO ONTARIO,2026,October,TDSSKC-6/10,SS KCOMP 6/10CT,000ITO3HW,Committed,0.0,2026-04-09,2026-05-06,DR 2026 - 2026-10-02 (EXCEXP_TLS_000JJKSJR).xlsx,Rebates,3867,TD - FB KCUP 12/10CT 300G 4WK P8
mom,Fcst Inc Cases is not positive,Metro Ontario,NA-METRO ONTARIO,2026,October,6320911272,TDL KCUP CAPPUCCNO FRNCH VAN SS 6/10CT,000JCYCO9,Committed,0.0,2026-04-16,2026-05-13,DR 2026 - 2026-10-02 (EXCEXP_TLS_000JJKSJR).xlsx,Rebates,3874,TD MO Metro Kcups & Soup 284ml Inventory clear DS
mom,Fcst Inc Cases is not positive,Metro Ontario,NA-METRO ONTARIO,2026,October,6320923234,TDL KCUP BOI VANILLA SS 6/10 CT,000JCYCO9,Committed,0.0,2026-04-16,2026-05-13,DR 2026 - 2026-10-02 (EXCEXP_TLS_000JJKSJR).xlsx,Rebates,3875,TD MO Metro Kcups & Soup 284ml Inventory clear DS
mom,Fcst Inc Cases is not positive,Metro Ontario,NA-METRO ONTARIO,2026,October,6320923233,TDL KCUP BOI MEDIUM SS 6/10 CT,000JCYCO9,Committed,0.0,2026-04-16,2026-05-13,DR 2026 - 2026-10-02 (EXCEXP_TLS_000JJKSJR).xlsx,Rebates,3876,TD MO Metro Kcups & Soup 284ml Inventory clear DS
mom,Fcst Inc Cases is not positive,Metro Ontario,NA-METRO ONTARIO,2026,October,TDSSKC-4/30,SS KCOMP 4/30CT,000ITO0U3,Committed,0.0,2026-05-01,2026-05-28,DR 2026 - 2026-10-02 (EXCEXP_TLS_000JJKSJR).xlsx,Rebates,3884,TD FB KCUP 30CT WOWZA TPR AD P9
mom,Fcst Inc Cases is not positive,Metro Ontario,NA-METRO ONTARIO,2026,October,TDSSKC-6/10,SS KCOMP 6/10CT,000JAWJZG,Committed,0.0,2026-05-07,2026-05-13,DR 2026 - 2026-10-02 (EXCEXP_TLS_000JJKSJR).xlsx,Rebates,3888,TD MO Metro 300g & SS 12CT TPR P9
mom,Fcst Inc Cases is not positive,Metro Ontario,NA-METRO ONTARIO,2026,October,TDTB-6/20,TEA BAG 6/20CT,000ITO0TN,Committed,0.0,2026-06-04,2026-07-01,DR 2026 - 2026-10-02 (EXCEXP_TLS_000JJKSJR).xlsx,Rebates,3912,"TD MO Metro Kcups, HC, Inst 100gr, Ncomp, 300gr, CS 284 P10"
mom,Fcst Inc Cases is not positive,Metro Ontario,NA-METRO ONTARIO,2026,October,TDSIC-12/470,SYRUPS 12/470ML,000ITO0TN,Committed,0.0,2026-06-04,2026-07-01,DR 2026 - 2026-10-02 (EXCEXP_TLS_000JJKSJR).xlsx,Rebates,3914,"TD MO Metro Kcups, HC, Inst 100gr, Ncomp, 300gr, CS 284 P10"
mom,Fcst Inc Cases is not positive,Metro Ontario,NA-METRO ONTARIO,2026,October,TDSIC-12/470,SYRUPS 12/470ML,000ITO0TN,Committed,0.0,2026-06-04,2026-07-01,DR 2026 - 2026-10-02 (EXCEXP_TLS_000JJKSJR).xlsx,Rebates,3915,"TD MO Metro Kcups, HC, Inst 100gr, Ncomp, 300gr, CS 284 P10"
mom,Fcst Inc Cases is not positive,Metro Ontario,NA-METRO ONTARIO,2026,October,TDSSKC-6/10,SS KCOMP 6/10CT,000ITO0TN,Committed,0.0,2026-06-04,2026-07-01,DR 2026 - 2026-10-02 (EXCEXP_TLS_000JJKSJR).xlsx,Rebates,3917,"TD MO Metro Kcups, HC, Inst 100gr, Ncomp, 300gr, CS 284 P10"
mom,Fcst Inc Cases is not positive,Metro Ontario,NA-METRO ONTARIO,2026,October,TDRGSB-6/300,R&G SMALL BAG 6/300GR,000JDDCLU,Committed,0.0,2026-05-29,2026-07-01,DR 2026 - 2026-10-02 (EXCEXP_TLS_000JJKSJR).xlsx,Rebates,3926,TD MO Soccer program P10 300gr
mom,Fcst Inc Cases is not positive,Metro Ontario,NA-METRO ONTARIO,2026,October,TDSSKC-6/12,SS KCOMP 6/12CT,000ITO1ZC,Committed,0.0,2026-05-28,2026-07-04,DR 2026 - 2026-10-02 (EXCEXP_TLS_000JJKSJR).xlsx,Rebates,3932,TD FB P10 (4Wks) SS KCOMP 12/10/48CT + R&G SmBag 300g ISF
mom,Fcst Inc Cases is not positive,Metro Ontario,NA-METRO ONTARIO,2026,October,TDSSKC-6/10,SS KCOMP 6/10CT,000ITO1ZC,Committed,0.0,2026-05-28,2026-07-04,DR 2026 - 2026-10-02 (EXCEXP_TLS_000JJKSJR).xlsx,Rebates,3933,TD FB P10 (4Wks) SS KCOMP 12/10/48CT + R&G SmBag 300g ISF
mom,Fcst Inc Cases is not positive,Metro Ontario,NA-METRO ONTARIO,2026,October,TDSHSP-12/540,SOUPS 12/540ML,000ITO1ZC,Committed,0.0,2026-05-28,2026-07-04,DR 2026 - 2026-10-02 (EXCEXP_TLS_000JJKSJR).xlsx,Rebates,3935,TD FB P10 (4Wks) SS KCOMP 12/10/48CT + R&G SmBag 300g ISF
mom,Fcst Inc Cases is not positive,Metro Ontario,NA-METRO ONTARIO,2026,October,TDRGSB-6/300,R&G SMALL BAG 6/300GR,000ITO1ZC,Committed,0.0,2026-05-28,2026-07-04,DR 2026 - 2026-10-02 (EXCEXP_TLS_000JJKSJR).xlsx,Rebates,3936,TD FB P10 (4Wks) SS KCOMP 12/10/48CT + R&G SmBag 300g ISF
mom,Fcst Inc Cases is not positive,Metro Ontario,NA-METRO ONTARIO,2026,October,TDRGSB-48/300,R&G SMALL BAG 48/300GR,000ITO1ZC,Committed,0.0,2026-05-28,2026-07-04,DR 2026 - 2026-10-02 (EXCEXP_TLS_000JJKSJR).xlsx,Rebates,3938,TD FB P10 (4Wks) SS KCOMP 12/10/48CT + R&G SmBag 300g ISF
mom,Fcst Inc Cases is not positive,Metro Ontario,NA-METRO ONTARIO,2026,October,TDSHHB-12/425,HOT BOWLS 12/425GR,000ITO1ZC,Committed,0.0,2026-05-28,2026-07-04,DR 2026 - 2026-10-02 (EXCEXP_TLS_000JJKSJR).xlsx,Rebates,3939,TD FB P10 (4Wks) SS KCOMP 12/10/48CT + R&G SmBag 300g ISF
mom,Fcst Inc Cases is not positive,Metro Ontario,NA-METRO ONTARIO,2026,October,TDSHSP-12/540,SOUPS 12/540ML,000ITO2TM,Committed,0.0,2026-06-11,2026-07-08,DR 2026 - 2026-10-02 (EXCEXP_TLS_000JJKSJR).xlsx,Rebates,3942,TD FBasics Soups - Wowza Ad P9
mom,Fcst Inc Cases is not positive,Metro Ontario,NA-METRO ONTARIO,2026,October,TDSHHB-12/425,HOT BOWLS 12/425GR,000ITO2TM,Committed,0.0,2026-06-11,2026-07-08,DR 2026 - 2026-10-02 (EXCEXP_TLS_000JJKSJR).xlsx,Rebates,3943,TD FBasics Soups - Wowza Ad P9
mom,Fcst Inc Cases is not positive,Metro Ontario,NA-METRO ONTARIO,2026,October,TDRGSC-6/640,R&G SMALL CAN 6/640GR,000ITO102,Committed,0.0,2026-06-18,2026-06-24,DR 2026 - 2026-10-02 (EXCEXP_TLS_000JJKSJR).xlsx,Rebates,3945,TD - MO 930g/640g/907g TPR P10
mom,Fcst Inc Cases is not positive,Metro Ontario,NA-METRO ONTARIO,2026,October,TDRGLC-6/930,R&G LARGE CAN 6/930GR,000ITO102,Committed,0.0,2026-06-18,2026-06-24,DR 2026 - 2026-10-02 (EXCEXP_TLS_000JJKSJR).xlsx,Rebates,3946,TD - MO 930g/640g/907g TPR P10
mom,Fcst Inc Cases is not positive,Metro Ontario,NA-METRO ONTARIO,2026,October,TDRGLB-6/2,R&G LARGE BAG 6/2LB,000ITO102,Committed,0.0,2026-06-18,2026-06-24,DR 2026 - 2026-10-02 (EXCEXP_TLS_000JJKSJR).xlsx,Rebates,3947,TD - MO 930g/640g/907g TPR P10
mom,Fcst Inc Cases is not positive,Metro Ontario,NA-METRO ONTARIO,2026,October,TDRGLC-6/930,R&G LARGE CAN 6/930GR,000JB0FF6,Committed,0.0,2026-07-02,2026-07-08,DR 2026 - 2026-10-02 (EXCEXP_TLS_000JJKSJR).xlsx,Rebates,3951,TD - FB Large Tin 1wk P11
mom,Fcst Inc Cases is not positive,Metro Ontario,NA-METRO ONTARIO,2026,October,TDSSKC-6/10,SS KCOMP 6/10CT,000JAX0U8,Committed,0.0,2026-07-02,2026-07-29,DR 2026 - 2026-10-02 (EXCEXP_TLS_000JJKSJR).xlsx,Rebates,3956,"TD MO Metro Kcups, HC, Inst 300gr, Tassi, 300gr, Soup P11"
mom,Fcst Inc Cases is not positive,Metro Ontario,NA-METRO ONTARIO,2026,October,TDSHHB-12/425,HOT BOWLS 12/425GR,000JB0FD3,Committed,0.0,2026-07-02,2026-07-29,DR 2026 - 2026-10-02 (EXCEXP_TLS_000JJKSJR).xlsx,Rebates,3965,TD FBasics Soups 4wk  - Ad P11
mom,Fcst Inc Cases is not positive,Metro Ontario,NA-METRO ONTARIO,2026,October,TDL,TDL CAN,000ITO0X8,Committed,0.0,2026-06-27,2026-07-27,DR 2026 - 2026-10-02 (EXCEXP_TLS_000JJKSJR).xlsx,Rebates,3971,TD MO Golf Tournament 2026 $5k
mom,Fcst Inc Cases is not positive,Metro Ontario,NA-METRO ONTARIO,2026,October,TDL,TDL CAN,000JCN51W,Planned,0.0,2026-07-01,2026-10-01,DR 2026 - 2026-10-02 (EXCEXP_TLS_000JJKSJR).xlsx,Rebates,3973,TD MO LS FEE PLACEHOLDER FOR TDL CAN
mom,Fcst Inc Cases is not positive,Metro Ontario,NA-METRO ONTARIO,2026,October,TDSSKC-6/30,SS KCOMP 6/30CT,000JB0R06,Planned,0.0,2026-07-24,2026-08-30,DR 2026 - 2026-10-02 (EXCEXP_TLS_000JJKSJR).xlsx,Rebates,3981,TD FB Lump Sum P12
mom,Fcst Inc Cases is not positive,Metro Ontario,NA-METRO ONTARIO,2026,October,TDSSKC-6/10,SS KCOMP 6/10CT,000JB0FDJ,Committed,0.0,2026-07-30,2026-08-26,DR 2026 - 2026-10-02 (EXCEXP_TLS_000JJKSJR).xlsx,Rebates,3991,TD FB 12/10CT 48CT 300g Chilli 4wk P12
mom,Fcst Inc Cases is not positive,Metro Ontario,NA-METRO ONTARIO,2026,October,6320926000,TDL PKS/ORG KCUP DISPLAY 48/12CT,000JCE2XB,Committed,0.0,2026-07-30,2026-08-26,DR 2026 - 2026-10-02 (EXCEXP_TLS_000JJKSJR).xlsx,Rebates,3996,TD Metro P12 K-cup Pumpkin Spice SCO
mom,Fcst Inc Cases is not positive,Metro Ontario,NA-METRO ONTARIO,2026,October,6320923343,TDL KCUP PUMPKIN SPICE SS 6/12 CT,000JCE2XB,Committed,0.0,2026-07-30,2026-08-26,DR 2026 - 2026-10-02 (EXCEXP_TLS_000JJKSJR).xlsx,Rebates,3998,TD Metro P12 K-cup Pumpkin Spice SCO
mom,Fcst Inc Cases is not positive,Metro Ontario,NA-METRO ONTARIO,2026,October,TDSSKC-6/10,SS KCOMP 6/10CT,000JB0K8P,Committed,0.0,2026-07-30,2026-08-26,DR 2026 - 2026-10-02 (EXCEXP_TLS_000JJKSJR).xlsx,Rebates,4003,TD MO Metro 300g & SS 12CT TPR P12
mom,Fcst Inc Cases is not positive,Metro Ontario,NA-METRO ONTARIO,2026,October,TDPS-6/473,SAUCES 6/473ML,000JG6G02,Committed,0.0,2026-08-13,2026-08-19,DR 2026 - 2026-10-02 (EXCEXP_TLS_000JJKSJR).xlsx,Rebates,4013,TD MO P12 Popeyes Sauces 473ml & Biscuits 322gr
mom,Fcst Inc Cases is not positive,Metro Ontario,NA-METRO ONTARIO,2026,October,TDPBM-6/322,BISCUIT MIX 6/322GR,000JG6G02,Committed,0.0,2026-08-13,2026-08-19,DR 2026 - 2026-10-02 (EXCEXP_TLS_000JJKSJR).xlsx,Rebates,4015,TD MO P12 Popeyes Sauces 473ml & Biscuits 322gr
mom,Fcst Inc Cases is not positive,Metro Ontario,NA-METRO ONTARIO,2026,October,TDSHHB-12/425,HOT BOWLS 12/425GR,000JB0FEP,Committed,0.0,2026-08-13,2026-09-09,DR 2026 - 2026-10-02 (EXCEXP_TLS_000JJKSJR).xlsx,Rebates,4020,TD FBasics Soups - Ad P13
mom,Fcst Inc Cases is not positive,Metro Ontario,NA-METRO ONTARIO,2026,October,TDSSKC-6/30,SS KCOMP 6/30CT,000JB0PTY,Planned,0.0,2026-08-21,2026-09-24,DR 2026 - 2026-10-02 (EXCEXP_TLS_000JJKSJR).xlsx,Rebates,4032,TD FB Lump Sum P13
mom,Fcst Inc Cases is not positive,Metro Ontario,NA-METRO ONTARIO,2026,October,6320923343,TDL KCUP PUMPKIN SPICE SS 6/12 CT,000JEEIRN,Committed,0.0,2026-08-27,2026-09-30,DR 2026 - 2026-10-02 (EXCEXP_TLS_000JJKSJR).xlsx,Rebates,4046,TD Metro P13 K-cup Pumpkin Spice SCO
mom,Fcst Inc Cases is not positive,Metro Ontario,NA-METRO ONTARIO,2026,October,TDSSKC-6/12,SS KCOMP 6/12CT,000ITO3DQ,Planned,0.0,2026-09-17,2026-09-23,DR 2026 - 2026-10-02 (EXCEXP_TLS_000JJKSJR).xlsx,Rebates,4055,TD MO 12ct KCups & 300g Bundled PPK AD 13
mom,Fcst Inc Cases is not positive,Metro Ontario,NA-METRO ONTARIO,2026,October,TDSSKC-6/12,SS KCOMP 6/12CT,000ITO3H2,Planned,0.0,2026-09-24,2026-09-30,DR 2026 - 2026-10-02 (EXCEXP_TLS_000JJKSJR).xlsx,Rebates,4060,TD MO 300g & KCups 12 ct TPR P1 Wk2 - Coffee Day
mom,Fcst Inc Cases is not positive,Metro Ontario,NA-METRO ONTARIO,2026,October,TDSSKC-6/10,SS KCOMP 6/10CT,000ITO3H2,Planned,0.0,2026-09-24,2026-09-30,DR 2026 - 2026-10-02 (EXCEXP_TLS_000JJKSJR).xlsx,Rebates,4061,TD MO 300g & KCups 12 ct TPR P1 Wk2 - Coffee Day
mom,Fcst Inc Cases is not positive,Metro Ontario,NA-METRO ONTARIO,2026,October,TDSSKC-6/10,SS KCOMP 6/10CT,000JB0FFP,Planned,0.0,2026-09-25,2026-10-22,DR 2026 - 2026-10-02 (EXCEXP_TLS_000JJKSJR).xlsx,Rebates,4068,TD FB 12/10CT 48CT 300g Chilli 4wk P1
mom,Fcst Inc Cases is not positive,Metro Ontario,NA-METRO ONTARIO,2026,October,TDSSKC-6/30,SS KCOMP 6/30CT,000JB0PU3,Planned,0.0,2026-09-25,2026-10-22,DR 2026 - 2026-10-02 (EXCEXP_TLS_000JJKSJR).xlsx,Rebates,4073,TD FB Lump Sum P1
mom,Fcst Inc Cases is not positive,Metro Ontario,NA-METRO ONTARIO,2026,October,TDSSKC-6/10,SS KCOMP 6/10CT,000JB0KAS,Planned,0.0,2026-10-22,2026-10-29,DR 2026 - 2026-10-02 (EXCEXP_TLS_000JJKSJR).xlsx,Rebates,4092,TD MO Metro 300g & SS 12CT TPR P2
mom,Fcst Inc Cases is not positive,Metro Ontario,NA-METRO ONTARIO,2026,October,TDSHSP-24/284,SOUPS 24/284ML,000ITO7EX,Planned,0.0,2026-11-12,2026-11-18,DR 2026 - 2026-10-02 (EXCEXP_TLS_000JJKSJR).xlsx,Rebates,4117,TD MO - Condensed New Product Tribute
mom,Fcst Inc Cases is not positive,Metro Ontario,NA-METRO ONTARIO,2026,October,TDSSKC-6/10,SS KCOMP 6/10CT,000JB0E3A,Planned,0.0,2026-11-20,2026-11-26,DR 2026 - 2026-10-02 (EXCEXP_TLS_000JJKSJR).xlsx,Rebates,4125,TD MO Metro 300g & GBR SS 12CT TPR P3
mom,Fcst Inc Cases is not positive,Metro Ontario,NA-METRO ONTARIO,2026,October,TDSSKC-6/10,SS KCOMP 6/10CT,000JB0PSH,Planned,0.0,2026-11-20,2026-12-17,DR 2026 - 2026-10-02 (EXCEXP_TLS_000JJKSJR).xlsx,Rebates,4129,TD FB 12/10CT 48CT 300g Chilli 4wk P3
mom,Fcst Inc Cases is not positive,Metro Quebec,NA-METRO QUEBEC,2026,October,TDSHSP-12/400,SOUPS 12/400ML,000JD94O6,Closed,0.0,2026-01-01,2026-03-31,DR 2026 - 2026-10-02 (EXCEXP_TLS_000JJKSJR).xlsx,Rebates,4171,TD Metro Q  12/400ML Soup delist cost Q1/26 extension
mom,Fcst Inc Cases is not positive,Metro Quebec,NA-METRO QUEBEC,2026,October,TDSSKC-6/12,SS KCOMP 6/12CT,000JGBWR0,Committed,0.0,2026-01-01,2026-12-31,DR 2026 - 2026-10-02 (EXCEXP_TLS_000JJKSJR).xlsx,Rebates,4173,TD Metro Q 2026 Coffee delist cost
mom,Fcst Inc Cases is not positive,Metro Quebec,NA-METRO QUEBEC,2026,October,TDSSKC-6/10,SS KCOMP 6/10CT,000JGBWR0,Committed,0.0,2026-01-01,2026-12-31,DR 2026 - 2026-10-02 (EXCEXP_TLS_000JJKSJR).xlsx,Rebates,4174,TD Metro Q 2026 Coffee delist cost
mom,Fcst Inc Cases is not positive,Metro Quebec,NA-METRO QUEBEC,2026,October,TDNC-10/10,NCOMP 10/10CT,000JGBWR0,Committed,0.0,2026-01-01,2026-12-31,DR 2026 - 2026-10-02 (EXCEXP_TLS_000JJKSJR).xlsx,Rebates,4175,TD Metro Q 2026 Coffee delist cost
mom,Fcst Inc Cases is not positive,Metro Quebec,NA-METRO QUEBEC,2026,October,TDSSKC-6/12,SS KCOMP 6/12CT,000JADZN1,Closed,0.0,2026-02-05,2026-03-11,DR 2026 - 2026-10-02 (EXCEXP_TLS_000JJKSJR).xlsx,Rebates,4180,TD Richelieu  HC 500g  Kcup 12ct  Nesp Tass EDLP Feb 5-Mar11
mom,Fcst Inc Cases is not positive,Metro Quebec,NA-METRO QUEBEC,2026,October,TDSSKC-6/12,SS KCOMP 6/12CT,000ITOR3U,Closed,0.0,2026-02-05,2026-03-11,DR 2026 - 2026-10-02 (EXCEXP_TLS_000JJKSJR).xlsx,Rebates,4187,TD Metro Nespresso Tassimo 12ct HC 500g  EDLP BASE Auto dist
mom,Fcst Inc Cases is not positive,Metro Quebec,NA-METRO QUEBEC,2026,October,6320912139,TDL ORG/DR COFFEE DISPLAY 48/300 GR,000ITOPBC,Closed,0.0,2026-02-26,2026-03-04,DR 2026 - 2026-10-02 (EXCEXP_TLS_000JJKSJR).xlsx,Rebates,4202,"TD Metro QC  Kcup 10ct, 12ct, R&G 300g Feb 26 RUTW"
mom,Fcst Inc Cases is not positive,Metro Quebec,NA-METRO QUEBEC,2026,October,TDSSTA-5/14,SS TASSIMO 5/14CT,000ITOPBC,Closed,0.0,2026-02-26,2026-03-04,DR 2026 - 2026-10-02 (EXCEXP_TLS_000JJKSJR).xlsx,Rebates,4204,"TD Metro QC  Kcup 10ct, 12ct, R&G 300g Feb 26 RUTW"
mom,Fcst Inc Cases is not positive,Metro Quebec,NA-METRO QUEBEC,2026,October,TDSSKC-6/10,SS KCOMP 6/10CT,000J9F820,Closed,0.0,2026-04-09,2026-04-15,DR 2026 - 2026-10-02 (EXCEXP_TLS_000JJKSJR).xlsx,Rebates,4243,TD Richelieu Kcup 12ct  minor
mom,Fcst Inc Cases is not positive,Metro Quebec,NA-METRO QUEBEC,2026,October,TDNC-10/10,NCOMP 10/10CT,000J1J7T5,Closed,0.0,2026-04-23,2026-06-03,DR 2026 - 2026-10-02 (EXCEXP_TLS_000JJKSJR).xlsx,Rebates,4247,TD Metro QC Instant 100g & 300g EDLP
mom,Fcst Inc Cases is not positive,Metro Quebec,NA-METRO QUEBEC,2026,October,TDSHSP-12/540,SOUPS 12/540ML,000ITOPEJ,Closed,0.0,2026-04-30,2026-06-12,DR 2026 - 2026-10-02 (EXCEXP_TLS_000JJKSJR).xlsx,Rebates,4251,TD Metro QC  Soups 540 ml  EDLP BASE VENTE DISTR
mom,Fcst Inc Cases is not positive,Metro Quebec,NA-METRO QUEBEC,2026,October,TDSIC-12/470,SYRUPS 12/470ML,000J7JJ0G,Closed,0.0,2026-06-04,2026-08-12,DR 2026 - 2026-10-02 (EXCEXP_TLS_000JJKSJR).xlsx,Rebates,4293,TD Metro QC  Kcup 10-12 Tass HC 500gr  R&G 300g FV Capp 454g
mom,Fcst Inc Cases is not positive,Metro Quebec,NA-METRO QUEBEC,2026,October,TDSHSP-12/540,SOUPS 12/540ML,000ITOP8E,Committed,0.0,2026-08-20,2026-10-07,DR 2026 - 2026-10-02 (EXCEXP_TLS_000JJKSJR).xlsx,Rebates,4330,TD Metro QC  Soups 540 ml   EDLP BASE VENTE DISTR
mom,Fcst Inc Cases is not positive,Metro Quebec,NA-METRO QUEBEC,2026,October,TDHBHC-12/500,HB HOT CHOCOLATE 12/500GR,000ITOQHD,Committed,0.0,2026-10-01,2026-11-18,DR 2026 - 2026-10-02 (EXCEXP_TLS_000JJKSJR).xlsx,Rebates,4340,"TD Metro QC Hot Choc 500g, FVC 454g, Hot Choc CC Shipper EDL"
mom,Fcst Inc Cases is not positive,Metro Quebec,NA-METRO QUEBEC,2026,October,6320920672,TDL ORG/CANDY HOT CHOC DISPLAY 36/500 GR,000JE7XVY,Committed,0.0,2026-10-29,2026-11-26,DR 2026 - 2026-10-02 (EXCEXP_TLS_000JJKSJR).xlsx,Rebates,4364,TD Super C Hot choc 500g LTO Candycane shipper EDLP w points
mom,Fcst Inc Cases is not positive,Metro Quebec,NA-METRO QUEBEC,2026,October,6320912139,TDL ORG/DR COFFEE DISPLAY 48/300 GR,000IVMCR4,Committed,0.0,2026-10-29,2026-11-04,DR 2026 - 2026-10-02 (EXCEXP_TLS_000JJKSJR).xlsx,Rebates,4370,"TD Super C Kcup  10-12ct, R&G 300g, Shipper Gingerbread LTO"
mom,Fcst Inc Cases is not positive,Metro Quebec,NA-METRO QUEBEC,2026,October,6320925369,TDL GBR/ORG KCUP DISPLAY 48/12CT,000IVMCR4,Committed,0.0,2026-10-29,2026-11-04,DR 2026 - 2026-10-02 (EXCEXP_TLS_000JJKSJR).xlsx,Rebates,4371,"TD Super C Kcup  10-12ct, R&G 300g, Shipper Gingerbread LTO"
mom,Fcst Inc Cases is not positive,Metro Quebec,NA-METRO QUEBEC,2026,October,6320912139,TDL ORG/DR COFFEE DISPLAY 48/300 GR,000ITORRB,Planned,0.0,2026-12-03,2026-12-10,DR 2026 - 2026-10-02 (EXCEXP_TLS_000JJKSJR).xlsx,Rebates,4405,"TD Super C Kcup 10-12ct, R&G 300g, Tassimo TBC"
mom,Fcst Inc Cases is not positive,Metro Quebec,NA-METRO QUEBEC,2026,October,TDRGSB-6/300,R&G SMALL BAG 6/300GR,000JHCNK6,Planned,0.0,2026-12-03,2026-12-10,DR 2026 - 2026-10-02 (EXCEXP_TLS_000JJKSJR).xlsx,Rebates,4415,TD Super C R&G SMALL 6/300g Lump Sum Display
mom,Fcst Inc Cases is not positive,Northwest Company,NA-NORTHWEST COMPANY,2026,October,TDSHSP-12/400,SOUPS 12/400ML,000ITZ8D0,Closed,0.0,2026-01-07,2026-01-13,DR 2026 - 2026-10-02 (EXCEXP_TLS_000JJKSJR).xlsx,Rebates,4425,TD - GT Soup Jan 7-13
mom,Fcst Inc Cases is not positive,Northwest Company,NA-NORTHWEST COMPANY,2026,October,TDHBHC-12/450,HB HOT CHOCOLATE 12/450GR,000J0G650,Closed,0.0,2026-01-21,2026-01-27,DR 2026 - 2026-10-02 (EXCEXP_TLS_000JJKSJR).xlsx,Rebates,4430,TD  GT Hot Choc Jan Flyer
mom,Fcst Inc Cases is not positive,Northwest Company,NA-NORTHWEST COMPANY,2026,October,TDSSKC-6/12,SS KCOMP 6/12CT,000ITZF88,Closed,0.0,2026-01-01,2026-01-31,DR 2026 - 2026-10-02 (EXCEXP_TLS_000JJKSJR).xlsx,Rebates,4432,TD NWC GT Monthly promotion
mom,Fcst Inc Cases is not positive,Northwest Company,NA-NORTHWEST COMPANY,2026,October,TDSSKC-6/10,SS KCOMP 6/10CT,000ITZF88,Closed,0.0,2026-01-01,2026-01-31,DR 2026 - 2026-10-02 (EXCEXP_TLS_000JJKSJR).xlsx,Rebates,4433,TD NWC GT Monthly promotion
mom,Fcst Inc Cases is not positive,Northwest Company,NA-NORTHWEST COMPANY,2026,October,TDSSKC-4/30,SS KCOMP 4/30CT,000ITZF88,Closed,0.0,2026-01-01,2026-01-31,DR 2026 - 2026-10-02 (EXCEXP_TLS_000JJKSJR).xlsx,Rebates,4434,TD NWC GT Monthly promotion
mom,Fcst Inc Cases is not positive,Northwest Company,NA-NORTHWEST COMPANY,2026,October,TDRGSB-6/300,R&G SMALL BAG 6/300GR,000ITZF88,Closed,0.0,2026-01-01,2026-01-31,DR 2026 - 2026-10-02 (EXCEXP_TLS_000JJKSJR).xlsx,Rebates,4435,TD NWC GT Monthly promotion
mom,Fcst Inc Cases is not positive,Northwest Company,NA-NORTHWEST COMPANY,2026,October,TDRGLC-6/930,R&G LARGE CAN 6/930GR,000ITZF88,Closed,0.0,2026-01-01,2026-01-31,DR 2026 - 2026-10-02 (EXCEXP_TLS_000JJKSJR).xlsx,Rebates,4436,TD NWC GT Monthly promotion
mom,Fcst Inc Cases is not positive,Northwest Company,NA-NORTHWEST COMPANY,2026,October,TDIC-12/100,INSTANT COFFEE 12/100GR,000ITZF88,Closed,0.0,2026-01-01,2026-01-31,DR 2026 - 2026-10-02 (EXCEXP_TLS_000JJKSJR).xlsx,Rebates,4437,TD NWC GT Monthly promotion
mom,Fcst Inc Cases is not positive,Northwest Company,NA-NORTHWEST COMPANY,2026,October,TDSHHB-12/425,HOT BOWLS 12/425GR,000ITZ7R5,Closed,0.0,2026-01-01,2026-06-08,DR 2026 - 2026-10-02 (EXCEXP_TLS_000JJKSJR).xlsx,Rebates,4439,TD - GT East/West Price Protection Chili
mom,Fcst Inc Cases is not positive,Northwest Company,NA-NORTHWEST COMPANY,2026,October,TDSHSP-12/540,SOUPS 12/540ML,000ITYZ30,Committed,0.0,2026-01-01,2026-06-15,DR 2026 - 2026-10-02 (EXCEXP_TLS_000JJKSJR).xlsx,Rebates,4441,TD NWC GT East/West cost Gap Soup Ends Jun 15
mom,Fcst Inc Cases is not positive,Northwest Company,NA-NORTHWEST COMPANY,2026,October,TDSHHB-12/425,HOT BOWLS 12/425GR,000ITYZ30,Committed,0.0,2026-01-01,2026-06-15,DR 2026 - 2026-10-02 (EXCEXP_TLS_000JJKSJR).xlsx,Rebates,4442,TD NWC GT East/West cost Gap Soup Ends Jun 15
mom,Fcst Inc Cases is not positive,Northwest Company,NA-NORTHWEST COMPANY,2026,October,TDHBHC-12/450,HB HOT CHOCOLATE 12/450GR,000ITZF7S,Closed,0.0,2026-02-18,2026-02-24,DR 2026 - 2026-10-02 (EXCEXP_TLS_000JJKSJR).xlsx,Rebates,4449,TD  GT Hot Choc Jan
mom,Fcst Inc Cases is not positive,Northwest Company,NA-NORTHWEST COMPANY,2026,October,TDSSKC-6/12,SS KCOMP 6/12CT,000ITZ1SS,Closed,0.0,2026-02-01,2026-02-28,DR 2026 - 2026-10-02 (EXCEXP_TLS_000JJKSJR).xlsx,Rebates,4451,TD NWC GT Monthly promotion
mom,Fcst Inc Cases is not positive,Northwest Company,NA-NORTHWEST COMPANY,2026,October,TDSSKC-6/10,SS KCOMP 6/10CT,000ITZ1SS,Closed,0.0,2026-02-01,2026-02-28,DR 2026 - 2026-10-02 (EXCEXP_TLS_000JJKSJR).xlsx,Rebates,4452,TD NWC GT Monthly promotion
mom,Fcst Inc Cases is not positive,Northwest Company,NA-NORTHWEST COMPANY,2026,October,TDSSKC-4/30,SS KCOMP 4/30CT,000ITZ1SS,Closed,0.0,2026-02-01,2026-02-28,DR 2026 - 2026-10-02 (EXCEXP_TLS_000JJKSJR).xlsx,Rebates,4453,TD NWC GT Monthly promotion
mom,Fcst Inc Cases is not positive,Northwest Company,NA-NORTHWEST COMPANY,2026,October,TDRGSB-6/300,R&G SMALL BAG 6/300GR,000ITZ1SS,Closed,0.0,2026-02-01,2026-02-28,DR 2026 - 2026-10-02 (EXCEXP_TLS_000JJKSJR).xlsx,Rebates,4454,TD NWC GT Monthly promotion
mom,Fcst Inc Cases is not positive,Northwest Company,NA-NORTHWEST COMPANY,2026,October,TDRGLC-6/930,R&G LARGE CAN 6/930GR,000ITZ1SS,Closed,0.0,2026-02-01,2026-02-28,DR 2026 - 2026-10-02 (EXCEXP_TLS_000JJKSJR).xlsx,Rebates,4455,TD NWC GT Monthly promotion
mom,Fcst Inc Cases is not positive,Northwest Company,NA-NORTHWEST COMPANY,2026,October,TDIC-12/100,INSTANT COFFEE 12/100GR,000ITZ1SS,Closed,0.0,2026-02-01,2026-02-28,DR 2026 - 2026-10-02 (EXCEXP_TLS_000JJKSJR).xlsx,Rebates,4456,TD NWC GT Monthly promotion
mom,Fcst Inc Cases is not positive,Northwest Company,NA-NORTHWEST COMPANY,2026,October,TDSSKC-6/12,SS KCOMP 6/12CT,000ITZ5TY,Committed,0.0,2026-02-02,2026-03-15,DR 2026 - 2026-10-02 (EXCEXP_TLS_000JJKSJR).xlsx,Rebates,4461,TD NWC GIANT TIGER PRICE INCREASE PROTECTION
mom,Fcst Inc Cases is not positive,Northwest Company,NA-NORTHWEST COMPANY,2026,October,TDSSKC-6/10,SS KCOMP 6/10CT,000ITZ5TY,Committed,0.0,2026-02-02,2026-03-15,DR 2026 - 2026-10-02 (EXCEXP_TLS_000JJKSJR).xlsx,Rebates,4462,TD NWC GIANT TIGER PRICE INCREASE PROTECTION
mom,Fcst Inc Cases is not positive,Northwest Company,NA-NORTHWEST COMPANY,2026,October,TDSSKC-4/30,SS KCOMP 4/30CT,000ITZ5TY,Committed,0.0,2026-02-02,2026-03-15,DR 2026 - 2026-10-02 (EXCEXP_TLS_000JJKSJR).xlsx,Rebates,4463,TD NWC GIANT TIGER PRICE INCREASE PROTECTION
mom,Fcst Inc Cases is not positive,Northwest Company,NA-NORTHWEST COMPANY,2026,October,TDRGSB-6/300,R&G SMALL BAG 6/300GR,000ITZ5TY,Committed,0.0,2026-02-02,2026-03-15,DR 2026 - 2026-10-02 (EXCEXP_TLS_000JJKSJR).xlsx,Rebates,4464,TD NWC GIANT TIGER PRICE INCREASE PROTECTION
mom,Fcst Inc Cases is not positive,Northwest Company,NA-NORTHWEST COMPANY,2026,October,TDSSKC-6/12,SS KCOMP 6/12CT,000ITZ5QW,Closed,0.0,2026-03-01,2026-03-31,DR 2026 - 2026-10-02 (EXCEXP_TLS_000JJKSJR).xlsx,Rebates,4470,TD NWC GT Monthly promotion
mom,Fcst Inc Cases is not positive,Northwest Company,NA-NORTHWEST COMPANY,2026,October,TDSSKC-6/10,SS KCOMP 6/10CT,000ITZ5QW,Closed,0.0,2026-03-01,2026-03-31,DR 2026 - 2026-10-02 (EXCEXP_TLS_000JJKSJR).xlsx,Rebates,4471,TD NWC GT Monthly promotion
mom,Fcst Inc Cases is not positive,Northwest Company,NA-NORTHWEST COMPANY,2026,October,TDSSKC-4/30,SS KCOMP 4/30CT,000ITZ5QW,Closed,0.0,2026-03-01,2026-03-31,DR 2026 - 2026-10-02 (EXCEXP_TLS_000JJKSJR).xlsx,Rebates,4472,TD NWC GT Monthly promotion
mom,Fcst Inc Cases is not positive,Northwest Company,NA-NORTHWEST COMPANY,2026,October,TDRGSB-6/300,R&G SMALL BAG 6/300GR,000ITZ5QW,Closed,0.0,2026-03-01,2026-03-31,DR 2026 - 2026-10-02 (EXCEXP_TLS_000JJKSJR).xlsx,Rebates,4473,TD NWC GT Monthly promotion
mom,Fcst Inc Cases is not positive,Northwest Company,NA-NORTHWEST COMPANY,2026,October,TDRGLC-6/930,R&G LARGE CAN 6/930GR,000ITZ5QW,Closed,0.0,2026-03-01,2026-03-31,DR 2026 - 2026-10-02 (EXCEXP_TLS_000JJKSJR).xlsx,Rebates,4474,TD NWC GT Monthly promotion
mom,Fcst Inc Cases is not positive,Northwest Company,NA-NORTHWEST COMPANY,2026,October,TDIC-12/100,INSTANT COFFEE 12/100GR,000ITZ5QW,Closed,0.0,2026-03-01,2026-03-31,DR 2026 - 2026-10-02 (EXCEXP_TLS_000JJKSJR).xlsx,Rebates,4475,TD NWC GT Monthly promotion
mom,Product cannot be mapped to an MPG pack size,Northwest Company,NA-NORTHWEST COMPANY,2026,October,TDL,TDL CAN,000IXIII8,Committed,1.0,2026-03-01,2026-03-31,DR 2026 - 2026-10-02 (EXCEXP_TLS_000JJKSJR).xlsx,Rebates,4477,TD-NCR Quarterly Endcap Payment
mom,Fcst Inc Cases is not positive,Northwest Company,NA-NORTHWEST COMPANY,2026,October,TDHBHC-12/450,HB HOT CHOCOLATE 12/450GR,000ITZ71J,Committed,0.0,2026-03-02,2026-04-05,DR 2026 - 2026-10-02 (EXCEXP_TLS_000JJKSJR).xlsx,Rebates,4481,TD NWC GT HOT CHOCOLATE/SS KCOMP 6/12CT March ISF
mom,Fcst Inc Cases is not positive,Northwest Company,NA-NORTHWEST COMPANY,2026,October,6320911393,TDL KCUP TEA SS 6/12 CT,000J0G634,Closed,0.0,2026-03-02,2026-04-05,DR 2026 - 2026-10-02 (EXCEXP_TLS_000JJKSJR).xlsx,Rebates,4483,"TD -GT  FVC 12/454, 12ct/10ct, HC March  ISF"
mom,Product cannot be mapped to an MPG pack size,Northwest Company,NA-NORTHWEST COMPANY,2026,October,TDL,TDL CAN,000IXIIIF,Committed,1.0,2026-04-01,2026-06-30,DR 2026 - 2026-10-02 (EXCEXP_TLS_000JJKSJR).xlsx,Rebates,4499,TD-NCR Quarterly Endcap Payment
mom,Fcst Inc Cases is not positive,Northwest Company,NA-NORTHWEST COMPANY,2026,October,TDSSKC-6/12,SS KCOMP 6/12CT,000ITYZ3A,Committed,0.0,2026-04-01,2026-06-30,DR 2026 - 2026-10-02 (EXCEXP_TLS_000JJKSJR).xlsx,Rebates,4501,TD NWC GT Ongoing BB (was Monthly)
mom,Fcst Inc Cases is not positive,Northwest Company,NA-NORTHWEST COMPANY,2026,October,TDSSKC-4/30,SS KCOMP 4/30CT,000ITYZ3A,Committed,0.0,2026-04-01,2026-06-30,DR 2026 - 2026-10-02 (EXCEXP_TLS_000JJKSJR).xlsx,Rebates,4502,TD NWC GT Ongoing BB (was Monthly)
mom,Fcst Inc Cases is not positive,Northwest Company,NA-NORTHWEST COMPANY,2026,October,TDRGSB-6/300,R&G SMALL BAG 6/300GR,000ITYZ3A,Committed,0.0,2026-04-01,2026-06-30,DR 2026 - 2026-10-02 (EXCEXP_TLS_000JJKSJR).xlsx,Rebates,4503,TD NWC GT Ongoing BB (was Monthly)
mom,Fcst Inc Cases is not positive,Northwest Company,NA-NORTHWEST COMPANY,2026,October,TDSHSP-12/540,SOUPS 12/540ML,000JEJJP7,Committed,0.0,2026-06-16,2026-12-31,DR 2026 - 2026-10-02 (EXCEXP_TLS_000JJKSJR).xlsx,Rebates,4528,TD NWC GT East/West cost Gap Soup Eff Jun 16
mom,Fcst Inc Cases is not positive,Northwest Company,NA-NORTHWEST COMPANY,2026,October,TDSHHB-12/425,HOT BOWLS 12/425GR,000JEJJP7,Committed,0.0,2026-06-16,2026-12-31,DR 2026 - 2026-10-02 (EXCEXP_TLS_000JJKSJR).xlsx,Rebates,4529,TD NWC GT East/West cost Gap Soup Eff Jun 16
mom,Fcst Inc Cases is not positive,Northwest Company,NA-NORTHWEST COMPANY,2026,October,TDL,TDL CAN,000JDU0J4,Committed,0.0,2026-07-01,2026-09-30,DR 2026 - 2026-10-02 (EXCEXP_TLS_000JJKSJR).xlsx,Rebates,4533,TD-NCR Quarterly Endcap Payment
mom,Product cannot be mapped to an MPG pack size,Northwest Company,NA-NORTHWEST COMPANY,2026,October,TDL,TDL CAN,000JDU0JA,Committed,1.0,2026-10-01,2026-12-31,DR 2026 - 2026-10-02 (EXCEXP_TLS_000JJKSJR).xlsx,Rebates,4571,TD-NCR Quarterly Endcap Payment
mom,Fcst Inc Cases is not positive,Northwest Company,NA-NORTHWEST COMPANY,2026,October,6320923343,TDL KCUP PUMPKIN SPICE SS 6/12 CT,000JJ0NNT,Committed,0.0,2026-11-01,2026-12-31,DR 2026 - 2026-10-02 (EXCEXP_TLS_000JJKSJR).xlsx,Rebates,4584,TD-NCR ISF PKS Markdown
mom,Fcst Inc Cases is not positive,PFG,NA-PATTISON FOOD GROUP,2026,October,TDHBHC-5/8,HB HOT CHOCOLATE 5/8CT,000J7SVI8,Closed,0.0,2026-01-18,2026-02-14,DR 2026 - 2026-10-02 (EXCEXP_TLS_000JJKSJR).xlsx,Rebates,4630,TD GM ISF WK5-8 8CT SACHET
mom,Fcst Inc Cases is not positive,PFG,NA-PATTISON FOOD GROUP,2026,October,TDSSKC-6/12,SS KCOMP 6/12CT,000IVREDB,Closed,0.0,2026-03-05,2026-03-11,DR 2026 - 2026-10-02 (EXCEXP_TLS_000JJKSJR).xlsx,Rebates,4659,"TD SOF WK 10 TRIBUTE AD LUMP SUM 300G, 825-875G, 12CT, 30CT"
mom,Fcst Inc Cases is not positive,PFG,NA-PATTISON FOOD GROUP,2026,October,TDSSKC-4/30,SS KCOMP 4/30CT,000IVREDB,Closed,0.0,2026-03-05,2026-03-11,DR 2026 - 2026-10-02 (EXCEXP_TLS_000JJKSJR).xlsx,Rebates,4660,"TD SOF WK 10 TRIBUTE AD LUMP SUM 300G, 825-875G, 12CT, 30CT"
mom,Fcst Inc Cases is not positive,PFG,NA-PATTISON FOOD GROUP,2026,October,TDRGSB-6/300,R&G SMALL BAG 6/300GR,000IVREDB,Closed,0.0,2026-03-05,2026-03-11,DR 2026 - 2026-10-02 (EXCEXP_TLS_000JJKSJR).xlsx,Rebates,4661,"TD SOF WK 10 TRIBUTE AD LUMP SUM 300G, 825-875G, 12CT, 30CT"
mom,Fcst Inc Cases is not positive,PFG,NA-PATTISON FOOD GROUP,2026,October,TDRGLC-6/930,R&G LARGE CAN 6/930GR,000IVREDB,Closed,0.0,2026-03-05,2026-03-11,DR 2026 - 2026-10-02 (EXCEXP_TLS_000JJKSJR).xlsx,Rebates,4662,"TD SOF WK 10 TRIBUTE AD LUMP SUM 300G, 825-875G, 12CT, 30CT"
mom,Fcst Inc Cases is not positive,PFG,NA-PATTISON FOOD GROUP,2026,October,TDRGLB-6/2,R&G LARGE BAG 6/2LB,000IVREDB,Closed,0.0,2026-03-05,2026-03-11,DR 2026 - 2026-10-02 (EXCEXP_TLS_000JJKSJR).xlsx,Rebates,4663,"TD SOF WK 10 TRIBUTE AD LUMP SUM 300G, 825-875G, 12CT, 30CT"
mom,Fcst Inc Cases is not positive,PFG,NA-PATTISON FOOD GROUP,2026,October,TDHBHC-12/500,HB HOT CHOCOLATE 12/500GR,000IVREDB,Closed,0.0,2026-03-05,2026-03-11,DR 2026 - 2026-10-02 (EXCEXP_TLS_000JJKSJR).xlsx,Rebates,4664,"TD SOF WK 10 TRIBUTE AD LUMP SUM 300G, 825-875G, 12CT, 30CT"
mom,Fcst Inc Cases is not positive,PFG,NA-PATTISON FOOD GROUP,2026,October,TDHBCAP-12/343,HB CAPPUCCINO 12/454GR,000IVREDB,Closed,0.0,2026-03-05,2026-03-11,DR 2026 - 2026-10-02 (EXCEXP_TLS_000JJKSJR).xlsx,Rebates,4665,"TD SOF WK 10 TRIBUTE AD LUMP SUM 300G, 825-875G, 12CT, 30CT"
mom,Fcst Inc Cases is not positive,PFG,NA-PATTISON FOOD GROUP,2026,October,TDSHHB-12/425,HOT BOWLS 12/425GR,000JEI13Z,Closed,0.0,2026-03-26,2026-04-08,DR 2026 - 2026-10-02 (EXCEXP_TLS_000JJKSJR).xlsx,Rebates,4679,"TD GM ISF WK 13-14 8CT SACHET, CHILLI 425G"
mom,Fcst Inc Cases is not positive,PFG,NA-PATTISON FOOD GROUP,2026,October,TDSSKC-4/30,SS KCOMP 4/30CT,000IVREIJ,Closed,0.0,2026-04-16,2026-04-29,DR 2026 - 2026-10-02 (EXCEXP_TLS_000JJKSJR).xlsx,Rebates,4702,TD SOF WEEK 16-17  ISF 30CT 48CT PODS
mom,Fcst Inc Cases is not positive,PFG,NA-PATTISON FOOD GROUP,2026,October,TDHBHC-5/8,HB HOT CHOCOLATE 5/8CT,000J7WXON,Closed,0.0,2026-05-21,2026-05-27,DR 2026 - 2026-10-02 (EXCEXP_TLS_000JJKSJR).xlsx,Rebates,4717,TD GM 21-22 CAPP SACKET 8CT
mom,Fcst Inc Cases is not positive,PFG,NA-PATTISON FOOD GROUP,2026,October,TDHBHC-5/8,HB HOT CHOCOLATE 5/8CT,000J7WXOX,Committed,0.0,2026-06-01,2026-07-04,DR 2026 - 2026-10-02 (EXCEXP_TLS_000JJKSJR).xlsx,Rebates,4746,TD GM ISF WK 25-28 8CT SACHET
mom,Fcst Inc Cases is not positive,PFG,NA-PATTISON FOOD GROUP,2026,October,TDSHSP-12/540,SOUPS 12/540ML,000J8PJO0,Committed,0.0,2026-06-26,2026-07-09,DR 2026 - 2026-10-02 (EXCEXP_TLS_000JJKSJR).xlsx,Rebates,4755,"TD GM WEEK 27-28 AD 300G, 540ML SOUP"
mom,Fcst Inc Cases is not positive,PFG,NA-PATTISON FOOD GROUP,2026,October,TDSIC-12/470,SYRUPS 12/470ML,000JHAK62,Committed,0.0,2026-07-09,2026-07-25,DR 2026 - 2026-10-02 (EXCEXP_TLS_000JJKSJR).xlsx,Rebates,4772,"TD BLD WEEK 28 ISF 470ML SYRUPS, 10CT NESPRESSO, 100G INSTAN"
mom,Fcst Inc Cases is not positive,PFG,NA-PATTISON FOOD GROUP,2026,October,TDNC-10/10,NCOMP 10/10CT,000JHAK62,Committed,0.0,2026-07-09,2026-07-25,DR 2026 - 2026-10-02 (EXCEXP_TLS_000JJKSJR).xlsx,Rebates,4773,"TD BLD WEEK 28 ISF 470ML SYRUPS, 10CT NESPRESSO, 100G INSTAN"
mom,Fcst Inc Cases is not positive,PFG,NA-PATTISON FOOD GROUP,2026,October,TDIC-12/100,INSTANT COFFEE 12/100GR,000JHAK62,Committed,0.0,2026-07-09,2026-07-25,DR 2026 - 2026-10-02 (EXCEXP_TLS_000JJKSJR).xlsx,Rebates,4774,"TD BLD WEEK 28 ISF 470ML SYRUPS, 10CT NESPRESSO, 100G INSTAN"
mom,Fcst Inc Cases is not positive,PFG,NA-PATTISON FOOD GROUP,2026,October,TDSSKC-4/48,SS KCOMP 4/48CT,000JHT5N6,Committed,0.0,2026-07-09,2026-07-29,DR 2026 - 2026-10-02 (EXCEXP_TLS_000JJKSJR).xlsx,Rebates,4776,TD BLD WEEK 28-30 ISF 48CT PODS
mom,Fcst Inc Cases is not positive,PFG,NA-PATTISON FOOD GROUP,2026,October,TDSSKC-4/30,SS KCOMP 4/30CT,000JHT5NN,Committed,0.0,2026-07-30,2026-08-12,DR 2026 - 2026-10-02 (EXCEXP_TLS_000JJKSJR).xlsx,Rebates,4799,"TD BLD WEEK 31-32 ISF 30CT PODS, 2LB"
mom,Fcst Inc Cases is not positive,PFG,NA-PATTISON FOOD GROUP,2026,October,TDRGLB-6/2,R&G LARGE BAG 6/2LB,000JHT5NN,Committed,0.0,2026-07-30,2026-08-12,DR 2026 - 2026-10-02 (EXCEXP_TLS_000JJKSJR).xlsx,Rebates,4800,"TD BLD WEEK 31-32 ISF 30CT PODS, 2LB"
mom,Fcst Inc Cases is not positive,PFG,NA-PATTISON FOOD GROUP,2026,October,TDSSKC-4/30,SS KCOMP 4/30CT,000IVRJV4,Committed,0.0,2026-08-06,2026-09-16,DR 2026 - 2026-10-02 (EXCEXP_TLS_000JJKSJR).xlsx,Rebates,4812,"TD SOF WEEK 32-37 ISF BACK TO SCHOOL PROMO LUMP SUM 10CT, 30"
mom,Fcst Inc Cases is not positive,PFG,NA-PATTISON FOOD GROUP,2026,October,TDRGSB-6/300,R&G SMALL BAG 6/300GR,000IVRJV4,Committed,0.0,2026-08-06,2026-09-16,DR 2026 - 2026-10-02 (EXCEXP_TLS_000JJKSJR).xlsx,Rebates,4813,"TD SOF WEEK 32-37 ISF BACK TO SCHOOL PROMO LUMP SUM 10CT, 30"
mom,Fcst Inc Cases is not positive,PFG,NA-PATTISON FOOD GROUP,2026,October,TDRGLC-6/930,R&G LARGE CAN 6/930GR,000IVRJV4,Committed,0.0,2026-08-06,2026-09-16,DR 2026 - 2026-10-02 (EXCEXP_TLS_000JJKSJR).xlsx,Rebates,4814,"TD SOF WEEK 32-37 ISF BACK TO SCHOOL PROMO LUMP SUM 10CT, 30"
mom,Fcst Inc Cases is not positive,PFG,NA-PATTISON FOOD GROUP,2026,October,TDNC-10/10,NCOMP 10/10CT,000IVRJV4,Committed,0.0,2026-08-06,2026-09-16,DR 2026 - 2026-10-02 (EXCEXP_TLS_000JJKSJR).xlsx,Rebates,4815,"TD SOF WEEK 32-37 ISF BACK TO SCHOOL PROMO LUMP SUM 10CT, 30"
mom,Fcst Inc Cases is not positive,PFG,NA-PATTISON FOOD GROUP,2026,October,TDSSKC-4/48,SS KCOMP 4/48CT,000JHT5NZ,Committed,0.0,2026-08-13,2026-08-19,DR 2026 - 2026-10-02 (EXCEXP_TLS_000JJKSJR).xlsx,Rebates,4819,TD BLD WEEK 33 AD 48CT PODS
mom,Fcst Inc Cases is not positive,PFG,NA-PATTISON FOOD GROUP,2026,October,TDSIC-12/470,SYRUPS 12/470ML,000JHT5O9,Committed,0.0,2026-08-13,2026-08-19,DR 2026 - 2026-10-02 (EXCEXP_TLS_000JJKSJR).xlsx,Rebates,4821,"TD BLD WK 33 ISF 300G, 12CT PODS, 100G INST, 10CT NES,470ML"
mom,Fcst Inc Cases is not positive,PFG,NA-PATTISON FOOD GROUP,2026,October,TDSSKC-6/12,SS KCOMP 6/12CT,000JHT5O9,Committed,0.0,2026-08-13,2026-08-19,DR 2026 - 2026-10-02 (EXCEXP_TLS_000JJKSJR).xlsx,Rebates,4822,"TD BLD WK 33 ISF 300G, 12CT PODS, 100G INST, 10CT NES,470ML"
mom,Fcst Inc Cases is not positive,PFG,NA-PATTISON FOOD GROUP,2026,October,TDRGSB-6/300,R&G SMALL BAG 6/300GR,000JHT5O9,Committed,0.0,2026-08-13,2026-08-19,DR 2026 - 2026-10-02 (EXCEXP_TLS_000JJKSJR).xlsx,Rebates,4823,"TD BLD WK 33 ISF 300G, 12CT PODS, 100G INST, 10CT NES,470ML"
mom,Fcst Inc Cases is not positive,PFG,NA-PATTISON FOOD GROUP,2026,October,TDNC-10/10,NCOMP 10/10CT,000JHT5O9,Committed,0.0,2026-08-13,2026-08-19,DR 2026 - 2026-10-02 (EXCEXP_TLS_000JJKSJR).xlsx,Rebates,4824,"TD BLD WK 33 ISF 300G, 12CT PODS, 100G INST, 10CT NES,470ML"
mom,Fcst Inc Cases is not positive,PFG,NA-PATTISON FOOD GROUP,2026,October,TDIC-12/100,INSTANT COFFEE 12/100GR,000JHT5O9,Committed,0.0,2026-08-13,2026-08-19,DR 2026 - 2026-10-02 (EXCEXP_TLS_000JJKSJR).xlsx,Rebates,4825,"TD BLD WK 33 ISF 300G, 12CT PODS, 100G INST, 10CT NES,470ML"
mom,Fcst Inc Cases is not positive,PFG,NA-PATTISON FOOD GROUP,2026,October,TDSIC-12/470,SYRUPS 12/470ML,000JHTYTT,Committed,0.0,2026-08-20,2026-08-26,DR 2026 - 2026-10-02 (EXCEXP_TLS_000JJKSJR).xlsx,Rebates,4831,"TD BLD WEEK 34 ISF 300G, 12CT PODS, 100G INSTANT, 10CT NESPR"
mom,Fcst Inc Cases is not positive,PFG,NA-PATTISON FOOD GROUP,2026,October,TDSSKC-6/12,SS KCOMP 6/12CT,000JHTYTT,Committed,0.0,2026-08-20,2026-08-26,DR 2026 - 2026-10-02 (EXCEXP_TLS_000JJKSJR).xlsx,Rebates,4832,"TD BLD WEEK 34 ISF 300G, 12CT PODS, 100G INSTANT, 10CT NESPR"
mom,Fcst Inc Cases is not positive,PFG,NA-PATTISON FOOD GROUP,2026,October,TDSSKC-4/48,SS KCOMP 4/48CT,000JHTYTT,Committed,0.0,2026-08-20,2026-08-26,DR 2026 - 2026-10-02 (EXCEXP_TLS_000JJKSJR).xlsx,Rebates,4833,"TD BLD WEEK 34 ISF 300G, 12CT PODS, 100G INSTANT, 10CT NESPR"
mom,Fcst Inc Cases is not positive,PFG,NA-PATTISON FOOD GROUP,2026,October,TDRGSB-6/300,R&G SMALL BAG 6/300GR,000JHTYTT,Committed,0.0,2026-08-20,2026-08-26,DR 2026 - 2026-10-02 (EXCEXP_TLS_000JJKSJR).xlsx,Rebates,4834,"TD BLD WEEK 34 ISF 300G, 12CT PODS, 100G INSTANT, 10CT NESPR"
mom,Fcst Inc Cases is not positive,PFG,NA-PATTISON FOOD GROUP,2026,October,TDNC-10/10,NCOMP 10/10CT,000JHTYTT,Committed,0.0,2026-08-20,2026-08-26,DR 2026 - 2026-10-02 (EXCEXP_TLS_000JJKSJR).xlsx,Rebates,4835,"TD BLD WEEK 34 ISF 300G, 12CT PODS, 100G INSTANT, 10CT NESPR"
mom,Fcst Inc Cases is not positive,PFG,NA-PATTISON FOOD GROUP,2026,October,TDIC-12/100,INSTANT COFFEE 12/100GR,000JHTYTT,Committed,0.0,2026-08-20,2026-08-26,DR 2026 - 2026-10-02 (EXCEXP_TLS_000JJKSJR).xlsx,Rebates,4836,"TD BLD WEEK 34 ISF 300G, 12CT PODS, 100G INSTANT, 10CT NESPR"
mom,Fcst Inc Cases is not positive,PFG,NA-PATTISON FOOD GROUP,2026,October,TDRGLC-6/930,R&G LARGE CAN 6/930GR,000JHT5MZ,Committed,0.0,2026-08-27,2026-09-02,DR 2026 - 2026-10-02 (EXCEXP_TLS_000JJKSJR).xlsx,Rebates,4841,TD BLD WEEK 35 AD 825G-875G TINS
mom,Fcst Inc Cases is not positive,PFG,NA-PATTISON FOOD GROUP,2026,October,TDRGLC-6/930,R&G LARGE CAN 6/930GR,000JHT5ME,Committed,0.0,2026-09-03,2026-09-23,DR 2026 - 2026-10-02 (EXCEXP_TLS_000JJKSJR).xlsx,Rebates,4846,TD BLD WEEK 36-38 ISF 825G-875G TINS
mom,Fcst Inc Cases is not positive,PFG,NA-PATTISON FOOD GROUP,2026,October,TDHBCAP-12/343,HB CAPPUCCINO 12/454GR,000JHT5ML,Committed,0.0,2026-09-03,2026-09-23,DR 2026 - 2026-10-02 (EXCEXP_TLS_000JJKSJR).xlsx,Rebates,4850,"TD SOF WEEK 36-38  ISF 454G FVC, 500G HC"
mom,Fcst Inc Cases is not positive,PFG,NA-PATTISON FOOD GROUP,2026,October,TDHBHC-5/8,HB HOT CHOCOLATE 5/8CT,000J95ZLE,Committed,0.0,2026-09-04,2026-09-17,DR 2026 - 2026-10-02 (EXCEXP_TLS_000JJKSJR).xlsx,Rebates,4852,TD GM WEEK 37-38 AD SACHETS
mom,Fcst Inc Cases is not positive,PFG,NA-PATTISON FOOD GROUP,2026,October,TDSSKC-4/30,SS KCOMP 4/30CT,000JHTYUK,Committed,0.0,2026-09-24,2026-09-30,DR 2026 - 2026-10-02 (EXCEXP_TLS_000JJKSJR).xlsx,Rebates,4865,TD BLD WEEK 39 AD 30CT PODS
mom,Fcst Inc Cases is not positive,PFG,NA-PATTISON FOOD GROUP,2026,October,TDSIC-12/470,SYRUPS 12/470ML,000JHT5L1,Committed,0.0,2026-09-24,2026-09-30,DR 2026 - 2026-10-02 (EXCEXP_TLS_000JJKSJR).xlsx,Rebates,4867,"TD BLD WEEK 39 ISF 300G, 12CT, 100G INST, 10CT NESPR, 30CT"
mom,Fcst Inc Cases is not positive,PFG,NA-PATTISON FOOD GROUP,2026,October,TDSSKC-6/12,SS KCOMP 6/12CT,000JHT5L1,Committed,0.0,2026-09-24,2026-09-30,DR 2026 - 2026-10-02 (EXCEXP_TLS_000JJKSJR).xlsx,Rebates,4868,"TD BLD WEEK 39 ISF 300G, 12CT, 100G INST, 10CT NESPR, 30CT"
mom,Fcst Inc Cases is not positive,PFG,NA-PATTISON FOOD GROUP,2026,October,TDRGSB-6/300,R&G SMALL BAG 6/300GR,000JHT5L1,Committed,0.0,2026-09-24,2026-09-30,DR 2026 - 2026-10-02 (EXCEXP_TLS_000JJKSJR).xlsx,Rebates,4869,"TD BLD WEEK 39 ISF 300G, 12CT, 100G INST, 10CT NESPR, 30CT"
mom,Fcst Inc Cases is not positive,PFG,NA-PATTISON FOOD GROUP,2026,October,TDRGLB-6/2,R&G LARGE BAG 6/2LB,000JHT5L1,Committed,0.0,2026-09-24,2026-09-30,DR 2026 - 2026-10-02 (EXCEXP_TLS_000JJKSJR).xlsx,Rebates,4870,"TD BLD WEEK 39 ISF 300G, 12CT, 100G INST, 10CT NESPR, 30CT"
mom,Fcst Inc Cases is not positive,PFG,NA-PATTISON FOOD GROUP,2026,October,TDNC-10/10,NCOMP 10/10CT,000JHT5L1,Committed,0.0,2026-09-24,2026-09-30,DR 2026 - 2026-10-02 (EXCEXP_TLS_000JJKSJR).xlsx,Rebates,4871,"TD BLD WEEK 39 ISF 300G, 12CT, 100G INST, 10CT NESPR, 30CT"
mom,Fcst Inc Cases is not positive,PFG,NA-PATTISON FOOD GROUP,2026,October,TDIC-12/100,INSTANT COFFEE 12/100GR,000JHT5L1,Committed,0.0,2026-09-24,2026-09-30,DR 2026 - 2026-10-02 (EXCEXP_TLS_000JJKSJR).xlsx,Rebates,4872,"TD BLD WEEK 39 ISF 300G, 12CT, 100G INST, 10CT NESPR, 30CT"
mom,Fcst Inc Cases is not positive,PFG,NA-PATTISON FOOD GROUP,2026,October,TDHBHC-12/500,HB HOT CHOCOLATE 12/500GR,000JHT5L1,Committed,0.0,2026-09-24,2026-09-30,DR 2026 - 2026-10-02 (EXCEXP_TLS_000JJKSJR).xlsx,Rebates,4873,"TD BLD WEEK 39 ISF 300G, 12CT, 100G INST, 10CT NESPR, 30CT"
mom,Fcst Inc Cases is not positive,PFG,NA-PATTISON FOOD GROUP,2026,October,TDHBCAP-12/343,HB CAPPUCCINO 12/454GR,000JHT5L1,Committed,0.0,2026-09-24,2026-09-30,DR 2026 - 2026-10-02 (EXCEXP_TLS_000JJKSJR).xlsx,Rebates,4874,"TD BLD WEEK 39 ISF 300G, 12CT, 100G INST, 10CT NESPR, 30CT"
mom,Fcst Inc Cases is not positive,PFG,NA-PATTISON FOOD GROUP,2026,October,TDSSKC-4/30,SS KCOMP 4/30CT,000JIM4DH,Committed,0.0,2026-09-10,2026-10-07,DR 2026 - 2026-10-02 (EXCEXP_TLS_000JJKSJR).xlsx,Rebates,4879,TD SOF WEEK 37-40 ISF 12CT PODS & 30CT PODS
mom,Fcst Inc Cases is not positive,PFG,NA-PATTISON FOOD GROUP,2026,October,TDRGLB-6/2,R&G LARGE BAG 6/2LB,000JHT5JJ,Committed,0.0,2026-10-01,2026-10-07,DR 2026 - 2026-10-02 (EXCEXP_TLS_000JJKSJR).xlsx,Rebates,4883,TD SOF WEEK 40  ISF 2LB
mom,Fcst Inc Cases is not positive,PFG,NA-PATTISON FOOD GROUP,2026,October,TDSIC-12/470,SYRUPS 12/470ML,000JHT5JQ,Committed,0.0,2026-10-01,2026-10-14,DR 2026 - 2026-10-02 (EXCEXP_TLS_000JJKSJR).xlsx,Rebates,4885,"TD BLD WEEK 40-41 ISF 300G, 6/12CT 12/100G 10/10CT  470ML SY"
mom,Fcst Inc Cases is not positive,PFG,NA-PATTISON FOOD GROUP,2026,October,TDSSKC-6/12,SS KCOMP 6/12CT,000JHT5JQ,Committed,0.0,2026-10-01,2026-10-14,DR 2026 - 2026-10-02 (EXCEXP_TLS_000JJKSJR).xlsx,Rebates,4886,"TD BLD WEEK 40-41 ISF 300G, 6/12CT 12/100G 10/10CT  470ML SY"
mom,Fcst Inc Cases is not positive,PFG,NA-PATTISON FOOD GROUP,2026,October,TDSSKC-4/30,SS KCOMP 4/30CT,000JHT5JQ,Committed,0.0,2026-10-01,2026-10-14,DR 2026 - 2026-10-02 (EXCEXP_TLS_000JJKSJR).xlsx,Rebates,4887,"TD BLD WEEK 40-41 ISF 300G, 6/12CT 12/100G 10/10CT  470ML SY"
mom,Fcst Inc Cases is not positive,PFG,NA-PATTISON FOOD GROUP,2026,October,TDRGSB-6/300,R&G SMALL BAG 6/300GR,000JHT5JQ,Committed,0.0,2026-10-01,2026-10-14,DR 2026 - 2026-10-02 (EXCEXP_TLS_000JJKSJR).xlsx,Rebates,4888,"TD BLD WEEK 40-41 ISF 300G, 6/12CT 12/100G 10/10CT  470ML SY"
mom,Fcst Inc Cases is not positive,PFG,NA-PATTISON FOOD GROUP,2026,October,TDRGLB-6/2,R&G LARGE BAG 6/2LB,000JHT5JQ,Committed,0.0,2026-10-01,2026-10-14,DR 2026 - 2026-10-02 (EXCEXP_TLS_000JJKSJR).xlsx,Rebates,4889,"TD BLD WEEK 40-41 ISF 300G, 6/12CT 12/100G 10/10CT  470ML SY"
mom,Fcst Inc Cases is not positive,PFG,NA-PATTISON FOOD GROUP,2026,October,TDNC-10/10,NCOMP 10/10CT,000JHT5JQ,Committed,0.0,2026-10-01,2026-10-14,DR 2026 - 2026-10-02 (EXCEXP_TLS_000JJKSJR).xlsx,Rebates,4890,"TD BLD WEEK 40-41 ISF 300G, 6/12CT 12/100G 10/10CT  470ML SY"
mom,Fcst Inc Cases is not positive,PFG,NA-PATTISON FOOD GROUP,2026,October,TDIC-12/100,INSTANT COFFEE 12/100GR,000JHT5JQ,Committed,0.0,2026-10-01,2026-10-14,DR 2026 - 2026-10-02 (EXCEXP_TLS_000JJKSJR).xlsx,Rebates,4891,"TD BLD WEEK 40-41 ISF 300G, 6/12CT 12/100G 10/10CT  470ML SY"
mom,Fcst Inc Cases is not positive,PFG,NA-PATTISON FOOD GROUP,2026,October,TDHBHC-12/500,HB HOT CHOCOLATE 12/500GR,000JHT5JQ,Committed,0.0,2026-10-01,2026-10-14,DR 2026 - 2026-10-02 (EXCEXP_TLS_000JJKSJR).xlsx,Rebates,4892,"TD BLD WEEK 40-41 ISF 300G, 6/12CT 12/100G 10/10CT  470ML SY"
mom,Fcst Inc Cases is not positive,PFG,NA-PATTISON FOOD GROUP,2026,October,TDHBCAP-12/343,HB CAPPUCCINO 12/454GR,000JHT5JQ,Committed,0.0,2026-10-01,2026-10-14,DR 2026 - 2026-10-02 (EXCEXP_TLS_000JJKSJR).xlsx,Rebates,4893,"TD BLD WEEK 40-41 ISF 300G, 6/12CT 12/100G 10/10CT  470ML SY"
mom,Fcst Inc Cases is not positive,PFG,NA-PATTISON FOOD GROUP,2026,October,TDSSKC-6/12,SS KCOMP 6/12CT,000IVRJWA,Committed,0.0,2026-10-22,2026-10-28,DR 2026 - 2026-10-02 (EXCEXP_TLS_000JJKSJR).xlsx,Rebates,4922,"TD SOF WK 43 TRIBUTE AD LUMP SUM 300G, 825-875G, 12CT, 30CT"
mom,Fcst Inc Cases is not positive,PFG,NA-PATTISON FOOD GROUP,2026,October,TDSSKC-4/30,SS KCOMP 4/30CT,000IVRJWA,Committed,0.0,2026-10-22,2026-10-28,DR 2026 - 2026-10-02 (EXCEXP_TLS_000JJKSJR).xlsx,Rebates,4923,"TD SOF WK 43 TRIBUTE AD LUMP SUM 300G, 825-875G, 12CT, 30CT"
mom,Fcst Inc Cases is not positive,PFG,NA-PATTISON FOOD GROUP,2026,October,TDSHSP-12/540,SOUPS 12/540ML,000IVRJWA,Committed,0.0,2026-10-22,2026-10-28,DR 2026 - 2026-10-02 (EXCEXP_TLS_000JJKSJR).xlsx,Rebates,4924,"TD SOF WK 43 TRIBUTE AD LUMP SUM 300G, 825-875G, 12CT, 30CT"
mom,Fcst Inc Cases is not positive,PFG,NA-PATTISON FOOD GROUP,2026,October,TDRGSB-6/300,R&G SMALL BAG 6/300GR,000IVRJWA,Committed,0.0,2026-10-22,2026-10-28,DR 2026 - 2026-10-02 (EXCEXP_TLS_000JJKSJR).xlsx,Rebates,4925,"TD SOF WK 43 TRIBUTE AD LUMP SUM 300G, 825-875G, 12CT, 30CT"
mom,Fcst Inc Cases is not positive,PFG,NA-PATTISON FOOD GROUP,2026,October,TDRGLC-6/930,R&G LARGE CAN 6/930GR,000IVRJWA,Committed,0.0,2026-10-22,2026-10-28,DR 2026 - 2026-10-02 (EXCEXP_TLS_000JJKSJR).xlsx,Rebates,4926,"TD SOF WK 43 TRIBUTE AD LUMP SUM 300G, 825-875G, 12CT, 30CT"
mom,Fcst Inc Cases is not positive,PFG,NA-PATTISON FOOD GROUP,2026,October,TDRGLC-6/930,R&G LARGE CAN 6/930GR,000JHT5IW,Committed,0.0,2026-10-22,2026-10-28,DR 2026 - 2026-10-02 (EXCEXP_TLS_000JJKSJR).xlsx,Rebates,4928,TD BLD WEEK 43 AD 825G-875G TINS
mom,Fcst Inc Cases is not positive,PFG,NA-PATTISON FOOD GROUP,2026,October,TDSSKC-4/30,SS KCOMP 4/30CT,000JHT5IO,Committed,0.0,2026-10-29,2026-11-04,DR 2026 - 2026-10-02 (EXCEXP_TLS_000JJKSJR).xlsx,Rebates,4937,TD BLD WEEK 44 AD 30CT PODS
mom,Fcst Inc Cases is not positive,PFG,NA-PATTISON FOOD GROUP,2026,October,TDRGSB-6/300,R&G SMALL BAG 6/300GR,000JHT5HV,Committed,0.0,2026-11-05,2026-11-11,DR 2026 - 2026-10-02 (EXCEXP_TLS_000JJKSJR).xlsx,Rebates,4945,TD BLD WEEK 45 ISF 300G
mom,Fcst Inc Cases is not positive,PFG,NA-PATTISON FOOD GROUP,2026,October,TDSIC-12/470,SYRUPS 12/470ML,000JHRP9F,Committed,0.0,2026-11-05,2026-11-11,DR 2026 - 2026-10-02 (EXCEXP_TLS_000JJKSJR).xlsx,Rebates,4947,"TD BLD WEEK 45 AD 12CT PODS, 454G FVC, 10CT NESPRESSO, 470ML"
mom,Fcst Inc Cases is not positive,PFG,NA-PATTISON FOOD GROUP,2026,October,TDSSKC-6/12,SS KCOMP 6/12CT,000JHRP9F,Committed,0.0,2026-11-05,2026-11-11,DR 2026 - 2026-10-02 (EXCEXP_TLS_000JJKSJR).xlsx,Rebates,4948,"TD BLD WEEK 45 AD 12CT PODS, 454G FVC, 10CT NESPRESSO, 470ML"
mom,Fcst Inc Cases is not positive,PFG,NA-PATTISON FOOD GROUP,2026,October,TDNC-10/10,NCOMP 10/10CT,000JHRP9F,Committed,0.0,2026-11-05,2026-11-11,DR 2026 - 2026-10-02 (EXCEXP_TLS_000JJKSJR).xlsx,Rebates,4949,"TD BLD WEEK 45 AD 12CT PODS, 454G FVC, 10CT NESPRESSO, 470ML"
mom,Fcst Inc Cases is not positive,PFG,NA-PATTISON FOOD GROUP,2026,October,TDHBCAP-12/343,HB CAPPUCCINO 12/454GR,000JHRP9F,Committed,0.0,2026-11-05,2026-11-11,DR 2026 - 2026-10-02 (EXCEXP_TLS_000JJKSJR).xlsx,Rebates,4950,"TD BLD WEEK 45 AD 12CT PODS, 454G FVC, 10CT NESPRESSO, 470ML"
mom,Fcst Inc Cases is not positive,PFG,NA-PATTISON FOOD GROUP,2026,October,TDIC-12/100,INSTANT COFFEE 12/100GR,000JHT5I1,Committed,0.0,2026-11-05,2026-11-25,DR 2026 - 2026-10-02 (EXCEXP_TLS_000JJKSJR).xlsx,Rebates,4956,TD BLD WEEK 45-47 ISF100G INSTANT
mom,Fcst Inc Cases is not positive,PFG,NA-PATTISON FOOD GROUP,2026,October,TDSSKC-6/12,SS KCOMP 6/12CT,000JHRPA2,Committed,0.0,2026-11-12,2026-11-18,DR 2026 - 2026-10-02 (EXCEXP_TLS_000JJKSJR).xlsx,Rebates,4964,"TD BLD WEEK 46 ISF 12CT PODS, 454G FVC, 10CT NESPRESSO, 470M"
mom,Fcst Inc Cases is not positive,PFG,NA-PATTISON FOOD GROUP,2026,October,TDHBCAP-12/343,HB CAPPUCCINO 12/454GR,000JHRPA2,Committed,0.0,2026-11-12,2026-11-18,DR 2026 - 2026-10-02 (EXCEXP_TLS_000JJKSJR).xlsx,Rebates,4965,"TD BLD WEEK 46 ISF 12CT PODS, 454G FVC, 10CT NESPRESSO, 470M"
mom,Fcst Inc Cases is not positive,PFG,NA-PATTISON FOOD GROUP,2026,October,TDRGSB-6/300,R&G SMALL BAG 6/300GR,000JHRPAX,Committed,0.0,2026-11-12,2026-11-18,DR 2026 - 2026-10-02 (EXCEXP_TLS_000JJKSJR).xlsx,Rebates,4969,TD BLD WEEK 46 AD 300G
mom,Fcst Inc Cases is not positive,PFG,NA-PATTISON FOOD GROUP,2026,October,TDSIC-12/470,SYRUPS 12/470ML,000JHRP8X,Committed,0.0,2026-11-12,2026-11-25,DR 2026 - 2026-10-02 (EXCEXP_TLS_000JJKSJR).xlsx,Rebates,4973,"TD BLD WEEK 46-47 ISF 48CT PODS, 10CT NESPRESSO, 470ML SYRUP"
mom,Fcst Inc Cases is not positive,PFG,NA-PATTISON FOOD GROUP,2026,October,TDSSKC-48/10,SS KCOMP 48/10CT,000JHRP8X,Committed,0.0,2026-11-12,2026-11-25,DR 2026 - 2026-10-02 (EXCEXP_TLS_000JJKSJR).xlsx,Rebates,4974,"TD BLD WEEK 46-47 ISF 48CT PODS, 10CT NESPRESSO, 470ML SYRUP"
mom,Fcst Inc Cases is not positive,PFG,NA-PATTISON FOOD GROUP,2026,October,TDNC-10/10,NCOMP 10/10CT,000JHRP8X,Committed,0.0,2026-11-12,2026-11-25,DR 2026 - 2026-10-02 (EXCEXP_TLS_000JJKSJR).xlsx,Rebates,4975,"TD BLD WEEK 46-47 ISF 48CT PODS, 10CT NESPRESSO, 470ML SYRUP"
mom,Fcst Inc Cases is not positive,PFG,NA-PATTISON FOOD GROUP,2026,October,TDHBHC-12/500,HB HOT CHOCOLATE 12/500GR,000JHQ591,Committed,0.0,2026-11-19,2026-11-25,DR 2026 - 2026-10-02 (EXCEXP_TLS_000JJKSJR).xlsx,Rebates,4979,TD BLD WEEK 47 AD 500G HOT CHOCOLATE
mom,Fcst Inc Cases is not positive,PFG,NA-PATTISON FOOD GROUP,2026,October,TDRGSB-6/300,R&G SMALL BAG 6/300GR,000JHQ598,Committed,0.0,2026-11-19,2026-11-25,DR 2026 - 2026-10-02 (EXCEXP_TLS_000JJKSJR).xlsx,Rebates,4981,TD BLD WEEK 47 ISF 300G
mom,Fcst Inc Cases is not positive,PFG,NA-PATTISON FOOD GROUP,2026,October,TDRGLC-6/930,R&G LARGE CAN 6/930GR,000JHQ59O,Committed,0.0,2026-11-19,2026-12-02,DR 2026 - 2026-10-02 (EXCEXP_TLS_000JJKSJR).xlsx,Rebates,4985,TD BLD WEEK 47-48 ISF 825G-875G TINS
mom,Fcst Inc Cases is not positive,PFG,NA-PATTISON FOOD GROUP,2026,October,TDHBHC-12/500,HB HOT CHOCOLATE 12/500GR,000JHQ59V,Committed,0.0,2026-11-26,2026-12-16,DR 2026 - 2026-10-02 (EXCEXP_TLS_000JJKSJR).xlsx,Rebates,4997,TD BLD WEEK 48-50 ISF 500G HOT CHOCOLATE
mom,Fcst Inc Cases is not positive,PFG,NA-PATTISON FOOD GROUP,2026,October,TDSIC-12/470,SYRUPS 12/470ML,000JHRP7Z,Committed,0.0,2026-12-03,2026-12-09,DR 2026 - 2026-10-02 (EXCEXP_TLS_000JJKSJR).xlsx,Rebates,5003,"TD BLD WEEK 49 ISF 100G INSTANT, 10CT NESPRESSO, 470ML SYRUP"
mom,Fcst Inc Cases is not positive,PFG,NA-PATTISON FOOD GROUP,2026,October,TDNC-10/10,NCOMP 10/10CT,000JHRP7Z,Committed,0.0,2026-12-03,2026-12-09,DR 2026 - 2026-10-02 (EXCEXP_TLS_000JJKSJR).xlsx,Rebates,5004,"TD BLD WEEK 49 ISF 100G INSTANT, 10CT NESPRESSO, 470ML SYRUP"
mom,Fcst Inc Cases is not positive,PFG,NA-PATTISON FOOD GROUP,2026,October,TDIC-12/100,INSTANT COFFEE 12/100GR,000JHRP7Z,Committed,0.0,2026-12-03,2026-12-09,DR 2026 - 2026-10-02 (EXCEXP_TLS_000JJKSJR).xlsx,Rebates,5005,"TD BLD WEEK 49 ISF 100G INSTANT, 10CT NESPRESSO, 470ML SYRUP"
mom,Fcst Inc Cases is not positive,PFG,NA-PATTISON FOOD GROUP,2026,October,TDSSKC-6/12,SS KCOMP 6/12CT,000JHRP8G,Committed,0.0,2026-12-03,2026-12-09,DR 2026 - 2026-10-02 (EXCEXP_TLS_000JJKSJR).xlsx,Rebates,5007,"TD BLD WEEK 49-50 ISF 12CT PODS, 454G FVC, 2LB WB"
mom,Fcst Inc Cases is not positive,PFG,NA-PATTISON FOOD GROUP,2026,October,TDRGLB-6/2,R&G LARGE BAG 6/2LB,000JHRP8G,Committed,0.0,2026-12-03,2026-12-09,DR 2026 - 2026-10-02 (EXCEXP_TLS_000JJKSJR).xlsx,Rebates,5008,"TD BLD WEEK 49-50 ISF 12CT PODS, 454G FVC, 2LB WB"
mom,Fcst Inc Cases is not positive,PFG,NA-PATTISON FOOD GROUP,2026,October,TDHBCAP-12/343,HB CAPPUCCINO 12/454GR,000JHRP8G,Committed,0.0,2026-12-03,2026-12-09,DR 2026 - 2026-10-02 (EXCEXP_TLS_000JJKSJR).xlsx,Rebates,5009,"TD BLD WEEK 49-50 ISF 12CT PODS, 454G FVC, 2LB WB"
mom,Fcst Inc Cases is not positive,PFG,NA-PATTISON FOOD GROUP,2026,October,TDSSKC-4/48,SS KCOMP 4/48CT,000JHQ56Y,Committed,0.0,2026-12-17,2026-12-23,DR 2026 - 2026-10-02 (EXCEXP_TLS_000JJKSJR).xlsx,Rebates,5035,"TD BLD WEEK 51 AD 500G HC, 825G-875G TINS, 48CT PODS"
mom,Fcst Inc Cases is not positive,PFG,NA-PATTISON FOOD GROUP,2026,October,TDRGLC-6/930,R&G LARGE CAN 6/930GR,000JHQ56Y,Committed,0.0,2026-12-17,2026-12-23,DR 2026 - 2026-10-02 (EXCEXP_TLS_000JJKSJR).xlsx,Rebates,5036,"TD BLD WEEK 51 AD 500G HC, 825G-875G TINS, 48CT PODS"
mom,Fcst Inc Cases is not positive,PFG,NA-PATTISON FOOD GROUP,2026,October,TDHBHC-12/500,HB HOT CHOCOLATE 12/500GR,000JHQ56Y,Committed,0.0,2026-12-17,2026-12-23,DR 2026 - 2026-10-02 (EXCEXP_TLS_000JJKSJR).xlsx,Rebates,5037,"TD BLD WEEK 51 AD 500G HC, 825G-875G TINS, 48CT PODS"
mom,Fcst Inc Cases is not positive,PFG,NA-PATTISON FOOD GROUP,2026,October,TDSSKC-6/12,SS KCOMP 6/12CT,000IVRKCU,Committed,0.0,2026-12-17,2026-12-23,DR 2026 - 2026-10-02 (EXCEXP_TLS_000JJKSJR).xlsx,Rebates,5039,"TD SOF WK 51 TRIBUTE AD LUMP SUM 300G, 825-875G, 12CT , 30CT"
mom,Fcst Inc Cases is not positive,PFG,NA-PATTISON FOOD GROUP,2026,October,TDSSKC-4/30,SS KCOMP 4/30CT,000IVRKCU,Committed,0.0,2026-12-17,2026-12-23,DR 2026 - 2026-10-02 (EXCEXP_TLS_000JJKSJR).xlsx,Rebates,5040,"TD SOF WK 51 TRIBUTE AD LUMP SUM 300G, 825-875G, 12CT , 30CT"
mom,Fcst Inc Cases is not positive,PFG,NA-PATTISON FOOD GROUP,2026,October,TDSHSP-12/540,SOUPS 12/540ML,000IVRKCU,Committed,0.0,2026-12-17,2026-12-23,DR 2026 - 2026-10-02 (EXCEXP_TLS_000JJKSJR).xlsx,Rebates,5041,"TD SOF WK 51 TRIBUTE AD LUMP SUM 300G, 825-875G, 12CT , 30CT"
mom,Fcst Inc Cases is not positive,PFG,NA-PATTISON FOOD GROUP,2026,October,TDRGSB-6/300,R&G SMALL BAG 6/300GR,000IVRKCU,Committed,0.0,2026-12-17,2026-12-23,DR 2026 - 2026-10-02 (EXCEXP_TLS_000JJKSJR).xlsx,Rebates,5042,"TD SOF WK 51 TRIBUTE AD LUMP SUM 300G, 825-875G, 12CT , 30CT"
mom,Fcst Inc Cases is not positive,PFG,NA-PATTISON FOOD GROUP,2026,October,TDRGLC-6/930,R&G LARGE CAN 6/930GR,000IVRKCU,Committed,0.0,2026-12-17,2026-12-23,DR 2026 - 2026-10-02 (EXCEXP_TLS_000JJKSJR).xlsx,Rebates,5043,"TD SOF WK 51 TRIBUTE AD LUMP SUM 300G, 825-875G, 12CT , 30CT"
mom,Fcst Inc Cases is not positive,PFG,NA-PATTISON FOOD GROUP,2026,October,TDSSKC-4/48,SS KCOMP 4/48CT,000JHQ563,Committed,0.0,2026-12-24,2026-12-30,DR 2026 - 2026-10-02 (EXCEXP_TLS_000JJKSJR).xlsx,Rebates,5055,"TD BLD WEEK 52 ISF 500G HC, 825G-875G TINS, 48CT PODS, 30CT"
mom,Fcst Inc Cases is not positive,PFG,NA-PATTISON FOOD GROUP,2026,October,TDSSKC-4/30,SS KCOMP 4/30CT,000JHQ563,Committed,0.0,2026-12-24,2026-12-30,DR 2026 - 2026-10-02 (EXCEXP_TLS_000JJKSJR).xlsx,Rebates,5056,"TD BLD WEEK 52 ISF 500G HC, 825G-875G TINS, 48CT PODS, 30CT"
mom,Fcst Inc Cases is not positive,PFG,NA-PATTISON FOOD GROUP,2026,October,TDRGLC-6/930,R&G LARGE CAN 6/930GR,000JHQ563,Committed,0.0,2026-12-24,2026-12-30,DR 2026 - 2026-10-02 (EXCEXP_TLS_000JJKSJR).xlsx,Rebates,5057,"TD BLD WEEK 52 ISF 500G HC, 825G-875G TINS, 48CT PODS, 30CT"
mom,Fcst Inc Cases is not positive,PFG,NA-PATTISON FOOD GROUP,2026,October,TDHBHC-12/500,HB HOT CHOCOLATE 12/500GR,000JHQ563,Committed,0.0,2026-12-24,2026-12-30,DR 2026 - 2026-10-02 (EXCEXP_TLS_000JJKSJR).xlsx,Rebates,5058,"TD BLD WEEK 52 ISF 500G HC, 825G-875G TINS, 48CT PODS, 30CT"
mom,Fcst Inc Cases is not positive,PFG,NA-PATTISON FOOD GROUP,2026,October,TDHBCAP-12/343,HB CAPPUCCINO 12/454GR,000JHQ57I,Committed,0.0,2026-12-24,2026-12-30,DR 2026 - 2026-10-02 (EXCEXP_TLS_000JJKSJR).xlsx,Rebates,5068,TD BLD WEEK 52 AD 454G FVC
mom,Fcst Inc Cases is not positive,Pipers,NA-PIPERS DEPARTMENT STORES,2026,October,TDSSKC-6/12,SS KCOMP 6/12CT,000ITZ9PR,Committed,0.0,2026-04-23,2026-04-30,DR 2026 - 2026-10-02 (EXCEXP_TLS_000JJKSJR).xlsx,Rebates,5079,TD PIPERS April ISF & WK FLYER LS  12ct / 10ct/300g Bag
mom,Fcst Inc Cases is not positive,Pipers,NA-PIPERS DEPARTMENT STORES,2026,October,TDSSKC-4/30,SS KCOMP 4/30CT,000ITZOK1,Committed,0.0,2026-06-04,2026-06-10,DR 2026 - 2026-10-02 (EXCEXP_TLS_000JJKSJR).xlsx,Rebates,5085,TD PIPERS 4/30 TPR
mom,Fcst Inc Cases is not positive,Pipers,NA-PIPERS DEPARTMENT STORES,2026,October,TDSSKC-6/12,SS KCOMP 6/12CT,000ITZESO,Committed,0.0,2026-09-17,2026-09-23,DR 2026 - 2026-10-02 (EXCEXP_TLS_000JJKSJR).xlsx,Rebates,5091,TD PIPERS September ISF & WK FLYER LS  12ct / 10ct/300g Ba
mom,Fcst Inc Cases is not positive,Pipers,NA-PIPERS DEPARTMENT STORES,2026,October,TDSSKC-4/30,SS KCOMP 4/30CT,000ITZCOG,Planned,0.0,2026-12-03,2026-12-09,DR 2026 - 2026-10-02 (EXCEXP_TLS_000JJKSJR).xlsx,Rebates,5104,TD PIPERS 4/30 - R&G 300g FLYER RPC + Lumpsum
mom,Fcst Inc Cases is not positive,Pratts Wholesale,NA-PRATTS WHSL,2026,October,TDSSKC-48/12,SS KCOMP 48/12CT,000ITZINT,Closed,0.0,2026-01-01,2026-01-25,DR 2026 - 2026-10-02 (EXCEXP_TLS_000JJKSJR).xlsx,Rebates,5110,TD-PRATTS Jan TPR Tins 30ct Soups 12ct  Bags/12ct TAS Wk 1-5
mom,Fcst Inc Cases is not positive,Pratts Wholesale,NA-PRATTS WHSL,2026,October,TDSSKC-48/12,SS KCOMP 48/12CT,000ITYDX6,Closed,0.0,2026-01-01,2026-01-31,DR 2026 - 2026-10-02 (EXCEXP_TLS_000JJKSJR).xlsx,Rebates,5124,"TD - PRATTS Jan Kcup, HC, Granola,display booking"
mom,Fcst Inc Cases is not positive,Pratts Wholesale,NA-PRATTS WHSL,2026,October,TDHBHC-12/500,HB HOT CHOCOLATE 12/500GR,000ITYDX6,Closed,0.0,2026-01-01,2026-01-31,DR 2026 - 2026-10-02 (EXCEXP_TLS_000JJKSJR).xlsx,Rebates,5125,"TD - PRATTS Jan Kcup, HC, Granola,display booking"
mom,Fcst Inc Cases is not positive,Pratts Wholesale,NA-PRATTS WHSL,2026,October,TDGB-12/5/30,GRANOLA BAR 12/5/30GR,000ITYDX6,Closed,0.0,2026-01-01,2026-01-31,DR 2026 - 2026-10-02 (EXCEXP_TLS_000JJKSJR).xlsx,Rebates,5126,"TD - PRATTS Jan Kcup, HC, Granola,display booking"
mom,Fcst Inc Cases is not positive,Pratts Wholesale,NA-PRATTS WHSL,2026,October,6320912137,TDL ORIGINAL HOT CHOC DISPLAY 36/500 GR,000ITZ5DB,Committed,0.0,2026-06-27,2026-07-28,DR 2026 - 2026-10-02 (EXCEXP_TLS_000JJKSJR).xlsx,Rebates,5200,TD - PRATTS Fee July TPR Bags 12ct / Tassimo 27-31
mom,Fcst Inc Cases is not positive,Pratts Wholesale,NA-PRATTS WHSL,2026,October,6320917215,TDL GRANOLA BAR BC/DC/SC DISP 56/5 EA,000ITZ5DB,Committed,0.0,2026-06-27,2026-07-28,DR 2026 - 2026-10-02 (EXCEXP_TLS_000JJKSJR).xlsx,Rebates,5201,TD - PRATTS Fee July TPR Bags 12ct / Tassimo 27-31
mom,Fcst Inc Cases is not positive,Pratts Wholesale,NA-PRATTS WHSL,2026,October,TDSSTA-5/14,SS TASSIMO 5/14CT,000ITYE3D,Planned,0.0,2026-11-27,2026-12-26,DR 2026 - 2026-10-02 (EXCEXP_TLS_000JJKSJR).xlsx,Rebates,5276,TD-PRATTS DecTPR Tins 30ct Soups /12ct /Inst /Bags/TAS 49-52
mom,Fcst Inc Cases is not positive,Pratts Wholesale,NA-PRATTS WHSL,2026,October,TDRGLC-6/930,R&G LARGE CAN 6/930GR,000ITZBM9,Committed,0.0,2026-11-29,2026-12-29,DR 2026 - 2026-10-02 (EXCEXP_TLS_000JJKSJR).xlsx,Rebates,5288,TD - PRATTS Fee Fall Booking
mom,Fcst Inc Cases is not positive,Walmart,NA-WAL-MART,2026,October,TDSSKCC-4/24,SS KCOMP CAP 4/24CT,000IVDNHA,Committed,0.0,2026-01-01,2026-01-31,DR 2026 - 2026-10-02 (EXCEXP_TLS_000JJKSJR).xlsx,Rebates,5290,TD WM 30CT LPI2 EDLP
mom,Fcst Inc Cases is not positive,Walmart,NA-WAL-MART,2026,October,TDSSKC-4/30,SS KCOMP 4/30CT,000IVDNHA,Committed,0.0,2026-01-01,2026-01-31,DR 2026 - 2026-10-02 (EXCEXP_TLS_000JJKSJR).xlsx,Rebates,5291,TD WM 30CT LPI2 EDLP
mom,Fcst Inc Cases is not positive,Walmart,NA-WAL-MART,2026,October,TDRGSB-6/300,R&G SMALL BAG 6/300GR,000J4WDP2,Committed,0.0,2026-02-01,2026-12-31,DR 2026 - 2026-10-02 (EXCEXP_TLS_000JJKSJR).xlsx,Rebates,5297,TD Every Day BDF Baseline Coffee
mom,Fcst Inc Cases is not positive,Walmart,NA-WAL-MART,2026,October,TDRGLC-6/930,R&G LARGE CAN 6/930GR,000J4WDP2,Committed,0.0,2026-02-01,2026-12-31,DR 2026 - 2026-10-02 (EXCEXP_TLS_000JJKSJR).xlsx,Rebates,5298,TD Every Day BDF Baseline Coffee
mom,Fcst Inc Cases is not positive,Walmart,NA-WAL-MART,2026,October,TDRGLB-6/652,R&G LARGE BAG 6/652GR,000J4WDP2,Committed,0.0,2026-02-01,2026-12-31,DR 2026 - 2026-10-02 (EXCEXP_TLS_000JJKSJR).xlsx,Rebates,5299,TD Every Day BDF Baseline Coffee
mom,Fcst Inc Cases is not positive,Walmart,NA-WAL-MART,2026,October,TDRGLB-6/2,R&G LARGE BAG 6/2LB,000J4WDP2,Committed,0.0,2026-02-01,2026-12-31,DR 2026 - 2026-10-02 (EXCEXP_TLS_000JJKSJR).xlsx,Rebates,5300,TD Every Day BDF Baseline Coffee
mom,Fcst Inc Cases is not positive,Walmart,NA-WAL-MART,2026,October,TDSSKCC-4/24,SS KCOMP CAP 4/24CT,000J4WDUW,Committed,0.0,2026-02-01,2026-12-31,DR 2026 - 2026-10-02 (EXCEXP_TLS_000JJKSJR).xlsx,Rebates,5302,TD WM 30CT LPI3 EDLP Base
mom,Fcst Inc Cases is not positive,Walmart,NA-WAL-MART,2026,October,TDSSKC-4/30,SS KCOMP 4/30CT,000J4WDUW,Committed,0.0,2026-02-01,2026-12-31,DR 2026 - 2026-10-02 (EXCEXP_TLS_000JJKSJR).xlsx,Rebates,5303,TD WM 30CT LPI3 EDLP Base
mom,Fcst Inc Cases is not positive,Walmart,NA-WAL-MART,2026,October,TDSHSP-12/540,SOUPS 12/540ML,000IVDMIY,Committed,0.0,2026-02-24,2026-03-24,DR 2026 - 2026-10-02 (EXCEXP_TLS_000JJKSJR).xlsx,Rebates,5311,TD Walmart Soup $2.37 (BDF 0.40/unit)  RUTW
mom,Fcst Inc Cases is not positive,Walmart,NA-WAL-MART,2026,October,TDSSKC-4/30,SS KCOMP 4/30CT,000IVDMGK,Committed,0.0,2026-02-26,2026-03-26,DR 2026 - 2026-10-02 (EXCEXP_TLS_000JJKSJR).xlsx,Rebates,5315,TD WM 30 CT KCUP RUTW
mom,Fcst Inc Cases is not positive,Walmart,NA-WAL-MART,2026,October,TDRGLC-6/930,R&G LARGE CAN 6/930GR,000IVDMJG,Committed,0.0,2026-04-16,2026-05-13,DR 2026 - 2026-10-02 (EXCEXP_TLS_000JJKSJR).xlsx,Rebates,5323,TD WM 930g WM- April
mom,Fcst Inc Cases is not positive,Walmart,NA-WAL-MART,2026,October,TDRGSB-220/300,R&G SMALL BAG 220/300GR,000J0O9FP,Committed,0.0,2026-06-04,2026-07-01,DR 2026 - 2026-10-02 (EXCEXP_TLS_000JJKSJR).xlsx,Rebates,5335,TD WM 300G RG May
mom,Fcst Inc Cases is not positive,Walmart,NA-WAL-MART,2026,October,TDSHSP-576/284,SOUPS 576/284ML,000IVDMLJ,Committed,0.0,2026-06-04,2026-07-02,DR 2026 - 2026-10-02 (EXCEXP_TLS_000JJKSJR).xlsx,Rebates,5341,TD WM CONDENSED SOUP WK 22 - WK 25 ROLLBACK
mom,Fcst Inc Cases is not positive,Walmart,NA-WAL-MART,2026,October,TDSHSP-24/284,SOUPS 24/284ML,000IVDMLJ,Committed,0.0,2026-06-04,2026-07-02,DR 2026 - 2026-10-02 (EXCEXP_TLS_000JJKSJR).xlsx,Rebates,5342,TD WM CONDENSED SOUP WK 22 - WK 25 ROLLBACK
mom,Fcst Inc Cases is not positive,Walmart,NA-WAL-MART,2026,October,TDRGLC-6/930,R&G LARGE CAN 6/930GR,000IVDNFE,Committed,0.0,2026-06-25,2026-07-22,DR 2026 - 2026-10-02 (EXCEXP_TLS_000JJKSJR).xlsx,Rebates,5345,TD WM R&G LgCan 930G June/July
mom,Fcst Inc Cases is not positive,Walmart,NA-WAL-MART,2026,October,TDSSKCC-4/24,SS KCOMP CAP 4/24CT,000JBG9EE,Committed,0.0,2026-08-20,2026-09-16,DR 2026 - 2026-10-02 (EXCEXP_TLS_000JJKSJR).xlsx,Rebates,5348,TD WM 30CT Aug/Sept Promo
mom,Fcst Inc Cases is not positive,Walmart,NA-WAL-MART,2026,October,TDSSKC-6/12,SS KCOMP 6/12CT,000J9B420,Committed,0.0,2026-09-17,2026-10-15,DR 2026 - 2026-10-02 (EXCEXP_TLS_000JJKSJR).xlsx,Rebates,5354,TD WM 12CT Promo with LTO (Pump.SP 7 Iced) Sept/Oct
mom,Fcst Inc Cases is not positive,Walmart,NA-WAL-MART,2026,October,TDSSKC-6/10,SS KCOMP 6/10CT,000J9B420,Committed,0.0,2026-09-17,2026-10-15,DR 2026 - 2026-10-02 (EXCEXP_TLS_000JJKSJR).xlsx,Rebates,5355,TD WM 12CT Promo with LTO (Pump.SP 7 Iced) Sept/Oct
mom,Fcst Inc Cases is not positive,Walmart,NA-WAL-MART,2026,October,TDRGLC-6/930,R&G LARGE CAN 6/930GR,000IVDNEY,Committed,0.0,2026-09-24,2026-10-22,DR 2026 - 2026-10-02 (EXCEXP_TLS_000JJKSJR).xlsx,Rebates,5358,TD WM LGE CAN 930GR - WK25 - WK 26 ($2)
mom,Fcst Inc Cases is not positive,Walmart,NA-WAL-MART,2026,October,TDSHSP-12/540,SOUPS 12/540ML,000IVDMII,Committed,0.0,2026-10-01,2026-11-30,DR 2026 - 2026-10-02 (EXCEXP_TLS_000JJKSJR).xlsx,Rebates,5361,TD Walmart Soup $2.37 (BDF 0.40/unit) WK 37
mom,Fcst Inc Cases is not positive,Walmart,NA-WAL-MART,2026,October,6320923611,TDL CAPPUCCINO FRENCH VANILLA 6/1 KG,000IVDNFQ,Planned,0.0,2026-10-01,2026-10-29,DR 2026 - 2026-10-02 (EXCEXP_TLS_000JJKSJR).xlsx,Rebates,5364,TD WM HC LARGE - WK37-WK40 ($1) NHL
mom,Fcst Inc Cases is not positive,Walmart,NA-WAL-MART,2026,October,TDHBHC-6/1.5,HB HOT CHOCOLATE 6/1.5KG,000IVDNFQ,Planned,0.0,2026-10-01,2026-10-29,DR 2026 - 2026-10-02 (EXCEXP_TLS_000JJKSJR).xlsx,Rebates,5365,TD WM HC LARGE - WK37-WK40 ($1) NHL
mom,Fcst Inc Cases is not positive,Walmart,NA-WAL-MART,2026,October,6320915513,TDL INSTANT MED/DR/DCF 1/2 DRP 288/100GR,000IVDMGA,Committed,0.0,2026-10-01,2026-11-26,DR 2026 - 2026-10-02 (EXCEXP_TLS_000JJKSJR).xlsx,Rebates,5370,TD WM Instant -Oct/Nov Iced W Syrups
mom,Fcst Inc Cases is not positive,Walmart,NA-WAL-MART,2026,October,TDSIC-12/470,SYRUPS 12/470ML,000IVDMGA,Committed,0.0,2026-10-01,2026-11-26,DR 2026 - 2026-10-02 (EXCEXP_TLS_000JJKSJR).xlsx,Rebates,5371,TD WM Instant -Oct/Nov Iced W Syrups
mom,Fcst Inc Cases is not positive,Walmart,NA-WAL-MART,2026,October,TDSSKC-6/12,SS KCOMP 6/12CT,000J9B42P,Planned,0.0,2026-10-15,2026-11-26,DR 2026 - 2026-10-02 (EXCEXP_TLS_000JJKSJR).xlsx,Rebates,5379,TD WM 12CT Promo with LTO (Ginger Bread)OCT HALLOW
mom,Fcst Inc Cases is not positive,Walmart,NA-WAL-MART,2026,October,TDSSKC-6/10,SS KCOMP 6/10CT,000J9B42P,Planned,0.0,2026-10-15,2026-11-26,DR 2026 - 2026-10-02 (EXCEXP_TLS_000JJKSJR).xlsx,Rebates,5380,TD WM 12CT Promo with LTO (Ginger Bread)OCT HALLOW
mom,Fcst Inc Cases is not positive,Walmart,NA-WAL-MART,2026,October,TDRGSB-6/300,R&G SMALL BAG 6/300GR,000J0O9FZ,Planned,0.0,2026-10-22,2026-12-17,DR 2026 - 2026-10-02 (EXCEXP_TLS_000JJKSJR).xlsx,Rebates,5382,TD WM 300G RG Aug
mom,Fcst Inc Cases is not positive,Walmart,NA-WAL-MART,2026,October,TDRGSB-220/300,R&G SMALL BAG 220/300GR,000J0O9FZ,Planned,0.0,2026-10-22,2026-12-17,DR 2026 - 2026-10-02 (EXCEXP_TLS_000JJKSJR).xlsx,Rebates,5383,TD WM 300G RG Aug
mom,Fcst Inc Cases is not positive,Walmart,NA-WAL-MART,2026,October,6320923611,TDL CAPPUCCINO FRENCH VANILLA 6/1 KG,000IVDNIB,Planned,0.0,2026-10-29,2026-11-26,DR 2026 - 2026-10-02 (EXCEXP_TLS_000JJKSJR).xlsx,Rebates,5388,TD WM HC Large WK45-48 ($1) EXT 2026
mom,Fcst Inc Cases is not positive,Walmart,NA-WAL-MART,2026,October,TDHBHC-6/1.5,HB HOT CHOCOLATE 6/1.5KG,000IVDNIB,Planned,0.0,2026-10-29,2026-11-26,DR 2026 - 2026-10-02 (EXCEXP_TLS_000JJKSJR).xlsx,Rebates,5389,TD WM HC Large WK45-48 ($1) EXT 2026
mom,Fcst Inc Cases is not positive,Walmart,NA-WAL-MART,2026,October,6320920264,TDL CANDY CANE HOT CHOCOLATE 12/450 GR,000IVDNEP,Planned,0.0,2026-11-26,2026-12-24,DR 2026 - 2026-10-02 (EXCEXP_TLS_000JJKSJR).xlsx,Rebates,5399,TD WM W HC 500g (0.41) With CANDY CANE
mom,Fcst Inc Cases is not positive,Walmart,NA-WAL-MART,2026,October,TDRGLC-6/930,R&G LARGE CAN 6/930GR,000IVDMI2,Planned,0.0,2026-12-17,2026-12-30,DR 2026 - 2026-10-02 (EXCEXP_TLS_000JJKSJR).xlsx,Rebates,5405,TD WM LGE CAN 930GR - December
mom,Fcst Inc Cases is not positive,Walmart,NA-WAL-MART,2026,October,TDSSKCC-4/24,SS KCOMP CAP 4/24CT,000IVDNGN,Planned,0.0,2026-12-03,2026-12-31,DR 2026 - 2026-10-02 (EXCEXP_TLS_000JJKSJR).xlsx,Rebates,5408,TD WM 30CT WK45-46($2.94)
mom,Fcst Inc Cases is not positive,Walmart,NA-WAL-MART,2026,October,TDIC-12/100,INSTANT COFFEE 12/100GR,000JEP7ZL,Planned,0.0,2026-12-01,2026-12-30,DR 2026 - 2026-10-02 (EXCEXP_TLS_000JJKSJR).xlsx,Rebates,5411,TD WM Instant Trade Block Opp Regional Activation
mom,Fcst Inc Cases is not positive,Walmart,NA-WAL-MART,2026,October,TDSSKC-4/30,SS KCOMP 4/30CT,000JGFA6I,Planned,0.0,2026-12-01,2026-12-30,DR 2026 - 2026-10-02 (EXCEXP_TLS_000JJKSJR).xlsx,Rebates,5413,TD WM 30Ct Trade Block Incr Activity
mom,Fcst Inc Cases is not positive,Walmart,NA-WAL-MART,2026,October,TDSHSP-576/284,SOUPS 576/284ML,000IVDMM2,Planned,0.0,2026-12-17,2026-12-31,DR 2026 - 2026-10-02 (EXCEXP_TLS_000JJKSJR).xlsx,Rebates,5415,TD WM CONDENSED SOUP WK 43 - WK 46 ROLLBACK
mom,Fcst Inc Cases is not positive,Walmart,NA-WAL-MART,2026,October,TDSHSP-24/284,SOUPS 24/284ML,000IVDMM2,Planned,0.0,2026-12-17,2026-12-31,DR 2026 - 2026-10-02 (EXCEXP_TLS_000JJKSJR).xlsx,Rebates,5416,TD WM CONDENSED SOUP WK 43 - WK 46 ROLLBACK
mom,Fcst Inc Cases is not positive,Western Wholesale,NA-WESTERN WHSL,2026,October,TDSSKC-4/30,SS KCOMP 4/30CT,000ITZ9K4,Committed,0.0,2026-03-05,2026-03-11,DR 2026 - 2026-10-02 (EXCEXP_TLS_000JJKSJR).xlsx,Rebates,5430,TD WW Kcups 30ct Flyer - RUTW Feature
mom,Fcst Inc Cases is not positive,Western Wholesale,NA-WESTERN WHSL,2026,October,TDSSKC-6/12,SS KCOMP 6/12CT,000ITZR0L,Committed,0.0,2026-03-12,2026-03-18,DR 2026 - 2026-10-02 (EXCEXP_TLS_000JJKSJR).xlsx,Rebates,5435,TD WW  KCUPS 6/12CT 10CT / 300g - RUTW Feature
mom,Fcst Inc Cases is not positive,Western Wholesale,NA-WESTERN WHSL,2026,October,TDSSKC-6/12,SS KCOMP 6/12CT,000ITZPJO,Closed,0.0,2026-04-16,2026-05-07,DR 2026 - 2026-10-02 (EXCEXP_TLS_000JJKSJR).xlsx,Rebates,5452,TD Colemans 2026 Community Champions Program Apr-May - SS
mom,Fcst Inc Cases is not positive,Western Wholesale,NA-WESTERN WHSL,2026,October,TDSSKC-6/12,SS KCOMP 6/12CT,000ITZFUY,Closed,0.0,2026-05-21,2026-05-27,DR 2026 - 2026-10-02 (EXCEXP_TLS_000JJKSJR).xlsx,Rebates,5455,"TD WW CHILI, SOUP, KCUPS 6/12CT 10CT, 300g RPC"
mom,Fcst Inc Cases is not positive,Western Wholesale,NA-WESTERN WHSL,2026,October,TDSSKC-4/30,SS KCOMP 4/30CT,000ITZ3KE,Committed,0.0,2026-09-03,2026-09-09,DR 2026 - 2026-10-02 (EXCEXP_TLS_000JJKSJR).xlsx,Rebates,5485,"TD WW Half Page Ad Tins 875-825g/12ct,10ct/30ct"
mom,Fcst Inc Cases is not positive,Western Wholesale,NA-WESTERN WHSL,2026,October,TDSSKC-4/30,SS KCOMP 4/30CT,000ITZ4S0,Planned,0.0,2026-12-10,2026-12-16,DR 2026 - 2026-10-02 (EXCEXP_TLS_000JJKSJR).xlsx,Rebates,5515,"TD WW K Comp 4/30ct , Ad Fee"
